public_id,part_family,shape_class,grade,alloy_family,process,env_l_mm,env_w_mm,env_h_mm,stock_mass_kg,part_mass_kg,n_features,n_setups,tightest_tol_mm,surface_Ra_um,heat_treat,surface_treat,annual_qty,batch_qty,quote_date,unit_price_eur,won
Q03235,flange,prismatic,Inconel 625,NICKEL,3-axis mill,163.19,45.24,30.16,1.8794,1.1109,6,3,0.0092,3.12,harden + temper,nitride,2564,1950,2021-08-07,203.49,True
Q01115,flange,prismatic,Inconel 625,NICKEL,3-axis mill,170.75,51.1,31.38,2.3109,0.9777,9,1,0.0092,2.46,harden + temper,passivate,1280,1104,2021-06-01,342.7,True
Q02359,flange,prismatic,Inconel 625,NICKEL,3-axis mill,180.21,50.91,31.22,2.4173,1.8017,7,3,0.008,2.72,harden + temper,nitride,4496,2728,2023-08-05,290.16,False
Q04190,flange,prismatic,Inconel 625,NICKEL,3-axis mill,204.21,57.93,31.95,3.1894,1.7575,15,2,0.0069,3.03,harden + temper,nitride,753,402,2021-10-26,403.11,False
Q00331,gear blank,rotational,303,STAINLESS,forging + machining,2652.67,595.83,595.83,5917.0819,3565.978,8,6,0.0289,6.3,stress relieve,passivate,104,65,2026-06-02,162618.28,False
Q04412,gear blank,rotational,303,STAINLESS,turning,4060.63,838.13,838.13,17922.3208,8438.6292,3,5,0.0211,5.25,stress relieve,passivate,382,77,2021-01-12,265078.1,False
Q01970,gear blank,rotational,303,STAINLESS,turning,2865.22,605.48,605.48,6599.9819,4060.7716,3,6,0.0289,5.47,stress relieve,passivate,369,140,2022-08-21,67298.96,False
Q03667,gear blank,rotational,303,STAINLESS,turning,2874.61,704.32,704.32,8959.8834,5191.4731,8,6,0.0289,4.84,stress relieve,passivate,145,65,2022-06-18,98421.88,False
Q03615,bracket,prismatic,16MnCr5,STEEL,5-axis mill,145.6,112.34,92.54,11.8826,8.3727,5,4,0.0704,1.08,stress relieve,none,28296,5000,2025-04-06,201.41,True
Q03409,bracket,prismatic,16MnCr5,STEEL,5-axis mill,143.29,98.91,85.35,9.4953,5.7748,8,3,0.1373,0.61,stress relieve,none,46770,5000,2026-07-01,148.21,False
Q00708,bracket,prismatic,S355JR,STEEL,5-axis mill,152.39,104.04,85.6,10.6541,4.575,14,3,0.0489,0.84,stress relieve,none,12760,5000,2025-05-28,221.29,False
Q02293,bracket,prismatic,4140,STEEL,5-axis mill,123.66,83.98,65.52,5.3416,2.6092,6,3,0.0489,1.52,stress relieve,anodise,12938,5000,2024-12-16,139.56,False
Q00508,fitting,rotational,Inconel 625,NICKEL,turning,48.17,33.32,33.32,0.3544,0.2406,18,6,0.0129,1.63,solution + age,nitride,46,17,2025-11-13,56.41,False
Q02112,fitting,rotational,Inconel 625,NICKEL,turning,50.15,36.59,36.59,0.4451,0.1196,22,6,0.0096,1.79,solution + age,passivate,37,9,2025-04-04,108.78,False
Q04234,fitting,rotational,Inconel 625,NICKEL,turning,60.09,40.1,40.1,0.6404,0.2362,14,5,0.0177,2.07,solution + age,passivate,64,33,2024-01-23,101.64,False
Q01766,fitting,rotational,Inconel 625,NICKEL,turning,53.91,39.7,39.7,0.5631,0.446,20,5,0.0129,2.5,solution + age,passivate,53,3,2026-06-07,142.15,True
Q02439,shaft,rotational,440C,STAINLESS,turning,195.29,54.2,54.2,3.4598,2.1813,3,1,0.0147,1.87,none,nitride,14,7,2026-01-28,118.28,False
Q00994,shaft,rotational,440C,STAINLESS,turning,189.49,56.09,56.09,3.5954,1.7045,9,2,0.0335,3.4,none,nitride,10,1,2026-03-01,190.35,False
Q02327,shaft,rotational,440C,STAINLESS,turning,213.09,55.3,55.3,3.9302,1.8065,8,2,0.0335,2.96,none,nitride,10,8,2023-09-22,195.84,False
Q03099,shaft,rotational,304L,STAINLESS,turn-mill,218.1,57.56,57.56,4.5397,1.9672,3,1,0.0422,1.88,none,paint,10,2,2024-03-05,167.76,False
Q01668,flange,prismatic,440C,STAINLESS,5-axis mill,253.02,222.18,73.86,31.8852,20.4036,20,6,0.0516,5.69,solution + age,nitride,118,106,2025-12-16,1634.95,False
Q02298,flange,prismatic,17-4PH H1025,STAINLESS,forging + machining,210.29,160.35,63.01,16.5729,10.8874,17,5,0.0516,4.76,solution + age,nitride,33,2,2023-02-21,1039.56,False
Q00286,flange,prismatic,440C,STAINLESS,5-axis mill,275.41,223.12,88.07,41.565,8.7955,12,5,0.0516,3.57,solution + age,nitride,65,20,2024-01-29,2942.29,False
Q01210,flange,prismatic,17-4PH H1025,STAINLESS,5-axis mill,248.36,221.88,77.04,33.1153,22.4804,21,6,0.0552,5.87,solution + age,nitride,22,4,2021-11-27,1430.74,False
Q02204,housing,prismatic,13-8Mo H1000,STAINLESS,5-axis mill,446.53,211.19,90.53,66.2483,27.0018,4,3,0.0599,6.3,solution + age,nitride,201,159,2023-10-31,4174.25,False
Q01845,housing,prismatic,13-8Mo H1000,STAINLESS,5-axis mill,324.81,183.63,73.94,34.2243,7.2418,8,2,0.0788,6.3,solution + age,nitride,100,11,2022-02-06,2397.23,False
Q02705,housing,prismatic,304L,STAINLESS,5-axis mill,409.37,189.71,87.53,54.3832,38.6788,3,2,0.0599,5.12,solution + age,nitride,224,60,2023-02-20,933.54,False
Q02258,housing,prismatic,13-8Mo H1000,STAINLESS,5-axis mill,440.99,186.62,85.65,54.6997,12.1637,6,4,0.0599,6.22,solution + age,nitride,124,10,2021-02-02,3573.98,True
Q02695,gear blank,rotational,1.2312,STEEL,forging + machining,444.0,266.0,266.0,193.6891,134.276,3,3,0.0962,0.89,harden + temper,nitride,1694,1490,2021-06-23,3699.04,False
Q02128,gear blank,rotational,1.2312,STEEL,forging + machining,543.62,329.13,329.13,363.0727,248.8977,9,4,0.1876,0.88,harden + temper,nitride,436,150,2023-01-11,6168.71,True
Q02802,gear blank,rotational,16MnCr5,STEEL,turn-mill,500.35,312.71,312.71,301.6578,178.0916,3,4,0.0962,0.76,harden + temper,nitride,557,233,2021-05-13,2713.35,True
Q01216,gear blank,rotational,4140,STEEL,forging + machining,428.55,289.98,289.98,222.1802,162.2006,6,2,0.0962,0.98,harden + temper,nitride,910,657,2025-02-13,2687.93,False
Q03660,manifold,prismatic,6026-T9,ALUMINIUM,3-axis mill,140.44,112.33,56.16,2.392,1.8587,7,2,0.047,5.88,stress relieve,zinc,86,81,2025-07-31,48.11,False
Q01660,manifold,prismatic,6082-T6,ALUMINIUM,forging + machining,129.07,102.82,47.87,1.7154,1.4413,4,3,0.047,5.14,stress relieve,zinc,44,27,2023-12-03,35.94,False
Q01023,manifold,prismatic,6082-T6,ALUMINIUM,3-axis mill,153.43,118.34,48.04,2.355,0.9948,3,1,0.047,5.48,stress relieve,zinc,11,9,2024-08-03,82.23,False
Q04093,manifold,prismatic,6082-T6,ALUMINIUM,3-axis mill,154.28,128.83,61.26,3.2874,2.1035,3,3,0.1144,6.08,stress relieve,nitride,10,4,2023-02-15,113.5,False
Q00578,housing,prismatic,5083-H111,ALUMINIUM,turn-mill,168.2,117.57,52.31,2.7516,1.6437,3,2,0.1247,6.3,stress relieve,zinc,56,41,2022-08-02,80.1,True
Q01963,housing,prismatic,5083-H111,ALUMINIUM,turn-mill,159.65,118.56,48.08,2.4208,1.7798,3,1,0.1247,5.69,stress relieve,passivate,29,7,2024-11-14,83.2,False
Q02559,housing,prismatic,5083-H111,ALUMINIUM,turn-mill,182.44,130.87,60.84,3.8641,2.0292,3,1,0.1247,6.3,stress relieve,nitride,17,16,2022-06-08,154.5,False
Q02668,housing,prismatic,6026-T9,ALUMINIUM,turn-mill,234.64,164.21,73.99,7.6975,4.4855,6,2,0.1989,5.33,stress relieve,none,27,20,2025-07-25,141.68,False
Q04754,manifold,prismatic,303,STAINLESS,forging + machining,372.0,196.25,46.8,27.3347,19.9929,6,2,0.027,0.4,solution + age,nitride,1814,1761,2021-05-30,587.54,True
Q03286,manifold,prismatic,440C,STAINLESS,forging + machining,417.62,212.12,46.99,31.9695,27.127,8,4,0.027,0.4,solution + age,nitride,503,399,2025-12-08,1191.98,False
Q00194,manifold,prismatic,440C,STAINLESS,3-axis mill,380.94,213.02,44.27,27.5909,21.254,3,3,0.0262,0.49,solution + age,anodise,1956,1084,2025-08-05,662.77,False
Q03540,manifold,prismatic,440C,STAINLESS,5-axis mill,355.39,212.27,49.46,28.6577,15.4848,8,2,0.0401,0.4,solution + age,nitride,477,141,2024-05-03,1607.56,False
Q00490,housing,prismatic,42CrMo4,STEEL,turn-mill,45.07,28.31,32.19,0.3223,0.2191,9,4,0.0172,1.48,harden + temper,none,521,126,2021-06-09,9.53,True
Q04910,housing,prismatic,C45,STEEL,5-axis mill,49.55,31.63,38.79,0.4773,0.3438,11,4,0.0172,1.98,harden + temper,none,237,180,2021-03-02,10.73,False
Q04213,housing,prismatic,42CrMo4,STEEL,forging + machining,47.88,31.03,35.52,0.4143,0.2945,10,5,0.0412,2.98,harden + temper,none,525,451,2022-09-01,7.63,False
Q04236,housing,prismatic,42CrMo4,STEEL,forging + machining,43.78,31.08,37.5,0.4005,0.2577,13,3,0.0144,3.52,harden + temper,none,410,336,2022-07-05,17.72,False
Q01483,plate,prismatic,42CrMo4,STEEL,forging + machining,246.81,252.28,109.55,53.5484,42.7562,7,4,0.0217,3.53,stress relieve,none,247,136,2022-02-02,726.21,False
Q02957,plate,prismatic,S355JR,STEEL,forging + machining,278.47,247.43,118.18,63.922,38.6146,7,3,0.0196,4.42,stress relieve,passivate,263,217,2022-11-06,1247.85,False
Q04294,plate,prismatic,S355JR,STEEL,forging + machining,370.18,359.34,166.22,173.5728,136.2489,8,4,0.0262,4.46,stress relieve,none,301,219,2023-07-10,1835.36,False
Q04769,plate,prismatic,42CrMo4,STEEL,forging + machining,325.48,293.42,123.17,92.3401,68.7342,3,4,0.0262,5.07,stress relieve,none,230,84,2021-10-19,1129.67,False
Q02277,fitting,rotational,6082-T6,ALUMINIUM,turning,23.1,28.81,28.81,0.0407,0.0094,3,6,0.1399,3.45,stress relieve,zinc,2396,1483,2022-08-17,1.92,True
Q03725,fitting,rotational,6082-T6,ALUMINIUM,turning,19.62,24.21,24.21,0.0244,0.0125,3,6,0.2,3.27,stress relieve,zinc,2762,2720,2026-05-26,1.99,False
Q02608,fitting,rotational,6082-T6,ALUMINIUM,turning,24.87,30.79,30.79,0.05,0.0364,3,6,0.2,3.1,stress relieve,zinc,983,774,2026-04-12,2.84,False
Q01986,fitting,rotational,2024-T3,ALUMINIUM,turning,22.42,26.54,26.54,0.0345,0.0213,3,6,0.2,3.02,stress relieve,zinc,1952,1941,2025-03-22,1.99,True
Q03631,shaft,rotational,2024-T3,ALUMINIUM,5-axis mill,73.16,5.44,5.44,0.0047,0.0018,8,4,0.0123,0.7,solution + age,passivate,796,535,2024-11-13,2.92,False
Q00881,shaft,rotational,2024-T3,ALUMINIUM,5-axis mill,67.81,5.42,5.42,0.0043,0.0028,9,6,0.01,0.57,solution + age,paint,563,164,2022-10-09,9.91,False
Q00441,shaft,rotational,6061-T6,ALUMINIUM,5-axis mill,61.52,4.93,4.93,0.0032,0.0024,10,6,0.0084,0.93,solution + age,paint,545,278,2024-08-16,5.31,False
Q02801,shaft,rotational,7075-T6,ALUMINIUM,5-axis mill,62.64,4.92,4.92,0.0033,0.0014,14,6,0.0123,0.81,solution + age,paint,728,104,2021-10-18,11.65,False
Q00572,bracket,prismatic,Ti-6Al-4V,TITANIUM,forging + machining,36.69,39.37,5.02,0.0321,0.024,5,2,0.005,2.54,none,anodise,6896,5000,2024-09-09,7.33,True
Q03939,bracket,prismatic,Ti-10V-2Fe-3Al,TITANIUM,forging + machining,31.15,32.14,4.0,0.0186,0.0142,7,2,0.005,1.62,none,anodise,3772,818,2024-02-03,5.94,False
Q00344,bracket,prismatic,Ti-6Al-4V,TITANIUM,forging + machining,32.84,33.78,4.52,0.0222,0.0141,3,1,0.005,1.56,none,anodise,1921,1059,2022-09-22,5.62,False
Q00681,bracket,prismatic,Ti-10V-2Fe-3Al,TITANIUM,forging + machining,35.1,36.16,4.6,0.0271,0.0167,10,1,0.0061,2.02,none,passivate,3950,3748,2024-08-30,8.94,False
Q00426,housing,prismatic,440C,STAINLESS,turn-mill,228.88,63.75,39.45,4.4206,2.2117,26,4,0.0514,3.62,stress relieve,paint,159,153,2024-04-06,219.62,True
Q01284,housing,prismatic,440C,STAINLESS,turn-mill,177.17,51.99,37.55,2.6567,0.7936,24,3,0.1282,3.72,stress relieve,paint,330,106,2022-03-23,106.52,True
Q04932,housing,prismatic,440C,STAINLESS,turn-mill,155.73,49.87,34.43,2.0534,0.5522,29,2,0.0304,3.17,stress relieve,paint,166,161,2022-11-26,126.28,True
Q01000,housing,prismatic,440C,STAINLESS,turn-mill,245.31,75.62,42.55,6.0617,1.4888,28,2,0.0304,5.3,stress relieve,paint,250,141,2024-09-24,452.52,False
Q00826,housing,prismatic,13-8Mo H1000,STAINLESS,turn-mill,207.37,56.42,33.71,3.0606,1.9286,14,1,0.0092,3.37,none,anodise,732,531,2022-03-25,242.87,False
Q04165,housing,prismatic,440C,STAINLESS,turn-mill,278.43,75.18,45.17,7.2613,3.1085,7,1,0.0143,4.6,none,anodise,1274,1103,2023-10-28,437.86,False
Q00954,housing,prismatic,440C,STAINLESS,turn-mill,232.96,73.17,43.09,5.6409,1.2384,11,2,0.0175,4.03,none,anodise,815,548,2024-10-06,452.76,False
Q04896,housing,prismatic,303,STAINLESS,turn-mill,209.53,54.69,34.23,3.1383,1.6535,11,1,0.0143,4.29,none,nitride,657,201,2024-01-31,100.92,True
Q02182,flange,prismatic,5083-H111,ALUMINIUM,3-axis mill,50.79,17.11,4.65,0.0107,0.0035,9,3,0.067,0.68,none,nitride,7750,3988,2024-07-06,4.46,False
Q04565,flange,prismatic,5083-H111,ALUMINIUM,3-axis mill,59.71,16.9,4.19,0.0112,0.0061,3,3,0.0614,0.69,none,anodise,1069,172,2024-11-19,2.62,False
Q02260,flange,prismatic,6082-T6,ALUMINIUM,3-axis mill,67.83,20.02,5.31,0.0195,0.005,5,3,0.067,0.74,none,anodise,1646,957,2025-04-02,2.12,False
Q01682,flange,prismatic,5083-H111,ALUMINIUM,forging + machining,50.02,14.31,4.0,0.0076,0.006,9,2,0.067,0.8,none,anodise,8576,5000,2025-04-18,1.56,False
Q01336,bushing,rotational,16MnCr5,STEEL,turning,35.62,19.04,19.04,0.0796,0.0402,19,6,0.0108,5.46,stress relieve,passivate,37,30,2022-10-01,11.07,True
Q00022,bushing,rotational,4140,STEEL,turn-mill,32.77,23.0,23.0,0.1068,0.0412,21,6,0.0108,6.03,stress relieve,passivate,10,4,2024-08-22,188.71,False
Q04843,bushing,rotational,16MnCr5,STEEL,turn-mill,40.74,24.56,24.56,0.1515,0.0755,21,5,0.0108,5.64,stress relieve,passivate,10,1,2024-01-06,696.67,False
Q02148,bushing,rotational,42CrMo4,STEEL,turn-mill,31.48,21.07,21.07,0.0862,0.0672,28,6,0.0108,5.75,stress relieve,passivate,15,14,2024-05-15,50.43,False
Q01566,shaft,rotational,6082-T6,ALUMINIUM,5-axis mill,62.93,6.03,6.03,0.0049,0.0029,8,4,0.0131,0.85,harden + temper,passivate,177,125,2024-11-14,6.49,True
Q01398,shaft,rotational,2024-T3,ALUMINIUM,5-axis mill,52.85,6.28,6.28,0.0046,0.0032,10,2,0.0149,1.16,harden + temper,paint,153,111,2024-07-01,5.64,False
Q00702,shaft,rotational,6061-T6,ALUMINIUM,5-axis mill,49.58,4.79,4.79,0.0024,0.0006,17,3,0.0131,0.89,harden + temper,paint,242,76,2022-05-01,8.31,False
Q01968,shaft,rotational,6082-T6,ALUMINIUM,5-axis mill,52.31,5.37,5.37,0.0032,0.0024,8,2,0.022,1.3,harden + temper,paint,141,128,2024-09-15,4.58,False
Q00104,gear blank,rotational,304L,STAINLESS,turning,96.63,39.12,39.12,0.929,0.3871,3,3,0.0093,5.13,harden + temper,zinc,5018,1264,2025-11-16,28.67,False
Q03076,gear blank,rotational,303,STAINLESS,5-axis mill,102.42,47.58,47.58,1.4567,0.8985,8,3,0.0093,5.58,harden + temper,zinc,2888,1546,2025-04-26,56.11,True
Q02250,gear blank,rotational,303,STAINLESS,turning,98.22,41.99,41.99,1.0883,0.7746,8,2,0.0229,5.37,harden + temper,zinc,981,774,2022-09-15,14.35,True
Q02020,gear blank,rotational,17-4PH H1025,STAINLESS,turning,102.41,44.25,44.25,1.2286,0.3213,3,3,0.0061,5.53,harden + temper,zinc,2236,943,2021-02-18,60.41,False
Q03348,bushing,rotational,CuZn39Pb3,COPPER,forging + machining,20.73,9.17,9.17,0.0116,0.0098,17,4,0.0093,2.27,stress relieve,passivate,1894,228,2026-05-14,2.89,True
Q01440,bushing,rotational,CuZn39Pb3,COPPER,forging + machining,31.01,13.37,13.37,0.0369,0.0303,20,4,0.0093,3.27,stress relieve,anodise,3381,272,2022-12-21,3.46,False
Q02945,bushing,rotational,CuZn39Pb3,COPPER,forging + machining,29.3,12.71,12.71,0.0315,0.0257,21,2,0.0066,2.89,stress relieve,anodise,3657,2054,2021-04-10,2.48,True
Q00466,bushing,rotational,CuZn39Pb3,COPPER,forging + machining,29.76,11.6,11.6,0.0266,0.0192,27,4,0.0111,1.89,stress relieve,anodise,3919,1298,2021-06-13,2.41,False
Q00201,manifold,prismatic,6061-T6,ALUMINIUM,3-axis mill,59.88,47.23,19.2,0.1466,0.0994,4,4,0.0908,6.3,harden + temper,passivate,3837,627,2022-01-18,3.64,True
Q04495,manifold,prismatic,7075-T6,ALUMINIUM,3-axis mill,83.72,53.94,25.04,0.3178,0.0819,3,5,0.1659,3.76,harden + temper,passivate,10528,5000,2023-10-23,10.68,False
Q01097,manifold,prismatic,7075-T6,ALUMINIUM,3-axis mill,52.86,35.84,16.27,0.0866,0.0545,6,6,0.1181,5.31,harden + temper,passivate,7990,4584,2021-04-20,2.82,False
Q00744,manifold,prismatic,7075-T6,ALUMINIUM,3-axis mill,85.49,61.44,27.28,0.4026,0.1971,8,6,0.0908,5.68,harden + temper,passivate,11271,4214,2024-07-03,10.93,False
Q03397,pin,rotational,1.2312,STEEL,5-axis mill,18.01,5.06,5.06,0.0028,0.0009,23,1,0.0141,2.9,stress relieve,zinc,116,22,2025-10-06,9.29,True
Q01253,pin,rotational,16MnCr5,STEEL,5-axis mill,19.44,5.53,5.53,0.0037,0.0008,13,1,0.0106,2.97,stress relieve,zinc,87,79,2025-01-15,3.05,False
Q03963,pin,rotational,16MnCr5,STEEL,5-axis mill,17.0,4.36,4.36,0.002,0.0016,22,1,0.0106,3.43,stress relieve,zinc,183,25,2025-08-11,8.57,False
Q02953,pin,rotational,16MnCr5,STEEL,5-axis mill,18.83,5.33,5.33,0.0033,0.0014,16,1,0.0106,3.6,stress relieve,zinc,48,10,2026-04-25,21.44,False
Q03692,housing,prismatic,440C,STAINLESS,3-axis mill,248.99,101.68,29.25,5.6865,2.1362,8,2,0.0791,2.95,harden + temper,paint,50000,5000,2021-07-27,193.65,False
Q01696,housing,prismatic,316L,STAINLESS,3-axis mill,315.65,135.97,37.78,12.973,8.1444,6,4,0.0791,5.96,harden + temper,none,41054,5000,2025-02-21,274.43,False
Q00013,housing,prismatic,316L,STAINLESS,3-axis mill,258.49,105.31,30.59,6.6607,4.6772,8,4,0.0791,5.45,harden + temper,paint,43681,5000,2025-12-14,149.05,False
Q00195,housing,prismatic,316L,STAINLESS,turn-mill,294.88,121.46,34.16,9.7886,4.8625,3,2,0.0248,5.11,harden + temper,paint,50000,5000,2023-12-13,339.47,True
Q03893,pin,rotational,440C,STAINLESS,turning,6.14,4.35,4.35,0.0007,0.0004,3,3,0.0832,0.4,solution + age,none,54,42,2023-06-04,4.16,False
Q02665,pin,rotational,440C,STAINLESS,turning,5.33,4.68,4.68,0.0007,0.0003,6,4,0.0832,0.4,solution + age,nitride,39,22,2024-04-14,11.47,False
Q04859,pin,rotational,13-8Mo H1000,STAINLESS,turning,5.62,4.42,4.42,0.0007,0.0005,3,3,0.0832,0.4,solution + age,none,87,23,2025-11-02,6.54,True
Q02630,pin,rotational,440C,STAINLESS,5-axis mill,4.91,4.13,4.13,0.0005,0.0001,3,2,0.1254,0.4,solution + age,none,135,132,2023-04-03,2.76,False
Q00929,shaft,rotational,304L,STAINLESS,turning,298.42,84.29,84.29,13.3217,9.6208,9,4,0.0302,2.67,stress relieve,anodise,8563,2330,2022-01-11,167.59,False
Q02007,shaft,rotational,303,STAINLESS,turning,336.59,92.59,92.59,18.1297,4.6778,3,6,0.0302,3.66,stress relieve,anodise,1565,700,2023-11-18,426.45,False
Q03648,shaft,rotational,13-8Mo H1000,STAINLESS,turning,343.79,94.96,94.96,18.8947,4.9579,4,5,0.0326,2.17,stress relieve,anodise,6687,4970,2022-01-19,926.8,False
Q00498,shaft,rotational,440C,STAINLESS,turning,319.15,78.79,78.79,11.951,8.4162,8,6,0.0302,2.46,stress relieve,anodise,6205,4335,2024-08-09,302.72,False
Q00843,flange,prismatic,Waspaloy,NICKEL,3-axis mill,110.48,48.92,21.87,0.9679,0.2197,16,6,0.0181,3.47,solution + age,none,206,83,2024-08-03,244.0,False
Q03447,flange,prismatic,Waspaloy,NICKEL,3-axis mill,135.19,55.1,25.98,1.5847,0.5116,14,4,0.0181,3.8,solution + age,none,1289,741,2021-04-18,297.26,False
Q02809,flange,prismatic,Waspaloy,NICKEL,3-axis mill,138.41,57.87,27.18,1.783,1.2752,8,4,0.0086,2.78,solution + age,none,423,100,2025-07-30,301.27,False
Q04341,flange,prismatic,Inconel 718,NICKEL,3-axis mill,129.32,56.66,23.96,1.4377,0.5693,16,6,0.0181,3.58,solution + age,zinc,184,147,2024-02-27,215.02,True
Q03373,flange,prismatic,C45,STEEL,5-axis mill,63.36,32.66,11.53,0.1873,0.0998,14,4,0.078,4.14,harden + temper,anodise,18,13,2025-03-25,53.87,False
Q04363,flange,prismatic,42CrMo4,STEEL,5-axis mill,58.79,31.51,8.9,0.1294,0.086,8,6,0.0763,4.09,harden + temper,anodise,33,5,2024-04-02,214.91,True
Q04950,flange,prismatic,S355JR,STEEL,5-axis mill,89.49,43.2,15.0,0.4553,0.1753,11,6,0.0767,3.38,harden + temper,paint,10,8,2025-04-15,142.96,True
Q03533,flange,prismatic,16MnCr5,STEEL,5-axis mill,69.82,39.83,12.77,0.2786,0.1525,8,4,0.1052,2.48,harden + temper,anodise,49,17,2021-06-19,47.57,True
Q03670,bushing,rotational,C63000,COPPER,5-axis mill,143.59,85.24,85.24,6.2114,3.2383,60,4,0.0987,1.01,stress relieve,paint,10,5,2022-03-30,642.09,False
Q01611,bushing,rotational,C63000,COPPER,5-axis mill,121.92,72.72,72.72,3.8387,2.6474,54,5,0.0966,0.83,stress relieve,none,10,1,2021-03-19,1126.85,False
Q04071,bushing,rotational,C63000,COPPER,5-axis mill,137.6,77.43,77.43,4.9118,2.021,54,6,0.0966,1.18,stress relieve,paint,10,7,2023-07-19,571.26,False
Q04634,bushing,rotational,C63000,COPPER,5-axis mill,137.41,77.76,77.76,4.9469,1.8012,56,5,0.0966,0.78,stress relieve,paint,18,8,2021-02-27,437.33,False
Q02101,shaft,rotational,304L,STAINLESS,forging + machining,412.55,98.09,98.09,24.9415,18.185,3,4,0.0137,2.57,none,zinc,2317,202,2022-02-28,509.16,False
Q01401,shaft,rotational,303,STAINLESS,turning,392.34,103.5,103.5,26.4064,13.5481,6,5,0.0137,2.05,none,anodise,806,788,2024-11-20,506.37,False
Q02379,shaft,rotational,440C,STAINLESS,forging + machining,435.32,104.66,104.66,28.7609,22.1878,4,6,0.009,1.8,none,zinc,246,20,2024-01-30,1443.55,False
Q03443,shaft,rotational,304L,STAINLESS,forging + machining,403.08,104.89,104.89,27.863,23.3727,3,4,0.0137,1.38,none,zinc,577,556,2026-06-07,431.79,False
Q00065,bracket,prismatic,16MnCr5,STEEL,3-axis mill,132.1,94.22,75.44,7.3718,1.6482,17,1,0.0525,0.85,harden + temper,paint,399,258,2023-08-28,168.69,False
Q02056,bracket,prismatic,S355JR,STEEL,5-axis mill,110.52,70.76,56.02,3.439,0.6946,13,1,0.0579,1.04,harden + temper,nitride,274,25,2025-04-25,120.2,False
Q01592,bracket,prismatic,S355JR,STEEL,5-axis mill,100.69,58.63,47.99,2.2241,1.6371,10,1,0.0579,0.96,harden + temper,paint,158,109,2023-02-27,26.49,True
Q04939,bracket,prismatic,S355JR,STEEL,5-axis mill,129.0,73.4,62.79,4.6671,2.927,9,2,0.1345,0.8,harden + temper,paint,318,71,2024-03-08,58.26,True
Q00099,fitting,rotational,Ti-6Al-4V ELI,TITANIUM,forging + machining,204.92,146.35,146.35,15.2713,10.1623,7,4,0.0313,2.12,stress relieve,zinc,47003,5000,2025-02-07,2860.27,False
Q00667,fitting,rotational,Ti-6Al-4V ELI,TITANIUM,forging + machining,225.77,187.68,187.68,27.6685,18.9837,8,4,0.0236,2.21,stress relieve,zinc,15887,5000,2025-11-05,6536.65,False
Q00692,fitting,rotational,Ti-6Al-4V,TITANIUM,forging + machining,269.64,205.84,205.84,39.7498,25.5908,3,3,0.0288,2.64,stress relieve,zinc,50000,5000,2024-06-14,6648.9,True
Q03219,fitting,rotational,Ti-6Al-4V ELI,TITANIUM,turning,217.1,151.57,151.57,17.3535,7.0375,6,5,0.0313,1.93,stress relieve,zinc,50000,4130,2025-11-30,2187.57,False
Q01752,bracket,prismatic,Ti-10V-2Fe-3Al,TITANIUM,5-axis mill,38.4,31.94,27.02,0.1541,0.0386,20,6,0.0249,6.3,harden + temper,passivate,6684,930,2026-02-28,54.58,False
Q00193,bracket,prismatic,Ti-6Al-4V,TITANIUM,5-axis mill,27.17,25.09,20.06,0.0606,0.0206,10,5,0.0249,4.47,harden + temper,zinc,12872,5000,2022-07-22,13.73,False
Q02037,bracket,prismatic,Ti-6Al-4V ELI,TITANIUM,5-axis mill,26.06,20.5,16.98,0.0402,0.011,15,6,0.0095,4.82,harden + temper,passivate,21313,5000,2021-03-19,18.11,False
Q04581,bracket,prismatic,Ti-6Al-4V ELI,TITANIUM,5-axis mill,25.31,24.32,19.53,0.0532,0.0295,19,5,0.0196,4.52,harden + temper,passivate,23095,5000,2024-06-07,14.08,False
Q01430,shaft,rotational,16MnCr5,STEEL,turn-mill,62.56,8.88,8.88,0.0304,0.0139,7,2,0.0126,1.57,solution + age,zinc,133,17,2023-01-02,15.47,False
Q03532,shaft,rotational,16MnCr5,STEEL,turn-mill,66.68,9.0,9.0,0.0333,0.0232,13,2,0.0145,2.11,solution + age,zinc,49,22,2025-12-07,13.53,False
Q04849,shaft,rotational,1.2312,STEEL,forging + machining,69.29,8.92,8.92,0.034,0.0222,10,3,0.0126,1.79,solution + age,anodise,230,55,2023-12-14,9.07,False
Q02669,shaft,rotational,1.2312,STEEL,turn-mill,59.43,8.5,8.5,0.0264,0.0173,10,1,0.0151,1.7,solution + age,zinc,78,61,2023-01-19,4.1,False
Q01900,bushing,rotational,1.2312,STEEL,turning,8.98,5.63,5.63,0.0018,0.0004,9,5,0.0187,3.49,none,passivate,2197,1091,2024-07-26,0.94,True
Q04307,bushing,rotational,S355JR,STEEL,turning,10.12,6.35,6.35,0.0025,0.0006,19,6,0.0242,4.3,none,passivate,1626,102,2023-01-11,3.33,False
Q02381,bushing,rotational,S355JR,STEEL,turning,10.25,6.87,6.87,0.003,0.002,16,4,0.0187,4.13,none,passivate,3061,1646,2023-03-17,1.06,False
Q04826,bushing,rotational,S355JR,STEEL,turning,9.72,5.74,5.74,0.002,0.0009,8,6,0.0187,3.32,none,passivate,2355,1796,2024-03-18,1.04,False
Q01980,plate,prismatic,7075-T6,ALUMINIUM,turn-mill,439.28,309.63,193.93,74.1221,52.2656,36,6,0.0607,1.92,solution + age,passivate,521,30,2024-05-11,1717.12,True
Q00859,plate,prismatic,6082-T6,ALUMINIUM,turn-mill,366.99,285.77,171.02,48.4262,17.0268,41,6,0.0299,2.92,solution + age,zinc,241,46,2023-03-17,3094.72,False
Q04446,plate,prismatic,7075-T6,ALUMINIUM,turn-mill,456.11,319.97,195.66,80.2387,19.9124,38,5,0.0615,2.69,solution + age,passivate,272,243,2024-06-25,5631.28,False
Q00139,plate,prismatic,5083-H111,ALUMINIUM,turn-mill,471.61,338.17,203.58,86.3624,53.4579,30,6,0.0607,2.3,solution + age,passivate,530,130,2023-03-11,5110.9,False
Q00094,manifold,prismatic,Ti-10V-2Fe-3Al,TITANIUM,forging + machining,203.4,195.27,47.84,8.8351,6.4985,5,4,0.0404,5.44,solution + age,none,480,165,2025-05-25,1066.06,True
Q03377,manifold,prismatic,Ti-10V-2Fe-3Al,TITANIUM,turn-mill,176.33,176.28,44.88,6.4878,2.0081,7,6,0.0583,4.35,solution + age,passivate,560,496,2022-07-26,1658.16,False
Q02962,manifold,prismatic,Ti-10V-2Fe-3Al,TITANIUM,turn-mill,187.82,194.0,53.45,9.0571,4.846,3,4,0.0583,4.91,solution + age,passivate,1650,779,2021-06-27,1361.85,False
Q04397,manifold,prismatic,Ti-10V-2Fe-3Al,TITANIUM,turn-mill,197.88,198.14,46.64,8.5043,3.909,3,4,0.0579,5.59,solution + age,passivate,967,82,2021-04-06,1203.12,True
Q00261,manifold,prismatic,2024-T3,ALUMINIUM,3-axis mill,76.64,46.15,24.33,0.2392,0.0874,3,2,0.059,3.59,none,nitride,108,73,2021-04-11,12.62,False
Q00880,manifold,prismatic,6061-T6,ALUMINIUM,3-axis mill,80.87,52.12,27.62,0.3143,0.2483,8,2,0.059,2.67,none,nitride,74,19,2023-11-19,18.03,True
Q02153,manifold,prismatic,6061-T6,ALUMINIUM,3-axis mill,70.76,44.23,26.96,0.2278,0.1585,3,3,0.0791,3.51,none,nitride,66,19,2022-07-01,19.76,False
Q04819,manifold,prismatic,6061-T6,ALUMINIUM,3-axis mill,87.36,53.32,30.58,0.3846,0.1513,3,3,0.059,2.77,none,nitride,52,37,2021-09-12,20.05,False
Q02686,plate,prismatic,16MnCr5,STEEL,forging + machining,478.75,422.06,189.98,301.3458,249.0682,13,4,0.047,3.57,none,passivate,363,193,2023-01-07,3159.89,False
Q00583,plate,prismatic,4140,STEEL,forging + machining,506.84,425.58,196.99,333.5603,248.8912,20,4,0.0778,4.11,none,passivate,476,167,2024-09-09,3765.37,False
Q00317,plate,prismatic,C45,STEEL,forging + machining,456.28,385.16,179.41,247.4999,188.3109,19,4,0.0422,3.05,none,passivate,1047,268,2023-02-24,2702.46,False
Q00789,plate,prismatic,C45,STEEL,forging + machining,511.97,410.63,221.51,365.5633,253.1494,17,5,0.029,2.71,none,passivate,420,134,2022-05-26,5627.04,False
Q02481,fitting,rotational,Ti-10V-2Fe-3Al,TITANIUM,turn-mill,60.42,39.19,39.19,0.3389,0.2295,15,4,0.0503,0.91,stress relieve,nitride,6541,3665,2021-08-31,39.03,True
Q01349,fitting,rotational,Ti-6Al-4V,TITANIUM,turn-mill,74.36,40.51,40.51,0.4245,0.1337,14,6,0.0596,0.83,stress relieve,nitride,10496,5000,2025-06-10,64.63,False
Q00546,fitting,rotational,Ti-6Al-4V ELI,TITANIUM,turn-mill,82.06,50.03,50.03,0.7146,0.2167,6,6,0.0652,0.82,stress relieve,nitride,5563,1674,2026-04-20,166.37,False
Q03745,fitting,rotational,Ti-6Al-4V,TITANIUM,turn-mill,64.71,43.15,43.15,0.4191,0.1869,4,6,0.0652,0.89,stress relieve,nitride,12182,1216,2025-01-04,60.42,False
Q00796,housing,prismatic,6082-T6,ALUMINIUM,turn-mill,75.4,50.34,36.23,0.3713,0.1979,17,3,0.0069,2.02,solution + age,none,31730,5000,2023-01-17,20.15,True
Q01709,housing,prismatic,5083-H111,ALUMINIUM,turn-mill,72.36,44.03,35.31,0.2993,0.0897,20,2,0.005,3.56,solution + age,none,25642,5000,2026-01-22,50.38,False
Q04714,housing,prismatic,6082-T6,ALUMINIUM,turn-mill,67.62,38.8,30.06,0.2129,0.0925,28,3,0.0069,4.32,solution + age,none,36146,4682,2024-12-26,18.97,False
Q02564,housing,prismatic,6082-T6,ALUMINIUM,turn-mill,67.73,41.28,32.1,0.2423,0.1756,27,1,0.0169,4.11,solution + age,none,9491,3453,2025-07-05,9.18,False
Q03316,bracket,prismatic,Ti-6Al-4V ELI,TITANIUM,forging + machining,93.43,65.77,56.52,1.5385,1.1424,8,4,0.0212,6.3,solution + age,nitride,21,11,2021-06-20,271.81,False
Q02305,bracket,prismatic,Ti-6Al-4V ELI,TITANIUM,5-axis mill,92.47,73.87,57.82,1.7497,0.4181,14,3,0.0294,6.3,solution + age,paint,33,16,2026-03-17,556.29,True
Q04110,bracket,prismatic,Ti-6Al-4V ELI,TITANIUM,5-axis mill,107.13,75.24,64.78,2.3135,1.2334,9,4,0.0212,6.3,solution + age,anodise,39,34,2024-10-10,477.78,True
Q02568,bracket,prismatic,Ti-6Al-4V ELI,TITANIUM,5-axis mill,95.0,80.16,64.82,2.1866,0.8714,8,2,0.0433,6.3,solution + age,paint,66,42,2023-05-23,464.86,True
Q02800,bracket,prismatic,S355JR,STEEL,forging + machining,74.5,43.38,41.24,1.0462,0.808,8,6,0.0445,0.66,harden + temper,paint,22,2,2023-12-12,316.08,True
Q00062,bracket,prismatic,S355JR,STEEL,5-axis mill,87.89,56.75,54.44,2.1318,1.6928,19,6,0.0553,0.64,harden + temper,paint,49,38,2021-12-11,54.61,False
Q00791,bracket,prismatic,C45,STEEL,5-axis mill,127.12,76.38,74.7,5.6936,4.4811,18,5,0.0445,0.62,harden + temper,paint,66,11,2025-12-04,136.64,True
Q02473,bracket,prismatic,S355JR,STEEL,5-axis mill,96.99,51.93,52.55,2.0776,0.9791,13,5,0.0445,0.4,harden + temper,paint,54,10,2024-01-23,148.08,False
Q03524,shaft,rotational,303,STAINLESS,turning,392.86,112.23,112.23,31.0899,16.204,8,3,0.0269,0.97,none,zinc,23979,5000,2025-01-10,483.76,False
Q00232,shaft,rotational,440C,STAINLESS,turning,399.47,127.53,127.53,39.1876,16.3919,3,3,0.0253,2.01,none,zinc,26036,5000,2021-08-07,1038.68,True
Q01922,shaft,rotational,15-5PH H1025,STAINLESS,turning,365.87,115.8,115.8,30.0566,19.5049,4,1,0.0253,1.17,none,zinc,30622,5000,2025-03-19,841.11,True
Q02855,shaft,rotational,303,STAINLESS,turning,455.56,128.52,128.52,47.2828,28.3157,4,3,0.0253,2.79,none,zinc,17883,5000,2021-07-25,462.72,True
Q01439,shaft,rotational,42CrMo4,STEEL,turn-mill,308.31,35.08,35.08,2.3391,0.9455,5,1,0.044,2.14,solution + age,nitride,18,8,2021-02-10,120.91,False
Q03198,shaft,rotational,4140,STEEL,turn-mill,436.39,41.55,41.55,4.6446,2.1092,3,3,0.044,1.61,solution + age,nitride,14,10,2021-07-03,143.45,False
Q03711,shaft,rotational,4140,STEEL,turn-mill,576.81,58.69,58.69,12.2504,8.7201,5,2,0.044,1.12,solution + age,zinc,21,11,2023-01-10,194.4,False
Q02803,shaft,rotational,42CrMo4,STEEL,forging + machining,487.55,53.81,53.81,8.705,7.3482,3,1,0.044,1.55,solution + age,paint,26,22,2024-05-14,106.88,True
Q04245,gear blank,rotational,C45,STEEL,forging + machining,469.8,313.14,313.14,284.0155,188.2719,11,4,0.0412,4.28,solution + age,none,50000,5000,2025-05-13,5125.53,False
Q04602,gear blank,rotational,1.2312,STEEL,forging + machining,453.11,295.34,295.34,243.6681,148.9632,9,3,0.0412,2.61,solution + age,nitride,47491,5000,2023-12-16,5882.57,True
Q00007,gear blank,rotational,1.2312,STEEL,forging + machining,438.81,345.39,345.39,322.7428,261.8219,8,3,0.0396,4.42,solution + age,nitride,50000,5000,2021-06-26,5515.72,False
Q00332,gear blank,rotational,1.2312,STEEL,forging + machining,491.15,368.19,368.19,410.4991,267.6464,9,4,0.0412,3.39,solution + age,nitride,15502,5000,2025-05-07,12091.17,True
Q00677,housing,prismatic,304L,STAINLESS,forging + machining,76.04,75.01,45.9,2.0947,1.3778,3,1,0.116,1.69,solution + age,nitride,22960,5000,2024-03-19,39.89,True
Q01319,housing,prismatic,304L,STAINLESS,forging + machining,58.34,60.05,32.81,0.9197,0.7745,6,1,0.0922,1.78,solution + age,nitride,22455,5000,2021-09-17,15.95,False
Q03654,housing,prismatic,316L,STAINLESS,forging + machining,62.72,70.94,40.17,1.4296,0.9788,10,3,0.1098,1.94,solution + age,nitride,14074,2958,2023-02-12,34.4,False
Q01544,housing,prismatic,304L,STAINLESS,forging + machining,73.22,74.0,43.38,1.8804,1.2939,10,3,0.1098,1.97,solution + age,nitride,18695,5000,2022-06-03,32.99,True
Q04033,shaft,rotational,4140,STEEL,forging + machining,82.53,5.28,5.28,0.0142,0.0086,19,2,0.0517,1.92,none,zinc,7407,2540,2021-12-10,1.21,True
Q02092,shaft,rotational,4140,STEEL,turning,126.07,8.29,8.29,0.0535,0.0359,17,2,0.1058,3.19,none,zinc,13402,2312,2024-12-11,1.3,False
Q02555,shaft,rotational,16MnCr5,STEEL,turning,152.58,9.4,9.4,0.0832,0.0451,15,1,0.1058,3.1,none,zinc,13466,5000,2021-04-14,1.47,False
Q04975,shaft,rotational,S355JR,STEEL,turn-mill,109.53,6.81,6.81,0.0313,0.0098,11,1,0.1058,2.95,none,zinc,10017,910,2021-04-18,1.32,True
Q02950,shaft,rotational,Ti-6Al-4V,TITANIUM,turn-mill,884.68,51.0,51.0,8.0067,5.105,57,4,0.0244,3.72,solution + age,passivate,27,9,2021-01-24,1482.26,False
Q02195,shaft,rotational,Ti-6Al-4V,TITANIUM,turn-mill,723.63,42.21,42.21,4.4851,2.1096,60,4,0.0244,3.01,solution + age,passivate,42,22,2024-11-08,1202.42,False
Q04968,shaft,rotational,Ti-6Al-4V,TITANIUM,turn-mill,780.67,42.35,42.35,4.8713,1.8975,60,3,0.0282,4.74,solution + age,passivate,42,12,2021-09-15,1429.27,False
Q02141,shaft,rotational,Ti-6Al-4V ELI,TITANIUM,turn-mill,688.07,40.71,40.71,3.9675,1.7861,55,5,0.0244,3.49,solution + age,passivate,33,3,2024-05-02,1135.91,False
Q00814,shaft,rotational,440C,STAINLESS,forging + machining,481.02,134.5,134.5,52.4899,36.8892,5,4,0.0152,1.71,harden + temper,passivate,10,7,2021-10-01,2579.37,False
Q00360,shaft,rotational,440C,STAINLESS,forging + machining,468.67,114.74,114.74,37.2176,24.7128,9,4,0.0152,1.75,harden + temper,passivate,15,9,2023-11-03,1969.54,False
Q01948,shaft,rotational,440C,STAINLESS,forging + machining,423.92,112.65,112.65,32.4499,25.0929,6,4,0.0152,1.82,harden + temper,passivate,25,21,2025-11-09,1264.68,False
Q03787,shaft,rotational,440C,STAINLESS,forging + machining,484.68,129.25,129.25,48.838,30.5422,5,4,0.0152,1.74,harden + temper,passivate,32,12,2021-12-24,2393.33,False
Q00184,manifold,prismatic,6026-T9,ALUMINIUM,3-axis mill,89.18,53.35,45.26,0.5814,0.3622,7,2,0.1475,3.53,none,passivate,28,7,2022-10-03,32.22,False
Q00345,manifold,prismatic,6026-T9,ALUMINIUM,3-axis mill,89.28,58.16,48.48,0.6797,0.4731,3,2,0.075,3.2,none,passivate,38,28,2023-04-25,14.69,False
Q03324,manifold,prismatic,6026-T9,ALUMINIUM,3-axis mill,85.44,59.04,47.23,0.6433,0.5006,10,1,0.0212,3.14,none,passivate,68,55,2026-01-18,14.51,True
Q03738,manifold,prismatic,6026-T9,ALUMINIUM,3-axis mill,103.26,72.42,60.62,1.224,0.4474,13,1,0.0672,2.66,none,passivate,34,1,2021-09-13,117.22,False
Q00121,bracket,prismatic,Ti-6Al-4V,TITANIUM,5-axis mill,58.68,32.45,36.09,0.3045,0.1407,10,4,0.032,6.3,harden + temper,anodise,88,83,2023-02-12,73.78,False
Q00953,bracket,prismatic,Ti-6Al-4V,TITANIUM,5-axis mill,59.02,37.05,35.55,0.3443,0.1964,8,2,0.034,6.3,harden + temper,anodise,43,28,2023-04-02,68.55,False
Q00454,bracket,prismatic,Ti-10V-2Fe-3Al,TITANIUM,5-axis mill,52.29,29.43,31.3,0.224,0.0739,13,2,0.0443,6.3,harden + temper,none,103,11,2022-05-22,95.63,False
Q01321,bracket,prismatic,Ti-6Al-4V,TITANIUM,5-axis mill,43.75,26.17,26.38,0.1338,0.0891,8,4,0.0561,5.3,harden + temper,anodise,58,18,2025-06-23,57.06,False
Q00536,gear blank,rotational,4140,STEEL,forging + machining,119.31,52.04,52.04,1.9918,1.2192,11,6,0.0868,1.79,solution + age,paint,11,2,2021-04-05,287.56,False
Q03269,gear blank,rotational,42CrMo4,STEEL,turn-mill,157.09,72.03,72.03,5.0254,2.2273,11,5,0.068,3.84,solution + age,zinc,10,9,2021-11-13,176.87,False
Q00365,gear blank,rotational,S355JR,STEEL,turn-mill,122.11,48.68,48.68,1.7838,1.2029,8,6,0.0868,3.39,solution + age,zinc,24,3,2023-03-06,289.36,False
Q03687,gear blank,rotational,42CrMo4,STEEL,turn-mill,169.45,76.85,76.85,6.1696,2.379,8,6,0.0635,2.78,solution + age,paint,10,2,2025-05-27,630.67,True
Q01356,plate,prismatic,440C,STAINLESS,forging + machining,40.72,31.13,16.88,0.1643,0.1373,3,4,0.0098,0.84,solution + age,none,68,35,2025-09-19,20.12,False
Q03382,plate,prismatic,316L,STAINLESS,turn-mill,39.48,32.66,16.63,0.1715,0.0607,3,3,0.009,1.25,solution + age,none,56,14,2021-05-01,26.24,True
Q02906,plate,prismatic,440C,STAINLESS,forging + machining,51.2,40.46,24.48,0.3895,0.3021,7,2,0.009,0.82,solution + age,none,24,10,2023-02-14,36.91,False
Q00204,plate,prismatic,440C,STAINLESS,forging + machining,38.57,26.45,17.21,0.1348,0.0976,3,3,0.009,1.08,solution + age,none,21,17,2022-06-18,31.55,False
Q00725,gear blank,rotational,16MnCr5,STEEL,forging + machining,357.63,410.77,410.77,372.0453,294.3154,3,3,0.1085,6.3,solution + age,none,306,197,2023-04-27,3440.0,False
Q04707,gear blank,rotational,S355JR,STEEL,forging + machining,346.13,432.08,432.08,398.4036,240.5226,5,2,0.1305,4.5,solution + age,none,170,38,2021-05-09,2798.46,True
Q00602,gear blank,rotational,16MnCr5,STEEL,forging + machining,231.16,344.27,344.27,168.9198,136.1917,7,1,0.0737,4.77,solution + age,none,193,37,2025-01-31,1663.01,True
Q02046,gear blank,rotational,16MnCr5,STEEL,forging + machining,349.91,426.72,426.72,392.8247,255.1296,4,1,0.0625,6.3,solution + age,none,298,295,2025-02-26,5631.53,False
Q04016,gear blank,rotational,16MnCr5,STEEL,forging + machining,243.24,174.0,174.0,45.4046,34.116,11,2,0.1054,0.61,stress relieve,paint,12157,4021,2022-06-25,526.75,False
Q04866,gear blank,rotational,S355JR,STEEL,turn-mill,242.4,196.88,196.88,57.9275,33.291,12,4,0.1054,0.9,stress relieve,paint,2827,2645,2021-04-17,613.0,False
Q00300,gear blank,rotational,42CrMo4,STEEL,forging + machining,297.18,201.68,201.68,74.5226,59.8358,8,3,0.0543,0.77,stress relieve,paint,5131,5000,2023-05-25,1080.18,False
Q00631,gear blank,rotational,42CrMo4,STEEL,forging + machining,228.86,156.31,156.31,34.4768,27.1054,14,4,0.1054,1.18,stress relieve,paint,3579,1842,2025-12-19,442.15,False
Q01981,bracket,prismatic,Ti-6Al-4V ELI,TITANIUM,forging + machining,55.66,34.28,6.11,0.0516,0.0365,22,5,0.005,1.23,solution + age,none,50000,5000,2026-02-01,10.93,True
Q03202,bracket,prismatic,Ti-6Al-4V ELI,TITANIUM,forging + machining,40.82,26.38,4.55,0.0217,0.0159,14,5,0.005,1.66,solution + age,none,26100,3634,2024-02-02,5.91,False
Q01271,bracket,prismatic,Ti-10V-2Fe-3Al,TITANIUM,forging + machining,55.12,36.79,6.46,0.0609,0.0457,13,4,0.005,1.54,solution + age,none,50000,5000,2023-05-06,13.7,False
Q01240,bracket,prismatic,Ti-6Al-4V ELI,TITANIUM,forging + machining,66.81,44.99,8.47,0.1127,0.0824,18,3,0.005,1.78,solution + age,none,50000,5000,2023-07-06,31.06,False
Q01107,fitting,rotational,17-4PH H1025,STAINLESS,5-axis mill,180.71,89.61,89.61,8.8894,6.2963,18,6,0.0515,2.73,none,nitride,2512,1203,2025-11-13,423.4,False
Q02597,fitting,rotational,316L,STAINLESS,5-axis mill,185.36,103.3,103.3,12.4279,9.0528,15,4,0.0321,3.6,none,passivate,3546,1020,2021-11-16,300.42,False
Q00127,fitting,rotational,303,STAINLESS,5-axis mill,156.2,76.31,76.31,5.7154,2.6734,9,4,0.0692,2.07,none,passivate,481,190,2024-10-20,145.92,False
Q04775,fitting,rotational,17-4PH H1025,STAINLESS,5-axis mill,171.23,96.8,96.8,9.8287,4.8507,7,4,0.0275,3.71,none,passivate,836,166,2023-03-24,492.53,True
Q01071,housing,prismatic,6061-T6,ALUMINIUM,3-axis mill,200.05,157.4,85.38,7.2584,4.6033,60,3,0.0223,4.13,harden + temper,anodise,130,106,2024-05-26,305.33,False
Q01204,housing,prismatic,6061-T6,ALUMINIUM,3-axis mill,201.94,152.76,84.26,7.0184,3.9096,57,4,0.0223,6.3,harden + temper,anodise,22,1,2024-12-02,703.36,False
Q02152,housing,prismatic,6061-T6,ALUMINIUM,3-axis mill,234.02,179.14,101.95,11.5395,7.4014,56,4,0.0223,3.58,harden + temper,zinc,26,7,2025-09-15,453.45,False
Q04752,housing,prismatic,7075-T6,ALUMINIUM,3-axis mill,205.71,136.53,80.82,6.3788,2.0046,58,4,0.0223,5.1,harden + temper,anodise,29,12,2023-02-21,465.91,False
Q04961,fitting,rotational,Ti-6Al-4V,TITANIUM,turn-mill,29.2,17.29,17.29,0.0304,0.0078,16,6,0.0329,2.33,stress relieve,nitride,562,549,2023-07-30,11.55,False
Q00488,fitting,rotational,Ti-6Al-4V ELI,TITANIUM,forging + machining,29.81,24.22,24.22,0.0608,0.0513,17,6,0.0329,2.54,stress relieve,nitride,394,100,2021-02-17,19.79,False
Q01641,fitting,rotational,Ti-6Al-4V ELI,TITANIUM,turn-mill,40.08,24.28,24.28,0.0822,0.0564,17,6,0.0329,1.59,stress relieve,nitride,771,407,2021-03-14,16.53,False
Q01500,fitting,rotational,Ti-10V-2Fe-3Al,TITANIUM,turn-mill,38.55,23.2,23.2,0.0758,0.0549,15,6,0.0329,2.52,stress relieve,nitride,879,131,2024-05-15,20.32,False
Q03339,gear blank,rotational,16MnCr5,STEEL,5-axis mill,509.75,136.0,136.0,58.1316,14.2191,3,6,0.0835,4.97,stress relieve,paint,237,111,2024-07-09,1513.56,False
Q03859,gear blank,rotational,1.2312,STEEL,5-axis mill,588.04,148.54,148.54,79.9903,44.1114,11,6,0.0835,4.41,stress relieve,paint,113,28,2026-01-02,2050.43,False
Q04660,gear blank,rotational,4140,STEEL,5-axis mill,562.31,134.26,134.26,62.49,45.153,3,6,0.0835,4.48,stress relieve,passivate,220,219,2024-08-01,671.78,True
Q03678,gear blank,rotational,4140,STEEL,5-axis mill,588.48,136.43,136.43,67.5289,41.5012,14,6,0.0456,3.36,stress relieve,paint,247,133,2024-07-30,1755.99,False
Q01304,fitting,rotational,Inconel 625,NICKEL,forging + machining,71.52,39.1,39.1,0.7249,0.5421,15,4,0.0377,6.3,harden + temper,paint,12572,5000,2026-06-16,105.14,False
Q01797,fitting,rotational,Inconel 625,NICKEL,forging + machining,74.63,37.33,37.33,0.6896,0.5013,7,4,0.0393,5.12,harden + temper,passivate,16102,5000,2021-10-15,99.44,False
Q01719,fitting,rotational,Inconel 625,NICKEL,forging + machining,99.55,41.73,41.73,1.1491,0.8698,13,5,0.0393,4.7,harden + temper,paint,5046,4450,2026-06-14,139.7,False
Q00176,fitting,rotational,Inconel 625,NICKEL,forging + machining,77.37,36.06,36.06,0.667,0.4013,9,3,0.0393,6.3,harden + temper,none,4556,2669,2023-12-10,93.32,True
Q00733,housing,prismatic,4140,STEEL,forging + machining,172.79,181.62,145.78,35.913,30.2126,3,6,0.0516,4.64,solution + age,passivate,30,10,2025-09-04,419.48,False
Q01102,housing,prismatic,4140,STEEL,forging + machining,121.38,136.89,94.44,12.318,9.7501,3,6,0.0826,3.63,solution + age,passivate,12,8,2022-08-28,234.0,False
Q03512,housing,prismatic,C45,STEEL,forging + machining,151.6,162.03,122.43,23.6078,18.2103,3,6,0.0615,5.77,solution + age,passivate,43,37,2021-05-08,237.19,False
Q04599,housing,prismatic,4140,STEEL,forging + machining,196.58,211.98,150.44,49.2097,31.4152,5,6,0.0826,5.27,solution + age,anodise,28,5,2025-02-08,1240.7,False
Q02770,gear blank,rotational,16MnCr5,STEEL,forging + machining,148.94,118.16,118.16,12.8194,9.5172,59,2,0.018,1.01,none,none,200,102,2025-01-02,301.04,True
Q04475,gear blank,rotational,16MnCr5,STEEL,turn-mill,186.58,140.35,140.35,22.6591,13.3785,60,1,0.0185,0.6,none,paint,83,62,2025-07-04,985.43,True
Q01902,gear blank,rotational,16MnCr5,STEEL,turn-mill,221.8,174.25,174.25,41.5235,26.5152,55,2,0.0415,0.63,none,anodise,161,28,2024-02-08,1330.3,False
Q00690,gear blank,rotational,C45,STEEL,forging + machining,182.84,130.89,130.89,19.3141,15.025,58,2,0.0302,0.52,none,anodise,102,56,2023-05-28,401.89,False
Q00532,gear blank,rotational,4140,STEEL,turn-mill,166.15,98.28,98.28,9.8939,4.6785,16,2,0.0481,6.3,none,zinc,2522,1654,2025-10-21,248.15,True
Q04017,gear blank,rotational,C45,STEEL,turning,172.3,111.87,111.87,13.295,10.087,16,1,0.0481,4.62,none,none,2591,2548,2024-06-19,89.14,False
Q02426,gear blank,rotational,C45,STEEL,turn-mill,173.88,110.83,110.83,13.1683,9.5137,16,3,0.0481,5.33,none,zinc,11249,5000,2025-06-17,168.73,False
Q02285,gear blank,rotational,1.2312,STEEL,turn-mill,205.6,115.39,115.39,16.8791,4.4551,13,2,0.0481,6.12,none,zinc,7267,1674,2022-06-27,620.67,False
Q00531,gear blank,rotational,C45,STEEL,forging + machining,525.24,294.61,294.61,281.0731,171.8466,6,3,0.0358,4.85,none,paint,41367,5000,2026-03-23,5269.68,True
Q03060,gear blank,rotational,C45,STEEL,forging + machining,500.43,270.9,270.9,226.4284,176.0559,9,5,0.0358,4.83,none,nitride,45676,5000,2026-06-24,2598.37,True
Q02232,gear blank,rotational,C45,STEEL,forging + machining,427.81,268.88,268.88,190.6944,161.5793,5,4,0.0358,3.82,none,nitride,50000,5000,2023-06-05,1402.56,False
Q02571,gear blank,rotational,C45,STEEL,forging + machining,492.77,306.61,306.61,285.6169,202.7101,6,3,0.0358,5.25,none,nitride,33045,5000,2026-05-20,3982.02,False
Q03250,fitting,rotational,303,STAINLESS,turn-mill,186.1,140.96,140.96,23.235,5.9886,26,5,0.005,6.06,solution + age,zinc,1272,926,2024-09-07,1659.33,False
Q03379,fitting,rotational,316L,STAINLESS,5-axis mill,115.95,85.94,85.94,5.3804,4.2387,29,6,0.005,6.3,solution + age,paint,3134,511,2024-02-23,291.93,False
Q04450,fitting,rotational,17-4PH H1025,STAINLESS,5-axis mill,160.23,108.98,108.98,11.657,6.8922,27,4,0.005,5.75,solution + age,paint,5691,5000,2026-06-06,1346.44,True
Q02364,fitting,rotational,316L,STAINLESS,5-axis mill,126.58,95.23,95.23,7.2122,1.5152,19,5,0.0063,6.3,solution + age,paint,2545,1527,2025-10-04,1346.13,False
Q00192,gear blank,rotational,4140,STEEL,5-axis mill,460.69,103.97,103.97,30.7025,19.2577,14,5,0.0567,5.12,none,zinc,224,111,2025-05-22,624.42,False
Q01150,gear blank,rotational,4140,STEEL,5-axis mill,574.62,122.9,122.9,53.5153,41.9313,3,4,0.0567,3.78,none,zinc,451,419,2026-01-08,491.88,False
Q01989,gear blank,rotational,16MnCr5,STEEL,5-axis mill,542.11,126.48,126.48,53.4644,23.4442,6,5,0.0567,4.35,none,passivate,800,551,2024-03-10,1199.61,True
Q02545,gear blank,rotational,C45,STEEL,5-axis mill,486.33,106.47,106.47,33.992,26.3784,6,5,0.0762,4.89,none,paint,683,78,2022-11-28,322.65,True
Q02389,shaft,rotational,42CrMo4,STEEL,turn-mill,62.72,9.5,9.5,0.0349,0.0133,12,2,0.0148,0.77,harden + temper,zinc,1486,932,2023-12-20,3.27,False
Q04710,shaft,rotational,C45,STEEL,turn-mill,61.65,10.27,10.27,0.0401,0.0199,9,1,0.0148,0.86,harden + temper,zinc,1755,1500,2025-02-24,2.35,True
Q04758,shaft,rotational,1.2312,STEEL,5-axis mill,64.97,9.33,9.33,0.0349,0.0148,12,1,0.019,0.82,harden + temper,none,2030,1914,2023-08-21,2.49,False
Q01252,shaft,rotational,42CrMo4,STEEL,turn-mill,42.02,8.04,8.04,0.0167,0.0065,11,2,0.0148,0.78,harden + temper,zinc,3721,3163,2021-02-26,1.76,False
Q02706,manifold,prismatic,2024-T3,ALUMINIUM,turn-mill,344.48,425.5,73.61,29.9935,23.1804,18,5,0.0634,5.65,none,paint,12485,5000,2024-07-08,769.97,False
Q02605,manifold,prismatic,2024-T3,ALUMINIUM,turn-mill,365.3,427.79,72.14,31.3385,23.5013,14,5,0.1326,4.75,none,none,13428,5000,2024-09-26,595.33,False
Q04473,manifold,prismatic,2024-T3,ALUMINIUM,turn-mill,378.59,441.39,67.88,31.5351,10.3728,16,5,0.0634,5.72,none,none,8758,938,2024-05-13,1685.87,False
Q03838,manifold,prismatic,2024-T3,ALUMINIUM,turn-mill,376.77,475.6,75.84,37.7799,15.3288,18,3,0.0247,5.69,none,none,3857,3649,2021-12-28,2097.68,True
Q01125,flange,prismatic,1.2312,STEEL,forging + machining,68.9,55.04,6.28,0.1868,0.1241,17,1,0.0353,5.66,stress relieve,anodise,97,9,2024-12-08,21.36,False
Q01095,flange,prismatic,16MnCr5,STEEL,forging + machining,62.57,50.97,5.7,0.1428,0.0949,16,2,0.0283,6.21,stress relieve,anodise,120,56,2025-11-14,13.87,False
Q01368,flange,prismatic,1.2312,STEEL,forging + machining,70.27,57.62,6.65,0.2113,0.1765,20,1,0.0283,4.68,stress relieve,anodise,65,49,2024-04-14,8.48,False
Q00252,flange,prismatic,1.2312,STEEL,forging + machining,87.02,70.21,8.05,0.3861,0.3043,16,1,0.0283,5.39,stress relieve,anodise,44,31,2021-08-12,13.82,False
Q01553,gear blank,rotational,C45,STEEL,turn-mill,157.27,101.63,101.63,10.0154,6.4662,14,3,0.0765,5.87,harden + temper,anodise,2588,2441,2024-05-21,105.18,True
Q02082,gear blank,rotational,C45,STEEL,forging + machining,200.22,135.66,135.66,22.7177,16.6729,15,3,0.0833,4.77,harden + temper,anodise,4537,3524,2021-05-23,224.23,False
Q04081,gear blank,rotational,4140,STEEL,turn-mill,165.52,101.59,101.59,10.5311,7.2187,8,3,0.0765,4.36,harden + temper,anodise,8046,5000,2022-03-26,134.83,False
Q00660,gear blank,rotational,4140,STEEL,turn-mill,211.76,130.38,130.38,22.1927,11.153,8,1,0.0765,3.08,harden + temper,zinc,4226,639,2026-04-16,414.42,True
Q03359,plate,prismatic,303,STAINLESS,forging + machining,52.27,47.94,32.65,0.6546,0.4867,38,3,0.1917,2.31,solution + age,none,4268,2581,2024-01-05,10.12,True
Q03488,plate,prismatic,15-5PH H1025,STAINLESS,forging + machining,51.47,56.3,35.96,0.8128,0.6443,35,3,0.1917,2.24,solution + age,anodise,3054,1835,2023-11-26,20.29,True
Q00478,plate,prismatic,440C,STAINLESS,forging + machining,49.24,52.08,35.47,0.6985,0.4925,32,3,0.1821,2.21,solution + age,none,10458,5000,2024-06-11,21.73,False
Q03511,plate,prismatic,303,STAINLESS,forging + machining,37.65,39.37,25.87,0.3069,0.2349,40,3,0.1917,3.6,solution + age,none,4155,1272,2024-09-23,5.48,False
Q03214,plate,prismatic,304L,STAINLESS,3-axis mill,58.1,54.35,31.18,0.7878,0.4912,3,6,0.0077,1.01,solution + age,none,40181,5000,2022-03-13,19.86,False
Q00407,plate,prismatic,304L,STAINLESS,3-axis mill,74.17,69.27,40.86,1.6797,1.2561,3,6,0.0104,1.29,solution + age,nitride,16774,2331,2023-02-11,31.38,False
Q04713,plate,prismatic,15-5PH H1025,STAINLESS,forging + machining,70.44,64.01,40.0,1.4068,0.8589,3,5,0.0077,1.21,solution + age,none,27664,5000,2022-08-28,79.01,False
Q00980,plate,prismatic,304L,STAINLESS,forging + machining,79.0,70.83,41.25,1.8463,1.343,3,6,0.0077,1.45,solution + age,nitride,48811,5000,2024-07-02,57.72,False
Q00362,shaft,rotational,6082-T6,ALUMINIUM,5-axis mill,73.25,6.11,6.11,0.0058,0.0017,7,1,0.0152,0.98,solution + age,passivate,301,171,2022-06-29,2.3,False
Q03634,shaft,rotational,6082-T6,ALUMINIUM,5-axis mill,60.28,5.0,5.0,0.0032,0.0024,12,1,0.0113,1.0,solution + age,anodise,435,72,2026-03-25,4.0,False
Q00838,shaft,rotational,2024-T3,ALUMINIUM,5-axis mill,65.75,5.04,5.04,0.0036,0.0025,9,1,0.0152,1.04,solution + age,passivate,528,500,2023-12-12,1.61,False
Q03389,shaft,rotational,6082-T6,ALUMINIUM,5-axis mill,69.04,5.38,5.38,0.0042,0.0023,13,1,0.0152,1.32,solution + age,passivate,1215,838,2022-01-24,1.85,False
Q00783,bracket,prismatic,16MnCr5,STEEL,5-axis mill,78.34,47.27,40.09,1.1654,0.3392,19,4,0.0556,0.81,harden + temper,anodise,48857,5000,2023-01-06,40.11,True
Q00853,bracket,prismatic,42CrMo4,STEEL,5-axis mill,100.12,58.35,51.65,2.3688,1.1701,11,5,0.1114,0.93,harden + temper,nitride,37589,5000,2021-05-02,45.5,False
Q00558,bracket,prismatic,S355JR,STEEL,5-axis mill,88.57,45.73,44.11,1.4022,0.3728,13,3,0.1211,0.84,harden + temper,nitride,42721,5000,2025-05-20,35.98,False
Q04688,bracket,prismatic,42CrMo4,STEEL,5-axis mill,99.39,62.87,49.27,2.417,0.7415,13,3,0.0556,1.21,harden + temper,nitride,35487,5000,2021-08-23,109.11,False
Q03732,plate,prismatic,17-4PH H1025,STAINLESS,3-axis mill,172.61,88.51,101.67,12.1165,6.686,32,3,0.0365,1.45,none,passivate,97,50,2021-08-11,473.21,False
Q03495,plate,prismatic,440C,STAINLESS,3-axis mill,191.06,98.19,104.6,15.0697,6.0506,27,3,0.0112,1.74,none,nitride,168,99,2025-05-28,994.31,True
Q00707,plate,prismatic,440C,STAINLESS,forging + machining,142.68,84.87,84.2,7.8306,6.5522,27,4,0.0285,1.25,none,nitride,223,125,2024-03-22,307.34,False
Q04047,plate,prismatic,440C,STAINLESS,forging + machining,151.62,83.39,91.75,8.9089,6.5986,32,4,0.0238,0.99,none,zinc,703,246,2021-01-10,379.62,True
Q03902,gear blank,rotational,42CrMo4,STEEL,5-axis mill,272.92,207.81,207.81,72.6636,51.2874,16,4,0.005,3.9,none,nitride,10,2,2022-10-16,3547.46,False
Q02266,gear blank,rotational,S355JR,STEEL,forging + machining,387.58,275.16,275.16,180.9265,127.5679,24,6,0.005,6.3,none,nitride,32,23,2024-08-04,5352.58,False
Q01736,gear blank,rotational,1.2312,STEEL,forging + machining,384.76,284.01,284.01,191.3415,146.7865,24,4,0.005,3.33,none,nitride,45,20,2025-06-21,8594.44,False
Q03228,gear blank,rotational,42CrMo4,STEEL,forging + machining,301.7,241.78,241.78,108.733,66.0078,13,5,0.005,6.3,none,nitride,10,4,2024-05-03,4940.63,False
Q00644,bushing,rotational,PA66,POLYMER,5-axis mill,29.29,12.75,12.75,0.0043,0.001,9,4,0.0692,4.31,harden + temper,nitride,50000,5000,2024-12-06,6.05,False
Q00566,bushing,rotational,PA66,POLYMER,5-axis mill,20.22,10.98,10.98,0.0022,0.0015,3,2,0.0693,3.57,harden + temper,nitride,50000,5000,2021-12-06,3.55,False
Q02181,bushing,rotational,POM-C,POLYMER,5-axis mill,27.06,13.8,13.8,0.0057,0.0044,3,4,0.0693,4.34,harden + temper,nitride,47587,4722,2025-10-01,5.3,False
Q00051,bushing,rotational,POM-C,POLYMER,5-axis mill,25.19,12.77,12.77,0.0045,0.0035,3,4,0.0988,2.88,harden + temper,nitride,20656,5000,2021-03-07,4.09,True
Q01153,fitting,rotational,Inconel 718,NICKEL,forging + machining,93.86,58.98,58.98,2.1001,1.2857,12,4,0.0841,6.3,stress relieve,zinc,9999,5000,2022-08-11,291.33,False
Q04315,fitting,rotational,Waspaloy,NICKEL,turn-mill,86.73,51.87,51.87,1.5013,0.325,16,2,0.0193,6.26,stress relieve,passivate,48990,5000,2024-01-02,417.61,True
Q04170,fitting,rotational,Inconel 625,NICKEL,forging + machining,98.63,67.84,67.84,3.0084,2.1292,14,3,0.0608,3.85,stress relieve,passivate,50000,5000,2025-05-07,277.88,False
Q02202,fitting,rotational,Waspaloy,NICKEL,forging + machining,75.97,53.14,53.14,1.3798,1.0882,11,2,0.0445,5.34,stress relieve,passivate,16400,4429,2025-07-22,244.29,False
Q00836,shaft,rotational,C45,STEEL,5-axis mill,121.85,13.1,13.1,0.1289,0.0721,7,6,0.0536,1.45,harden + temper,paint,111,55,2025-08-19,29.31,False
Q00280,shaft,rotational,16MnCr5,STEEL,turn-mill,191.33,18.24,18.24,0.3924,0.3056,14,6,0.0536,1.35,harden + temper,paint,138,11,2025-10-05,84.8,False
Q00489,shaft,rotational,1.2312,STEEL,turn-mill,146.12,14.21,14.21,0.1819,0.064,17,6,0.0996,1.62,harden + temper,paint,252,174,2025-03-17,10.52,False
Q03394,shaft,rotational,16MnCr5,STEEL,turn-mill,180.85,18.43,18.43,0.3788,0.268,10,6,0.0327,1.59,harden + temper,paint,97,90,2023-10-11,16.5,False
Q03301,fitting,rotational,Ti-6Al-4V,TITANIUM,forging + machining,179.28,117.58,117.58,8.6239,7.2117,3,5,0.0097,6.24,harden + temper,passivate,45947,5000,2026-03-27,1018.51,False
Q01215,fitting,rotational,Ti-6Al-4V,TITANIUM,5-axis mill,211.43,128.43,128.43,12.134,4.7317,3,6,0.0097,6.3,harden + temper,passivate,40921,5000,2021-05-25,3141.55,False
Q04259,fitting,rotational,Ti-6Al-4V,TITANIUM,forging + machining,183.11,131.76,131.76,11.0603,7.228,3,6,0.013,5.25,harden + temper,passivate,50000,5000,2021-12-18,1710.96,True
Q00461,fitting,rotational,Ti-6Al-4V,TITANIUM,forging + machining,170.61,110.85,110.85,7.2936,4.4863,7,6,0.0168,4.75,harden + temper,passivate,50000,5000,2026-03-26,1342.42,False
Q00133,gear blank,rotational,16MnCr5,STEEL,turn-mill,772.98,226.35,226.35,244.16,63.7944,16,6,0.0465,2.61,none,nitride,57,28,2026-06-28,8827.55,False
Q00456,gear blank,rotational,C45,STEEL,turn-mill,773.49,223.44,223.44,238.0848,104.344,11,6,0.0946,2.09,none,anodise,84,16,2023-04-18,4928.42,False
Q02346,gear blank,rotational,C45,STEEL,turn-mill,781.11,265.58,265.58,339.6692,113.6258,7,5,0.0946,1.79,none,nitride,78,52,2022-11-05,4394.29,True
Q00439,gear blank,rotational,C45,STEEL,turn-mill,1047.34,284.11,284.11,521.2289,365.7652,16,5,0.0946,2.35,none,nitride,89,67,2026-04-21,5786.74,False
Q04960,fitting,rotational,Ti-10V-2Fe-3Al,TITANIUM,forging + machining,258.01,249.52,249.52,58.6672,46.1222,10,3,0.0146,3.09,solution + age,anodise,921,435,2026-02-22,14131.48,False
Q03203,fitting,rotational,Ti-10V-2Fe-3Al,TITANIUM,forging + machining,278.67,299.99,299.99,91.586,68.4272,9,3,0.0233,4.36,solution + age,anodise,563,298,2023-06-25,19931.3,False
Q00167,fitting,rotational,Ti-10V-2Fe-3Al,TITANIUM,forging + machining,265.67,251.24,251.24,61.2433,37.7965,6,2,0.0329,3.22,solution + age,anodise,471,120,2024-08-22,11337.06,False
Q03639,fitting,rotational,Ti-10V-2Fe-3Al,TITANIUM,forging + machining,298.78,317.5,317.5,109.9953,89.8052,3,3,0.0326,4.39,solution + age,paint,726,667,2022-01-30,18237.93,False
Q02636,fitting,rotational,13-8Mo H1000,STAINLESS,turning,57.84,41.54,41.54,0.6083,0.13,7,3,0.1112,0.99,solution + age,none,82,5,2025-01-07,62.86,False
Q03342,fitting,rotational,13-8Mo H1000,STAINLESS,turning,56.27,34.76,34.76,0.4144,0.1745,12,4,0.1056,0.84,solution + age,none,277,223,2026-06-26,24.85,False
Q03108,fitting,rotational,13-8Mo H1000,STAINLESS,turning,53.03,34.35,34.35,0.3814,0.1235,10,3,0.1246,1.17,solution + age,zinc,269,69,2025-02-12,19.66,False
Q03092,fitting,rotational,13-8Mo H1000,STAINLESS,turning,72.97,41.74,41.74,0.7748,0.3931,4,4,0.1112,0.75,solution + age,nitride,665,392,2024-09-27,29.71,True
Q04761,bracket,prismatic,Ti-6Al-4V ELI,TITANIUM,forging + machining,56.97,45.07,6.87,0.0781,0.0591,12,3,0.005,1.16,none,none,990,57,2022-02-25,21.63,False
Q01952,bracket,prismatic,Ti-10V-2Fe-3Al,TITANIUM,forging + machining,60.63,49.99,7.74,0.1092,0.0718,9,3,0.005,1.29,none,none,958,282,2025-10-17,35.31,False
Q02025,bracket,prismatic,Ti-10V-2Fe-3Al,TITANIUM,forging + machining,48.91,41.11,6.71,0.0628,0.049,14,2,0.005,1.98,none,none,454,311,2023-11-22,20.69,False
Q04423,bracket,prismatic,Ti-10V-2Fe-3Al,TITANIUM,forging + machining,45.62,32.23,4.62,0.0316,0.0205,9,2,0.005,2.32,none,none,304,62,2025-11-24,14.43,False
Q00491,bushing,rotational,C45,STEEL,turning,14.21,10.3,10.3,0.0093,0.0069,14,1,0.0359,3.47,stress relieve,paint,806,638,2024-08-18,1.61,True
Q01435,bushing,rotational,42CrMo4,STEEL,turning,13.59,10.7,10.7,0.0096,0.0038,8,1,0.0359,4.2,stress relieve,anodise,1421,1044,2021-02-07,1.56,False
Q00603,bushing,rotational,1.2312,STEEL,turning,16.6,11.47,11.47,0.0135,0.0062,16,3,0.0359,3.84,stress relieve,none,1349,378,2022-03-21,1.16,False
Q01688,bushing,rotational,4140,STEEL,turning,15.05,10.76,10.76,0.0108,0.0082,9,3,0.0359,4.92,stress relieve,anodise,586,118,2026-04-24,2.34,True
Q03030,bracket,prismatic,Ti-6Al-4V ELI,TITANIUM,forging + machining,31.49,22.45,4.0,0.0125,0.0094,8,6,0.0076,1.43,none,nitride,1204,228,2025-04-01,8.84,True
Q03726,bracket,prismatic,Ti-10V-2Fe-3Al,TITANIUM,forging + machining,31.61,22.82,4.23,0.0142,0.0089,6,4,0.0126,2.24,none,zinc,1107,685,2025-01-25,4.83,False
Q00883,bracket,prismatic,Ti-10V-2Fe-3Al,TITANIUM,forging + machining,37.63,27.23,5.04,0.024,0.0171,13,6,0.005,2.91,none,nitride,1267,1156,2024-05-18,10.89,False
Q02188,bracket,prismatic,Ti-6Al-4V ELI,TITANIUM,forging + machining,30.77,22.61,4.0,0.0123,0.0078,9,4,0.0076,2.05,none,nitride,1498,108,2024-04-18,10.37,False
Q01638,bracket,prismatic,S355JR,STEEL,5-axis mill,172.56,99.23,83.93,11.281,5.2759,10,4,0.0325,1.46,none,none,13,9,2021-05-01,309.23,False
Q02490,bracket,prismatic,C45,STEEL,5-axis mill,181.4,95.76,74.96,10.2216,6.0333,3,5,0.0325,0.84,none,none,26,12,2021-08-29,287.53,False
Q01219,bracket,prismatic,C45,STEEL,5-axis mill,170.56,91.29,80.72,9.8654,5.8354,9,5,0.0325,1.6,none,none,17,8,2021-02-05,276.28,False
Q01416,bracket,prismatic,C45,STEEL,5-axis mill,159.64,82.03,74.29,7.6371,5.6074,8,3,0.0325,1.1,none,none,32,22,2022-03-14,112.83,True
Q00117,flange,prismatic,C45,STEEL,forging + machining,46.06,38.57,4.13,0.0576,0.0451,16,5,0.0241,4.37,none,none,26,5,2021-02-20,99.92,False
Q03860,flange,prismatic,C45,STEEL,forging + machining,34.32,29.35,4.0,0.0316,0.0193,14,3,0.0263,5.01,none,none,24,10,2022-04-14,40.65,False
Q04656,flange,prismatic,C45,STEEL,forging + machining,49.01,41.91,4.58,0.0739,0.051,25,5,0.0263,6.3,none,none,84,68,2023-06-14,8.31,True
Q02060,flange,prismatic,1.2312,STEEL,forging + machining,54.17,50.5,4.95,0.1062,0.0876,22,3,0.0263,4.3,none,none,58,22,2021-05-03,17.03,True
Q04674,pin,rotational,Ti-6Al-4V ELI,TITANIUM,forging + machining,52.02,6.73,6.73,0.0082,0.0064,4,6,0.0132,0.86,harden + temper,paint,83,43,2023-10-25,16.05,False
Q01533,pin,rotational,Ti-6Al-4V ELI,TITANIUM,forging + machining,47.78,6.42,6.42,0.0069,0.0058,7,6,0.0091,0.9,harden + temper,paint,45,21,2025-05-12,40.74,False
Q04893,pin,rotational,Ti-6Al-4V ELI,TITANIUM,forging + machining,43.06,6.34,6.34,0.006,0.0045,3,6,0.0135,0.82,harden + temper,paint,23,1,2024-12-26,799.74,False
Q01099,pin,rotational,Ti-6Al-4V ELI,TITANIUM,forging + machining,52.58,6.95,6.95,0.0088,0.0059,5,6,0.0093,0.93,harden + temper,paint,31,18,2025-03-20,40.3,False
Q04739,fitting,rotational,316L,STAINLESS,5-axis mill,109.97,57.09,57.09,2.2525,1.4049,4,1,0.005,6.3,harden + temper,zinc,1048,100,2024-09-05,109.33,True
Q04955,fitting,rotational,440C,STAINLESS,5-axis mill,113.65,57.57,57.57,2.2725,0.8002,4,1,0.0078,6.3,harden + temper,zinc,1272,625,2023-03-04,191.09,False
Q02844,fitting,rotational,304L,STAINLESS,5-axis mill,100.3,52.89,52.89,1.763,1.0962,5,1,0.0078,5.59,harden + temper,zinc,1061,145,2026-04-20,82.9,False
Q03681,fitting,rotational,303,STAINLESS,5-axis mill,106.3,59.51,59.51,2.365,1.5027,14,2,0.0078,5.69,harden + temper,zinc,1377,1011,2023-03-25,91.3,False
Q01167,flange,prismatic,Inconel 625,NICKEL,3-axis mill,149.7,42.35,20.24,1.0829,0.7892,29,2,0.0073,2.68,solution + age,nitride,112,21,2023-10-09,164.31,False
Q01193,flange,prismatic,Inconel 625,NICKEL,3-axis mill,146.65,38.03,21.49,1.0113,0.7533,29,1,0.0059,2.73,solution + age,nitride,169,138,2023-02-06,104.83,True
Q00793,flange,prismatic,Inconel 625,NICKEL,3-axis mill,170.82,48.05,22.85,1.5827,0.4376,29,1,0.0143,2.92,solution + age,nitride,264,30,2025-08-22,412.31,False
Q02933,flange,prismatic,Inconel 625,NICKEL,3-axis mill,108.67,35.14,17.11,0.5514,0.1827,30,3,0.0073,3.2,solution + age,nitride,111,94,2024-03-24,114.02,False
Q00178,shaft,rotational,C45,STEEL,turn-mill,115.2,19.85,19.85,0.2797,0.0786,17,6,0.0203,1.29,solution + age,paint,217,128,2025-06-16,16.41,True
Q02275,shaft,rotational,42CrMo4,STEEL,turn-mill,94.35,15.83,15.83,0.1459,0.1001,7,5,0.0158,1.14,solution + age,paint,255,115,2024-02-14,9.05,False
Q03451,shaft,rotational,42CrMo4,STEEL,turn-mill,115.6,18.09,18.09,0.2332,0.0877,16,6,0.0107,1.14,solution + age,paint,188,95,2025-05-18,20.58,False
Q04418,shaft,rotational,42CrMo4,STEEL,turn-mill,112.19,16.14,16.14,0.1802,0.1061,16,6,0.0153,0.68,solution + age,paint,501,95,2024-09-25,12.32,True
Q00377,bushing,rotational,4140,STEEL,forging + machining,73.41,57.52,57.52,1.4975,1.1785,23,4,0.0207,4.73,harden + temper,anodise,1034,615,2022-04-11,28.24,False
Q01339,bushing,rotational,4140,STEEL,forging + machining,66.93,57.12,57.12,1.3461,0.9729,16,5,0.0207,5.61,harden + temper,anodise,645,422,2024-05-30,42.75,False
Q00901,bushing,rotational,S355JR,STEEL,forging + machining,79.77,62.54,62.54,1.9232,1.2767,16,6,0.0207,5.48,harden + temper,anodise,590,155,2022-10-20,44.02,False
Q01424,bushing,rotational,1.2312,STEEL,forging + machining,89.88,74.61,74.61,3.0847,1.8918,22,5,0.0207,6.3,harden + temper,anodise,324,37,2022-03-07,134.95,False
Q04253,manifold,prismatic,303,STAINLESS,forging + machining,426.04,248.65,67.27,57.0067,42.0173,6,6,0.0146,0.66,solution + age,zinc,20,1,2024-01-21,1728.93,False
Q00255,manifold,prismatic,17-4PH H1025,STAINLESS,forging + machining,441.36,300.51,72.55,75.0608,57.3629,4,6,0.0146,0.73,solution + age,zinc,10,2,2023-02-19,2963.32,False
Q01093,manifold,prismatic,316L,STAINLESS,forging + machining,273.62,196.26,49.91,21.4411,16.4442,5,6,0.0146,0.5,solution + age,zinc,10,9,2023-05-22,746.67,True
Q02765,manifold,prismatic,303,STAINLESS,forging + machining,275.72,197.67,42.03,18.3265,14.4347,9,6,0.0146,0.44,solution + age,zinc,10,4,2025-05-07,418.54,True
Q03418,bushing,rotational,POM-C,POLYMER,5-axis mill,22.94,22.86,22.86,0.0133,0.0031,14,5,0.025,1.29,harden + temper,anodise,3179,2174,2021-09-03,2.56,True
Q00400,bushing,rotational,PEEK,POLYMER,5-axis mill,29.74,29.74,29.74,0.0269,0.0117,21,6,0.0345,0.98,harden + temper,anodise,1986,902,2021-04-24,10.45,False
Q03723,bushing,rotational,PA66,POLYMER,5-axis mill,29.53,26.43,26.43,0.0185,0.0066,22,5,0.025,1.22,harden + temper,anodise,10736,5000,2022-11-25,4.13,False
Q04384,bushing,rotational,POM-C,POLYMER,5-axis mill,21.11,21.65,21.65,0.011,0.0048,14,5,0.0092,1.36,harden + temper,anodise,6483,1929,2025-04-20,2.93,False
Q00393,bushing,rotational,POM-C,POLYMER,5-axis mill,14.9,13.13,13.13,0.0028,0.0018,17,6,0.0141,1.61,solution + age,zinc,3032,1174,2022-04-08,2.13,False
Q03407,bushing,rotational,POM-C,POLYMER,5-axis mill,14.59,13.02,13.02,0.0027,0.0022,20,6,0.0187,1.45,solution + age,zinc,3001,1128,2025-01-31,2.58,False
Q00225,bushing,rotational,POM-C,POLYMER,5-axis mill,16.1,15.0,15.0,0.004,0.0016,19,5,0.0137,1.01,solution + age,zinc,8039,5000,2022-03-10,1.53,False
Q02066,bushing,rotational,POM-C,POLYMER,turn-mill,12.75,12.31,12.31,0.0021,0.0011,18,5,0.0141,1.36,solution + age,zinc,4680,4261,2021-07-05,1.37,False
Q03677,shaft,rotational,1.2312,STEEL,turn-mill,326.66,28.38,28.38,1.6226,0.7682,4,4,0.1068,4.6,stress relieve,paint,86,84,2022-10-05,40.28,False
Q04564,shaft,rotational,1.2312,STEEL,turn-mill,328.25,29.08,29.08,1.7113,1.194,3,5,0.1068,4.68,stress relieve,paint,236,94,2026-03-19,37.1,True
Q01280,shaft,rotational,1.2312,STEEL,turn-mill,250.92,25.44,25.44,1.0013,0.2322,3,5,0.1068,4.83,stress relieve,paint,187,110,2024-12-11,27.12,True
Q03628,shaft,rotational,16MnCr5,STEEL,turn-mill,334.86,28.48,28.48,1.6744,0.5751,3,5,0.1068,4.08,stress relieve,paint,179,21,2021-03-02,44.93,True
Q03393,gear blank,rotational,C45,STEEL,turning,711.85,189.53,189.53,157.6471,40.969,35,3,0.0542,4.21,stress relieve,anodise,124,23,2021-06-07,2689.07,True
Q03614,gear blank,rotational,16MnCr5,STEEL,turning,559.01,154.95,154.95,82.7498,58.1134,27,2,0.0471,6.3,stress relieve,nitride,71,38,2022-07-04,1053.13,False
Q00503,gear blank,rotational,1.2312,STEEL,turning,628.89,141.22,141.22,77.3305,37.0473,28,3,0.0484,5.29,stress relieve,anodise,93,68,2023-12-27,1794.68,True
Q02251,gear blank,rotational,1.2312,STEEL,turning,533.96,134.23,134.23,59.3111,14.8855,35,4,0.0542,4.42,stress relieve,anodise,137,136,2022-08-07,1683.41,False
Q03550,fitting,rotational,Ti-6Al-4V,TITANIUM,forging + machining,100.1,94.79,94.79,3.129,1.9442,3,3,0.005,5.14,harden + temper,zinc,139,29,2022-12-22,723.78,False
Q03564,fitting,rotational,Ti-6Al-4V ELI,TITANIUM,forging + machining,99.52,85.94,85.94,2.5574,2.0934,4,2,0.0112,6.3,harden + temper,nitride,113,33,2022-03-22,516.63,False
Q02631,fitting,rotational,Ti-10V-2Fe-3Al,TITANIUM,forging + machining,77.61,69.04,69.04,1.3511,1.0715,7,3,0.005,6.3,harden + temper,zinc,105,76,2021-09-22,336.25,False
Q01118,fitting,rotational,Ti-6Al-4V ELI,TITANIUM,forging + machining,121.15,97.09,97.09,3.9735,3.1542,3,2,0.005,6.3,harden + temper,nitride,292,258,2021-06-01,515.36,False
Q01221,plate,prismatic,15-5PH H1025,STAINLESS,forging + machining,102.51,103.73,59.62,4.9449,3.8922,18,4,0.1493,5.23,solution + age,paint,173,126,2021-04-20,137.69,True
Q00411,plate,prismatic,15-5PH H1025,STAINLESS,forging + machining,100.8,113.31,57.16,5.0919,3.4463,22,4,0.1545,6.3,solution + age,paint,657,40,2025-08-08,226.86,False
Q01025,plate,prismatic,15-5PH H1025,STAINLESS,forging + machining,83.88,88.46,57.56,3.3315,2.5638,17,4,0.0612,6.3,solution + age,paint,389,291,2025-08-22,143.22,False
Q01103,plate,prismatic,15-5PH H1025,STAINLESS,turn-mill,86.12,94.46,48.7,3.0901,2.3183,17,2,0.1094,6.3,solution + age,zinc,546,464,2025-11-17,95.11,False
Q03331,plate,prismatic,440C,STAINLESS,forging + machining,181.22,91.57,89.1,11.3543,8.9828,23,4,0.028,1.1,stress relieve,nitride,10,1,2021-05-24,837.66,False
Q03142,plate,prismatic,316L,STAINLESS,forging + machining,141.22,89.26,87.87,8.8614,7.0772,13,3,0.0138,1.06,stress relieve,nitride,13,6,2023-04-22,361.78,False
Q04308,plate,prismatic,13-8Mo H1000,STAINLESS,forging + machining,165.3,99.99,104.41,13.391,9.2349,21,3,0.028,1.13,stress relieve,nitride,17,15,2021-01-21,804.61,False
Q00676,plate,prismatic,304L,STAINLESS,3-axis mill,196.33,108.11,115.32,19.5811,15.2957,15,4,0.028,1.09,stress relieve,nitride,17,3,2024-06-23,524.09,False
Q02075,pin,rotational,16MnCr5,STEEL,5-axis mill,38.58,6.26,6.26,0.0093,0.006,24,6,0.0138,5.9,solution + age,nitride,11,10,2025-06-20,102.28,True
Q01924,pin,rotational,C45,STEEL,5-axis mill,37.3,6.59,6.59,0.01,0.0079,22,5,0.0161,4.82,solution + age,passivate,14,6,2025-07-11,178.86,False
Q00604,pin,rotational,4140,STEEL,5-axis mill,33.94,5.46,5.46,0.0062,0.0038,29,6,0.0092,5.59,solution + age,nitride,10,6,2023-09-11,170.8,False
Q03846,pin,rotational,16MnCr5,STEEL,5-axis mill,33.93,5.82,5.82,0.0071,0.003,21,6,0.0098,3.59,solution + age,nitride,12,2,2024-12-01,568.33,False
Q00356,shaft,rotational,S355JR,STEEL,turn-mill,199.94,23.98,23.98,0.7092,0.4137,3,2,0.0362,1.42,solution + age,none,239,50,2022-12-24,11.88,True
Q00240,shaft,rotational,S355JR,STEEL,forging + machining,227.85,24.67,24.67,0.8551,0.5685,9,2,0.0543,1.65,solution + age,none,548,123,2025-08-16,12.41,True
Q00185,shaft,rotational,4140,STEEL,turn-mill,206.32,25.52,25.52,0.8285,0.6068,5,4,0.0362,1.73,solution + age,none,321,145,2025-03-14,15.55,False
Q00249,shaft,rotational,42CrMo4,STEEL,turn-mill,171.81,20.93,20.93,0.4642,0.1045,3,4,0.0214,1.47,solution + age,none,144,34,2024-11-25,35.19,False
Q02774,fitting,rotational,17-4PH H1025,STAINLESS,turning,67.23,51.3,51.3,1.084,0.3886,6,5,0.0584,0.99,none,zinc,30,4,2023-11-21,86.28,False
Q02179,fitting,rotational,303,STAINLESS,turning,84.17,70.23,70.23,2.6081,1.423,10,6,0.0584,0.68,none,zinc,57,20,2025-10-04,39.34,True
Q02672,fitting,rotational,304L,STAINLESS,turning,98.38,78.55,78.55,3.8136,2.215,7,4,0.0584,0.53,none,zinc,88,70,2023-11-08,63.85,False
Q03358,fitting,rotational,13-8Mo H1000,STAINLESS,turning,85.4,71.7,71.7,2.6759,0.7649,3,6,0.1026,0.92,none,zinc,17,11,2024-09-17,146.88,False
Q00409,bracket,prismatic,13-8Mo H1000,STAINLESS,3-axis mill,51.28,30.17,18.25,0.2191,0.0528,3,3,0.0109,4.3,none,anodise,1092,597,2023-08-04,18.45,False
Q01194,bracket,prismatic,17-4PH H1025,STAINLESS,3-axis mill,58.69,30.92,19.47,0.2756,0.1048,8,2,0.0109,2.66,none,nitride,2023,1075,2025-06-07,15.97,True
Q01800,bracket,prismatic,17-4PH H1025,STAINLESS,3-axis mill,52.8,28.25,18.38,0.2139,0.1486,3,2,0.0109,3.87,none,nitride,1324,532,2026-03-12,10.78,False
Q03644,bracket,prismatic,17-4PH H1025,STAINLESS,3-axis mill,65.67,36.55,21.46,0.4018,0.1523,3,4,0.0109,2.66,none,nitride,868,635,2026-05-20,29.62,False
Q01949,bracket,prismatic,Ti-10V-2Fe-3Al,TITANIUM,5-axis mill,42.6,27.47,25.69,0.1398,0.0768,6,3,0.0231,2.67,harden + temper,passivate,39,26,2023-02-11,77.99,False
Q03386,bracket,prismatic,Ti-6Al-4V,TITANIUM,5-axis mill,40.71,26.38,25.48,0.1212,0.0737,17,5,0.0231,4.91,harden + temper,passivate,69,34,2022-02-24,56.95,False
Q00313,bracket,prismatic,Ti-6Al-4V ELI,TITANIUM,5-axis mill,41.29,22.05,23.43,0.0945,0.0192,7,5,0.0231,3.98,harden + temper,paint,42,2,2025-05-31,521.54,False
Q03225,bracket,prismatic,Ti-6Al-4V,TITANIUM,5-axis mill,43.6,27.71,28.2,0.1509,0.0942,5,3,0.0231,6.3,harden + temper,nitride,39,38,2024-08-04,41.15,False
Q04804,gear blank,rotational,16MnCr5,STEEL,forging + machining,772.39,762.9,762.9,2771.6098,2222.1357,4,1,0.053,5.92,none,none,11670,4424,2025-11-11,26987.05,False
Q00610,gear blank,rotational,42CrMo4,STEEL,forging + machining,935.89,1061.06,1061.06,6496.3396,5099.0332,5,1,0.053,4.42,none,none,5126,4594,2022-06-25,72478.9,False
Q04828,gear blank,rotational,1.2312,STEEL,forging + machining,785.63,904.61,904.61,3963.6617,3195.395,4,2,0.0538,4.56,none,none,5246,2568,2026-04-18,79192.49,False
Q00078,gear blank,rotational,1.2312,STEEL,forging + machining,780.13,908.31,908.31,3968.2511,2776.1946,6,2,0.053,5.73,none,passivate,6701,1998,2025-04-23,101376.09,False
Q01601,bracket,prismatic,15-5PH H1025,STAINLESS,5-axis mill,29.88,19.6,13.28,0.0607,0.0196,5,5,0.005,2.55,stress relieve,nitride,75,16,2022-06-19,74.45,False
Q02200,bracket,prismatic,316L,STAINLESS,forging + machining,54.51,32.82,24.44,0.3497,0.2204,4,4,0.005,1.59,stress relieve,nitride,15,13,2024-12-03,70.33,True
Q01788,bracket,prismatic,13-8Mo H1000,STAINLESS,5-axis mill,34.29,23.38,15.27,0.095,0.0215,3,4,0.005,3.0,stress relieve,none,14,10,2021-05-04,81.8,False
Q03161,bracket,prismatic,303,STAINLESS,5-axis mill,38.97,23.08,17.44,0.1255,0.0454,7,6,0.005,2.21,stress relieve,nitride,21,1,2024-03-13,1237.02,False
Q01598,housing,prismatic,17-4PH H1025,STAINLESS,turn-mill,54.36,32.38,6.63,0.0911,0.0222,16,4,0.0291,4.14,stress relieve,anodise,32,6,2021-03-18,71.77,False
Q04370,housing,prismatic,316L,STAINLESS,turn-mill,48.19,26.14,6.22,0.0627,0.0146,17,2,0.0291,4.46,stress relieve,nitride,20,6,2023-03-02,39.54,False
Q02116,housing,prismatic,316L,STAINLESS,turn-mill,54.09,35.36,6.75,0.1033,0.0588,16,4,0.0441,4.97,stress relieve,passivate,24,9,2025-06-23,60.08,False
Q00607,housing,prismatic,316L,STAINLESS,turn-mill,36.29,24.76,4.28,0.0308,0.0199,16,4,0.0291,5.54,stress relieve,zinc,10,1,2024-12-11,493.18,False
Q02494,gear blank,rotational,16MnCr5,STEEL,5-axis mill,356.75,225.33,225.33,111.682,79.0747,13,5,0.0107,6.3,harden + temper,zinc,263,84,2022-01-29,2629.44,False
Q01186,gear blank,rotational,C45,STEEL,forging + machining,288.17,202.75,202.75,73.0323,48.0608,18,5,0.0107,4.43,harden + temper,anodise,138,76,2021-11-09,2064.37,False
Q03835,gear blank,rotational,16MnCr5,STEEL,turning,269.27,187.71,187.71,58.496,46.7016,22,4,0.0107,6.3,harden + temper,anodise,114,110,2023-08-20,709.69,True
Q03346,gear blank,rotational,C45,STEEL,forging + machining,346.73,253.77,253.77,137.671,96.0197,11,5,0.0129,6.3,harden + temper,anodise,102,39,2025-05-28,2910.78,False
Q01482,housing,prismatic,440C,STAINLESS,5-axis mill,430.4,233.41,113.39,87.4867,58.6,8,1,0.0556,6.3,none,paint,85,28,2022-07-06,2598.13,False
Q02662,housing,prismatic,304L,STAINLESS,5-axis mill,410.31,215.93,91.17,64.6225,24.6157,5,2,0.0556,5.96,none,paint,41,28,2026-03-30,2722.54,False
Q03514,housing,prismatic,316L,STAINLESS,5-axis mill,446.45,224.59,109.31,87.6849,23.0781,12,1,0.0556,6.3,none,paint,87,4,2021-06-19,4391.55,False
Q03960,housing,prismatic,304L,STAINLESS,5-axis mill,318.58,168.29,89.5,38.3876,28.6934,12,1,0.0527,4.98,none,paint,87,66,2024-01-09,566.9,True
Q02117,plate,prismatic,440C,STAINLESS,forging + machining,195.44,126.16,139.55,26.4251,20.8553,16,5,0.0358,1.2,solution + age,passivate,28,14,2024-05-18,736.29,False
Q00417,plate,prismatic,440C,STAINLESS,forging + machining,198.14,125.85,138.42,26.5071,16.92,13,4,0.057,0.86,solution + age,passivate,35,23,2021-02-26,959.86,False
Q02026,plate,prismatic,440C,STAINLESS,forging + machining,179.16,111.3,137.94,21.1243,17.5855,16,3,0.0358,1.4,solution + age,zinc,11,8,2021-07-09,579.02,False
Q02030,plate,prismatic,440C,STAINLESS,forging + machining,191.23,123.18,147.86,26.7478,16.1098,15,3,0.0415,0.76,solution + age,passivate,27,7,2022-02-01,1110.69,False
Q00803,pin,rotational,16MnCr5,STEEL,5-axis mill,43.3,6.32,6.32,0.0107,0.0054,18,3,0.1622,1.52,harden + temper,anodise,41,4,2022-06-23,117.85,False
Q00111,pin,rotational,16MnCr5,STEEL,5-axis mill,49.81,6.33,6.33,0.0123,0.0081,22,3,0.1041,2.31,harden + temper,anodise,125,47,2026-04-16,14.75,False
Q03069,pin,rotational,16MnCr5,STEEL,forging + machining,53.91,7.35,7.35,0.018,0.0124,17,5,0.2,1.27,harden + temper,anodise,179,130,2024-05-07,5.27,False
Q04592,pin,rotational,16MnCr5,STEEL,5-axis mill,46.03,6.59,6.59,0.0123,0.0028,22,5,0.2,1.73,harden + temper,anodise,39,31,2025-01-24,32.17,False
Q01139,shaft,rotational,S355JR,STEEL,turning,824.1,134.2,134.2,91.5076,67.0834,10,3,0.005,4.09,harden + temper,paint,11102,633,2023-10-13,1077.22,True
Q04485,shaft,rotational,42CrMo4,STEEL,turning,744.45,101.67,101.67,47.4457,21.6544,8,2,0.005,3.45,harden + temper,paint,7375,1735,2025-08-24,1592.49,False
Q04954,shaft,rotational,S355JR,STEEL,turning,916.17,128.58,128.58,93.3815,21.8655,20,4,0.0069,2.85,harden + temper,zinc,2814,2039,2023-11-30,2414.13,False
Q00383,shaft,rotational,1.2312,STEEL,turning,786.93,129.12,129.12,80.8912,26.0339,20,3,0.005,3.37,harden + temper,paint,5634,307,2023-06-15,4650.57,False
Q04773,shaft,rotational,4140,STEEL,forging + machining,665.21,66.96,66.96,18.3903,15.6011,3,2,0.1715,3.97,none,none,9472,5000,2024-05-20,126.64,True
Q04759,shaft,rotational,4140,STEEL,forging + machining,757.71,81.61,81.61,31.1112,22.8423,8,1,0.1715,4.58,none,nitride,23115,5000,2024-01-20,360.19,False
Q00638,shaft,rotational,4140,STEEL,forging + machining,698.54,76.6,76.6,25.2671,19.5245,3,2,0.1157,3.84,none,anodise,42600,5000,2024-12-04,274.78,False
Q01486,shaft,rotational,4140,STEEL,forging + machining,643.55,74.38,74.38,21.9486,15.8736,10,1,0.2,3.16,none,nitride,22935,5000,2024-09-26,278.98,True
Q02013,bushing,rotational,PA66,POLYMER,5-axis mill,83.16,59.69,59.69,0.2653,0.1553,11,4,0.1252,6.3,stress relieve,paint,50000,5000,2024-06-05,14.66,False
Q03683,bushing,rotational,PA66,POLYMER,5-axis mill,95.78,76.78,76.78,0.5055,0.3159,8,2,0.0655,4.17,stress relieve,paint,32164,5000,2023-09-21,23.04,False
Q02633,bushing,rotational,PA66,POLYMER,5-axis mill,64.71,51.83,51.83,0.1556,0.1005,9,3,0.056,4.71,stress relieve,paint,50000,5000,2023-01-14,6.06,True
Q01011,bushing,rotational,PEEK,POLYMER,5-axis mill,104.87,79.08,79.08,0.6696,0.2351,11,3,0.056,5.92,stress relieve,paint,49706,5000,2024-07-24,160.03,False
Q03013,shaft,rotational,C45,STEEL,turn-mill,76.29,13.55,13.55,0.0864,0.0397,14,1,0.005,1.26,stress relieve,paint,595,436,2024-05-25,5.87,False
Q04806,shaft,rotational,C45,STEEL,turn-mill,71.37,12.79,12.79,0.072,0.0209,13,1,0.005,0.99,stress relieve,paint,528,242,2023-03-28,5.65,True
Q01105,shaft,rotational,C45,STEEL,5-axis mill,82.18,14.56,14.56,0.1075,0.0299,3,2,0.005,1.35,stress relieve,paint,1014,311,2024-06-01,10.09,True
Q03236,shaft,rotational,C45,STEEL,turn-mill,120.41,19.6,19.6,0.2851,0.1691,15,1,0.005,1.44,stress relieve,nitride,676,35,2021-08-20,15.67,False
Q04854,housing,prismatic,4140,STEEL,forging + machining,554.87,535.09,307.59,716.9125,566.9642,3,5,0.0479,2.98,harden + temper,none,1506,946,2025-02-09,7291.15,False
Q00841,housing,prismatic,4140,STEEL,5-axis mill,448.1,426.69,225.78,338.8787,200.9147,5,4,0.0575,3.38,harden + temper,none,1048,797,2026-03-05,8718.4,False
Q03749,housing,prismatic,S355JR,STEEL,5-axis mill,457.4,424.88,268.28,409.2732,265.7893,5,5,0.0575,3.35,harden + temper,none,4528,2721,2021-01-05,5614.18,False
Q04255,housing,prismatic,4140,STEEL,forging + machining,449.69,392.51,241.64,334.8119,229.8834,6,4,0.0575,3.14,harden + temper,none,1676,565,2025-10-19,3913.02,False
Q03464,flange,prismatic,303,STAINLESS,5-axis mill,178.99,138.27,36.13,7.1544,2.8276,24,2,0.0204,4.04,harden + temper,zinc,33033,5000,2021-06-24,293.73,False
Q00519,flange,prismatic,303,STAINLESS,5-axis mill,131.55,98.65,29.31,3.0429,1.968,14,2,0.0204,4.87,harden + temper,zinc,50000,5000,2026-01-14,91.71,True
Q01910,flange,prismatic,303,STAINLESS,5-axis mill,164.14,110.22,33.03,4.7808,2.697,23,2,0.0204,5.1,harden + temper,zinc,21157,5000,2025-07-25,202.24,False
Q01297,flange,prismatic,17-4PH H1025,STAINLESS,5-axis mill,116.64,97.89,29.05,2.5874,1.0205,14,1,0.0204,6.3,harden + temper,zinc,29125,5000,2021-08-01,173.71,False
Q01785,plate,prismatic,304L,STAINLESS,forging + machining,125.55,97.99,50.31,4.9516,3.5823,23,4,0.097,6.3,stress relieve,anodise,805,617,2024-11-23,86.96,True
Q03698,plate,prismatic,316L,STAINLESS,forging + machining,143.6,103.21,53.09,6.2953,4.1593,24,2,0.1907,6.3,stress relieve,nitride,727,534,2023-12-17,176.32,False
Q04072,plate,prismatic,304L,STAINLESS,forging + machining,138.46,108.36,47.29,5.6758,4.5343,23,3,0.1907,6.3,stress relieve,nitride,536,96,2025-04-26,99.61,False
Q04203,plate,prismatic,304L,STAINLESS,forging + machining,151.53,112.41,55.06,7.5029,5.9823,27,4,0.1907,5.84,stress relieve,nitride,2311,791,2021-03-17,128.3,False
Q03191,shaft,rotational,6061-T6,ALUMINIUM,5-axis mill,69.22,5.47,5.47,0.0044,0.0034,14,4,0.0117,1.14,harden + temper,nitride,14748,2875,2025-11-18,4.52,False
Q01407,shaft,rotational,6026-T9,ALUMINIUM,5-axis mill,62.23,5.42,5.42,0.0039,0.0023,8,5,0.0117,0.98,harden + temper,nitride,4758,1626,2025-01-31,4.95,True
Q01124,shaft,rotational,5083-H111,ALUMINIUM,5-axis mill,53.18,4.62,4.62,0.0024,0.0013,11,4,0.0117,1.05,harden + temper,nitride,24401,5000,2025-02-24,4.13,False
Q03918,shaft,rotational,6061-T6,ALUMINIUM,5-axis mill,61.01,5.21,5.21,0.0035,0.0024,10,6,0.0059,1.4,harden + temper,nitride,2339,1681,2022-02-24,5.34,False
Q03398,flange,prismatic,5083-H111,ALUMINIUM,forging + machining,342.65,158.14,142.19,20.4945,12.5256,3,6,0.005,3.26,solution + age,passivate,13,7,2026-05-24,2087.19,True
Q04610,flange,prismatic,6082-T6,ALUMINIUM,turn-mill,233.7,123.72,110.69,8.6413,5.1915,3,6,0.005,4.23,solution + age,passivate,17,13,2023-11-05,417.19,False
Q01596,flange,prismatic,6082-T6,ALUMINIUM,forging + machining,256.99,125.43,124.39,10.8266,6.9229,5,6,0.005,4.62,solution + age,passivate,19,12,2021-05-16,560.84,True
Q04107,flange,prismatic,5083-H111,ALUMINIUM,5-axis mill,235.57,115.81,111.48,8.09,4.1399,4,5,0.005,4.24,solution + age,passivate,14,9,2025-06-27,1472.39,False
Q01956,gear blank,rotational,C45,STEEL,turn-mill,253.58,92.03,92.03,13.2418,8.5938,5,5,0.1931,1.57,harden + temper,passivate,20,3,2021-08-12,271.6,True
Q01540,gear blank,rotational,16MnCr5,STEEL,turn-mill,249.07,83.4,83.4,10.6815,7.687,6,4,0.1931,2.16,harden + temper,paint,10,2,2021-11-06,301.11,False
Q03184,gear blank,rotational,1.2312,STEEL,turn-mill,267.22,86.07,86.07,12.2062,8.5523,10,4,0.1931,2.55,harden + temper,passivate,10,1,2023-10-04,719.34,False
Q00304,gear blank,rotational,4140,STEEL,turn-mill,243.27,82.84,82.84,10.2936,6.799,12,6,0.1877,1.7,harden + temper,passivate,53,19,2021-07-21,153.95,False
Q01380,gear blank,rotational,S355JR,STEEL,forging + machining,417.67,267.19,267.19,183.8362,149.0021,3,5,0.1276,3.14,none,zinc,120,110,2025-06-29,1295.49,False
Q03856,gear blank,rotational,S355JR,STEEL,forging + machining,530.81,324.15,324.15,343.8633,247.2533,3,4,0.1276,2.52,none,zinc,87,11,2023-12-20,2401.84,False
Q01699,gear blank,rotational,4140,STEEL,forging + machining,525.87,270.2,270.2,236.7139,180.7176,3,5,0.1276,1.34,none,zinc,65,18,2025-06-08,2290.3,False
Q02265,gear blank,rotational,S355JR,STEEL,turn-mill,501.03,260.11,260.11,208.9871,163.646,3,4,0.1276,2.52,none,zinc,89,40,2025-10-23,1585.97,False
Q04965,gear blank,rotational,S355JR,STEEL,turning,565.56,183.72,183.72,117.6975,30.7993,29,4,0.1086,5.96,solution + age,none,23,11,2024-09-26,1524.1,False
Q04241,gear blank,rotational,16MnCr5,STEEL,turning,553.86,177.53,177.53,107.6198,34.4389,30,5,0.1115,3.3,solution + age,passivate,33,10,2023-08-16,1704.99,True
Q03267,gear blank,rotational,16MnCr5,STEEL,turning,702.96,209.35,209.35,189.9432,83.9174,26,5,0.2,3.67,solution + age,none,23,22,2024-10-26,1804.73,False
Q04938,gear blank,rotational,4140,STEEL,turning,759.79,211.21,211.21,208.9746,131.1166,22,3,0.0645,6.3,solution + age,none,27,18,2022-04-17,2296.62,False
Q04454,fitting,rotational,Ti-10V-2Fe-3Al,TITANIUM,forging + machining,263.99,158.8,158.8,24.3126,19.814,8,5,0.0076,4.82,none,passivate,539,199,2021-03-09,4762.94,False
Q00672,fitting,rotational,Ti-10V-2Fe-3Al,TITANIUM,forging + machining,300.41,181.6,181.6,36.1839,29.4307,3,6,0.0076,4.76,none,passivate,1853,383,2022-07-10,8203.36,False
Q04594,fitting,rotational,Ti-10V-2Fe-3Al,TITANIUM,forging + machining,272.27,175.1,175.1,30.4856,24.6225,4,6,0.0076,4.37,none,passivate,1596,383,2025-06-30,6838.66,True
Q00970,fitting,rotational,Ti-10V-2Fe-3Al,TITANIUM,forging + machining,325.13,183.6,183.6,40.0263,32.4002,4,6,0.0097,4.77,none,passivate,1119,704,2022-06-27,8087.2,False
Q01075,plate,prismatic,304L,STAINLESS,forging + machining,57.19,53.04,25.8,0.626,0.4318,4,6,0.0103,2.36,stress relieve,paint,81,65,2023-05-25,28.37,False
Q01663,plate,prismatic,316L,STAINLESS,forging + machining,50.33,52.12,25.01,0.5249,0.4152,3,6,0.0103,1.51,stress relieve,paint,19,15,2021-05-12,60.48,False
Q00807,plate,prismatic,440C,STAINLESS,forging + machining,64.1,58.82,29.12,0.8433,0.5894,3,6,0.0103,2.59,stress relieve,paint,32,17,2022-05-07,97.02,False
Q00976,plate,prismatic,440C,STAINLESS,forging + machining,60.72,60.76,25.85,0.7323,0.4744,5,5,0.0103,1.79,stress relieve,paint,33,26,2025-03-01,81.18,False
Q02173,gear blank,rotational,C45,STEEL,forging + machining,491.0,395.4,395.4,473.263,319.4115,6,2,0.1228,5.66,solution + age,zinc,10,7,2022-11-30,4807.03,False
Q01772,gear blank,rotational,42CrMo4,STEEL,forging + machining,367.15,309.82,309.82,217.2862,164.4831,9,1,0.1228,5.25,solution + age,anodise,20,7,2023-07-25,2061.48,False
Q02385,gear blank,rotational,42CrMo4,STEEL,forging + machining,395.87,306.34,306.34,229.0525,180.1606,12,2,0.1247,6.3,solution + age,anodise,10,7,2024-04-21,2240.43,True
Q03548,gear blank,rotational,42CrMo4,STEEL,forging + machining,354.72,292.26,292.26,186.8003,152.1725,7,1,0.1228,5.02,solution + age,anodise,10,7,2024-05-30,1923.31,False
Q03392,bracket,prismatic,13-8Mo H1000,STAINLESS,5-axis mill,30.01,21.1,18.96,0.0931,0.0528,9,2,0.0056,3.62,none,nitride,427,200,2022-11-25,12.67,False
Q04172,bracket,prismatic,13-8Mo H1000,STAINLESS,3-axis mill,21.44,16.05,13.65,0.0364,0.011,3,1,0.0056,5.08,none,nitride,166,18,2021-03-07,11.57,False
Q01457,bracket,prismatic,13-8Mo H1000,STAINLESS,5-axis mill,27.57,19.85,14.93,0.0634,0.0272,3,1,0.0056,3.21,none,nitride,93,62,2025-01-14,15.7,False
Q02099,bracket,prismatic,304L,STAINLESS,5-axis mill,19.73,12.2,11.87,0.0229,0.0163,8,2,0.0056,5.5,none,zinc,150,22,2022-05-26,22.0,False
Q03375,gear blank,rotational,C45,STEEL,5-axis mill,243.48,71.08,71.08,7.5835,3.3884,25,1,0.0195,2.87,solution + age,nitride,1634,616,2021-07-13,255.39,True
Q03360,gear blank,rotational,S355JR,STEEL,5-axis mill,355.67,88.59,88.59,17.2096,7.4433,18,3,0.0332,2.17,solution + age,zinc,3360,733,2022-04-18,518.97,False
Q04936,gear blank,rotational,1.2312,STEEL,5-axis mill,363.28,85.64,85.64,16.4286,3.6709,16,3,0.0149,2.16,solution + age,zinc,3149,2509,2022-12-10,1306.08,False
Q03487,gear blank,rotational,16MnCr5,STEEL,5-axis mill,209.12,48.92,48.92,3.0849,1.6811,25,2,0.0367,2.89,solution + age,none,1394,318,2024-03-03,101.81,False
Q03101,fitting,rotational,Waspaloy,NICKEL,forging + machining,40.98,36.64,36.64,0.354,0.2989,16,2,0.023,5.63,solution + age,none,2618,1634,2026-01-24,66.84,False
Q04779,fitting,rotational,Waspaloy,NICKEL,forging + machining,45.33,35.97,35.97,0.3772,0.2375,14,1,0.0333,4.52,solution + age,nitride,1780,1354,2023-11-29,89.08,False
Q03830,fitting,rotational,Inconel 718,NICKEL,forging + machining,40.07,38.2,38.2,0.3761,0.2877,14,1,0.0238,4.65,solution + age,none,2289,136,2024-02-07,50.1,False
Q03813,fitting,rotational,Inconel 718,NICKEL,forging + machining,35.7,35.16,35.16,0.2839,0.2384,20,2,0.0238,4.1,solution + age,none,3947,3448,2022-10-17,32.49,False
Q04601,fitting,rotational,Ti-6Al-4V,TITANIUM,forging + machining,167.41,153.74,153.74,13.7667,9.8004,3,1,0.0067,4.68,none,anodise,241,201,2025-08-31,3053.75,False
Q03009,fitting,rotational,Ti-6Al-4V ELI,TITANIUM,forging + machining,123.62,126.2,126.2,6.8501,5.4007,3,2,0.0067,4.76,none,anodise,159,123,2021-08-24,1152.36,False
Q04838,fitting,rotational,Ti-6Al-4V,TITANIUM,forging + machining,150.95,148.24,148.24,11.5414,7.2442,3,2,0.0093,3.72,none,anodise,1266,1152,2026-05-06,2309.0,True
Q04085,fitting,rotational,Ti-6Al-4V ELI,TITANIUM,forging + machining,124.39,127.75,127.75,7.063,4.3162,3,2,0.0124,5.7,none,anodise,140,109,2023-10-21,1911.22,False
Q01543,plate,prismatic,5083-H111,ALUMINIUM,turn-mill,627.49,453.73,317.78,240.6623,70.9925,42,6,0.0378,3.07,solution + age,anodise,2986,1998,2025-09-04,30631.75,True
Q03750,plate,prismatic,5083-H111,ALUMINIUM,turn-mill,666.09,440.31,283.03,220.8017,145.4741,41,5,0.0378,2.79,solution + age,anodise,947,697,2021-07-28,12035.87,False
Q01991,plate,prismatic,5083-H111,ALUMINIUM,5-axis mill,585.89,354.39,272.41,150.4548,61.3881,42,6,0.0378,3.76,solution + age,anodise,8465,5000,2024-06-24,13979.83,False
Q04879,plate,prismatic,5083-H111,ALUMINIUM,turn-mill,595.58,416.77,274.55,181.2815,60.0743,39,6,0.0378,2.53,solution + age,anodise,2256,311,2022-09-21,21617.0,False
Q01309,fitting,rotational,Ti-6Al-4V ELI,TITANIUM,forging + machining,138.07,87.85,87.85,3.7078,2.7901,3,5,0.0069,5.19,solution + age,paint,14,1,2021-06-25,1119.22,True
Q02301,fitting,rotational,Ti-10V-2Fe-3Al,TITANIUM,forging + machining,137.22,91.91,91.91,4.2337,3.0143,3,6,0.005,3.44,solution + age,paint,43,37,2025-12-26,1122.07,True
Q00379,fitting,rotational,Ti-6Al-4V ELI,TITANIUM,forging + machining,120.31,87.65,87.65,3.2161,2.3196,4,5,0.0069,3.59,solution + age,paint,35,7,2023-04-09,577.43,False
Q02711,fitting,rotational,Ti-6Al-4V,TITANIUM,5-axis mill,139.35,83.34,83.34,3.3674,1.8991,3,6,0.0069,6.14,solution + age,paint,29,17,2025-04-03,858.28,False
Q01573,bracket,prismatic,C45,STEEL,5-axis mill,182.2,112.58,102.81,16.5555,12.1793,4,3,0.0213,1.42,harden + temper,nitride,457,255,2024-05-17,281.05,True
Q04911,bracket,prismatic,16MnCr5,STEEL,5-axis mill,170.0,100.2,94.0,12.5703,4.0265,11,2,0.0683,1.01,harden + temper,zinc,752,485,2021-08-29,276.79,False
Q00907,bracket,prismatic,42CrMo4,STEEL,5-axis mill,180.76,109.78,95.96,14.9491,8.7956,12,3,0.0683,1.08,harden + temper,paint,563,478,2025-09-21,362.73,False
Q04788,bracket,prismatic,42CrMo4,STEEL,5-axis mill,122.81,78.57,79.22,6.0003,2.011,11,3,0.0981,0.75,harden + temper,zinc,568,256,2022-08-22,143.21,False
Q00505,bracket,prismatic,Ti-6Al-4V,TITANIUM,5-axis mill,43.06,28.92,19.81,0.1093,0.0285,5,3,0.0327,4.65,solution + age,zinc,421,300,2021-11-22,22.26,True
Q00179,bracket,prismatic,Ti-10V-2Fe-3Al,TITANIUM,5-axis mill,53.8,35.85,24.24,0.2174,0.1437,13,5,0.0327,3.68,solution + age,anodise,277,92,2021-10-24,46.87,True
Q02590,bracket,prismatic,Ti-6Al-4V ELI,TITANIUM,5-axis mill,53.58,34.66,24.84,0.2044,0.1153,7,5,0.0327,6.3,solution + age,anodise,331,119,2025-09-21,47.14,True
Q01446,bracket,prismatic,Ti-10V-2Fe-3Al,TITANIUM,5-axis mill,45.03,32.84,22.08,0.1519,0.0864,5,4,0.0327,6.0,solution + age,anodise,395,91,2025-03-16,48.97,False
Q00552,housing,prismatic,6061-T6,ALUMINIUM,3-axis mill,256.25,166.14,115.61,13.2895,6.3931,60,5,0.0442,6.07,none,anodise,20,9,2022-06-06,590.77,True
Q02157,housing,prismatic,6061-T6,ALUMINIUM,3-axis mill,226.8,146.55,99.15,8.8975,2.9017,60,6,0.0442,4.54,none,anodise,57,10,2023-11-28,480.94,True
Q03276,housing,prismatic,2024-T3,ALUMINIUM,3-axis mill,297.45,190.9,126.33,19.9425,4.4184,60,5,0.0442,6.3,none,anodise,16,12,2023-05-03,1450.31,False
Q03620,housing,prismatic,2024-T3,ALUMINIUM,3-axis mill,227.3,160.34,111.44,11.2908,6.5347,56,6,0.0442,4.29,none,anodise,13,11,2022-11-22,505.24,False
Q00958,bracket,prismatic,304L,STAINLESS,3-axis mill,117.09,69.93,30.28,1.9836,0.6369,3,6,0.0141,3.83,none,nitride,35,29,2024-05-09,92.8,False
Q00259,bracket,prismatic,304L,STAINLESS,3-axis mill,120.77,68.6,33.49,2.2194,1.5611,3,5,0.0076,3.09,none,nitride,44,6,2023-02-22,129.31,False
Q02787,bracket,prismatic,304L,STAINLESS,3-axis mill,115.3,61.32,34.07,1.9273,0.5215,5,5,0.0076,4.25,none,nitride,42,6,2021-07-14,157.95,True
Q02750,bracket,prismatic,304L,STAINLESS,turn-mill,152.08,81.13,42.58,4.2026,1.8362,3,5,0.0086,2.86,none,passivate,63,56,2021-01-26,210.01,False
Q00352,plate,prismatic,6082-T6,ALUMINIUM,turn-mill,333.49,222.2,157.51,31.513,12.9939,36,3,0.0431,3.07,none,nitride,554,405,2025-02-13,1801.09,False
Q04069,plate,prismatic,6026-T9,ALUMINIUM,3-axis mill,373.14,278.9,183.86,51.661,29.6276,45,3,0.0431,2.2,none,nitride,277,221,2024-08-30,1734.08,False
Q04319,plate,prismatic,6026-T9,ALUMINIUM,turn-mill,347.73,235.15,161.0,35.5462,28.2393,39,3,0.0431,1.39,none,nitride,1146,348,2022-09-23,739.35,True
Q04738,plate,prismatic,6082-T6,ALUMINIUM,turn-mill,415.48,311.01,202.97,70.8141,16.6401,45,4,0.0431,1.91,none,nitride,660,235,2026-04-26,5483.76,False
Q00962,gear blank,rotational,42CrMo4,STEEL,turn-mill,545.65,291.61,291.61,286.0806,85.5313,19,2,0.0153,5.78,solution + age,none,572,43,2023-03-23,14292.43,True
Q02129,gear blank,rotational,16MnCr5,STEEL,turn-mill,325.2,163.8,163.8,53.7931,15.2626,9,2,0.0078,4.61,solution + age,anodise,704,569,2022-12-21,2388.25,False
Q01402,gear blank,rotational,S355JR,STEEL,turn-mill,450.06,239.84,239.84,159.6101,105.1306,12,1,0.0078,5.04,solution + age,anodise,264,189,2022-06-01,3329.65,False
Q03818,gear blank,rotational,S355JR,STEEL,turn-mill,536.11,267.06,267.06,235.734,118.2038,17,1,0.0078,4.6,solution + age,none,312,194,2021-09-07,6808.63,False
Q00629,housing,prismatic,42CrMo4,STEEL,forging + machining,539.48,422.3,210.62,376.6765,236.279,3,2,0.0209,2.74,harden + temper,zinc,12603,5000,2026-02-14,8306.35,False
Q03703,housing,prismatic,4140,STEEL,5-axis mill,529.04,476.58,274.76,543.7978,210.4412,5,1,0.0258,2.12,harden + temper,zinc,9420,2581,2023-10-11,17591.35,True
Q02468,housing,prismatic,S355JR,STEEL,5-axis mill,433.98,377.22,213.37,274.2051,190.5982,7,1,0.0404,2.6,harden + temper,zinc,9628,5000,2022-12-05,3615.62,False
Q01417,housing,prismatic,4140,STEEL,5-axis mill,624.46,500.77,254.23,624.0835,127.9772,4,2,0.0404,1.71,harden + temper,zinc,5643,5000,2021-05-10,21967.09,False
Q03557,fitting,rotational,Inconel 625,NICKEL,turning,54.97,40.55,40.55,0.5992,0.4717,7,1,0.0152,3.93,none,passivate,1035,417,2021-09-07,42.76,False
Q02932,fitting,rotational,Inconel 625,NICKEL,turning,54.52,43.27,43.27,0.6768,0.4469,13,2,0.0086,2.83,none,passivate,844,499,2023-09-12,74.3,False
Q03957,fitting,rotational,Inconel 625,NICKEL,turning,47.92,31.35,31.35,0.3121,0.2287,6,1,0.0112,3.2,none,passivate,342,200,2023-03-02,26.76,False
Q01018,fitting,rotational,Inconel 625,NICKEL,turn-mill,58.13,38.72,38.72,0.5777,0.1776,6,2,0.0112,2.26,none,passivate,2434,1735,2022-12-17,115.03,False
Q01741,manifold,prismatic,440C,STAINLESS,3-axis mill,137.93,97.65,75.4,7.7991,4.2957,28,3,0.1028,1.48,stress relieve,anodise,1153,80,2025-06-15,187.01,True
Q01375,manifold,prismatic,13-8Mo H1000,STAINLESS,3-axis mill,123.16,81.64,66.85,5.2163,3.5707,31,5,0.0875,2.33,stress relieve,none,1161,389,2025-07-15,189.11,False
Q02234,manifold,prismatic,303,STAINLESS,3-axis mill,138.74,91.0,72.11,7.2826,2.9488,31,3,0.0875,2.68,stress relieve,anodise,1492,1057,2022-08-20,138.04,False
Q01917,manifold,prismatic,303,STAINLESS,3-axis mill,148.9,105.27,72.95,9.1478,5.8487,24,4,0.0777,1.93,stress relieve,anodise,638,241,2022-05-15,134.87,False
Q04448,bracket,prismatic,316L,STAINLESS,forging + machining,26.77,17.67,14.33,0.0543,0.0417,9,2,0.0121,3.35,solution + age,none,21,16,2021-11-23,15.65,False
Q01780,bracket,prismatic,316L,STAINLESS,5-axis mill,27.2,17.71,13.34,0.0514,0.0131,3,2,0.0121,3.18,solution + age,none,27,4,2024-02-13,112.12,True
Q01137,bracket,prismatic,303,STAINLESS,5-axis mill,25.8,15.77,12.12,0.0394,0.0085,9,4,0.0087,3.08,solution + age,none,23,20,2025-07-25,47.29,False
Q04283,bracket,prismatic,316L,STAINLESS,5-axis mill,30.81,21.84,16.77,0.0903,0.0184,6,3,0.0121,1.96,solution + age,none,11,3,2021-02-27,162.42,False
Q02643,manifold,prismatic,Ti-6Al-4V,TITANIUM,turn-mill,110.97,102.15,33.57,1.6857,1.0236,5,4,0.0622,5.37,solution + age,none,15423,5000,2023-09-22,194.44,False
Q04589,manifold,prismatic,Ti-6Al-4V,TITANIUM,turn-mill,104.12,118.56,36.73,2.0089,1.064,8,4,0.0706,3.41,solution + age,anodise,16156,3855,2021-04-09,193.54,True
Q03624,manifold,prismatic,Ti-6Al-4V,TITANIUM,turn-mill,99.51,96.12,34.23,1.4505,0.998,4,4,0.0706,4.86,solution + age,anodise,50000,5000,2021-03-25,110.57,False
Q03727,manifold,prismatic,Ti-6Al-4V ELI,TITANIUM,turn-mill,100.26,100.52,30.66,1.3686,0.742,4,2,0.0706,6.3,solution + age,anodise,50000,3727,2024-04-24,194.99,True
Q03338,housing,prismatic,13-8Mo H1000,STAINLESS,forging + machining,94.44,105.44,64.16,4.9578,3.5923,3,2,0.0569,1.63,solution + age,none,38,20,2025-11-29,345.47,False
Q01990,housing,prismatic,303,STAINLESS,forging + machining,93.5,109.36,74.15,6.066,4.4144,3,2,0.0541,1.17,solution + age,none,20,8,2023-02-26,139.52,False
Q03455,housing,prismatic,13-8Mo H1000,STAINLESS,forging + machining,75.88,104.52,68.03,4.1868,2.7461,3,2,0.0725,1.29,solution + age,none,57,7,2023-11-19,265.93,False
Q01177,housing,prismatic,316L,STAINLESS,forging + machining,59.91,80.61,46.69,1.8039,1.4319,5,2,0.0569,1.48,solution + age,none,25,7,2024-03-05,57.41,False
Q01738,manifold,prismatic,1.2312,STEEL,3-axis mill,175.39,76.44,73.23,7.7065,5.8001,3,4,0.0144,1.5,stress relieve,passivate,541,462,2025-07-28,131.4,False
Q01069,manifold,prismatic,1.2312,STEEL,3-axis mill,145.76,58.33,56.57,3.7761,2.9126,5,2,0.0137,0.95,stress relieve,passivate,109,16,2023-07-13,71.87,False
Q02657,manifold,prismatic,1.2312,STEEL,3-axis mill,148.52,61.64,67.44,4.8469,1.5742,4,2,0.0188,1.35,stress relieve,passivate,208,193,2024-09-12,160.68,True
Q00831,manifold,prismatic,42CrMo4,STEEL,3-axis mill,150.53,66.98,67.76,5.3635,2.3626,7,2,0.0144,1.6,stress relieve,zinc,429,293,2024-03-29,184.86,False
Q02513,bushing,rotational,PA66,POLYMER,5-axis mill,40.5,38.83,38.83,0.0547,0.0429,13,2,0.0652,5.54,stress relieve,passivate,30322,5000,2024-12-03,3.21,False
Q04229,bushing,rotational,PEEK,POLYMER,turning,53.18,53.38,53.38,0.1547,0.0657,10,1,0.0462,2.91,stress relieve,passivate,11340,635,2021-08-12,24.47,False
Q03323,bushing,rotational,PEEK,POLYMER,5-axis mill,46.54,50.59,50.59,0.1216,0.0909,10,1,0.0578,4.33,stress relieve,passivate,17041,5000,2023-06-07,23.88,True
Q00347,bushing,rotational,PEEK,POLYMER,5-axis mill,54.24,51.03,51.03,0.1442,0.0524,15,2,0.0578,3.81,stress relieve,passivate,36141,5000,2025-02-02,35.11,False
Q00242,housing,prismatic,6061-T6,ALUMINIUM,turn-mill,254.84,154.54,76.56,8.1417,3.3764,8,1,0.2,5.08,none,anodise,96,11,2024-09-01,287.57,False
Q00210,housing,prismatic,7075-T6,ALUMINIUM,turn-mill,206.76,133.43,69.65,5.3996,4.268,3,1,0.0826,6.01,none,nitride,117,100,2023-09-08,128.28,False
Q01477,housing,prismatic,6061-T6,ALUMINIUM,turn-mill,202.08,113.94,67.69,4.2082,2.6643,3,1,0.0842,6.15,none,anodise,147,82,2023-01-17,90.0,True
Q00515,housing,prismatic,6061-T6,ALUMINIUM,turn-mill,248.74,152.55,83.67,8.5725,3.0396,6,2,0.0446,6.3,none,anodise,88,29,2025-07-08,392.1,True
Q01295,flange,prismatic,5083-H111,ALUMINIUM,3-axis mill,63.38,19.28,6.3,0.0205,0.0147,7,5,0.1503,1.54,stress relieve,passivate,19831,5000,2024-10-23,2.4,False
Q01758,flange,prismatic,2024-T3,ALUMINIUM,3-axis mill,51.17,15.57,4.14,0.0092,0.0044,7,6,0.1503,1.85,stress relieve,passivate,50000,5000,2022-03-22,1.55,True
Q00669,flange,prismatic,5083-H111,ALUMINIUM,3-axis mill,61.58,18.0,6.15,0.0181,0.0089,3,6,0.1503,1.53,stress relieve,passivate,16422,5000,2023-11-07,1.81,False
Q03209,flange,prismatic,7075-T6,ALUMINIUM,3-axis mill,65.7,21.06,6.06,0.0236,0.0143,8,6,0.2,1.26,stress relieve,nitride,25942,5000,2025-04-18,4.76,False
Q04805,housing,prismatic,17-4PH H1025,STAINLESS,3-axis mill,228.59,99.53,24.12,4.2802,2.8287,3,1,0.1523,6.3,solution + age,zinc,450,169,2024-08-07,109.0,False
Q00308,housing,prismatic,303,STAINLESS,3-axis mill,206.69,82.93,19.34,2.6514,1.8717,3,2,0.1394,5.35,solution + age,zinc,407,163,2021-04-16,39.42,False
Q00723,housing,prismatic,13-8Mo H1000,STAINLESS,3-axis mill,231.95,99.39,25.45,4.5536,2.0836,8,3,0.1827,4.8,solution + age,zinc,1308,876,2021-06-13,166.36,False
Q01976,housing,prismatic,303,STAINLESS,3-axis mill,198.6,79.41,19.38,2.4452,1.7376,4,1,0.1827,5.33,solution + age,zinc,520,343,2024-05-09,21.7,False
Q04658,fitting,rotational,Waspaloy,NICKEL,forging + machining,40.22,35.4,35.4,0.3242,0.2334,19,4,0.0299,6.3,none,zinc,5826,4805,2024-12-05,65.04,True
Q03001,fitting,rotational,Inconel 718,NICKEL,turning,52.61,45.69,45.69,0.7065,0.4652,15,6,0.0264,6.3,none,paint,1783,314,2025-08-11,76.11,False
Q03240,fitting,rotational,Inconel 625,NICKEL,forging + machining,38.97,36.1,36.1,0.3366,0.2676,20,5,0.0259,5.44,none,zinc,4856,3496,2025-02-09,38.11,True
Q01851,fitting,rotational,Waspaloy,NICKEL,forging + machining,49.89,40.67,40.67,0.5309,0.3917,21,6,0.0259,4.32,none,paint,10764,5000,2025-12-14,112.94,False
Q02842,pin,rotational,Ti-6Al-4V,TITANIUM,forging + machining,49.86,6.7,6.7,0.0078,0.0058,3,1,0.0582,0.63,none,nitride,37849,5000,2021-11-06,3.94,False
Q00952,pin,rotational,Ti-6Al-4V,TITANIUM,forging + machining,51.25,7.06,7.06,0.0089,0.0072,4,1,0.022,0.55,none,nitride,15007,5000,2021-09-13,5.07,False
Q01733,pin,rotational,Ti-6Al-4V ELI,TITANIUM,forging + machining,55.88,7.2,7.2,0.0101,0.0076,3,2,0.022,0.88,none,nitride,10445,925,2023-11-29,6.36,False
Q00358,pin,rotational,Ti-6Al-4V,TITANIUM,forging + machining,53.43,6.8,6.8,0.0086,0.0062,3,1,0.0585,0.69,none,nitride,31351,5000,2022-05-08,5.0,False
Q03612,housing,prismatic,316L,STAINLESS,turn-mill,255.65,63.98,42.77,5.5961,1.4746,15,6,0.02,1.71,harden + temper,passivate,21,10,2025-04-05,466.48,False
Q03165,housing,prismatic,303,STAINLESS,turn-mill,171.14,43.32,31.94,1.8945,0.7354,13,6,0.02,2.3,harden + temper,passivate,15,14,2021-01-13,81.89,False
Q03552,housing,prismatic,316L,STAINLESS,turn-mill,194.48,48.48,27.99,2.1114,1.2258,15,6,0.02,1.73,harden + temper,passivate,29,14,2024-05-20,125.52,False
Q04486,housing,prismatic,440C,STAINLESS,turn-mill,258.96,60.77,40.06,4.841,3.4717,8,5,0.02,2.31,harden + temper,passivate,15,6,2026-03-14,358.89,False
Q04724,gear blank,rotational,16MnCr5,STEEL,forging + machining,517.21,387.12,387.12,477.8757,355.1677,9,4,0.0544,0.9,harden + temper,zinc,2701,151,2022-11-20,7400.94,False
Q00091,gear blank,rotational,1.2312,STEEL,forging + machining,591.65,373.15,373.15,507.9214,306.845,14,4,0.0544,0.95,harden + temper,zinc,2886,162,2022-06-05,13286.6,False
Q04364,gear blank,rotational,4140,STEEL,forging + machining,486.04,332.95,332.95,332.1994,281.6016,4,5,0.0544,1.14,harden + temper,zinc,5011,3355,2022-06-29,3401.69,True
Q02245,gear blank,rotational,4140,STEEL,forging + machining,436.52,333.65,333.65,299.607,218.9561,11,4,0.0544,1.07,harden + temper,zinc,1029,216,2023-05-27,4019.46,False
Q04305,fitting,rotational,304L,STAINLESS,5-axis mill,256.57,146.69,146.69,34.6903,16.975,4,2,0.0061,2.62,stress relieve,none,22397,5000,2024-07-19,2398.27,False
Q02377,fitting,rotational,303,STAINLESS,forging + machining,228.28,140.38,140.38,28.2668,18.7283,12,1,0.0071,5.81,stress relieve,none,21839,5000,2024-06-24,1198.76,False
Q02031,fitting,rotational,17-4PH H1025,STAINLESS,5-axis mill,236.44,149.89,149.89,32.5446,14.1668,7,3,0.005,5.45,stress relieve,none,38705,5000,2021-02-01,3413.05,False
Q03510,fitting,rotational,303,STAINLESS,turning,256.4,159.4,159.4,40.932,23.9934,10,1,0.0091,5.9,stress relieve,none,21106,5000,2021-01-15,688.4,False
Q01665,pin,rotational,1.2312,STEEL,5-axis mill,63.48,6.7,6.7,0.0175,0.0111,20,1,0.0862,1.82,none,nitride,1201,902,2021-07-23,4.33,False
Q01286,pin,rotational,4140,STEEL,5-axis mill,56.05,5.99,5.99,0.0124,0.0066,16,1,0.0862,1.55,none,nitride,550,534,2023-12-08,4.22,False
Q03920,pin,rotational,C45,STEEL,5-axis mill,54.79,6.44,6.44,0.014,0.0067,16,1,0.0862,1.67,none,nitride,351,172,2025-07-28,5.1,False
Q00592,pin,rotational,16MnCr5,STEEL,5-axis mill,57.19,6.49,6.49,0.0148,0.011,17,1,0.0862,2.14,none,nitride,641,176,2025-08-18,5.82,True
Q01887,flange,prismatic,6026-T9,ALUMINIUM,forging + machining,164.4,141.19,42.3,2.6514,1.8847,29,2,0.005,0.95,none,passivate,12129,5000,2025-12-23,151.19,False
Q00166,flange,prismatic,6082-T6,ALUMINIUM,forging + machining,207.2,157.92,48.49,4.2843,2.9731,22,1,0.005,0.72,none,passivate,25454,5000,2023-08-11,228.33,False
Q03779,flange,prismatic,7075-T6,ALUMINIUM,forging + machining,161.22,148.1,39.74,2.6661,2.0891,22,1,0.005,0.87,none,paint,3356,255,2021-06-04,135.44,True
Q00922,flange,prismatic,6082-T6,ALUMINIUM,forging + machining,202.78,169.66,49.14,4.5643,3.673,21,2,0.005,0.89,none,passivate,10793,2039,2025-08-03,219.2,False
Q00885,housing,prismatic,7075-T6,ALUMINIUM,3-axis mill,127.91,80.03,61.03,1.7554,0.8583,58,1,0.0231,6.3,harden + temper,passivate,31,19,2026-02-23,144.44,False
Q02604,housing,prismatic,6061-T6,ALUMINIUM,3-axis mill,159.04,95.97,76.07,3.1347,0.8791,57,3,0.0239,6.3,harden + temper,none,31,14,2025-09-20,204.78,False
Q02095,housing,prismatic,6061-T6,ALUMINIUM,3-axis mill,169.79,109.3,83.56,4.1872,1.3507,58,1,0.0204,3.6,harden + temper,passivate,64,61,2025-11-29,301.13,True
Q01390,housing,prismatic,5083-H111,ALUMINIUM,3-axis mill,179.66,119.02,95.22,5.416,1.7919,54,3,0.0204,6.3,harden + temper,passivate,136,48,2022-10-24,551.53,False
Q04108,gear blank,rotational,304L,STAINLESS,turning,2061.13,552.64,552.64,3955.2576,2931.4781,15,2,0.0862,5.95,solution + age,zinc,1519,746,2025-05-13,43804.92,False
Q01146,gear blank,rotational,304L,STAINLESS,turn-mill,1815.42,534.96,534.96,3264.3452,867.4336,15,2,0.0792,3.32,solution + age,zinc,2334,1046,2022-08-17,101036.88,False
Q03213,gear blank,rotational,304L,STAINLESS,turn-mill,1662.85,422.51,422.51,1865.1478,926.0885,12,3,0.0463,4.16,solution + age,zinc,1613,1123,2025-12-04,41449.76,True
Q03481,gear blank,rotational,13-8Mo H1000,STAINLESS,turning,1777.47,493.77,493.77,2641.2116,889.5236,15,3,0.0862,4.55,solution + age,zinc,2271,696,2022-07-28,84243.57,True
Q02755,gear blank,rotational,4140,STEEL,5-axis mill,610.47,169.14,169.14,107.6699,59.0609,22,2,0.133,5.76,stress relieve,passivate,71,27,2024-04-24,2248.58,False
Q02970,gear blank,rotational,4140,STEEL,5-axis mill,641.47,183.08,183.08,132.5624,104.5417,17,3,0.1813,6.3,stress relieve,passivate,16,1,2021-11-30,1627.98,False
Q01016,gear blank,rotational,4140,STEEL,5-axis mill,657.9,199.53,199.53,161.4817,55.608,14,2,0.133,5.8,stress relieve,passivate,95,73,2024-10-06,5004.98,False
Q02939,gear blank,rotational,1.2312,STEEL,5-axis mill,578.46,168.01,168.01,100.6699,37.1353,15,2,0.0948,6.29,stress relieve,passivate,41,37,2021-03-12,3764.5,False
Q01945,gear blank,rotational,C45,STEEL,5-axis mill,444.38,102.45,102.45,28.7592,9.3426,15,4,0.0302,4.51,harden + temper,zinc,7028,2046,2023-10-12,1194.13,False
Q01498,gear blank,rotational,42CrMo4,STEEL,5-axis mill,475.45,113.72,113.72,37.9097,10.5201,15,5,0.0599,4.28,harden + temper,anodise,17102,2257,2026-04-16,1727.56,False
Q02641,gear blank,rotational,4140,STEEL,turning,370.39,85.17,85.17,16.5654,10.7395,14,4,0.0483,3.57,harden + temper,anodise,16335,2646,2022-04-15,169.59,False
Q02728,gear blank,rotational,16MnCr5,STEEL,5-axis mill,332.13,90.67,90.67,16.8346,4.6185,18,4,0.0965,3.04,harden + temper,anodise,6952,4784,2023-07-27,597.78,False
Q02014,manifold,prismatic,42CrMo4,STEEL,3-axis mill,226.68,126.96,100.02,22.5977,10.2837,3,5,0.013,1.02,stress relieve,anodise,1353,1126,2022-01-28,570.1,False
Q02580,manifold,prismatic,42CrMo4,STEEL,5-axis mill,257.66,138.76,112.72,31.6347,14.031,3,6,0.0194,0.82,stress relieve,passivate,1636,771,2022-12-31,864.66,True
Q00187,manifold,prismatic,42CrMo4,STEEL,3-axis mill,211.35,116.41,98.34,18.9922,5.463,8,4,0.0194,0.96,stress relieve,zinc,4131,3615,2023-06-25,575.98,False
Q03682,manifold,prismatic,42CrMo4,STEEL,3-axis mill,297.2,158.84,119.0,44.1011,12.5732,4,5,0.0139,1.16,stress relieve,zinc,2321,1306,2024-01-13,1295.2,False
Q04745,pin,rotational,S355JR,STEEL,5-axis mill,50.12,5.0,5.0,0.0077,0.0048,10,3,0.1586,2.03,none,none,12939,5000,2026-04-06,0.2,False
Q00637,pin,rotational,S355JR,STEEL,5-axis mill,47.81,4.95,4.95,0.0072,0.0053,7,3,0.0821,1.87,none,none,18233,4293,2021-05-26,0.21,True
Q04982,pin,rotational,42CrMo4,STEEL,5-axis mill,54.02,4.7,4.7,0.0074,0.0036,7,1,0.0821,2.75,none,none,7019,2683,2021-06-26,0.23,True
Q02969,pin,rotational,16MnCr5,STEEL,5-axis mill,51.16,4.98,4.98,0.0078,0.0036,8,3,0.0821,2.01,none,none,12765,5000,2024-03-23,0.28,False
Q04736,gear blank,rotational,440C,STAINLESS,5-axis mill,193.43,52.46,52.46,3.2116,2.3055,7,2,0.0058,3.97,solution + age,anodise,2497,1657,2025-11-18,222.46,True
Q04231,gear blank,rotational,13-8Mo H1000,STAINLESS,turn-mill,171.35,51.46,51.46,2.7651,1.2253,5,2,0.0071,5.46,solution + age,anodise,5326,1653,2023-02-19,236.11,True
Q00860,gear blank,rotational,316L,STAINLESS,turn-mill,194.76,59.98,59.98,4.402,2.5654,3,1,0.0058,5.72,solution + age,anodise,1437,896,2021-12-03,230.85,True
Q02863,gear blank,rotational,440C,STAINLESS,turn-mill,202.27,60.59,60.59,4.4793,1.9699,7,2,0.0058,6.3,solution + age,anodise,2657,2009,2023-12-08,353.77,False
Q04136,housing,prismatic,6061-T6,ALUMINIUM,3-axis mill,130.43,90.58,52.93,1.6883,0.7808,44,5,0.0461,5.61,none,none,50000,4666,2021-03-11,47.38,True
Q01393,housing,prismatic,6082-T6,ALUMINIUM,3-axis mill,102.59,66.38,51.66,0.9499,0.2017,50,5,0.0461,5.41,none,zinc,7828,849,2022-12-30,58.1,False
Q03270,housing,prismatic,6082-T6,ALUMINIUM,3-axis mill,122.48,75.84,52.14,1.3076,0.5986,49,3,0.0461,6.3,none,none,7801,955,2026-06-29,47.07,False
Q03955,housing,prismatic,6082-T6,ALUMINIUM,3-axis mill,161.65,91.07,64.4,2.5597,1.7992,42,3,0.0461,6.3,none,none,10524,3649,2023-05-07,56.0,True
Q04654,gear blank,rotational,316L,STAINLESS,5-axis mill,254.56,85.81,85.81,11.7769,8.1323,8,5,0.0104,5.2,stress relieve,passivate,123,50,2023-03-28,576.69,False
Q02428,gear blank,rotational,316L,STAINLESS,turn-mill,247.2,82.33,82.33,10.5288,7.192,3,3,0.0104,3.66,stress relieve,passivate,110,34,2022-03-21,293.83,True
Q00444,gear blank,rotational,316L,STAINLESS,turn-mill,215.08,73.06,73.06,7.2126,4.785,8,3,0.0104,3.92,stress relieve,passivate,127,60,2024-02-11,332.75,False
Q04316,gear blank,rotational,316L,STAINLESS,turn-mill,221.47,73.55,73.55,7.5273,4.8074,3,4,0.0104,3.34,stress relieve,passivate,111,13,2022-08-08,350.59,False
Q02452,bushing,rotational,PEEK,POLYMER,5-axis mill,29.46,15.08,15.08,0.0068,0.004,3,2,0.083,2.64,stress relieve,anodise,724,548,2025-12-04,3.52,False
Q04695,bushing,rotational,PEEK,POLYMER,5-axis mill,33.84,16.49,16.49,0.0094,0.0024,7,3,0.135,2.87,stress relieve,anodise,178,162,2024-04-03,6.17,True
Q03074,bushing,rotational,PEEK,POLYMER,5-axis mill,30.18,15.86,15.86,0.0078,0.0047,4,4,0.083,1.61,stress relieve,anodise,87,27,2025-11-17,29.28,False
Q04557,bushing,rotational,PA66,POLYMER,5-axis mill,32.02,15.19,15.19,0.0066,0.0041,9,3,0.0904,3.82,stress relieve,anodise,442,326,2024-05-02,4.5,False
Q04840,gear blank,rotational,C63000,COPPER,5-axis mill,77.38,42.61,42.61,0.8364,0.6154,10,6,0.0814,2.32,none,paint,2058,1099,2025-12-27,34.3,False
Q01817,gear blank,rotational,C101,COPPER,5-axis mill,79.84,47.67,47.67,1.2737,0.7983,3,4,0.1196,1.64,none,paint,3266,1945,2025-03-17,28.22,False
Q02119,gear blank,rotational,C101,COPPER,5-axis mill,76.82,45.62,45.62,1.1228,0.2483,9,6,0.0814,1.54,none,paint,7088,2005,2022-03-18,46.17,False
Q03975,gear blank,rotational,C63000,COPPER,5-axis mill,72.55,43.68,43.68,0.8242,0.2584,8,6,0.0586,1.86,none,paint,4935,1649,2022-07-06,53.91,False
Q04284,flange,prismatic,304L,STAINLESS,5-axis mill,223.82,193.54,40.48,14.028,9.6461,22,1,0.0162,6.3,none,passivate,14387,5000,2022-12-18,454.95,False
Q04478,flange,prismatic,304L,STAINLESS,5-axis mill,196.06,174.47,38.49,10.5322,6.7516,18,1,0.0167,4.74,none,passivate,22932,5000,2022-10-26,435.8,False
Q01259,flange,prismatic,304L,STAINLESS,5-axis mill,226.05,195.65,46.78,16.5501,4.0128,24,2,0.0168,4.76,none,passivate,12434,5000,2021-04-16,1177.3,False
Q02475,flange,prismatic,304L,STAINLESS,5-axis mill,258.41,212.16,52.19,22.8886,9.622,30,2,0.0162,6.23,none,passivate,6691,1600,2025-10-06,1953.47,False
Q00283,flange,prismatic,S355JR,STEEL,5-axis mill,58.41,35.24,12.83,0.2072,0.0743,3,5,0.0835,6.3,harden + temper,anodise,3284,1267,2024-12-23,6.75,False
Q04555,flange,prismatic,C45,STEEL,forging + machining,56.74,34.32,12.34,0.1887,0.1149,5,6,0.0835,6.3,harden + temper,anodise,9235,1432,2025-01-10,5.31,False
Q01067,flange,prismatic,S355JR,STEEL,5-axis mill,60.66,35.37,13.64,0.2297,0.1312,4,6,0.0484,4.93,harden + temper,anodise,23786,5000,2023-11-22,6.37,False
Q03054,flange,prismatic,S355JR,STEEL,forging + machining,72.37,43.47,14.77,0.3648,0.2293,7,4,0.1263,5.74,harden + temper,anodise,6137,4092,2021-07-09,5.36,False
Q04600,fitting,rotational,Ti-6Al-4V ELI,TITANIUM,forging + machining,141.98,160.89,160.89,12.7872,8.3312,7,6,0.0093,4.09,stress relieve,zinc,160,77,2022-01-17,2791.85,False
Q04200,fitting,rotational,Ti-6Al-4V ELI,TITANIUM,forging + machining,181.44,184.8,184.8,21.559,14.8662,6,6,0.0102,3.83,stress relieve,none,562,69,2022-08-14,3613.21,True
Q00746,fitting,rotational,Ti-6Al-4V ELI,TITANIUM,forging + machining,150.75,201.2,201.2,21.2328,15.647,3,5,0.0203,2.82,stress relieve,nitride,36,34,2025-12-11,3281.68,False
Q00649,fitting,rotational,Ti-6Al-4V,TITANIUM,forging + machining,173.12,203.39,203.39,24.9187,15.8581,3,6,0.0175,3.59,stress relieve,none,128,44,2021-04-23,3779.76,True
Q02091,gear blank,rotational,C63000,COPPER,5-axis mill,154.96,79.72,79.72,5.8631,3.2254,6,2,0.1367,1.3,harden + temper,passivate,637,82,2022-08-07,283.64,False
Q01468,gear blank,rotational,CuZn39Pb3,COPPER,5-axis mill,114.08,60.47,60.47,2.7754,0.8434,3,1,0.1367,1.36,harden + temper,none,843,803,2025-07-18,53.47,False
Q02796,gear blank,rotational,CuZn39Pb3,COPPER,turning,135.54,78.57,78.57,5.5661,2.9774,3,2,0.1367,1.41,harden + temper,passivate,403,273,2022-08-23,88.52,False
Q02348,gear blank,rotational,CuZn39Pb3,COPPER,5-axis mill,110.69,58.56,58.56,2.5255,1.0516,3,2,0.1367,1.27,harden + temper,passivate,745,338,2024-05-29,43.82,False
Q00450,housing,prismatic,440C,STAINLESS,3-axis mill,534.84,230.69,53.18,50.3933,32.2393,3,1,0.2,5.73,solution + age,zinc,99,80,2023-05-15,1079.0,False
Q01201,housing,prismatic,316L,STAINLESS,3-axis mill,409.02,185.71,38.63,23.4768,5.6072,11,1,0.2,4.51,solution + age,zinc,27,16,2025-09-03,474.83,True
Q03992,housing,prismatic,440C,STAINLESS,3-axis mill,387.96,169.56,38.96,19.6821,5.644,6,1,0.2,6.3,solution + age,zinc,23,21,2021-09-19,556.24,False
Q02190,housing,prismatic,440C,STAINLESS,3-axis mill,587.15,249.28,57.08,64.1621,29.8359,9,1,0.2,5.11,solution + age,zinc,39,24,2025-07-22,1432.95,False
Q02280,plate,prismatic,316L,STAINLESS,forging + machining,62.37,66.41,40.29,1.3351,0.9541,34,3,0.2,5.85,harden + temper,paint,30,26,2025-01-09,59.57,False
Q04684,plate,prismatic,316L,STAINLESS,forging + machining,80.64,69.49,52.8,2.367,1.8224,33,3,0.2,4.69,harden + temper,none,104,48,2024-10-09,66.25,False
Q04735,plate,prismatic,440C,STAINLESS,forging + machining,73.34,79.39,49.73,2.2238,1.7671,32,5,0.2,4.53,harden + temper,paint,39,19,2023-02-19,89.45,False
Q03021,plate,prismatic,13-8Mo H1000,STAINLESS,forging + machining,70.47,73.22,50.21,2.0103,1.2854,34,4,0.2,4.24,harden + temper,paint,186,56,2024-03-28,128.08,True
Q00265,flange,prismatic,6082-T6,ALUMINIUM,forging + machining,198.17,183.17,46.71,4.5783,3.0472,26,3,0.0212,0.73,none,paint,336,23,2023-12-28,239.31,False
Q04794,flange,prismatic,6026-T9,ALUMINIUM,forging + machining,152.1,136.65,33.05,1.8548,1.445,25,3,0.015,1.09,none,paint,681,180,2025-10-04,61.3,False
Q00635,flange,prismatic,5083-H111,ALUMINIUM,forging + machining,212.65,170.39,42.18,4.0656,2.6478,22,2,0.0088,1.0,none,paint,130,23,2024-01-24,419.05,False
Q02811,flange,prismatic,5083-H111,ALUMINIUM,forging + machining,160.39,156.28,36.08,2.4054,1.8157,23,1,0.0096,0.73,none,nitride,142,76,2023-10-02,163.2,True
Q01474,bracket,prismatic,Ti-6Al-4V,TITANIUM,forging + machining,25.77,25.36,4.0,0.0116,0.008,21,5,0.0063,3.66,solution + age,nitride,756,457,2023-11-04,7.49,False
Q03571,bracket,prismatic,Ti-10V-2Fe-3Al,TITANIUM,forging + machining,29.0,29.53,4.0,0.0159,0.0112,14,5,0.0069,2.62,solution + age,nitride,743,453,2026-02-13,11.48,False
Q03602,bracket,prismatic,Ti-10V-2Fe-3Al,TITANIUM,forging + machining,34.0,34.04,4.77,0.0257,0.0178,23,6,0.0069,2.27,solution + age,nitride,379,121,2023-12-30,17.64,False
Q00937,bracket,prismatic,Ti-10V-2Fe-3Al,TITANIUM,forging + machining,25.0,28.18,4.0,0.0131,0.0086,20,5,0.009,3.12,solution + age,nitride,235,49,2022-06-03,17.12,False
Q01391,shaft,rotational,4140,STEEL,5-axis mill,126.92,7.62,7.62,0.0455,0.0221,11,2,0.1611,6.3,solution + age,passivate,18,11,2022-11-28,35.21,False
Q02742,shaft,rotational,S355JR,STEEL,turning,121.47,7.85,7.85,0.0461,0.0327,4,4,0.1263,2.6,solution + age,passivate,12,5,2022-01-28,29.31,True
Q01650,shaft,rotational,S355JR,STEEL,turning,111.03,7.92,7.92,0.0429,0.0109,14,4,0.1611,6.3,solution + age,passivate,10,5,2024-05-31,35.67,False
Q00522,shaft,rotational,C45,STEEL,turning,83.74,6.08,6.08,0.0191,0.0076,11,4,0.1611,4.76,solution + age,passivate,16,15,2021-12-30,12.63,False
Q04037,pin,rotational,S355JR,STEEL,5-axis mill,19.95,4.77,4.77,0.0028,0.0017,22,2,0.0461,3.42,harden + temper,passivate,9036,5000,2026-04-14,1.54,False
Q03595,pin,rotational,S355JR,STEEL,5-axis mill,17.49,4.93,4.93,0.0026,0.0014,23,1,0.03,4.04,harden + temper,none,4588,3369,2023-09-23,0.64,True
Q02947,pin,rotational,4140,STEEL,5-axis mill,21.59,4.81,4.81,0.0031,0.0019,24,1,0.0461,4.44,harden + temper,passivate,9685,5000,2026-05-24,1.15,True
Q02135,pin,rotational,S355JR,STEEL,5-axis mill,18.4,4.97,4.97,0.0028,0.001,19,1,0.0556,4.24,harden + temper,passivate,44725,5000,2026-03-09,1.47,False
Q04273,fitting,rotational,Ti-6Al-4V,TITANIUM,5-axis mill,106.78,93.0,93.0,3.2135,1.8032,5,1,0.0409,2.61,solution + age,anodise,996,671,2025-06-27,484.89,True
Q03206,fitting,rotational,Ti-10V-2Fe-3Al,TITANIUM,forging + machining,122.06,106.18,106.18,5.0257,3.9982,5,1,0.0409,1.49,solution + age,anodise,1175,460,2024-08-03,1053.47,True
Q04609,fitting,rotational,Ti-6Al-4V,TITANIUM,forging + machining,124.32,110.73,110.73,5.3036,3.9543,7,1,0.0499,2.44,solution + age,anodise,194,193,2023-10-07,682.29,False
Q00292,fitting,rotational,Ti-10V-2Fe-3Al,TITANIUM,forging + machining,104.2,89.06,89.06,3.0182,2.2109,3,1,0.0203,3.03,solution + age,none,311,216,2021-02-28,495.45,False
Q01110,bushing,rotational,316L,STAINLESS,forging + machining,95.62,56.47,56.47,1.9157,1.2175,3,6,0.1869,6.3,solution + age,anodise,5480,5000,2022-03-30,37.45,True
Q03395,bushing,rotational,304L,STAINLESS,forging + machining,96.99,61.15,61.15,2.2784,1.9139,3,5,0.1869,6.3,solution + age,passivate,4506,702,2026-01-06,24.43,False
Q02252,bushing,rotational,316L,STAINLESS,forging + machining,122.86,66.35,66.35,3.398,2.4228,3,5,0.1869,6.3,solution + age,none,2676,1257,2023-09-17,62.36,False
Q04756,bushing,rotational,316L,STAINLESS,forging + machining,88.49,53.85,53.85,1.6124,1.0914,3,5,0.2,4.81,solution + age,passivate,969,615,2021-07-27,31.65,False
Q01669,gear blank,rotational,S355JR,STEEL,forging + machining,444.93,255.23,255.23,178.7038,124.461,14,5,0.0062,3.34,stress relieve,nitride,592,163,2026-07-01,5935.15,False
Q03176,gear blank,rotational,C45,STEEL,5-axis mill,550.33,390.11,390.11,516.3709,111.6143,5,6,0.005,3.6,stress relieve,nitride,79,8,2022-12-07,33246.5,False
Q01307,gear blank,rotational,S355JR,STEEL,turning,425.46,268.72,268.72,189.4193,94.3789,14,6,0.0062,2.15,stress relieve,nitride,417,318,2022-09-15,4839.52,False
Q02286,gear blank,rotational,1.2312,STEEL,forging + machining,434.31,304.11,304.11,247.6405,183.2392,11,6,0.005,3.03,stress relieve,nitride,798,414,2024-11-17,9362.06,False
Q03536,fitting,rotational,Ti-6Al-4V ELI,TITANIUM,forging + machining,254.03,215.04,215.04,40.8692,31.5452,3,4,0.0284,3.17,stress relieve,anodise,20,3,2023-05-01,6093.26,True
Q02394,fitting,rotational,Ti-10V-2Fe-3Al,TITANIUM,forging + machining,175.55,162.02,162.02,16.83,12.1085,3,4,0.046,4.24,stress relieve,anodise,12,5,2025-10-18,3593.98,False
Q04941,fitting,rotational,Ti-6Al-4V,TITANIUM,forging + machining,281.28,233.48,233.48,53.3513,36.8957,3,6,0.0313,3.3,stress relieve,anodise,33,4,2024-08-13,7422.66,False
Q04999,fitting,rotational,Ti-6Al-4V,TITANIUM,forging + machining,261.31,272.98,272.98,67.7537,51.1848,7,4,0.0313,3.45,stress relieve,anodise,21,18,2021-01-17,9949.68,False
Q00074,gear blank,rotational,303,STAINLESS,turning,65.11,27.41,27.41,0.3074,0.193,3,6,0.005,5.86,solution + age,nitride,6384,5000,2022-02-21,13.03,False
Q00100,gear blank,rotational,304L,STAINLESS,turning,78.0,29.62,29.62,0.4299,0.2612,3,6,0.005,3.85,solution + age,nitride,2004,1278,2026-04-18,15.26,True
Q04949,gear blank,rotational,13-8Mo H1000,STAINLESS,turning,93.6,35.09,35.09,0.7024,0.2654,3,4,0.005,3.47,solution + age,nitride,2617,2459,2022-09-30,52.51,True
Q04812,gear blank,rotational,13-8Mo H1000,STAINLESS,turning,82.16,32.66,32.66,0.5342,0.3401,8,4,0.005,4.83,solution + age,nitride,5949,4629,2025-06-21,41.41,False
Q04102,housing,prismatic,2024-T3,ALUMINIUM,turn-mill,240.89,176.21,97.06,11.4533,6.8568,6,6,0.1645,4.6,harden + temper,paint,29510,5000,2023-07-09,263.38,False
Q02321,housing,prismatic,5083-H111,ALUMINIUM,turn-mill,295.17,198.54,123.93,19.3187,11.1139,9,5,0.1645,3.63,harden + temper,paint,13258,1355,2024-10-13,591.69,False
Q03662,housing,prismatic,6082-T6,ALUMINIUM,turn-mill,269.3,166.77,101.85,12.3502,9.1649,3,6,0.1645,2.87,harden + temper,paint,40748,5000,2025-05-27,165.96,True
Q00237,housing,prismatic,6026-T9,ALUMINIUM,turn-mill,260.27,182.36,105.29,13.4933,5.0964,3,6,0.2,4.59,harden + temper,paint,24626,5000,2023-04-19,215.67,True
Q03707,bushing,rotational,C101,COPPER,5-axis mill,144.23,61.48,61.48,3.8277,2.1333,34,1,0.077,0.5,solution + age,nitride,75,51,2025-10-01,111.42,True
Q02089,bushing,rotational,C63000,COPPER,forging + machining,96.35,45.12,45.12,1.1675,0.9175,39,1,0.0639,1.09,solution + age,nitride,150,129,2024-12-09,61.51,False
Q02278,bushing,rotational,CuZn39Pb3,COPPER,5-axis mill,89.57,34.74,34.74,0.7192,0.2611,38,1,0.1445,0.83,solution + age,nitride,103,101,2025-06-01,28.45,False
Q02009,bushing,rotational,CuZn39Pb3,COPPER,5-axis mill,102.86,50.24,50.24,1.7271,0.5708,39,1,0.0639,0.66,solution + age,nitride,198,120,2021-11-24,43.87,False
Q00904,fitting,rotational,Waspaloy,NICKEL,forging + machining,75.61,43.08,43.08,0.9027,0.5466,4,3,0.0201,5.98,stress relieve,paint,15176,5000,2025-12-16,256.22,False
Q02610,fitting,rotational,Inconel 625,NICKEL,forging + machining,63.84,44.51,44.51,0.8383,0.577,7,3,0.0175,6.24,stress relieve,paint,4644,1350,2024-08-01,112.28,False
Q01588,fitting,rotational,Inconel 625,NICKEL,forging + machining,64.14,40.95,40.95,0.7128,0.5615,8,1,0.0201,4.12,stress relieve,paint,3849,401,2022-05-17,67.57,True
Q00848,fitting,rotational,Inconel 625,NICKEL,forging + machining,78.79,42.61,42.61,0.9481,0.5874,8,3,0.0201,5.38,stress relieve,paint,8125,5000,2024-07-18,142.55,False
Q03079,bracket,prismatic,6082-T6,ALUMINIUM,5-axis mill,72.4,86.7,41.41,0.7019,0.3147,6,2,0.0217,1.06,harden + temper,anodise,273,257,2023-10-05,34.95,False
Q00080,bracket,prismatic,7075-T6,ALUMINIUM,5-axis mill,64.57,74.64,41.52,0.5622,0.3731,5,4,0.0287,0.95,harden + temper,anodise,592,147,2023-09-05,27.15,True
Q04821,bracket,prismatic,6026-T9,ALUMINIUM,turn-mill,89.7,92.69,45.41,1.0195,0.4023,9,3,0.0287,1.13,harden + temper,anodise,881,233,2023-11-15,35.29,True
Q04680,bracket,prismatic,6026-T9,ALUMINIUM,5-axis mill,94.35,101.64,48.81,1.2638,0.2712,8,3,0.0417,0.68,harden + temper,anodise,775,755,2024-05-23,70.43,False
Q00802,manifold,prismatic,6082-T6,ALUMINIUM,turn-mill,368.63,337.96,41.13,13.8344,5.6608,14,3,0.0491,3.81,harden + temper,nitride,50000,5000,2025-02-07,554.39,False
Q03569,manifold,prismatic,2024-T3,ALUMINIUM,turn-mill,381.07,334.45,41.0,14.5257,8.2842,12,5,0.0373,2.78,harden + temper,nitride,50000,5000,2024-03-16,599.84,False
Q03465,manifold,prismatic,2024-T3,ALUMINIUM,turn-mill,415.6,340.59,46.35,18.2389,9.76,18,5,0.1133,3.92,harden + temper,nitride,50000,5000,2023-12-24,617.5,False
Q01505,manifold,prismatic,2024-T3,ALUMINIUM,turn-mill,391.47,311.36,38.06,12.8964,5.1807,22,3,0.0758,3.07,harden + temper,zinc,11960,5000,2026-01-18,594.77,False
Q01652,fitting,rotational,13-8Mo H1000,STAINLESS,5-axis mill,163.81,64.11,64.11,4.1032,2.1462,29,2,0.0664,2.29,harden + temper,zinc,8804,580,2025-12-12,361.39,True
Q00930,fitting,rotational,440C,STAINLESS,turning,135.72,55.51,55.51,2.5222,1.9325,30,1,0.0441,4.37,harden + temper,passivate,16487,5000,2024-02-12,50.31,True
Q02911,fitting,rotational,440C,STAINLESS,5-axis mill,136.77,63.9,63.9,3.3683,0.9648,35,2,0.0524,3.93,harden + temper,passivate,38672,5000,2023-01-07,278.06,False
Q04417,fitting,rotational,440C,STAINLESS,5-axis mill,137.27,55.67,55.67,2.5657,1.239,41,1,0.0516,6.14,harden + temper,passivate,50000,5000,2024-05-22,259.17,False
Q03229,flange,prismatic,2024-T3,ALUMINIUM,5-axis mill,72.57,25.05,6.24,0.0315,0.0177,9,5,0.1456,1.4,harden + temper,none,1448,1221,2021-06-28,1.88,False
Q02423,flange,prismatic,6082-T6,ALUMINIUM,3-axis mill,59.07,19.91,5.38,0.0171,0.0084,3,4,0.1467,1.44,harden + temper,none,1048,291,2025-07-24,2.15,False
Q04238,flange,prismatic,2024-T3,ALUMINIUM,3-axis mill,64.65,22.04,5.48,0.0217,0.013,3,6,0.1467,1.51,harden + temper,none,2381,185,2023-04-15,3.37,False
Q01739,flange,prismatic,6026-T9,ALUMINIUM,3-axis mill,80.83,26.24,6.39,0.0366,0.0137,6,4,0.0978,1.14,harden + temper,none,811,598,2025-06-21,1.69,False
Q03995,manifold,prismatic,13-8Mo H1000,STAINLESS,3-axis mill,114.05,91.12,66.21,5.3396,3.7026,16,3,0.0788,2.79,harden + temper,nitride,40,25,2026-02-23,274.37,True
Q03318,manifold,prismatic,15-5PH H1025,STAINLESS,turn-mill,92.81,75.92,59.64,3.2779,0.9865,7,4,0.0684,3.87,harden + temper,nitride,45,7,2023-10-20,242.67,False
Q04786,manifold,prismatic,13-8Mo H1000,STAINLESS,3-axis mill,75.17,53.24,52.43,1.6282,0.3805,5,3,0.0612,1.41,harden + temper,nitride,95,71,2021-09-17,96.98,True
Q00114,manifold,prismatic,13-8Mo H1000,STAINLESS,turn-mill,81.73,57.44,50.6,1.8431,1.1919,13,2,0.0528,1.99,harden + temper,nitride,33,2,2024-07-28,215.79,False
Q00615,shaft,rotational,C45,STEEL,forging + machining,261.66,34.32,34.32,1.9006,1.1819,10,3,0.0871,6.3,stress relieve,passivate,32,5,2026-06-03,80.77,False
Q03222,shaft,rotational,42CrMo4,STEEL,forging + machining,295.81,32.85,32.85,1.9687,1.4375,7,3,0.0744,6.3,stress relieve,paint,20,18,2025-11-17,40.68,False
Q04668,shaft,rotational,42CrMo4,STEEL,forging + machining,302.07,38.08,38.08,2.701,1.8147,3,2,0.0744,3.99,stress relieve,passivate,38,27,2026-04-16,54.56,True
Q00480,shaft,rotational,42CrMo4,STEEL,forging + machining,334.48,40.75,40.75,3.4243,2.5382,7,3,0.0744,6.3,stress relieve,passivate,75,17,2025-03-07,66.6,True
Q03183,housing,prismatic,1.2312,STEEL,forging + machining,316.18,261.23,216.69,140.4948,115.1575,3,5,0.051,3.24,none,none,7716,3752,2024-06-04,2030.45,False
Q03075,housing,prismatic,4140,STEEL,forging + machining,228.07,200.74,178.79,64.2585,39.1166,3,5,0.051,3.1,none,none,17668,1877,2025-08-26,978.39,True
Q02144,housing,prismatic,4140,STEEL,forging + machining,225.77,205.91,187.15,68.2992,45.3451,3,4,0.065,3.92,none,none,7008,5000,2023-09-08,943.08,True
Q04984,housing,prismatic,C45,STEEL,forging + machining,252.58,227.75,181.77,82.0823,64.9075,3,4,0.051,2.43,none,none,5285,4569,2021-01-15,553.99,False
Q03480,fitting,rotational,316L,STAINLESS,turn-mill,109.74,72.57,72.57,3.6309,2.7029,7,5,0.0485,2.94,none,none,2078,856,2024-04-22,75.02,True
Q03014,fitting,rotational,316L,STAINLESS,5-axis mill,102.35,66.32,66.32,2.8288,1.0638,10,6,0.052,4.97,none,none,6103,2823,2022-07-11,132.02,True
Q04173,fitting,rotational,303,STAINLESS,turn-mill,89.91,54.74,54.74,1.6928,1.3449,7,6,0.052,2.64,none,none,694,452,2023-07-07,24.06,False
Q00935,fitting,rotational,17-4PH H1025,STAINLESS,turning,99.38,64.08,64.08,2.5,0.5192,5,6,0.0824,2.33,none,none,2496,955,2023-02-08,72.97,False
Q01702,bushing,rotational,POM-C,POLYMER,5-axis mill,18.09,18.97,18.97,0.0072,0.0048,16,6,0.0239,1.0,stress relieve,passivate,3358,3142,2023-03-08,1.77,False
Q03027,bushing,rotational,POM-C,POLYMER,5-axis mill,18.71,19.9,19.9,0.0082,0.0017,9,5,0.0301,1.05,stress relieve,none,5614,5000,2021-04-03,0.85,True
Q02225,bushing,rotational,POM-C,POLYMER,5-axis mill,13.48,14.42,14.42,0.0031,0.0022,10,5,0.0279,1.46,stress relieve,none,4855,3206,2024-10-16,0.78,False
Q00559,bushing,rotational,PEEK,POLYMER,5-axis mill,17.69,19.43,19.43,0.0068,0.0052,10,5,0.0301,1.19,stress relieve,none,3017,2969,2021-11-26,1.76,False
Q03230,bushing,rotational,42CrMo4,STEEL,turn-mill,51.71,38.86,38.86,0.4814,0.1376,22,6,0.0255,5.0,none,nitride,1344,373,2025-05-29,34.33,True
Q04822,bushing,rotational,4140,STEEL,turn-mill,48.81,34.44,34.44,0.3569,0.1087,26,6,0.0255,4.86,none,nitride,1688,246,2025-04-04,21.08,False
Q00294,bushing,rotational,C45,STEEL,turn-mill,45.22,37.23,37.23,0.3865,0.137,18,4,0.0255,6.3,none,nitride,3959,3612,2023-10-06,17.05,True
Q02408,bushing,rotational,4140,STEEL,turn-mill,56.27,37.6,37.6,0.4904,0.2068,24,6,0.0255,6.3,none,nitride,9032,3159,2021-12-13,16.62,False
Q02714,flange,prismatic,4140,STEEL,5-axis mill,79.33,35.11,12.07,0.2638,0.2049,17,1,0.0456,5.68,none,zinc,27623,4483,2021-05-05,4.31,True
Q02022,flange,prismatic,S355JR,STEEL,5-axis mill,55.13,31.04,9.85,0.1323,0.052,19,2,0.0456,4.47,none,zinc,15156,3450,2022-12-03,5.07,True
Q00156,flange,prismatic,S355JR,STEEL,5-axis mill,106.45,58.5,16.76,0.8192,0.442,14,1,0.0456,5.53,none,zinc,18840,5000,2024-08-01,17.5,False
Q01935,flange,prismatic,S355JR,STEEL,5-axis mill,99.17,56.66,15.31,0.6752,0.4456,22,1,0.0463,4.61,none,zinc,9454,5000,2023-07-27,11.18,False
Q03546,gear blank,rotational,1.2312,STEEL,turn-mill,809.12,245.99,245.99,301.8623,132.5718,11,5,0.063,2.52,harden + temper,paint,5024,2304,2023-01-13,9857.46,False
Q03526,gear blank,rotational,16MnCr5,STEEL,turn-mill,696.99,184.93,184.93,146.9679,88.5532,15,6,0.063,2.87,harden + temper,nitride,1487,1270,2021-10-21,2353.2,False
Q04471,gear blank,rotational,1.2312,STEEL,turn-mill,636.54,175.73,175.73,121.1887,90.6082,11,5,0.063,2.83,harden + temper,nitride,1365,1231,2024-03-04,1830.94,True
Q04513,gear blank,rotational,1.2312,STEEL,turn-mill,427.17,148.47,148.47,58.0582,20.6806,12,6,0.063,2.15,harden + temper,nitride,2000,669,2025-10-21,1527.51,True
Q00055,gear blank,rotational,S355JR,STEEL,forging + machining,363.51,309.27,309.27,214.3694,139.2039,3,6,0.1075,6.08,none,none,79,44,2025-06-12,1767.33,False
Q03308,gear blank,rotational,4140,STEEL,forging + machining,435.73,403.21,403.21,436.7685,345.7437,7,6,0.1075,2.88,none,none,92,57,2025-05-11,4166.55,False
Q01081,gear blank,rotational,S355JR,STEEL,forging + machining,377.6,350.0,350.0,285.1768,199.2165,4,4,0.1075,4.92,none,none,191,91,2023-05-06,2442.17,False
Q00816,gear blank,rotational,C45,STEEL,forging + machining,374.13,398.25,398.25,365.8393,247.5429,3,4,0.0827,4.94,none,none,65,58,2021-03-02,3390.83,False
Q01157,manifold,prismatic,6082-T6,ALUMINIUM,3-axis mill,60.17,29.72,21.28,0.1028,0.064,5,2,0.0432,3.0,stress relieve,passivate,23231,5000,2025-07-07,3.97,False
Q03020,manifold,prismatic,6061-T6,ALUMINIUM,3-axis mill,65.81,32.25,21.79,0.1248,0.0346,4,2,0.0345,2.87,stress relieve,passivate,13319,5000,2025-11-05,5.8,False
Q04380,manifold,prismatic,6061-T6,ALUMINIUM,3-axis mill,70.07,30.76,22.79,0.1327,0.0823,5,3,0.0432,5.6,stress relieve,passivate,21005,5000,2022-05-12,3.79,True
Q02815,manifold,prismatic,6061-T6,ALUMINIUM,3-axis mill,77.04,35.26,25.35,0.1859,0.0992,5,3,0.0222,3.79,stress relieve,passivate,12239,5000,2022-12-15,7.95,False
Q00054,housing,prismatic,316L,STAINLESS,turn-mill,275.12,94.82,44.33,9.2515,2.6667,14,3,0.0427,2.09,harden + temper,anodise,50000,5000,2024-04-27,428.31,False
Q02718,housing,prismatic,304L,STAINLESS,turn-mill,272.22,98.53,45.51,9.7648,7.4855,11,1,0.0449,1.54,harden + temper,anodise,50000,5000,2025-09-24,163.1,False
Q04737,housing,prismatic,316L,STAINLESS,3-axis mill,308.03,114.15,54.23,15.2548,4.6321,5,2,0.0427,1.88,harden + temper,anodise,31233,5000,2022-10-09,468.24,True
Q03257,housing,prismatic,316L,STAINLESS,turn-mill,343.92,118.97,53.39,17.4758,7.4355,4,1,0.0427,1.55,harden + temper,anodise,50000,5000,2022-04-22,574.6,False
Q01645,pin,rotational,42CrMo4,STEEL,5-axis mill,22.42,5.77,5.77,0.0046,0.0034,25,3,0.0147,2.81,stress relieve,nitride,623,478,2021-07-15,4.76,False
Q02187,pin,rotational,16MnCr5,STEEL,5-axis mill,22.2,4.87,4.87,0.0032,0.0018,14,3,0.0084,4.75,stress relieve,nitride,1253,1214,2021-07-08,3.55,True
Q02259,pin,rotational,C45,STEEL,forging + machining,24.1,6.22,6.22,0.0058,0.0042,20,3,0.0147,4.0,stress relieve,passivate,297,88,2022-06-17,5.41,False
Q00154,pin,rotational,4140,STEEL,5-axis mill,19.18,4.66,4.66,0.0026,0.0011,16,5,0.0147,2.41,stress relieve,nitride,439,42,2024-08-04,25.82,False
Q02098,gear blank,rotational,1.2312,STEEL,turn-mill,284.1,101.22,101.22,17.9466,3.9465,14,2,0.058,5.15,solution + age,passivate,138,94,2023-09-14,698.11,False
Q04845,gear blank,rotational,C45,STEEL,turn-mill,459.58,161.38,161.38,73.7916,46.3715,24,1,0.058,3.93,solution + age,passivate,156,67,2021-02-24,1173.71,False
Q00516,gear blank,rotational,C45,STEEL,5-axis mill,329.54,106.93,106.93,23.2326,15.0837,15,3,0.058,3.62,solution + age,passivate,226,88,2024-07-01,445.24,False
Q01886,gear blank,rotational,1.2312,STEEL,5-axis mill,383.26,126.94,126.94,38.0735,8.5726,23,1,0.0754,3.97,solution + age,passivate,241,173,2025-02-09,1765.23,True
Q00152,manifold,prismatic,6061-T6,ALUMINIUM,turn-mill,485.72,464.73,52.1,31.7536,15.2762,3,6,0.0331,6.3,harden + temper,none,36,11,2022-07-29,1160.51,True
Q03100,manifold,prismatic,6082-T6,ALUMINIUM,turn-mill,379.73,307.4,37.21,11.7279,5.3918,10,6,0.0256,6.3,harden + temper,none,10,9,2022-02-25,563.9,False
Q02519,manifold,prismatic,7075-T6,ALUMINIUM,turn-mill,515.34,458.36,49.91,33.1304,12.997,7,6,0.011,6.3,harden + temper,none,22,4,2024-02-12,2552.43,False
Q01756,manifold,prismatic,6082-T6,ALUMINIUM,turn-mill,424.71,372.7,41.74,17.8367,10.7742,8,6,0.025,4.51,harden + temper,none,25,11,2023-05-13,574.89,True
Q03156,bracket,prismatic,15-5PH H1025,STAINLESS,5-axis mill,34.55,22.49,19.31,0.117,0.0507,5,3,0.0134,2.47,stress relieve,paint,41970,5000,2022-07-01,10.41,False
Q00750,bracket,prismatic,15-5PH H1025,STAINLESS,5-axis mill,40.34,27.01,21.44,0.1822,0.089,11,3,0.0063,2.89,stress relieve,paint,50000,5000,2026-03-23,17.88,False
Q03427,bracket,prismatic,17-4PH H1025,STAINLESS,5-axis mill,34.0,26.71,19.88,0.1408,0.0907,8,3,0.0068,3.51,stress relieve,paint,41589,5000,2025-10-08,12.16,True
Q04276,bracket,prismatic,15-5PH H1025,STAINLESS,forging + machining,35.91,26.88,19.27,0.1451,0.1017,4,2,0.0063,2.81,stress relieve,paint,49150,5000,2023-11-03,9.26,False
Q02229,shaft,rotational,S355JR,STEEL,turning,695.29,95.14,95.14,38.801,13.4158,12,2,0.0099,4.85,none,nitride,2565,1023,2024-01-10,681.64,True
Q02220,shaft,rotational,S355JR,STEEL,turning,840.26,112.68,112.68,65.7726,17.5059,7,2,0.0099,5.44,none,zinc,3838,3198,2024-09-30,1009.83,True
Q04823,shaft,rotational,4140,STEEL,turning,896.53,97.94,97.94,53.0199,13.6685,14,2,0.0099,6.3,none,none,7947,5000,2024-06-27,1614.68,False
Q01604,shaft,rotational,S355JR,STEEL,turning,853.94,100.5,100.5,53.1798,31.1002,8,1,0.0099,6.3,none,nitride,1987,500,2025-11-07,895.41,False
Q00361,flange,prismatic,16MnCr5,STEEL,forging + machining,53.31,61.3,6.69,0.1717,0.1121,7,1,0.068,6.3,solution + age,paint,4926,1647,2024-08-15,4.26,True
Q04913,flange,prismatic,4140,STEEL,forging + machining,59.83,60.5,8.38,0.2382,0.1565,12,1,0.068,5.74,solution + age,paint,1421,265,2024-10-30,7.68,False
Q02058,flange,prismatic,16MnCr5,STEEL,forging + machining,48.02,57.3,6.73,0.1453,0.0887,8,1,0.068,4.51,solution + age,paint,2368,1755,2025-01-22,3.66,False
Q03714,flange,prismatic,16MnCr5,STEEL,forging + machining,57.39,59.42,6.82,0.1825,0.1133,5,2,0.068,5.85,solution + age,paint,3102,468,2024-09-29,6.26,False
Q00963,fitting,rotational,Ti-6Al-4V,TITANIUM,forging + machining,194.26,193.73,193.73,25.3672,16.5298,4,2,0.0532,4.32,solution + age,none,1363,420,2025-01-18,3369.42,False
Q03284,fitting,rotational,Ti-6Al-4V ELI,TITANIUM,forging + machining,238.71,235.71,235.71,46.1445,32.3446,4,4,0.0397,4.61,solution + age,paint,6222,5000,2021-12-19,5793.27,False
Q02134,fitting,rotational,Ti-6Al-4V ELI,TITANIUM,forging + machining,190.7,191.36,191.36,24.297,19.5624,8,4,0.0335,4.53,solution + age,none,944,580,2024-04-25,3461.9,True
Q01342,fitting,rotational,Ti-6Al-4V ELI,TITANIUM,forging + machining,191.36,197.87,197.87,26.0678,17.6145,5,4,0.0335,2.95,solution + age,passivate,597,585,2021-04-27,3967.77,False
Q04126,fitting,rotational,440C,STAINLESS,turn-mill,71.29,51.61,51.61,1.1453,0.6348,22,3,0.0171,4.38,harden + temper,anodise,9453,5000,2022-02-02,86.16,False
Q04390,fitting,rotational,316L,STAINLESS,5-axis mill,57.95,44.29,44.29,0.7143,0.4849,28,1,0.0171,5.57,harden + temper,anodise,50000,5000,2026-05-02,39.79,False
Q01837,fitting,rotational,440C,STAINLESS,turn-mill,57.54,41.82,41.82,0.6069,0.2516,23,1,0.0069,2.89,harden + temper,anodise,50000,5000,2024-10-10,68.27,False
Q00514,fitting,rotational,303,STAINLESS,5-axis mill,56.81,39.72,39.72,0.563,0.3707,20,3,0.0171,4.89,harden + temper,anodise,38900,5000,2022-09-03,12.81,False
Q01657,manifold,prismatic,Ti-6Al-4V,TITANIUM,turn-mill,138.47,109.36,35.23,2.3633,1.5873,8,3,0.0622,6.3,solution + age,passivate,577,112,2025-02-16,276.24,False
Q00523,manifold,prismatic,Ti-6Al-4V ELI,TITANIUM,turn-mill,190.17,139.46,46.0,5.4039,2.9899,3,4,0.0396,3.9,solution + age,passivate,871,251,2023-05-19,706.12,False
Q02262,manifold,prismatic,Ti-10V-2Fe-3Al,TITANIUM,turn-mill,112.58,94.05,32.01,1.576,0.946,3,3,0.0622,6.3,solution + age,passivate,2815,1604,2021-02-11,250.21,False
Q00492,manifold,prismatic,Ti-10V-2Fe-3Al,TITANIUM,turn-mill,153.47,107.07,39.33,3.0054,1.333,11,3,0.0622,6.3,solution + age,none,2004,475,2025-10-08,529.14,True
Q03665,fitting,rotational,Inconel 718,NICKEL,turning,66.88,39.07,39.07,0.6566,0.3702,9,3,0.0057,4.45,solution + age,nitride,96,13,2023-03-19,104.81,False
Q00213,fitting,rotational,Inconel 625,NICKEL,turning,74.96,54.43,54.43,1.472,0.8842,3,2,0.0111,3.24,solution + age,nitride,32,15,2021-09-16,121.04,True
Q04691,fitting,rotational,Inconel 718,NICKEL,turning,72.62,44.05,44.05,0.9065,0.5212,13,3,0.0091,3.59,solution + age,nitride,142,95,2024-07-24,111.58,True
Q04662,fitting,rotational,Inconel 625,NICKEL,turning,76.08,53.87,53.87,1.4634,0.7019,9,2,0.006,4.76,solution + age,zinc,106,82,2025-06-20,257.0,False
Q04329,manifold,prismatic,6082-T6,ALUMINIUM,3-axis mill,52.26,37.73,31.29,0.1666,0.0367,7,3,0.2,1.4,harden + temper,nitride,352,199,2021-03-14,8.47,True
Q01946,manifold,prismatic,6082-T6,ALUMINIUM,3-axis mill,77.52,55.97,45.08,0.5281,0.1862,10,5,0.1785,1.17,harden + temper,nitride,293,41,2025-03-07,26.77,False
Q01061,manifold,prismatic,2024-T3,ALUMINIUM,3-axis mill,69.42,47.06,38.83,0.3527,0.0941,5,3,0.1785,1.58,harden + temper,nitride,481,29,2023-04-02,22.25,False
Q04970,manifold,prismatic,6026-T9,ALUMINIUM,3-axis mill,72.44,51.07,38.49,0.3845,0.1099,11,5,0.1785,1.56,harden + temper,nitride,866,775,2024-12-03,16.52,False
Q00092,gear blank,rotational,304L,STAINLESS,turning,1394.64,408.17,408.17,1459.8976,439.4754,12,1,0.0325,6.17,none,anodise,182,150,2022-08-15,27142.96,True
Q01909,gear blank,rotational,17-4PH H1025,STAINLESS,turning,1857.11,421.72,421.72,2023.3432,1472.9127,14,1,0.0326,5.25,none,anodise,380,146,2024-10-31,36618.92,False
Q00969,gear blank,rotational,15-5PH H1025,STAINLESS,turning,2279.99,548.83,548.83,4207.22,2883.3608,7,1,0.0326,5.95,none,anodise,260,136,2025-07-26,112594.32,False
Q02012,gear blank,rotational,316L,STAINLESS,turning,2102.36,544.28,544.28,3913.2052,1252.6551,14,1,0.0248,6.3,none,anodise,198,130,2021-10-13,138847.37,False
Q01795,bracket,prismatic,Ti-10V-2Fe-3Al,TITANIUM,forging + machining,22.73,17.7,4.64,0.0087,0.0073,8,2,0.005,2.66,solution + age,anodise,28,12,2022-02-25,18.36,False
Q01681,bracket,prismatic,Ti-10V-2Fe-3Al,TITANIUM,forging + machining,15.6,11.76,4.0,0.0034,0.0021,8,2,0.005,3.55,solution + age,anodise,56,29,2022-05-09,14.44,True
Q02311,bracket,prismatic,Ti-10V-2Fe-3Al,TITANIUM,forging + machining,15.96,13.4,4.0,0.004,0.0026,16,2,0.0059,1.4,solution + age,anodise,20,17,2023-12-11,15.18,False
Q01086,bracket,prismatic,Ti-6Al-4V ELI,TITANIUM,forging + machining,15.93,11.89,4.06,0.0034,0.0029,7,1,0.005,4.37,solution + age,anodise,21,5,2022-07-19,27.41,False
Q03411,pin,rotational,C45,STEEL,5-axis mill,38.53,5.7,5.7,0.0077,0.002,13,3,0.0636,3.53,harden + temper,paint,146,71,2022-02-04,6.69,True
Q03619,pin,rotational,42CrMo4,STEEL,5-axis mill,32.22,5.02,5.02,0.005,0.0026,16,5,0.054,3.28,harden + temper,anodise,438,248,2021-03-15,5.56,False
Q02003,pin,rotational,4140,STEEL,forging + machining,46.86,6.27,6.27,0.0114,0.0081,9,4,0.0636,3.45,harden + temper,anodise,67,57,2024-09-17,9.73,True
Q04451,pin,rotational,42CrMo4,STEEL,turning,39.28,5.36,5.36,0.007,0.0016,12,5,0.0416,3.16,harden + temper,paint,139,89,2025-07-09,5.45,False
Q03922,bracket,prismatic,7075-T6,ALUMINIUM,turn-mill,50.72,50.36,24.14,0.1733,0.0632,12,4,0.0403,1.47,stress relieve,nitride,5163,2089,2025-10-02,13.27,True
Q03118,bracket,prismatic,7075-T6,ALUMINIUM,5-axis mill,36.11,33.58,17.48,0.0596,0.0218,6,4,0.0339,1.61,stress relieve,nitride,3179,499,2024-05-28,13.42,False
Q02898,bracket,prismatic,6026-T9,ALUMINIUM,5-axis mill,31.04,33.3,17.55,0.049,0.0158,7,6,0.0339,1.39,stress relieve,nitride,1909,266,2021-05-21,9.66,False
Q00985,bracket,prismatic,7075-T6,ALUMINIUM,5-axis mill,34.78,30.99,16.12,0.0488,0.017,4,5,0.0313,1.7,stress relieve,nitride,2659,483,2021-01-04,7.99,False
Q00122,housing,prismatic,1.2312,STEEL,forging + machining,149.59,138.8,116.74,19.0274,11.5647,9,3,0.0472,2.55,none,passivate,9566,5000,2022-02-20,520.65,False
Q04621,housing,prismatic,1.2312,STEEL,forging + machining,104.06,105.8,97.41,8.4183,5.6104,3,4,0.0472,2.16,none,paint,4961,3770,2025-09-01,182.14,True
Q02576,housing,prismatic,1.2312,STEEL,forging + machining,92.0,101.28,80.1,5.8585,3.888,4,4,0.0319,2.9,none,nitride,6433,5000,2026-02-28,176.05,False
Q03559,housing,prismatic,1.2312,STEEL,forging + machining,120.97,132.34,98.67,12.4007,8.0102,6,4,0.0813,2.44,none,zinc,5098,4740,2024-12-26,280.53,True
Q04152,gear blank,rotational,4140,STEEL,forging + machining,261.18,214.91,214.91,74.375,54.4415,3,5,0.0713,6.3,harden + temper,none,9107,5000,2021-02-22,992.87,False
Q00705,gear blank,rotational,C45,STEEL,forging + machining,209.38,187.17,187.17,45.2235,36.6271,3,6,0.0713,5.72,harden + temper,none,30525,5000,2024-10-27,374.76,False
Q02199,gear blank,rotational,C45,STEEL,forging + machining,204.78,165.11,165.11,34.4173,22.8897,9,6,0.0713,5.08,harden + temper,none,7467,5000,2023-12-19,486.61,False
Q03762,gear blank,rotational,C45,STEEL,forging + machining,239.91,190.9,190.9,53.9046,32.5151,10,6,0.0713,5.37,harden + temper,none,10175,5000,2026-04-17,790.55,True
Q02371,bracket,prismatic,Ti-6Al-4V ELI,TITANIUM,3-axis mill,289.84,159.17,119.74,24.4709,16.1807,6,1,0.0476,2.72,solution + age,zinc,513,233,2026-02-03,2883.46,False
Q02751,bracket,prismatic,Ti-10V-2Fe-3Al,TITANIUM,3-axis mill,277.79,152.62,96.57,19.0388,12.9086,7,2,0.0476,2.88,solution + age,nitride,145,106,2025-05-13,2687.24,False
Q01063,bracket,prismatic,Ti-6Al-4V,TITANIUM,3-axis mill,292.42,164.25,122.84,26.137,14.2957,7,2,0.0476,2.18,solution + age,none,1117,345,2023-05-23,2964.18,False
Q02550,bracket,prismatic,Ti-6Al-4V ELI,TITANIUM,5-axis mill,304.3,167.68,123.42,27.8986,20.9447,12,1,0.0476,2.4,solution + age,zinc,563,535,2023-03-03,4039.02,False
Q01199,gear blank,rotational,S355JR,STEEL,turn-mill,581.58,510.12,510.12,933.0656,287.2562,13,6,0.0281,4.29,solution + age,passivate,941,347,2025-01-12,26803.84,False
Q01448,gear blank,rotational,S355JR,STEEL,turn-mill,552.34,451.85,451.85,695.2674,549.4536,19,6,0.0281,3.69,solution + age,anodise,357,316,2023-12-16,7995.93,False
Q01967,gear blank,rotational,S355JR,STEEL,turn-mill,504.74,484.13,484.13,729.3777,549.9961,11,4,0.0656,3.36,solution + age,anodise,1026,155,2022-09-10,6111.75,False
Q02151,gear blank,rotational,S355JR,STEEL,turn-mill,495.29,472.7,472.7,682.3241,156.55,20,4,0.0468,5.09,solution + age,anodise,428,160,2024-12-03,18943.77,True
Q04528,shaft,rotational,304L,STAINLESS,forging + machining,261.62,62.24,62.24,6.3682,4.1253,3,4,0.0384,3.14,solution + age,zinc,4879,423,2023-11-24,133.84,True
Q04012,shaft,rotational,440C,STAINLESS,forging + machining,331.06,81.2,81.2,13.1658,8.2877,7,3,0.0384,1.56,solution + age,zinc,26752,5000,2022-11-16,451.42,False
Q00084,shaft,rotational,440C,STAINLESS,forging + machining,278.58,66.9,66.9,7.521,5.8956,6,3,0.0916,2.97,solution + age,zinc,3603,2697,2023-09-30,238.14,True
Q00601,shaft,rotational,316L,STAINLESS,forging + machining,250.76,62.65,62.65,6.1852,4.1653,3,5,0.0302,2.43,solution + age,zinc,7936,5000,2025-07-07,196.28,False
Q00425,housing,prismatic,1.2312,STEEL,5-axis mill,221.0,269.23,93.33,43.5908,34.6566,3,4,0.0698,2.36,harden + temper,passivate,1597,917,2025-01-31,666.75,False
Q04289,housing,prismatic,16MnCr5,STEEL,5-axis mill,151.62,201.52,76.87,18.4375,5.1953,3,5,0.0698,4.4,harden + temper,passivate,2199,367,2025-05-08,433.78,False
Q02314,housing,prismatic,16MnCr5,STEEL,5-axis mill,303.49,320.24,142.71,108.8813,32.4149,9,4,0.0698,4.15,harden + temper,passivate,581,537,2022-10-22,3243.88,False
Q04309,housing,prismatic,C45,STEEL,5-axis mill,261.67,279.2,121.24,69.5316,15.9763,8,6,0.0698,2.48,harden + temper,anodise,4427,2818,2022-08-16,2096.65,False
Q01035,flange,prismatic,Waspaloy,NICKEL,turn-mill,267.8,68.41,27.63,4.1451,2.0203,19,4,0.0126,4.12,none,zinc,1370,336,2022-06-12,1049.44,False
Q01052,flange,prismatic,Waspaloy,NICKEL,3-axis mill,290.38,64.78,27.69,4.2664,1.2899,20,3,0.0129,3.17,none,zinc,2028,1751,2023-02-23,992.11,True
Q04560,flange,prismatic,Waspaloy,NICKEL,3-axis mill,249.41,64.12,24.41,3.1976,1.7396,17,3,0.0094,3.74,none,zinc,1782,138,2022-05-30,514.68,False
Q03916,flange,prismatic,Waspaloy,NICKEL,3-axis mill,295.01,75.26,34.11,6.2028,3.4657,15,4,0.0126,3.33,none,none,952,799,2024-10-24,1107.17,False
Q00038,fitting,rotational,Ti-6Al-4V ELI,TITANIUM,forging + machining,230.12,224.59,224.59,40.3877,32.1139,10,4,0.0183,2.9,harden + temper,zinc,43178,5000,2024-05-10,7374.18,False
Q04791,fitting,rotational,Ti-10V-2Fe-3Al,TITANIUM,forging + machining,246.64,241.25,241.25,52.4248,37.0367,3,4,0.0272,2.89,harden + temper,anodise,27064,5000,2025-04-25,9590.96,False
Q00773,fitting,rotational,Ti-10V-2Fe-3Al,TITANIUM,turning,231.86,222.34,222.34,41.8602,10.9793,5,4,0.0221,3.08,harden + temper,none,31801,5000,2025-01-24,6717.57,False
Q03710,fitting,rotational,Ti-6Al-4V ELI,TITANIUM,forging + machining,222.34,241.95,241.95,45.2865,36.8213,7,3,0.0372,3.15,harden + temper,none,22292,5000,2022-03-13,5783.49,False
Q04623,housing,prismatic,16MnCr5,STEEL,forging + machining,288.37,270.41,211.23,129.3007,105.6757,3,5,0.0688,4.59,harden + temper,passivate,51,37,2022-11-02,1203.56,False
Q00138,housing,prismatic,16MnCr5,STEEL,forging + machining,352.09,301.95,240.89,201.0372,132.5673,3,3,0.0688,4.18,harden + temper,nitride,50,34,2024-08-19,2787.22,False
Q03998,housing,prismatic,42CrMo4,STEEL,forging + machining,319.94,296.65,244.38,182.0753,145.452,3,4,0.0688,4.25,harden + temper,anodise,123,95,2026-05-29,3088.58,False
Q00598,housing,prismatic,1.2312,STEEL,forging + machining,238.86,219.66,173.09,71.2926,56.4269,8,4,0.0688,4.96,harden + temper,passivate,244,212,2025-01-02,1220.63,False
Q00339,gear blank,rotational,S355JR,STEEL,turn-mill,105.96,94.95,94.95,5.8893,3.2743,60,2,0.0191,0.59,stress relieve,passivate,13,1,2025-07-16,493.04,True
Q00216,gear blank,rotational,1.2312,STEEL,turn-mill,130.92,117.88,117.88,11.2152,4.478,54,2,0.0191,0.67,stress relieve,passivate,15,3,2025-01-18,1127.21,False
Q00718,gear blank,rotational,1.2312,STEEL,turn-mill,136.85,126.12,126.12,13.4202,10.3658,57,1,0.0162,0.64,stress relieve,passivate,10,8,2025-03-17,520.79,False
Q04973,gear blank,rotational,1.2312,STEEL,turn-mill,113.1,102.43,102.43,7.3152,2.3341,60,2,0.0191,0.72,stress relieve,passivate,10,8,2025-08-16,635.48,False
Q04957,gear blank,rotational,C45,STEEL,turn-mill,421.71,195.88,195.88,99.762,23.0534,60,5,0.0058,6.3,harden + temper,anodise,722,353,2026-03-13,9992.21,True
Q00391,gear blank,rotational,C45,STEEL,turn-mill,422.43,206.83,206.83,111.4187,32.156,60,4,0.005,6.3,harden + temper,anodise,494,223,2024-06-01,12318.08,False
Q00414,gear blank,rotational,C45,STEEL,5-axis mill,365.44,191.28,191.28,82.4347,30.7327,60,4,0.0086,5.71,harden + temper,anodise,1005,865,2021-02-25,4916.38,True
Q00223,gear blank,rotational,C45,STEEL,turn-mill,387.68,176.01,176.01,74.0485,35.2738,58,5,0.005,6.3,harden + temper,anodise,453,406,2022-02-18,4320.51,False
Q00307,plate,prismatic,316L,STAINLESS,forging + machining,71.98,44.17,34.57,0.8793,0.584,3,1,0.005,1.78,harden + temper,anodise,1409,801,2025-01-22,46.31,False
Q04715,plate,prismatic,316L,STAINLESS,forging + machining,78.62,54.33,36.66,1.2529,0.995,3,3,0.005,1.42,harden + temper,anodise,395,212,2023-05-20,53.2,False
Q04149,plate,prismatic,316L,STAINLESS,forging + machining,87.72,56.59,37.53,1.4906,1.213,6,2,0.005,1.41,harden + temper,anodise,720,611,2025-03-25,55.24,False
Q01009,plate,prismatic,304L,STAINLESS,forging + machining,80.21,52.86,33.82,1.1471,0.8077,3,2,0.005,1.79,harden + temper,anodise,2257,1239,2022-09-14,29.91,True
Q01564,housing,prismatic,6026-T9,ALUMINIUM,turn-mill,450.6,238.32,208.55,60.4669,32.4439,10,4,0.0802,6.3,stress relieve,none,7200,1220,2023-12-21,1328.6,False
Q04125,housing,prismatic,6082-T6,ALUMINIUM,turn-mill,397.69,231.43,194.55,48.3445,38.2063,7,4,0.1329,5.73,stress relieve,anodise,4615,3622,2025-02-10,686.22,True
Q01091,housing,prismatic,6026-T9,ALUMINIUM,turn-mill,399.11,246.39,173.47,46.0584,22.1093,5,4,0.1329,6.3,stress relieve,none,7276,5000,2023-08-20,910.83,False
Q04202,housing,prismatic,2024-T3,ALUMINIUM,turn-mill,406.51,253.73,201.29,57.7176,39.5043,10,5,0.1329,4.47,stress relieve,none,18907,5000,2024-01-15,1586.4,False
Q03186,plate,prismatic,6082-T6,ALUMINIUM,turn-mill,946.58,883.32,535.95,1209.9408,761.339,17,5,0.0347,1.98,solution + age,passivate,6507,3940,2021-06-25,35838.16,True
Q01506,plate,prismatic,6026-T9,ALUMINIUM,turn-mill,959.66,767.98,481.45,958.025,701.6163,17,5,0.0347,1.73,solution + age,passivate,6601,1925,2024-03-04,19118.4,False
Q03804,plate,prismatic,6026-T9,ALUMINIUM,5-axis mill,711.14,655.24,401.44,505.0602,365.0214,19,6,0.0347,2.54,solution + age,passivate,8944,5000,2024-11-15,11719.03,False
Q03410,plate,prismatic,5083-H111,ALUMINIUM,turn-mill,1181.84,956.86,577.75,1737.9034,753.5418,17,6,0.0347,2.09,solution + age,anodise,10800,2915,2026-03-13,119329.34,True
Q02357,gear blank,rotational,S355JR,STEEL,forging + machining,330.68,288.89,288.89,170.1571,112.4641,3,4,0.0969,0.98,solution + age,zinc,107,92,2023-05-15,1505.57,False
Q03077,gear blank,rotational,C45,STEEL,forging + machining,380.35,276.77,276.77,179.6259,125.6222,3,2,0.0969,1.56,solution + age,zinc,50,46,2025-03-17,2084.03,False
Q01496,gear blank,rotational,42CrMo4,STEEL,forging + machining,330.58,241.42,241.42,118.7911,99.1362,3,3,0.0969,1.26,solution + age,nitride,103,97,2022-03-27,1333.74,False
Q00861,gear blank,rotational,C45,STEEL,forging + machining,379.04,290.61,290.61,197.3584,126.239,13,4,0.0694,1.15,solution + age,zinc,47,32,2025-07-26,2689.49,False
Q00628,gear blank,rotational,16MnCr5,STEEL,5-axis mill,345.13,85.41,85.41,15.5221,7.3534,12,6,0.041,5.73,solution + age,zinc,10,3,2022-06-28,613.14,True
Q04990,gear blank,rotational,16MnCr5,STEEL,5-axis mill,400.67,120.14,120.14,35.655,12.0994,18,5,0.0561,4.14,solution + age,zinc,10,2,2025-08-11,1294.31,True
Q00728,gear blank,rotational,16MnCr5,STEEL,5-axis mill,313.1,83.03,83.03,13.3076,7.9543,19,5,0.041,6.05,solution + age,nitride,22,6,2023-03-10,499.64,False
Q02239,gear blank,rotational,16MnCr5,STEEL,5-axis mill,333.94,96.55,96.55,19.1907,13.0123,14,6,0.041,6.3,solution + age,none,25,14,2022-07-03,450.38,False
Q02920,bushing,rotational,4140,STEEL,turning,84.93,39.9,39.9,0.8338,0.3592,22,6,0.0198,4.65,solution + age,paint,17781,3443,2024-12-29,22.43,True
Q00804,bushing,rotational,16MnCr5,STEEL,forging + machining,83.53,42.82,42.82,0.9442,0.6025,24,5,0.0201,4.83,solution + age,anodise,22190,4388,2024-10-16,32.49,False
Q00719,bushing,rotational,42CrMo4,STEEL,turn-mill,71.58,33.63,33.63,0.4992,0.3,14,5,0.0113,5.65,solution + age,paint,15521,5000,2025-03-20,17.21,True
Q04855,bushing,rotational,4140,STEEL,turning,78.93,34.4,34.4,0.5757,0.2477,23,5,0.0198,4.56,solution + age,paint,25556,4038,2021-01-15,12.3,True
Q00742,shaft,rotational,316L,STAINLESS,forging + machining,617.52,173.44,173.44,116.7102,73.2818,5,2,0.0179,1.43,none,paint,157,122,2024-03-22,4561.02,False
Q04137,shaft,rotational,15-5PH H1025,STAINLESS,5-axis mill,508.83,121.83,121.83,46.2696,27.1434,6,2,0.0094,1.02,none,anodise,125,96,2023-03-08,2978.54,False
Q02603,shaft,rotational,304L,STAINLESS,forging + machining,478.0,122.09,122.09,44.7693,31.9502,3,4,0.0169,1.73,none,anodise,131,130,2026-04-30,1007.42,False
Q00951,shaft,rotational,15-5PH H1025,STAINLESS,forging + machining,408.04,118.43,118.43,35.0576,21.8158,9,4,0.0169,0.95,none,anodise,178,160,2021-01-19,2393.02,False
Q03976,pin,rotational,13-8Mo H1000,STAINLESS,turning,5.98,5.6,5.6,0.0011,0.0008,6,4,0.1245,0.64,none,paint,1007,706,2023-05-07,1.49,False
Q00565,pin,rotational,13-8Mo H1000,STAINLESS,turning,4.35,4.27,4.27,0.0005,0.0001,3,2,0.0717,0.55,none,paint,990,486,2026-02-08,1.42,False
Q01635,pin,rotational,440C,STAINLESS,turning,4.28,4.0,4.0,0.0004,0.0001,3,2,0.0717,0.67,none,paint,543,370,2025-04-08,1.29,False
Q00913,pin,rotational,303,STAINLESS,turning,5.68,4.95,4.95,0.0009,0.0005,7,3,0.2,0.79,none,paint,253,76,2022-05-04,3.24,False
Q01569,shaft,rotational,16MnCr5,STEEL,turn-mill,65.41,10.7,10.7,0.0461,0.0254,15,5,0.0282,0.96,stress relieve,passivate,719,79,2021-08-15,9.44,False
Q01068,shaft,rotational,16MnCr5,STEEL,turn-mill,66.92,12.9,12.9,0.0687,0.0537,10,6,0.0261,0.96,stress relieve,passivate,308,21,2022-05-26,36.86,False
Q03466,shaft,rotational,16MnCr5,STEEL,turn-mill,70.27,11.94,11.94,0.0618,0.0457,15,4,0.0171,0.89,stress relieve,paint,278,276,2024-03-20,4.66,True
Q02615,shaft,rotational,16MnCr5,STEEL,turn-mill,74.76,11.75,11.75,0.0636,0.0137,16,5,0.0171,0.84,stress relieve,passivate,1190,1154,2022-09-26,5.74,False
Q00063,flange,prismatic,Waspaloy,NICKEL,3-axis mill,227.66,62.85,30.39,3.562,1.1142,25,5,0.0086,2.89,solution + age,zinc,44843,5000,2026-03-16,1320.77,False
Q02382,flange,prismatic,Inconel 625,NICKEL,turn-mill,238.32,68.94,31.05,4.3058,1.4194,18,5,0.0124,3.04,solution + age,zinc,16147,5000,2021-12-20,1030.47,False
Q00264,flange,prismatic,Inconel 718,NICKEL,3-axis mill,181.9,49.64,21.26,1.5727,0.8752,26,3,0.0086,2.59,solution + age,paint,50000,5000,2023-12-31,331.66,True
Q00781,flange,prismatic,Inconel 718,NICKEL,3-axis mill,211.75,62.59,27.41,2.9753,1.0974,17,5,0.0105,2.29,solution + age,zinc,36746,5000,2023-04-07,466.19,True
Q04909,bushing,rotational,C101,COPPER,5-axis mill,121.88,67.32,67.32,3.8785,0.7897,60,5,0.1296,0.83,none,none,33,10,2025-10-04,249.36,False
Q02829,bushing,rotational,C101,COPPER,5-axis mill,141.46,73.7,73.7,5.3954,3.7808,54,4,0.1296,0.61,none,passivate,29,6,2023-08-11,248.9,False
Q03204,bushing,rotational,C101,COPPER,5-axis mill,121.82,66.16,66.16,3.7442,2.3907,60,5,0.1296,0.55,none,passivate,45,39,2026-04-17,134.1,False
Q04744,bushing,rotational,C101,COPPER,5-axis mill,125.66,66.85,66.85,3.9434,3.1232,60,4,0.1296,0.6,none,passivate,29,21,2022-10-18,127.7,False
Q02736,bracket,prismatic,13-8Mo H1000,STAINLESS,5-axis mill,46.06,21.42,20.86,0.1597,0.0926,3,4,0.0059,3.74,stress relieve,paint,250,202,2023-07-31,18.55,False
Q01189,bracket,prismatic,17-4PH H1025,STAINLESS,forging + machining,46.09,24.14,21.8,0.1893,0.1286,3,5,0.005,3.11,stress relieve,anodise,185,127,2024-12-16,15.59,True
Q01188,bracket,prismatic,304L,STAINLESS,5-axis mill,35.74,16.63,15.32,0.0728,0.0421,3,5,0.005,1.46,stress relieve,anodise,370,253,2022-06-12,6.64,True
Q03263,bracket,prismatic,13-8Mo H1000,STAINLESS,5-axis mill,44.15,21.18,17.45,0.1266,0.0434,3,4,0.005,4.6,stress relieve,anodise,206,124,2026-02-21,23.84,True
Q00096,shaft,rotational,16MnCr5,STEEL,turn-mill,524.43,58.25,58.25,10.9702,7.0123,5,2,0.1195,5.11,stress relieve,none,44523,5000,2024-05-03,129.34,False
Q04972,shaft,rotational,16MnCr5,STEEL,turning,761.41,67.03,67.03,21.095,13.2054,3,2,0.1195,5.47,stress relieve,none,30427,5000,2025-04-06,148.8,False
Q02370,shaft,rotational,16MnCr5,STEEL,forging + machining,458.53,53.76,53.76,8.1705,5.6524,3,2,0.0974,4.21,stress relieve,none,9113,4364,2025-08-30,107.87,False
Q00999,shaft,rotational,16MnCr5,STEEL,forging + machining,620.78,64.98,64.98,16.1614,11.3356,12,2,0.1195,6.3,stress relieve,none,11939,5000,2026-02-27,200.48,False
Q04073,housing,prismatic,42CrMo4,STEEL,5-axis mill,423.48,339.14,253.34,285.6171,223.52,11,5,0.0866,2.02,harden + temper,anodise,274,160,2024-05-24,3462.71,False
Q04185,housing,prismatic,1.2312,STEEL,5-axis mill,376.53,335.68,234.32,232.4937,163.6086,6,5,0.0907,2.39,harden + temper,none,527,176,2021-11-02,3891.83,False
Q04772,housing,prismatic,42CrMo4,STEEL,5-axis mill,358.78,354.29,239.51,238.9945,115.7099,6,3,0.0907,3.21,harden + temper,none,218,78,2026-06-17,6318.27,True
Q02263,housing,prismatic,42CrMo4,STEEL,5-axis mill,379.04,376.27,258.39,289.2899,91.1213,4,3,0.05,2.96,harden + temper,none,168,81,2021-03-19,9387.8,False
Q02042,bracket,prismatic,Ti-6Al-4V ELI,TITANIUM,5-axis mill,35.79,21.61,21.27,0.0729,0.0436,20,5,0.0461,3.86,stress relieve,nitride,11,2,2023-08-26,452.71,True
Q00854,bracket,prismatic,Ti-6Al-4V,TITANIUM,5-axis mill,32.91,20.28,20.59,0.0609,0.0234,14,5,0.0609,4.51,stress relieve,passivate,11,6,2023-03-16,135.51,False
Q03699,bracket,prismatic,Ti-10V-2Fe-3Al,TITANIUM,5-axis mill,30.24,21.15,19.85,0.059,0.0436,14,4,0.0461,5.73,stress relieve,passivate,20,15,2022-11-16,47.52,False
Q01175,bracket,prismatic,Ti-6Al-4V,TITANIUM,5-axis mill,25.51,18.92,17.81,0.0381,0.0147,18,5,0.0448,6.24,stress relieve,passivate,14,8,2021-12-01,128.37,False
Q00687,gear blank,rotational,C45,STEEL,turn-mill,347.59,163.79,163.79,57.4931,16.2368,17,2,0.0235,6.06,solution + age,paint,109,8,2021-09-21,2061.66,False
Q02747,gear blank,rotational,C45,STEEL,turn-mill,330.65,157.63,157.63,50.6542,11.4235,18,3,0.0299,5.24,solution + age,paint,48,28,2024-05-04,1569.98,True
Q02915,gear blank,rotational,C45,STEEL,turn-mill,306.15,154.66,154.66,45.1504,31.3875,10,3,0.0386,3.1,solution + age,paint,134,14,2026-04-20,798.15,False
Q04887,gear blank,rotational,C45,STEEL,turn-mill,352.15,174.11,174.11,65.8177,50.642,21,2,0.0189,5.02,solution + age,zinc,217,96,2026-04-15,1153.27,False
Q03413,flange,prismatic,7075-T6,ALUMINIUM,3-axis mill,54.22,18.41,5.2,0.0146,0.004,3,2,0.169,0.4,harden + temper,zinc,43,3,2024-02-02,61.71,True
Q04306,flange,prismatic,5083-H111,ALUMINIUM,3-axis mill,46.84,17.69,4.44,0.0098,0.0078,4,1,0.0634,0.68,harden + temper,zinc,10,8,2025-03-08,13.4,False
Q03942,flange,prismatic,6082-T6,ALUMINIUM,3-axis mill,49.55,18.61,4.53,0.0113,0.0086,7,1,0.0753,0.5,harden + temper,zinc,25,2,2024-10-15,39.34,True
Q02734,flange,prismatic,5083-H111,ALUMINIUM,forging + machining,46.09,12.7,4.04,0.0063,0.0042,3,1,0.0668,0.68,harden + temper,zinc,17,16,2024-04-09,8.29,False
Q03254,manifold,prismatic,5083-H111,ALUMINIUM,turn-mill,217.49,207.87,26.63,3.2029,2.353,8,6,0.0247,4.28,harden + temper,none,4750,1559,2021-12-02,113.68,False
Q03064,manifold,prismatic,6026-T9,ALUMINIUM,3-axis mill,172.85,180.87,25.21,2.1279,0.6075,18,6,0.0247,6.3,harden + temper,none,11975,5000,2022-07-08,58.15,True
Q02602,manifold,prismatic,6061-T6,ALUMINIUM,5-axis mill,196.58,168.94,22.62,2.0288,1.2843,13,5,0.0247,4.59,harden + temper,none,38486,5000,2023-01-15,66.59,False
Q01323,manifold,prismatic,5083-H111,ALUMINIUM,turn-mill,209.22,182.38,27.22,2.7623,1.8065,15,6,0.0152,4.65,harden + temper,none,17130,5000,2024-11-08,140.9,True
Q02611,housing,prismatic,2024-T3,ALUMINIUM,turn-mill,201.87,169.02,80.2,7.607,4.479,3,1,0.0968,3.74,harden + temper,nitride,1770,908,2021-11-14,170.38,False
Q01725,housing,prismatic,5083-H111,ALUMINIUM,turn-mill,201.93,166.15,81.43,7.267,2.3729,5,1,0.0822,5.45,harden + temper,zinc,1844,1374,2026-07-01,556.1,False
Q01978,housing,prismatic,6026-T9,ALUMINIUM,turn-mill,196.77,170.36,79.76,7.2183,2.9959,8,1,0.0794,5.74,harden + temper,paint,2897,2070,2026-02-23,195.78,False
Q02515,housing,prismatic,6061-T6,ALUMINIUM,turn-mill,214.42,161.93,85.73,8.0371,1.6655,3,1,0.0822,6.3,harden + temper,paint,1230,213,2025-05-23,245.04,True
Q04731,shaft,rotational,304L,STAINLESS,turning,445.25,108.16,108.16,32.7246,18.7357,3,6,0.0606,1.39,harden + temper,zinc,21636,3508,2025-11-03,468.5,True
Q03594,shaft,rotational,304L,STAINLESS,turning,521.2,142.85,142.85,66.8277,52.7884,3,5,0.0464,1.28,harden + temper,zinc,50000,5000,2024-01-09,751.02,False
Q03107,shaft,rotational,304L,STAINLESS,turning,629.57,169.82,169.82,114.0774,50.8411,4,6,0.0606,2.06,harden + temper,zinc,50000,5000,2022-07-30,1410.33,False
Q04162,shaft,rotational,304L,STAINLESS,turning,700.13,171.1,171.1,128.778,70.0936,3,5,0.0319,1.81,harden + temper,zinc,50000,5000,2021-01-27,1873.1,False
Q03823,fitting,rotational,Ti-6Al-4V,TITANIUM,forging + machining,191.22,122.62,122.62,10.0033,6.8928,3,1,0.0169,4.11,stress relieve,none,32033,3079,2022-03-16,1287.83,False
Q04366,fitting,rotational,Ti-10V-2Fe-3Al,TITANIUM,forging + machining,250.5,159.16,159.16,23.1759,18.9911,3,2,0.015,3.63,stress relieve,none,41904,5000,2025-04-22,4161.04,False
Q03210,fitting,rotational,Ti-6Al-4V,TITANIUM,forging + machining,196.2,135.13,135.13,12.4652,8.7245,3,1,0.0191,3.77,stress relieve,none,45341,5000,2022-10-12,1727.58,False
Q03153,fitting,rotational,Ti-6Al-4V,TITANIUM,forging + machining,233.7,138.16,138.16,15.5207,12.0881,3,2,0.0144,4.92,stress relieve,none,38496,2958,2025-11-06,2411.06,False
Q04862,bracket,prismatic,304L,STAINLESS,5-axis mill,27.11,17.46,11.06,0.0419,0.0104,8,4,0.1196,1.15,harden + temper,passivate,40,25,2022-06-26,26.95,False
Q02302,bracket,prismatic,304L,STAINLESS,5-axis mill,25.93,20.39,11.56,0.0489,0.0208,3,4,0.0659,1.61,harden + temper,passivate,52,26,2025-02-10,36.41,False
Q04709,bracket,prismatic,13-8Mo H1000,STAINLESS,turn-mill,23.15,14.65,8.55,0.0225,0.0113,3,4,0.0459,0.92,harden + temper,nitride,99,85,2025-05-28,11.7,False
Q01166,bracket,prismatic,304L,STAINLESS,5-axis mill,23.96,18.0,11.2,0.0387,0.0303,12,4,0.0478,2.01,harden + temper,passivate,122,118,2024-03-11,8.96,False
Q00437,housing,prismatic,42CrMo4,STEEL,5-axis mill,293.74,199.11,101.37,46.5386,27.2451,3,6,0.0164,3.18,none,passivate,269,252,2021-07-18,1168.91,False
Q00077,housing,prismatic,C45,STEEL,forging + machining,312.58,241.03,126.08,74.5678,56.8426,3,5,0.0098,2.16,none,zinc,56,45,2021-04-02,1136.01,True
Q03789,housing,prismatic,S355JR,STEEL,5-axis mill,272.58,214.38,109.81,50.37,12.508,3,6,0.0081,3.6,none,passivate,174,137,2021-05-05,2388.29,False
Q00224,housing,prismatic,1.2312,STEEL,5-axis mill,316.17,236.64,114.45,67.2212,46.2605,4,6,0.0132,2.25,none,passivate,146,48,2021-07-04,1685.84,False
Q01606,bushing,rotational,42CrMo4,STEEL,turning,14.96,9.36,9.36,0.0081,0.0051,13,5,0.0606,2.17,solution + age,passivate,1751,699,2025-03-24,1.43,True
Q04488,bushing,rotational,42CrMo4,STEEL,5-axis mill,15.49,9.77,9.77,0.0091,0.0044,19,5,0.0606,1.76,solution + age,passivate,299,165,2025-04-02,7.58,False
Q03841,bushing,rotational,C45,STEEL,turning,13.07,7.73,7.73,0.0048,0.0024,7,5,0.0606,2.93,solution + age,passivate,502,363,2021-07-17,1.89,False
Q00107,bushing,rotational,42CrMo4,STEEL,turning,13.66,9.41,9.41,0.0075,0.0046,19,5,0.0606,2.05,solution + age,passivate,2108,1808,2021-06-04,1.1,False
Q00338,gear blank,rotational,4140,STEEL,turn-mill,78.86,42.2,42.2,0.866,0.4945,16,6,0.0264,2.02,harden + temper,nitride,118,49,2021-03-17,43.26,False
Q02288,gear blank,rotational,4140,STEEL,forging + machining,94.67,55.64,55.64,1.8069,1.1649,9,6,0.0274,1.75,harden + temper,nitride,167,13,2025-03-23,93.19,False
Q00288,gear blank,rotational,S355JR,STEEL,turn-mill,83.32,50.67,50.67,1.3188,0.5571,20,6,0.0286,1.37,harden + temper,nitride,78,63,2025-02-26,51.72,False
Q03136,gear blank,rotational,4140,STEEL,turn-mill,102.36,66.8,66.8,2.8162,2.1818,17,6,0.0286,2.94,harden + temper,nitride,275,102,2021-11-09,50.39,False
Q02310,bushing,rotational,15-5PH H1025,STAINLESS,forging + machining,27.56,16.32,16.32,0.0449,0.0296,8,2,0.2,4.56,solution + age,zinc,8720,5000,2025-04-10,2.34,True
Q02391,bushing,rotational,303,STAINLESS,forging + machining,33.32,19.25,19.25,0.0775,0.0489,5,2,0.0956,5.31,solution + age,anodise,18481,5000,2021-10-23,2.58,False
Q02516,bushing,rotational,304L,STAINLESS,forging + machining,31.99,21.75,21.75,0.0951,0.0794,3,4,0.2,4.79,solution + age,anodise,7548,5000,2022-10-11,3.32,False
Q03137,bushing,rotational,15-5PH H1025,STAINLESS,forging + machining,28.54,19.82,19.82,0.0686,0.0428,6,3,0.1967,3.52,solution + age,anodise,24302,5000,2021-01-23,3.67,False
Q00253,bracket,prismatic,6082-T6,ALUMINIUM,5-axis mill,58.92,64.51,28.94,0.297,0.1722,3,1,0.0123,0.68,none,anodise,10089,2490,2024-09-08,16.23,False
Q00130,bracket,prismatic,5083-H111,ALUMINIUM,5-axis mill,45.27,57.62,24.36,0.169,0.1114,6,1,0.0083,0.61,none,anodise,17799,5000,2023-03-31,16.87,False
Q04288,bracket,prismatic,6082-T6,ALUMINIUM,5-axis mill,59.62,67.45,28.32,0.3076,0.1675,5,1,0.0123,1.44,none,anodise,17743,5000,2026-02-13,20.92,False
Q04935,bracket,prismatic,6082-T6,ALUMINIUM,5-axis mill,48.3,49.58,23.77,0.1537,0.1,8,1,0.0123,1.01,none,anodise,24927,5000,2022-06-19,9.39,False
Q04466,fitting,rotational,5083-H111,ALUMINIUM,turning,21.26,17.87,17.87,0.0142,0.0061,3,4,0.2,3.78,solution + age,paint,2236,1509,2022-09-21,1.64,False
Q03505,fitting,rotational,6026-T9,ALUMINIUM,turning,28.19,23.56,23.56,0.0332,0.0196,3,4,0.2,1.67,solution + age,anodise,1054,78,2023-10-15,4.0,False
Q01656,fitting,rotational,6082-T6,ALUMINIUM,turning,24.3,18.49,18.49,0.0176,0.0107,3,3,0.1897,2.36,solution + age,paint,3809,2388,2024-12-12,1.85,False
Q01957,fitting,rotational,5083-H111,ALUMINIUM,forging + machining,26.04,23.68,23.68,0.0305,0.0254,3,3,0.2,2.81,solution + age,paint,7946,1834,2023-11-09,2.42,False
Q04525,bushing,rotational,C63000,COPPER,forging + machining,25.74,14.62,14.62,0.0328,0.0251,9,5,0.0079,2.75,stress relieve,anodise,33,21,2024-08-30,31.29,True
Q04405,bushing,rotational,C63000,COPPER,forging + machining,29.63,16.24,16.24,0.0465,0.0309,14,4,0.0079,2.77,stress relieve,anodise,10,7,2025-02-20,64.45,False
Q01337,bushing,rotational,C63000,COPPER,forging + machining,26.12,15.23,15.23,0.0361,0.0265,20,5,0.0079,2.58,stress relieve,anodise,10,3,2024-12-04,243.48,False
Q04559,bushing,rotational,C63000,COPPER,forging + machining,21.55,11.96,11.96,0.0184,0.0142,16,4,0.0079,2.42,stress relieve,anodise,10,1,2023-10-13,524.73,False
Q04482,flange,prismatic,Inconel 718,NICKEL,3-axis mill,152.52,37.62,23.55,1.107,0.8302,19,4,0.0215,2.6,harden + temper,nitride,1297,969,2026-01-09,121.08,False
Q02393,flange,prismatic,Inconel 625,NICKEL,3-axis mill,209.14,44.3,28.15,2.2009,0.9206,18,4,0.0186,2.1,harden + temper,nitride,1057,246,2021-05-14,275.6,False
Q02944,flange,prismatic,Inconel 718,NICKEL,3-axis mill,139.84,28.91,21.11,0.699,0.2698,13,4,0.0215,1.76,harden + temper,nitride,1279,1209,2024-01-31,101.83,False
Q02018,flange,prismatic,Inconel 625,NICKEL,3-axis mill,216.97,52.77,34.37,3.3212,1.1243,15,5,0.0293,1.95,harden + temper,nitride,786,364,2023-04-01,460.13,False
Q04426,bushing,rotational,16MnCr5,STEEL,turning,39.5,23.31,23.31,0.1324,0.0447,24,4,0.0155,6.3,stress relieve,passivate,513,392,2021-03-24,4.86,False
Q03090,bushing,rotational,16MnCr5,STEEL,turn-mill,49.1,26.53,26.53,0.2131,0.0947,22,5,0.0091,4.79,stress relieve,passivate,2437,730,2022-09-14,13.42,False
Q04546,bushing,rotational,C45,STEEL,turn-mill,38.32,20.98,20.98,0.104,0.0618,28,3,0.0091,6.3,stress relieve,paint,297,186,2023-05-28,8.87,False
Q02565,bushing,rotational,16MnCr5,STEEL,turn-mill,48.08,25.15,25.15,0.1875,0.0571,18,4,0.012,6.3,stress relieve,passivate,759,460,2025-08-27,12.07,False
Q02043,gear blank,rotational,1.2312,STEEL,turn-mill,235.15,131.14,131.14,24.9331,15.5036,3,2,0.073,6.19,harden + temper,paint,784,73,2025-07-16,445.47,False
Q00486,gear blank,rotational,S355JR,STEEL,turn-mill,203.04,115.3,115.3,16.6424,4.4641,11,3,0.053,6.3,harden + temper,paint,8757,5000,2026-05-23,361.43,False
Q01032,gear blank,rotational,42CrMo4,STEEL,turn-mill,285.87,145.81,145.81,37.4706,20.2044,13,2,0.0928,6.3,harden + temper,paint,1782,1298,2026-06-05,731.23,False
Q02253,gear blank,rotational,C45,STEEL,turn-mill,241.45,133.89,133.89,26.6867,16.0311,11,3,0.05,6.0,harden + temper,anodise,3521,1180,2023-01-21,367.07,False
Q00101,plate,prismatic,S355JR,STEEL,3-axis mill,671.6,571.83,271.68,819.0497,588.8048,10,4,0.0221,1.57,stress relieve,paint,667,469,2022-05-30,9011.5,False
Q01973,plate,prismatic,1.2312,STEEL,forging + machining,511.67,482.12,235.86,456.7386,319.1292,18,2,0.0211,2.08,stress relieve,zinc,103,60,2023-01-23,12653.25,True
Q00784,plate,prismatic,1.2312,STEEL,forging + machining,481.43,395.13,188.21,281.0501,184.2748,17,3,0.0211,3.07,stress relieve,none,248,39,2023-09-20,8345.0,True
Q02130,plate,prismatic,C45,STEEL,forging + machining,604.7,507.17,262.18,631.1841,432.7274,21,2,0.028,3.74,stress relieve,paint,472,196,2021-08-15,11202.0,False
Q00528,housing,prismatic,7075-T6,ALUMINIUM,forging + machining,431.72,300.99,151.28,55.2383,44.9395,58,5,0.038,5.12,none,anodise,2694,2532,2025-05-22,2273.36,False
Q04994,housing,prismatic,7075-T6,ALUMINIUM,3-axis mill,478.39,299.07,170.91,68.7113,27.2074,52,5,0.0547,4.15,none,anodise,3422,2414,2021-12-08,3385.56,True
Q03861,housing,prismatic,7075-T6,ALUMINIUM,3-axis mill,477.34,301.6,193.03,78.0888,45.8469,54,4,0.0651,4.17,none,anodise,1907,1177,2021-07-24,2765.02,False
Q04906,housing,prismatic,7075-T6,ALUMINIUM,3-axis mill,522.73,332.14,201.81,98.4574,50.2962,53,5,0.0962,5.45,none,anodise,6288,442,2026-04-05,3073.56,False
Q02740,bushing,rotational,16MnCr5,STEEL,turning,97.63,41.86,41.86,1.0546,0.8336,14,3,0.0097,6.11,harden + temper,nitride,2209,969,2022-10-27,16.26,False
Q01944,bushing,rotational,42CrMo4,STEEL,turning,109.21,36.26,36.26,0.8855,0.3373,18,3,0.0097,3.99,harden + temper,anodise,10238,5000,2021-11-16,24.03,False
Q04061,bushing,rotational,16MnCr5,STEEL,turning,90.37,37.43,37.43,0.7808,0.2714,8,2,0.0179,3.72,harden + temper,anodise,5456,4613,2023-09-11,18.88,False
Q04529,bushing,rotational,4140,STEEL,turning,86.83,36.08,36.08,0.6968,0.4747,11,3,0.0097,5.18,harden + temper,anodise,5562,4381,2025-03-23,11.72,True
Q04633,fitting,rotational,Ti-6Al-4V,TITANIUM,5-axis mill,124.98,104.65,104.65,4.7623,3.3888,9,2,0.0327,4.46,stress relieve,none,775,672,2023-01-14,689.21,False
Q02261,fitting,rotational,Ti-6Al-4V ELI,TITANIUM,forging + machining,112.43,108.16,108.16,4.5765,3.6311,3,4,0.0211,5.17,stress relieve,none,1030,984,2023-12-15,584.72,False
Q01205,fitting,rotational,Ti-10V-2Fe-3Al,TITANIUM,forging + machining,133.5,130.09,130.09,8.2504,5.4796,3,4,0.0295,2.61,stress relieve,none,1353,1117,2026-06-04,1668.74,False
Q00470,fitting,rotational,Ti-6Al-4V ELI,TITANIUM,forging + machining,123.61,91.08,91.08,3.5677,2.3092,9,4,0.0295,3.85,stress relieve,anodise,4552,1123,2023-01-10,573.95,False
Q00511,gear blank,rotational,16MnCr5,STEEL,5-axis mill,428.65,145.85,145.85,56.2141,29.2394,29,1,0.1085,2.47,none,passivate,8364,5000,2022-06-14,1197.96,True
Q00020,gear blank,rotational,42CrMo4,STEEL,5-axis mill,469.44,162.43,162.43,76.3613,19.3283,23,2,0.1085,3.17,none,passivate,12946,5000,2021-03-15,2287.14,False
Q03187,gear blank,rotational,16MnCr5,STEEL,5-axis mill,400.24,133.34,133.34,43.8708,18.2448,25,1,0.1398,3.11,none,passivate,4572,4337,2024-09-26,1325.96,False
Q01129,gear blank,rotational,1.2312,STEEL,5-axis mill,428.62,152.04,152.04,61.0903,31.8573,34,1,0.1085,3.08,none,passivate,4055,3776,2021-07-26,2088.64,False
Q03828,shaft,rotational,16MnCr5,STEEL,turn-mill,44.84,5.74,5.74,0.0091,0.0072,3,6,0.0074,0.99,solution + age,none,224,69,2023-05-18,7.34,True
Q02176,shaft,rotational,1.2312,STEEL,forging + machining,36.41,4.67,4.67,0.0049,0.0041,4,6,0.0111,1.35,solution + age,none,165,135,2024-03-17,6.4,False
Q03345,shaft,rotational,C45,STEEL,turning,40.98,5.37,5.37,0.0073,0.0044,3,6,0.0128,1.08,solution + age,none,289,75,2022-02-13,3.4,True
Q00657,shaft,rotational,C45,STEEL,turning,39.3,4.72,4.72,0.0054,0.0027,3,5,0.0128,1.14,solution + age,none,260,97,2022-10-13,2.27,False
Q04810,manifold,prismatic,17-4PH H1025,STAINLESS,3-axis mill,96.02,53.23,52.06,2.0754,1.5527,12,3,0.0754,2.14,harden + temper,anodise,84,34,2021-07-29,50.65,False
Q04904,manifold,prismatic,13-8Mo H1000,STAINLESS,3-axis mill,85.85,58.87,47.07,1.8459,0.7785,8,3,0.0737,2.02,harden + temper,anodise,98,12,2024-08-09,112.13,False
Q02420,manifold,prismatic,440C,STAINLESS,forging + machining,99.9,60.4,52.3,2.4237,1.61,11,3,0.0754,2.06,harden + temper,anodise,25,21,2025-08-10,102.32,False
Q00571,manifold,prismatic,304L,STAINLESS,3-axis mill,85.92,49.76,45.81,1.567,0.8706,16,3,0.163,1.67,harden + temper,anodise,60,9,2023-12-31,53.25,False
Q02739,bracket,prismatic,13-8Mo H1000,STAINLESS,3-axis mill,30.83,17.83,14.74,0.0629,0.0319,3,5,0.005,2.81,harden + temper,passivate,19547,5000,2023-05-04,6.59,True
Q04469,bracket,prismatic,316L,STAINLESS,3-axis mill,28.3,17.26,14.58,0.057,0.0394,9,5,0.0062,4.17,harden + temper,passivate,9878,4803,2023-06-25,3.26,False
Q02508,bracket,prismatic,13-8Mo H1000,STAINLESS,5-axis mill,32.03,19.39,16.48,0.0794,0.0505,5,5,0.005,3.95,harden + temper,zinc,6411,3490,2024-12-01,9.76,False
Q04988,bracket,prismatic,13-8Mo H1000,STAINLESS,5-axis mill,26.1,16.0,10.74,0.0348,0.0247,3,4,0.005,4.63,harden + temper,none,2262,1511,2026-05-19,4.69,False
Q02766,shaft,rotational,16MnCr5,STEEL,turn-mill,400.15,39.5,39.5,3.8499,1.1727,3,5,0.0627,2.48,solution + age,paint,54,9,2026-02-28,158.98,False
Q02197,shaft,rotational,C45,STEEL,turn-mill,280.6,28.64,28.64,1.4192,0.3097,9,6,0.0895,3.08,solution + age,zinc,22,9,2024-11-02,97.4,False
Q02365,shaft,rotational,4140,STEEL,turn-mill,373.16,34.89,34.89,2.8008,1.8341,8,5,0.0601,3.35,solution + age,paint,52,44,2025-05-26,71.74,False
Q03913,shaft,rotational,16MnCr5,STEEL,turn-mill,291.98,28.19,28.19,1.4301,1.1095,11,4,0.0627,3.09,solution + age,paint,45,21,2021-08-09,32.88,False
Q03103,housing,prismatic,C45,STEEL,forging + machining,78.15,64.02,55.21,2.1684,1.7127,29,5,0.0219,1.38,none,nitride,191,129,2025-02-04,52.8,False
Q04619,housing,prismatic,1.2312,STEEL,forging + machining,102.3,73.57,63.41,3.7463,2.8306,35,6,0.0219,1.81,none,nitride,815,503,2026-06-04,129.4,True
Q00206,housing,prismatic,C45,STEEL,forging + machining,96.65,60.52,64.17,2.9464,2.2266,36,5,0.0219,2.16,none,nitride,620,281,2021-08-26,61.07,False
Q02402,housing,prismatic,C45,STEEL,forging + machining,101.5,62.19,60.69,3.0071,2.4086,39,6,0.0136,2.67,none,nitride,333,97,2021-04-27,63.27,True
Q02526,gear blank,rotational,304L,STAINLESS,turning,88.25,44.98,44.98,1.1218,0.6449,11,2,0.005,4.5,solution + age,anodise,298,267,2025-02-08,33.68,False
Q03120,gear blank,rotational,440C,STAINLESS,turn-mill,119.57,60.73,60.73,2.6603,0.5436,9,1,0.0073,4.41,solution + age,anodise,478,200,2022-02-06,306.73,False
Q00071,gear blank,rotational,440C,STAINLESS,turning,85.24,42.19,42.19,0.9153,0.4837,9,1,0.005,5.29,solution + age,nitride,86,81,2022-04-04,46.51,False
Q00120,gear blank,rotational,440C,STAINLESS,turning,98.31,51.91,51.91,1.598,0.7844,9,1,0.0073,4.55,solution + age,anodise,524,467,2023-08-02,84.08,False
Q02834,fitting,rotational,Ti-10V-2Fe-3Al,TITANIUM,turn-mill,55.86,37.63,37.63,0.2889,0.0908,6,1,0.0496,0.65,stress relieve,zinc,410,50,2024-07-08,58.46,False
Q00410,fitting,rotational,Ti-6Al-4V,TITANIUM,turn-mill,66.04,38.89,38.89,0.3475,0.2237,9,1,0.0284,1.24,stress relieve,passivate,288,285,2026-05-19,55.43,False
Q00056,fitting,rotational,Ti-6Al-4V,TITANIUM,turn-mill,59.05,30.33,30.33,0.189,0.0626,3,2,0.0253,0.99,stress relieve,passivate,63,50,2022-05-28,41.16,False
Q01939,fitting,rotational,Ti-6Al-4V ELI,TITANIUM,turn-mill,60.1,32.62,32.62,0.2225,0.0997,3,1,0.0309,1.03,stress relieve,passivate,197,85,2021-06-01,22.72,True
Q04359,bushing,rotational,1.2312,STEEL,turning,16.02,9.23,9.23,0.0084,0.0034,17,3,0.0322,2.15,solution + age,passivate,192,174,2021-08-25,2.06,False
Q01257,bushing,rotational,16MnCr5,STEEL,turning,20.88,11.13,11.13,0.016,0.0095,10,2,0.0322,2.34,solution + age,anodise,52,25,2026-03-09,7.52,False
Q02547,bushing,rotational,1.2312,STEEL,turning,15.99,9.3,9.3,0.0085,0.0051,5,3,0.0322,3.21,solution + age,passivate,188,75,2022-06-06,2.96,True
Q01916,bushing,rotational,C45,STEEL,turning,15.19,8.76,8.76,0.0072,0.0042,16,3,0.028,2.55,solution + age,passivate,218,215,2024-03-18,2.0,False
Q04031,bracket,prismatic,6026-T9,ALUMINIUM,5-axis mill,68.06,71.17,29.01,0.3794,0.1162,3,5,0.0264,1.55,none,anodise,714,346,2024-01-11,20.24,True
Q01545,bracket,prismatic,5083-H111,ALUMINIUM,forging + machining,68.04,82.16,33.58,0.4993,0.3274,4,5,0.0337,1.15,none,anodise,1016,909,2022-02-20,20.16,True
Q03658,bracket,prismatic,6026-T9,ALUMINIUM,5-axis mill,51.58,54.79,25.38,0.1937,0.0736,11,5,0.0264,2.14,none,zinc,809,174,2025-11-05,11.92,True
Q04853,bracket,prismatic,6026-T9,ALUMINIUM,5-axis mill,75.01,84.99,35.78,0.6158,0.3002,8,4,0.018,1.35,none,anodise,236,70,2021-03-02,32.45,True
Q04369,shaft,rotational,15-5PH H1025,STAINLESS,forging + machining,316.59,87.74,87.74,14.9306,11.8097,9,1,0.0139,1.92,none,zinc,37,21,2024-09-21,769.99,False
Q04832,shaft,rotational,13-8Mo H1000,STAINLESS,turning,435.29,107.86,107.86,30.8637,23.3107,9,1,0.0139,1.83,none,zinc,54,53,2022-10-03,1096.08,True
Q04985,shaft,rotational,13-8Mo H1000,STAINLESS,forging + machining,398.61,96.33,96.33,22.5446,17.4891,10,1,0.0184,2.31,none,zinc,93,74,2021-06-17,1178.74,True
Q00422,shaft,rotational,13-8Mo H1000,STAINLESS,forging + machining,288.21,74.47,74.47,9.7407,6.6732,13,1,0.0139,2.01,none,zinc,51,18,2024-01-12,663.45,True
Q00089,gear blank,rotational,C45,STEEL,5-axis mill,421.92,127.57,127.57,42.3345,28.4085,9,6,0.0828,3.58,stress relieve,paint,50000,5000,2021-11-04,581.06,True
Q02427,gear blank,rotational,42CrMo4,STEEL,5-axis mill,446.27,120.69,120.69,40.0739,12.7811,10,5,0.086,2.73,stress relieve,paint,50000,5000,2025-06-10,1322.0,False
Q04625,gear blank,rotational,C45,STEEL,turn-mill,392.41,103.46,103.46,25.8969,19.3616,7,6,0.0828,2.04,stress relieve,paint,26738,5000,2021-02-09,179.76,False
Q03217,gear blank,rotational,16MnCr5,STEEL,5-axis mill,426.29,127.08,127.08,42.4463,26.9269,8,6,0.0638,4.82,stress relieve,zinc,50000,5000,2023-03-25,466.18,False
Q04204,fitting,rotational,Inconel 718,NICKEL,forging + machining,70.18,40.5,40.5,0.7404,0.4638,7,5,0.021,3.97,stress relieve,anodise,88,48,2026-04-15,126.6,False
Q02806,fitting,rotational,Inconel 718,NICKEL,forging + machining,72.41,40.43,40.43,0.7614,0.4972,7,5,0.0215,3.28,stress relieve,nitride,134,85,2024-11-05,113.36,False
Q00155,fitting,rotational,Inconel 718,NICKEL,forging + machining,84.67,45.34,45.34,1.1198,0.8096,3,4,0.0266,4.36,stress relieve,nitride,85,73,2023-03-22,145.21,True
Q04455,fitting,rotational,Inconel 718,NICKEL,forging + machining,84.27,50.28,50.28,1.3706,0.8336,5,6,0.0266,6.3,stress relieve,nitride,70,14,2021-02-25,323.13,False
Q03761,fitting,rotational,Ti-6Al-4V,TITANIUM,forging + machining,153.87,138.32,138.32,10.2433,7.5007,3,4,0.0144,5.25,solution + age,paint,13689,5000,2021-09-28,1864.89,False
Q01261,fitting,rotational,Ti-10V-2Fe-3Al,TITANIUM,forging + machining,163.16,136.09,136.09,11.0353,8.5221,3,5,0.0144,6.16,solution + age,paint,16008,5000,2021-07-23,2342.93,True
Q02678,fitting,rotational,Ti-6Al-4V,TITANIUM,forging + machining,137.04,144.59,144.59,9.9678,7.3559,9,4,0.0097,4.88,solution + age,paint,9190,5000,2025-02-02,1977.92,True
Q01266,fitting,rotational,Ti-10V-2Fe-3Al,TITANIUM,forging + machining,155.44,140.23,140.23,11.1626,8.4761,7,5,0.0144,4.83,solution + age,paint,50000,5000,2025-03-26,2080.7,True
Q01616,flange,prismatic,Waspaloy,NICKEL,3-axis mill,112.62,29.27,19.79,0.5342,0.313,17,1,0.0052,3.97,none,nitride,66,60,2021-01-11,117.73,False
Q02825,flange,prismatic,Waspaloy,NICKEL,turn-mill,148.62,35.41,25.16,1.0844,0.5548,23,1,0.0052,3.89,none,nitride,243,120,2022-06-28,381.76,False
Q00605,flange,prismatic,Waspaloy,NICKEL,3-axis mill,144.67,37.06,24.57,1.0788,0.6491,23,2,0.005,2.9,none,nitride,61,54,2023-01-01,293.08,False
Q02827,flange,prismatic,Waspaloy,NICKEL,3-axis mill,147.49,38.63,24.1,1.1247,0.5693,12,2,0.0052,3.28,none,nitride,82,47,2021-01-21,251.05,False
Q02642,bracket,prismatic,303,STAINLESS,3-axis mill,52.37,22.33,12.17,0.1138,0.0584,3,4,0.0079,4.48,harden + temper,none,16396,4172,2024-10-05,3.08,True
Q03129,bracket,prismatic,316L,STAINLESS,forging + machining,61.73,25.89,14.47,0.1849,0.1382,3,5,0.0055,5.29,harden + temper,none,28106,3904,2021-01-25,7.31,False
Q03433,bracket,prismatic,316L,STAINLESS,3-axis mill,44.72,19.48,10.56,0.0736,0.0341,4,5,0.0055,3.87,harden + temper,none,37256,5000,2023-02-20,3.36,False
Q03636,bracket,prismatic,316L,STAINLESS,3-axis mill,58.23,25.02,14.49,0.1688,0.071,5,5,0.0055,3.25,harden + temper,none,50000,5000,2025-03-19,8.92,False
Q00524,bracket,prismatic,303,STAINLESS,5-axis mill,31.43,19.09,15.66,0.0752,0.0317,5,1,0.1189,1.23,solution + age,none,122,112,2025-07-04,3.53,False
Q01636,bracket,prismatic,17-4PH H1025,STAINLESS,5-axis mill,39.51,25.15,21.01,0.1628,0.1132,3,3,0.1201,1.54,solution + age,paint,103,32,2022-10-17,23.32,False
Q04330,bracket,prismatic,17-4PH H1025,STAINLESS,5-axis mill,29.69,17.91,16.44,0.0682,0.0298,9,3,0.1201,1.27,solution + age,none,82,7,2026-04-01,96.93,False
Q03177,bracket,prismatic,15-5PH H1025,STAINLESS,5-axis mill,29.96,22.63,18.23,0.0964,0.064,7,3,0.1201,1.17,solution + age,none,301,244,2021-12-17,5.61,True
Q00097,gear blank,rotational,C63000,COPPER,5-axis mill,395.87,82.53,82.53,16.0508,5.4474,7,5,0.1132,5.8,harden + temper,passivate,35076,5000,2021-01-25,705.3,False
Q02466,gear blank,rotational,C63000,COPPER,forging + machining,351.93,75.58,75.58,11.968,8.3448,3,4,0.2,4.15,harden + temper,passivate,42298,5000,2022-03-01,519.4,False
Q00560,gear blank,rotational,C63000,COPPER,5-axis mill,348.24,77.36,77.36,12.4065,7.1924,9,5,0.2,2.18,harden + temper,passivate,36070,3512,2021-03-28,510.05,False
Q00761,gear blank,rotational,C63000,COPPER,5-axis mill,328.08,74.0,74.0,10.6952,5.3082,3,4,0.1321,2.31,harden + temper,passivate,29499,5000,2024-11-11,524.37,False
Q04942,fitting,rotational,Waspaloy,NICKEL,turning,109.99,80.56,80.56,4.5917,1.2204,14,1,0.0754,1.05,harden + temper,paint,11273,5000,2021-04-30,672.29,True
Q00580,fitting,rotational,Inconel 718,NICKEL,turning,86.74,67.21,67.21,2.5201,0.9272,13,2,0.107,1.62,harden + temper,paint,10917,4075,2024-05-08,236.65,False
Q01999,fitting,rotational,Inconel 718,NICKEL,turning,125.64,80.6,80.6,5.2504,2.5949,22,2,0.0553,1.35,harden + temper,paint,26982,5000,2024-08-31,605.77,False
Q03938,fitting,rotational,Inconel 718,NICKEL,turning,119.1,85.23,85.23,5.5652,2.7894,18,2,0.107,1.27,harden + temper,paint,40185,5000,2026-02-24,514.42,False
Q04865,bushing,rotational,42CrMo4,STEEL,turning,10.38,7.16,7.16,0.0033,0.0012,10,2,0.0511,2.34,harden + temper,passivate,105,100,2024-06-01,2.68,False
Q03095,bushing,rotational,42CrMo4,STEEL,forging + machining,12.99,8.15,8.15,0.0053,0.0037,4,1,0.0553,2.05,harden + temper,none,65,9,2024-05-12,14.44,False
Q00230,bushing,rotational,42CrMo4,STEEL,turning,12.47,7.92,7.92,0.0048,0.0014,7,1,0.0503,3.76,harden + temper,none,135,93,2024-03-02,1.19,True
Q03299,bushing,rotational,42CrMo4,STEEL,turning,8.87,6.16,6.16,0.0021,0.0014,14,1,0.048,2.41,harden + temper,none,233,129,2022-03-24,0.85,False
Q04458,fitting,rotational,17-4PH H1025,STAINLESS,turning,100.39,46.3,46.3,1.3184,0.9106,19,4,0.0803,1.28,none,zinc,6140,656,2023-09-13,31.41,False
Q00289,fitting,rotational,303,STAINLESS,turning,96.9,42.62,42.62,1.1058,0.4925,14,5,0.0785,0.92,none,zinc,5724,3715,2022-02-03,15.8,False
Q00115,fitting,rotational,316L,STAINLESS,turning,117.16,49.14,49.14,1.7776,1.0539,15,3,0.0785,1.34,none,zinc,2842,2360,2023-09-29,31.17,False
Q04220,fitting,rotational,316L,STAINLESS,turning,107.05,47.07,47.07,1.4901,1.0106,16,4,0.0785,1.17,none,zinc,3265,1675,2025-11-09,23.66,False
Q01710,bushing,rotational,PEEK,POLYMER,5-axis mill,66.4,74.89,74.89,0.3802,0.2702,5,6,0.0447,6.3,harden + temper,none,17490,5000,2024-11-16,82.12,True
Q03800,bushing,rotational,POM-C,POLYMER,5-axis mill,86.32,83.19,83.19,0.6615,0.4195,14,6,0.0447,6.3,harden + temper,nitride,2955,2243,2024-04-25,27.06,True
Q03098,bushing,rotational,PEEK,POLYMER,5-axis mill,86.66,80.95,80.95,0.5797,0.4143,14,6,0.0447,6.3,harden + temper,nitride,1944,235,2022-04-27,105.97,False
Q02297,bushing,rotational,PEEK,POLYMER,5-axis mill,95.22,87.44,87.44,0.7434,0.4617,11,6,0.0447,4.45,harden + temper,nitride,11801,813,2024-04-15,115.35,False
Q01885,gear blank,rotational,1.2312,STEEL,turn-mill,364.29,279.79,279.79,175.829,82.2811,31,3,0.0073,6.3,none,anodise,47380,5000,2021-10-25,12038.47,True
Q04479,gear blank,rotational,42CrMo4,STEEL,turn-mill,367.62,278.04,278.04,175.2132,81.1644,34,1,0.0073,5.56,none,nitride,10413,5000,2024-08-07,13813.62,False
Q04533,gear blank,rotational,S355JR,STEEL,turn-mill,272.98,201.24,201.24,68.1544,18.8169,31,2,0.0073,5.68,none,zinc,45763,2296,2023-06-06,3432.96,True
Q02123,gear blank,rotational,S355JR,STEEL,turn-mill,315.05,242.91,242.91,114.6162,24.0948,35,2,0.008,4.47,none,anodise,50000,5000,2022-02-09,5802.86,False
Q02582,fitting,rotational,Ti-10V-2Fe-3Al,TITANIUM,forging + machining,209.62,167.8,167.8,21.5565,13.6224,5,4,0.0172,3.99,solution + age,passivate,1047,151,2025-07-07,4588.38,True
Q01632,fitting,rotational,Ti-10V-2Fe-3Al,TITANIUM,forging + machining,156.5,111.31,111.31,7.082,5.0084,3,3,0.0172,3.07,solution + age,passivate,493,115,2023-12-21,1402.01,False
Q00328,fitting,rotational,Ti-10V-2Fe-3Al,TITANIUM,forging + machining,132.14,116.67,116.67,6.5689,5.0332,3,3,0.0247,6.18,solution + age,passivate,449,312,2025-07-02,1487.66,False
Q02410,fitting,rotational,Ti-10V-2Fe-3Al,TITANIUM,forging + machining,146.0,111.74,111.74,6.658,5.1468,3,5,0.0172,4.08,solution + age,passivate,1310,1036,2022-03-08,1315.98,True
Q01056,bracket,prismatic,17-4PH H1025,STAINLESS,5-axis mill,32.88,23.05,20.69,0.1223,0.0258,6,4,0.009,3.45,solution + age,nitride,49372,5000,2022-12-15,17.86,True
Q01331,bracket,prismatic,316L,STAINLESS,5-axis mill,28.89,24.46,18.56,0.1049,0.0534,3,5,0.0073,1.57,solution + age,nitride,50000,5000,2022-04-21,11.54,False
Q02777,bracket,prismatic,304L,STAINLESS,5-axis mill,31.15,24.01,19.48,0.1165,0.0769,9,5,0.0133,3.46,solution + age,nitride,50000,5000,2024-01-14,9.16,True
Q02033,bracket,prismatic,15-5PH H1025,STAINLESS,5-axis mill,25.94,20.4,14.44,0.0596,0.0348,3,4,0.0325,4.05,solution + age,nitride,27346,5000,2024-05-23,7.33,False
Q02276,flange,prismatic,7075-T6,ALUMINIUM,forging + machining,121.73,99.77,21.23,0.7245,0.5423,19,4,0.0088,0.5,stress relieve,paint,12595,5000,2025-07-16,37.38,False
Q00715,flange,prismatic,7075-T6,ALUMINIUM,forging + machining,88.48,68.88,14.6,0.2501,0.1925,16,4,0.008,0.67,stress relieve,paint,13629,4837,2022-11-22,12.4,False
Q02062,flange,prismatic,2024-T3,ALUMINIUM,forging + machining,134.51,107.22,21.93,0.8794,0.7398,14,6,0.0079,0.49,stress relieve,paint,11075,5000,2022-08-29,37.74,False
Q02161,flange,prismatic,6026-T9,ALUMINIUM,forging + machining,110.35,89.85,20.25,0.542,0.4603,19,4,0.0106,0.58,stress relieve,paint,9115,2204,2024-06-03,19.39,False
Q04082,gear blank,rotational,303,STAINLESS,turning,792.07,267.18,267.18,355.2613,179.7433,11,2,0.0776,6.3,none,passivate,66,63,2022-06-30,5021.01,False
Q03351,gear blank,rotational,17-4PH H1025,STAINLESS,turning,877.58,282.09,282.09,427.8036,279.0591,12,1,0.0776,6.3,none,passivate,95,82,2021-12-18,7181.11,True
Q01245,gear blank,rotational,304L,STAINLESS,turning,770.25,218.98,218.98,232.0697,83.8754,7,1,0.0776,6.3,none,passivate,58,28,2022-04-11,3300.24,False
Q00754,gear blank,rotational,304L,STAINLESS,5-axis mill,959.34,240.03,240.03,347.2829,231.4152,6,3,0.0433,5.81,none,passivate,57,22,2024-08-30,7495.23,False
Q00685,shaft,rotational,16MnCr5,STEEL,turn-mill,184.05,17.83,17.83,0.3606,0.1566,7,1,0.0151,1.38,solution + age,anodise,33,5,2022-07-25,36.19,True
Q01225,shaft,rotational,16MnCr5,STEEL,turn-mill,209.46,22.4,22.4,0.648,0.3709,3,1,0.0201,1.43,solution + age,zinc,86,57,2022-05-08,18.1,False
Q00066,shaft,rotational,16MnCr5,STEEL,turn-mill,213.35,20.55,20.55,0.5553,0.4267,3,1,0.0201,1.8,solution + age,zinc,46,34,2022-05-17,11.27,True
Q04034,shaft,rotational,S355JR,STEEL,turn-mill,232.05,25.7,25.7,0.9451,0.7001,3,2,0.0201,0.96,solution + age,zinc,79,62,2025-09-21,17.71,False
Q03590,flange,prismatic,6082-T6,ALUMINIUM,forging + machining,285.98,164.59,98.82,12.5587,8.3157,3,5,0.0073,3.08,solution + age,nitride,50000,5000,2022-10-23,590.97,True
Q03885,flange,prismatic,6082-T6,ALUMINIUM,forging + machining,331.4,173.9,107.33,16.7004,13.4429,7,5,0.0079,3.23,solution + age,paint,50000,5000,2026-03-31,458.41,False
Q03575,flange,prismatic,6082-T6,ALUMINIUM,5-axis mill,323.4,183.65,100.24,16.0743,9.3561,5,6,0.0078,2.97,solution + age,paint,50000,5000,2024-11-26,853.84,False
Q00433,flange,prismatic,6082-T6,ALUMINIUM,forging + machining,337.84,180.86,113.11,18.6596,13.1632,3,5,0.0073,2.47,solution + age,nitride,24331,5000,2022-06-22,609.23,True
Q04706,bushing,rotational,PA66,POLYMER,5-axis mill,15.86,8.91,8.91,0.0011,0.0002,6,3,0.1096,3.45,none,zinc,18502,5000,2022-07-26,0.96,False
Q00547,bushing,rotational,PA66,POLYMER,5-axis mill,17.58,9.93,9.93,0.0016,0.0009,18,3,0.0738,2.76,none,zinc,8607,2974,2025-02-19,1.13,False
Q00518,bushing,rotational,POM-C,POLYMER,5-axis mill,17.38,8.5,8.5,0.0014,0.001,14,1,0.1174,4.51,none,zinc,18679,5000,2022-04-30,0.75,False
Q03729,bushing,rotational,PEEK,POLYMER,5-axis mill,16.95,10.39,10.39,0.0019,0.0012,12,2,0.055,3.23,none,zinc,19675,5000,2021-11-06,1.11,False
Q02764,fitting,rotational,Ti-6Al-4V ELI,TITANIUM,forging + machining,80.55,94.19,94.19,2.4863,1.7179,4,2,0.0181,2.74,solution + age,paint,218,53,2025-05-29,456.44,True
Q04785,fitting,rotational,Ti-6Al-4V ELI,TITANIUM,forging + machining,97.11,92.2,92.2,2.8719,2.2819,3,2,0.0315,2.71,solution + age,paint,60,21,2023-08-12,308.3,False
Q03668,fitting,rotational,Ti-6Al-4V,TITANIUM,forging + machining,91.55,86.94,86.94,2.4077,2.0265,3,2,0.0315,3.03,solution + age,nitride,33,24,2021-09-12,285.4,False
Q00974,fitting,rotational,Ti-6Al-4V,TITANIUM,forging + machining,84.85,86.56,86.56,2.2118,1.4973,3,1,0.0315,3.02,solution + age,paint,89,17,2025-09-03,352.87,False
Q01438,housing,prismatic,13-8Mo H1000,STAINLESS,5-axis mill,160.2,109.46,54.26,7.3842,2.6459,7,3,0.2,5.03,harden + temper,anodise,330,293,2024-04-18,347.28,True
Q02782,housing,prismatic,13-8Mo H1000,STAINLESS,5-axis mill,157.87,101.86,48.98,6.1119,3.9092,3,3,0.2,5.89,harden + temper,paint,205,108,2022-12-03,255.99,False
Q04052,housing,prismatic,13-8Mo H1000,STAINLESS,5-axis mill,164.73,101.45,46.74,6.0615,2.3708,8,4,0.2,6.3,harden + temper,paint,219,203,2025-12-13,368.17,False
Q04039,housing,prismatic,13-8Mo H1000,STAINLESS,5-axis mill,156.03,115.67,48.48,6.7896,4.4843,7,3,0.2,6.3,harden + temper,anodise,732,345,2024-12-03,308.14,True
Q04856,fitting,rotational,Ti-6Al-4V,TITANIUM,turn-mill,79.46,75.69,75.69,1.5837,1.1474,8,3,0.0435,1.73,none,anodise,50000,5000,2021-08-30,117.55,True
Q03592,fitting,rotational,Ti-6Al-4V ELI,TITANIUM,turn-mill,115.3,89.31,89.31,3.1996,2.4728,3,3,0.062,2.7,none,nitride,35684,5000,2025-07-30,317.78,False
Q01064,fitting,rotational,Ti-6Al-4V ELI,TITANIUM,turning,98.93,87.33,87.33,2.625,1.1599,5,2,0.0871,2.8,none,anodise,35973,5000,2025-05-28,306.99,False
Q04922,fitting,rotational,Ti-10V-2Fe-3Al,TITANIUM,turn-mill,112.34,100.46,100.46,4.1407,2.5892,3,2,0.0756,2.14,none,anodise,46994,3602,2025-09-15,578.55,True
Q01534,bracket,prismatic,7075-T6,ALUMINIUM,5-axis mill,51.76,60.13,23.09,0.202,0.1006,4,1,0.0302,0.64,harden + temper,nitride,11,5,2025-01-25,62.07,False
Q03572,bracket,prismatic,7075-T6,ALUMINIUM,5-axis mill,51.62,53.82,19.01,0.1484,0.0921,3,1,0.0302,0.67,harden + temper,nitride,49,4,2025-02-05,58.36,False
Q04712,bracket,prismatic,7075-T6,ALUMINIUM,5-axis mill,41.74,49.13,14.84,0.0855,0.054,11,2,0.0302,0.45,harden + temper,nitride,36,14,2025-11-03,32.16,False
Q01343,bracket,prismatic,7075-T6,ALUMINIUM,5-axis mill,54.51,60.92,19.91,0.1858,0.1082,11,1,0.0166,0.54,harden + temper,nitride,23,13,2024-01-30,34.31,False
Q03244,pin,rotational,C45,STEEL,5-axis mill,50.13,7.45,7.45,0.0171,0.0131,9,6,0.1052,1.75,stress relieve,none,807,115,2022-02-24,12.37,False
Q00905,pin,rotational,1.2312,STEEL,5-axis mill,38.27,4.3,4.3,0.0044,0.0014,8,5,0.0549,1.05,stress relieve,anodise,815,219,2026-06-17,6.22,False
Q02708,pin,rotational,C45,STEEL,5-axis mill,55.34,8.29,8.29,0.0235,0.0125,13,6,0.1052,1.38,stress relieve,nitride,2117,376,2024-05-04,7.13,False
Q00873,pin,rotational,C45,STEEL,5-axis mill,48.5,6.59,6.59,0.013,0.0033,6,6,0.1052,1.48,stress relieve,anodise,1638,581,2026-03-04,3.74,False
Q01187,shaft,rotational,4140,STEEL,turn-mill,107.99,16.97,16.97,0.1918,0.1076,14,3,0.0065,1.09,stress relieve,paint,10,1,2025-05-24,433.23,False
Q01490,shaft,rotational,4140,STEEL,turn-mill,85.92,15.13,15.13,0.1213,0.0635,7,2,0.0065,1.15,stress relieve,paint,10,2,2023-08-21,124.78,False
Q03085,shaft,rotational,42CrMo4,STEEL,turn-mill,113.08,20.02,20.02,0.2795,0.1604,11,3,0.0065,1.05,stress relieve,none,17,8,2025-06-11,68.8,False
Q00722,shaft,rotational,4140,STEEL,turn-mill,109.58,18.68,18.68,0.2358,0.0645,7,1,0.0059,0.89,stress relieve,passivate,10,1,2025-11-13,126.22,True
Q00162,housing,prismatic,C45,STEEL,forging + machining,198.97,234.34,160.65,58.8008,44.743,3,1,0.0691,4.16,harden + temper,paint,371,62,2023-02-25,544.95,False
Q04767,housing,prismatic,4140,STEEL,forging + machining,177.14,198.11,147.47,40.6273,33.7646,11,1,0.0641,2.74,harden + temper,none,106,105,2024-05-13,427.99,False
Q04612,housing,prismatic,C45,STEEL,forging + machining,185.88,218.09,151.34,48.1617,36.1196,4,1,0.0641,3.25,harden + temper,none,110,18,2022-02-06,456.13,True
Q01031,housing,prismatic,16MnCr5,STEEL,forging + machining,200.09,211.28,156.8,52.0347,44.0449,3,1,0.091,1.87,harden + temper,none,96,36,2022-09-04,336.79,True
Q04496,gear blank,rotational,4140,STEEL,turn-mill,626.13,407.4,407.4,640.7178,199.3977,13,6,0.013,4.36,stress relieve,nitride,5112,2261,2022-12-15,23068.37,True
Q00057,gear blank,rotational,1.2312,STEEL,forging + machining,732.9,509.54,509.54,1173.1716,800.4047,3,6,0.0104,5.11,stress relieve,nitride,6513,3372,2021-12-15,38575.92,False
Q04011,gear blank,rotational,1.2312,STEEL,turn-mill,565.13,439.72,439.72,673.6766,411.9044,9,6,0.013,3.93,stress relieve,nitride,6075,722,2024-09-14,25615.32,False
Q00544,gear blank,rotational,1.2312,STEEL,turn-mill,578.89,371.03,371.03,491.3264,138.705,4,5,0.0073,4.17,stress relieve,paint,3281,776,2021-10-05,28462.64,True
Q00925,bracket,prismatic,5083-H111,ALUMINIUM,3-axis mill,123.25,87.22,53.16,1.5202,0.4773,9,1,0.0614,6.3,harden + temper,paint,91,23,2024-07-18,79.27,False
Q03344,bracket,prismatic,7075-T6,ALUMINIUM,5-axis mill,131.24,87.9,62.38,2.0222,1.4264,6,1,0.1158,5.97,harden + temper,paint,46,35,2021-08-11,54.54,True
Q02184,bracket,prismatic,7075-T6,ALUMINIUM,5-axis mill,103.03,63.91,46.63,0.8629,0.6815,12,1,0.0614,3.22,harden + temper,paint,11,6,2024-07-10,55.71,False
Q03065,bracket,prismatic,6061-T6,ALUMINIUM,5-axis mill,176.99,115.58,77.87,4.3008,1.4837,14,2,0.0614,5.5,harden + temper,paint,51,26,2022-07-23,234.12,False
Q03901,housing,prismatic,16MnCr5,STEEL,forging + machining,208.49,204.42,132.27,44.2534,33.6671,5,6,0.1898,2.2,solution + age,none,19543,5000,2023-04-16,307.16,True
Q00924,housing,prismatic,42CrMo4,STEEL,3-axis mill,197.41,166.93,111.97,28.9654,15.0353,5,6,0.0975,2.42,solution + age,none,12357,5000,2026-04-25,384.11,False
Q00889,housing,prismatic,1.2312,STEEL,forging + machining,218.18,213.02,140.83,51.3773,33.3902,3,5,0.055,2.46,solution + age,none,18615,4494,2021-01-16,911.52,False
Q02438,housing,prismatic,42CrMo4,STEEL,forging + machining,264.65,253.1,165.04,86.7797,54.9496,5,6,0.0704,2.69,solution + age,anodise,39628,5000,2022-07-07,1634.89,False
Q01912,housing,prismatic,S355JR,STEEL,5-axis mill,373.1,326.71,150.21,143.7325,61.15,4,2,0.0683,5.19,stress relieve,none,21649,5000,2026-02-05,2473.91,True
Q00620,housing,prismatic,1.2312,STEEL,turn-mill,362.29,316.28,150.63,135.492,57.8783,3,2,0.0683,2.37,stress relieve,none,4293,4059,2021-04-04,2966.44,False
Q02847,housing,prismatic,42CrMo4,STEEL,5-axis mill,347.3,262.46,134.29,96.0902,72.9956,3,1,0.1598,4.27,stress relieve,none,4382,2365,2023-11-04,1235.78,False
Q03173,housing,prismatic,16MnCr5,STEEL,5-axis mill,313.83,250.67,108.41,66.9468,42.5127,3,1,0.0683,3.98,stress relieve,none,3205,3043,2024-07-25,853.76,True
Q01184,plate,prismatic,440C,STAINLESS,forging + machining,96.15,98.48,47.48,3.4528,2.9065,4,3,0.0079,1.4,solution + age,paint,10557,5000,2026-04-14,149.43,False
Q00556,plate,prismatic,303,STAINLESS,3-axis mill,109.32,107.06,53.97,5.0533,2.73,3,5,0.005,1.28,solution + age,none,26261,5000,2023-08-02,114.63,False
Q01792,plate,prismatic,440C,STAINLESS,forging + machining,106.42,108.77,48.67,4.3264,2.9619,3,5,0.0074,1.49,solution + age,paint,12045,5000,2025-09-09,208.35,True
Q02738,plate,prismatic,440C,STAINLESS,forging + machining,98.66,86.68,41.65,2.7357,2.1434,10,5,0.0097,1.16,solution + age,paint,18756,5000,2021-03-15,89.21,True
Q02430,housing,prismatic,440C,STAINLESS,5-axis mill,264.75,154.07,60.15,18.8442,10.1405,9,4,0.1616,5.3,solution + age,none,1779,1098,2021-12-22,583.58,True
Q04851,housing,prismatic,440C,STAINLESS,turn-mill,268.04,171.06,64.81,22.8234,12.6394,3,5,0.1372,6.3,solution + age,none,3273,640,2025-09-16,715.76,False
Q03597,housing,prismatic,440C,STAINLESS,5-axis mill,259.24,156.06,68.24,21.2022,15.5256,3,6,0.1081,6.07,solution + age,none,1126,359,2021-01-21,423.97,False
Q01313,housing,prismatic,440C,STAINLESS,5-axis mill,240.99,156.84,59.44,17.2542,4.5087,3,5,0.2,4.52,solution + age,none,219,32,2022-07-28,626.55,False
Q04265,manifold,prismatic,13-8Mo H1000,STAINLESS,3-axis mill,64.96,53.86,39.71,1.0783,0.2529,14,5,0.0454,1.72,none,anodise,1831,1306,2022-04-29,59.75,True
Q04861,manifold,prismatic,15-5PH H1025,STAINLESS,3-axis mill,81.33,60.99,42.43,1.6418,1.0161,11,6,0.0576,1.71,none,anodise,1560,538,2025-04-26,53.68,False
Q04099,manifold,prismatic,13-8Mo H1000,STAINLESS,3-axis mill,70.94,56.49,42.27,1.3146,0.7076,16,5,0.1546,2.51,none,anodise,514,319,2024-05-30,65.48,False
Q01070,manifold,prismatic,303,STAINLESS,3-axis mill,74.96,57.33,41.23,1.4177,0.3088,14,6,0.0637,1.86,none,anodise,1733,784,2021-07-08,28.84,False
Q01497,gear blank,rotational,13-8Mo H1000,STAINLESS,turn-mill,650.47,175.04,175.04,121.4657,84.3466,5,3,0.005,5.18,stress relieve,nitride,12,2,2024-11-27,9715.12,True
Q00542,gear blank,rotational,316L,STAINLESS,turn-mill,657.78,178.84,178.84,132.1926,47.1103,8,3,0.005,4.02,stress relieve,nitride,10,6,2024-02-09,12606.35,False
Q04327,gear blank,rotational,13-8Mo H1000,STAINLESS,turn-mill,768.22,184.39,184.39,159.1957,106.5469,13,2,0.005,5.4,stress relieve,nitride,10,2,2023-01-05,11483.14,True
Q02290,gear blank,rotational,304L,STAINLESS,turn-mill,648.54,174.16,174.16,123.5952,92.7473,10,4,0.005,3.46,stress relieve,nitride,20,12,2025-11-19,4668.58,False
Q03172,pin,rotational,1.2312,STEEL,5-axis mill,24.61,5.52,5.52,0.0046,0.0029,5,6,0.1158,2.68,stress relieve,nitride,10,9,2024-06-18,137.89,True
Q00788,pin,rotational,42CrMo4,STEEL,5-axis mill,24.23,4.98,4.98,0.0037,0.0008,13,4,0.105,2.72,stress relieve,nitride,25,19,2021-04-25,29.71,False
Q04962,pin,rotational,1.2312,STEEL,forging + machining,25.78,6.36,6.36,0.0064,0.0044,9,5,0.0568,2.88,stress relieve,nitride,18,10,2022-08-21,57.14,False
Q00049,pin,rotational,42CrMo4,STEEL,turn-mill,26.52,5.36,5.36,0.0047,0.0036,12,4,0.0907,4.46,stress relieve,nitride,10,1,2025-10-21,527.42,True
Q02998,housing,prismatic,303,STAINLESS,turn-mill,132.23,72.73,14.41,1.1087,0.8254,25,6,0.038,4.87,none,paint,8853,1098,2023-01-24,22.33,False
Q00395,housing,prismatic,303,STAINLESS,turn-mill,94.93,54.26,10.07,0.4149,0.0921,30,6,0.038,3.98,none,paint,9633,5000,2021-11-27,15.3,True
Q04820,housing,prismatic,303,STAINLESS,turn-mill,119.16,71.37,13.09,0.8909,0.353,21,5,0.0341,3.53,none,nitride,7071,1815,2025-08-29,35.6,False
Q04686,housing,prismatic,13-8Mo H1000,STAINLESS,turn-mill,107.72,57.45,11.25,0.5404,0.2001,31,6,0.0387,4.07,none,nitride,22779,5000,2022-09-30,47.87,True
Q03317,bushing,rotational,42CrMo4,STEEL,turn-mill,42.55,33.99,33.99,0.303,0.1539,43,4,0.0119,6.16,none,paint,111,72,2023-08-18,29.61,False
Q00234,bushing,rotational,4140,STEEL,turn-mill,40.02,38.56,38.56,0.3669,0.1745,41,4,0.0167,6.3,none,paint,250,161,2021-06-29,21.81,False
Q02118,bushing,rotational,S355JR,STEEL,turn-mill,38.41,30.71,30.71,0.2233,0.1065,41,6,0.0167,6.3,none,paint,312,284,2025-10-08,12.33,False
Q03586,bushing,rotational,C45,STEEL,turn-mill,37.94,27.61,27.61,0.1783,0.1383,42,6,0.0099,5.87,none,paint,329,280,2021-05-17,6.52,True
Q02928,bracket,prismatic,Ti-6Al-4V,TITANIUM,5-axis mill,40.27,27.32,19.65,0.0958,0.0527,19,2,0.0363,3.63,stress relieve,nitride,587,324,2025-05-18,19.66,True
Q04510,bracket,prismatic,Ti-6Al-4V,TITANIUM,5-axis mill,41.86,27.66,21.7,0.1113,0.0418,20,4,0.0284,5.48,stress relieve,nitride,812,277,2024-04-22,38.53,False
Q02150,bracket,prismatic,Ti-6Al-4V,TITANIUM,turn-mill,29.87,21.74,16.76,0.0482,0.0176,22,3,0.0284,4.34,stress relieve,nitride,273,123,2026-01-24,21.47,False
Q01114,bracket,prismatic,Ti-6Al-4V,TITANIUM,5-axis mill,30.03,22.34,15.91,0.0473,0.0202,14,4,0.0206,2.49,stress relieve,nitride,317,52,2025-01-01,33.94,False
Q04221,flange,prismatic,16MnCr5,STEEL,turn-mill,98.67,49.76,16.85,0.6495,0.2953,14,2,0.0997,3.23,solution + age,paint,2282,424,2022-05-09,12.18,False
Q02673,flange,prismatic,C45,STEEL,5-axis mill,68.12,36.4,13.71,0.2668,0.0645,11,2,0.1437,3.08,solution + age,paint,1870,1834,2022-04-13,6.52,False
Q00147,flange,prismatic,C45,STEEL,5-axis mill,72.5,35.46,11.77,0.2375,0.0542,15,2,0.1021,3.65,solution + age,paint,3750,2558,2021-12-02,7.67,True
Q00499,flange,prismatic,C45,STEEL,5-axis mill,74.71,37.43,14.09,0.3092,0.1093,12,1,0.0648,4.2,solution + age,paint,1311,1224,2025-01-06,13.03,True
Q01436,fitting,rotational,17-4PH H1025,STAINLESS,turning,144.99,93.34,93.34,7.7389,2.477,24,2,0.0052,5.35,stress relieve,zinc,50000,5000,2025-04-29,597.97,False
Q04339,fitting,rotational,13-8Mo H1000,STAINLESS,5-axis mill,127.33,82.3,82.3,5.2568,3.378,24,2,0.0065,4.41,stress relieve,zinc,24236,5000,2024-10-23,606.82,True
Q01812,fitting,rotational,13-8Mo H1000,STAINLESS,5-axis mill,197.05,124.8,124.8,18.704,13.1334,24,4,0.0065,4.01,stress relieve,none,23488,5000,2025-06-09,1650.05,True
Q01908,fitting,rotational,17-4PH H1025,STAINLESS,5-axis mill,163.86,100.02,100.02,10.0415,7.1245,24,4,0.0065,2.76,stress relieve,zinc,24379,4506,2021-01-06,740.33,False
Q01556,fitting,rotational,15-5PH H1025,STAINLESS,5-axis mill,163.77,120.65,120.65,14.6033,8.58,18,6,0.0061,6.3,none,paint,87,21,2026-02-17,1175.51,False
Q00403,fitting,rotational,17-4PH H1025,STAINLESS,5-axis mill,151.7,113.31,113.31,11.9329,3.0774,21,5,0.0066,6.3,none,none,45,8,2025-03-22,1819.7,False
Q00866,fitting,rotational,13-8Mo H1000,STAINLESS,5-axis mill,153.25,103.95,103.95,10.0936,2.4755,19,6,0.0054,6.3,none,paint,70,7,2022-09-20,1835.07,False
Q00335,fitting,rotational,15-5PH H1025,STAINLESS,forging + machining,173.26,104.13,104.13,11.5079,7.4648,18,5,0.0061,6.3,none,paint,240,86,2025-11-29,841.41,False
Q03630,housing,prismatic,17-4PH H1025,STAINLESS,turn-mill,81.22,46.62,8.65,0.2554,0.1333,9,6,0.0206,4.9,solution + age,nitride,18385,1199,2022-11-23,16.06,False
Q01311,housing,prismatic,316L,STAINLESS,turn-mill,80.98,49.05,8.59,0.2728,0.2131,15,5,0.0212,3.52,solution + age,nitride,9448,1999,2026-03-01,12.53,False
Q02646,housing,prismatic,13-8Mo H1000,STAINLESS,turn-mill,71.7,39.17,7.55,0.1645,0.0628,11,6,0.0206,5.11,solution + age,anodise,38384,5000,2023-10-24,14.36,False
Q01179,housing,prismatic,15-5PH H1025,STAINLESS,turn-mill,70.81,37.25,6.75,0.1388,0.0728,6,6,0.0206,4.33,solution + age,nitride,21635,5000,2021-03-04,9.71,False
Q03416,gear blank,rotational,17-4PH H1025,STAINLESS,forging + machining,69.27,35.33,35.33,0.5298,0.429,12,2,0.0082,2.05,stress relieve,zinc,9188,4721,2023-10-09,24.96,False
Q01959,gear blank,rotational,17-4PH H1025,STAINLESS,turning,57.55,27.43,27.43,0.2652,0.1075,3,1,0.0082,4.16,stress relieve,zinc,18443,5000,2025-10-02,12.9,False
Q03046,gear blank,rotational,17-4PH H1025,STAINLESS,turning,78.55,37.57,37.57,0.6793,0.3239,4,3,0.0082,5.95,stress relieve,zinc,17281,3702,2025-04-06,33.81,False
Q04381,gear blank,rotational,15-5PH H1025,STAINLESS,turning,87.89,39.37,39.37,0.8345,0.6241,4,3,0.0082,4.76,stress relieve,none,50000,5000,2021-05-30,22.01,False
Q00510,gear blank,rotational,17-4PH H1025,STAINLESS,turn-mill,730.69,165.69,165.69,122.8886,42.0314,7,1,0.0055,2.68,stress relieve,none,7440,5000,2022-09-16,10619.56,False
Q04765,gear blank,rotational,316L,STAINLESS,turn-mill,827.64,214.81,214.81,239.9527,121.4442,10,1,0.005,4.16,stress relieve,nitride,7234,5000,2025-03-21,14031.43,True
Q00741,gear blank,rotational,15-5PH H1025,STAINLESS,turn-mill,565.66,155.51,155.51,83.8014,24.3854,4,2,0.005,3.35,stress relieve,none,26587,5000,2025-10-10,8999.67,False
Q02121,gear blank,rotational,17-4PH H1025,STAINLESS,turning,788.88,172.89,172.89,144.4563,87.8551,6,1,0.005,3.58,stress relieve,nitride,41428,5000,2022-05-08,4959.43,False
Q02032,bracket,prismatic,C45,STEEL,5-axis mill,108.22,81.69,69.91,4.8515,1.9455,13,5,0.0653,0.94,stress relieve,zinc,1620,535,2025-12-15,123.89,False
Q02467,bracket,prismatic,C45,STEEL,5-axis mill,115.13,70.65,64.74,4.1336,0.9601,8,3,0.0653,1.19,stress relieve,zinc,9100,5000,2025-04-04,133.91,True
Q02352,bracket,prismatic,C45,STEEL,5-axis mill,126.82,88.29,71.4,6.2756,3.9721,13,5,0.129,1.02,stress relieve,zinc,2534,827,2024-05-21,81.2,True
Q04399,bracket,prismatic,42CrMo4,STEEL,5-axis mill,123.21,80.17,70.13,5.4375,3.5565,7,4,0.0712,1.31,stress relieve,zinc,4084,3531,2021-09-23,78.92,True
Q00215,housing,prismatic,16MnCr5,STEEL,forging + machining,170.76,170.22,105.18,23.9995,14.6194,3,3,0.0408,3.71,none,anodise,378,25,2023-11-18,392.1,True
Q04224,housing,prismatic,C45,STEEL,turn-mill,143.15,147.35,100.54,16.6474,11.6935,5,2,0.0789,3.02,none,anodise,674,570,2021-02-25,164.36,False
Q00004,housing,prismatic,C45,STEEL,forging + machining,153.19,179.24,110.72,23.8638,16.4739,3,4,0.091,2.93,none,passivate,252,225,2022-06-28,237.64,True
Q00024,housing,prismatic,C45,STEEL,forging + machining,178.56,166.84,113.67,26.5829,17.0468,9,2,0.0306,2.09,none,anodise,1735,1290,2023-10-09,433.18,True
Q02070,fitting,rotational,Inconel 718,NICKEL,turning,46.22,30.65,30.65,0.2792,0.0902,6,2,0.005,2.93,none,zinc,3900,2989,2023-03-10,32.49,False
Q00218,fitting,rotational,Inconel 718,NICKEL,turning,39.85,28.17,28.17,0.2034,0.1572,6,2,0.005,1.76,none,paint,2646,547,2025-05-16,18.74,True
Q03434,fitting,rotational,Inconel 718,NICKEL,turning,41.85,31.07,31.07,0.2598,0.1157,8,2,0.005,2.3,none,zinc,3820,3436,2024-04-24,36.29,False
Q04827,fitting,rotational,Inconel 718,NICKEL,turning,44.6,31.64,31.64,0.2871,0.1294,8,3,0.005,2.48,none,paint,2141,1538,2025-05-08,41.28,True
Q04393,pin,rotational,Ti-6Al-4V,TITANIUM,forging + machining,39.64,5.03,5.03,0.0035,0.0026,3,2,0.0166,0.68,solution + age,anodise,26,22,2022-09-29,13.52,False
Q01050,pin,rotational,Ti-6Al-4V,TITANIUM,forging + machining,38.65,4.57,4.57,0.0028,0.0022,5,2,0.0166,0.73,solution + age,anodise,16,7,2026-05-23,39.09,False
Q02743,pin,rotational,Ti-10V-2Fe-3Al,TITANIUM,forging + machining,50.01,6.35,6.35,0.0074,0.0055,5,2,0.0166,0.51,solution + age,anodise,29,12,2021-02-11,21.92,False
Q00302,pin,rotational,Ti-6Al-4V,TITANIUM,forging + machining,44.85,5.61,5.61,0.0049,0.0039,7,2,0.0166,0.52,solution + age,anodise,29,23,2022-01-23,10.05,True
Q00812,housing,prismatic,7075-T6,ALUMINIUM,turn-mill,237.57,185.28,115.54,14.291,6.9132,8,4,0.1085,3.67,stress relieve,paint,33,28,2022-04-19,459.26,False
Q02621,housing,prismatic,7075-T6,ALUMINIUM,turn-mill,179.91,138.49,87.87,6.152,4.8887,3,4,0.1683,4.32,stress relieve,passivate,18,2,2021-08-30,338.21,False
Q02386,housing,prismatic,7075-T6,ALUMINIUM,turn-mill,181.82,128.23,86.7,5.6801,1.7899,3,5,0.073,4.21,stress relieve,paint,41,34,2023-05-31,222.68,False
Q00026,housing,prismatic,7075-T6,ALUMINIUM,turn-mill,246.3,182.5,108.28,13.6763,10.8736,3,4,0.1043,4.67,stress relieve,paint,14,8,2024-05-07,389.32,False
Q02300,bracket,prismatic,303,STAINLESS,5-axis mill,41.09,23.97,23.52,0.1853,0.1213,4,6,0.005,2.71,harden + temper,zinc,25207,5000,2021-10-27,8.1,False
Q04129,bracket,prismatic,17-4PH H1025,STAINLESS,forging + machining,43.17,23.93,20.25,0.1631,0.1232,6,6,0.005,2.75,harden + temper,none,32658,1996,2024-10-16,11.21,False
Q04834,bracket,prismatic,17-4PH H1025,STAINLESS,turn-mill,38.58,22.35,20.33,0.1367,0.0496,6,5,0.0096,2.8,harden + temper,zinc,43346,5000,2024-06-10,9.23,False
Q01159,bracket,prismatic,15-5PH H1025,STAINLESS,5-axis mill,39.57,22.81,20.38,0.1435,0.0526,3,6,0.005,2.46,harden + temper,zinc,23122,5000,2021-10-14,13.83,False
Q03934,fitting,rotational,Waspaloy,NICKEL,turn-mill,126.09,77.49,77.49,4.8696,1.5095,20,2,0.0448,6.3,solution + age,nitride,18,7,2025-01-20,1233.05,False
Q00148,fitting,rotational,Inconel 625,NICKEL,turn-mill,98.9,75.17,75.17,3.7041,1.8039,16,2,0.0448,6.3,solution + age,nitride,10,5,2023-10-10,555.75,True
Q02727,fitting,rotational,Inconel 718,NICKEL,forging + machining,92.07,64.39,64.39,2.455,1.6371,13,3,0.0293,6.3,solution + age,nitride,17,7,2022-05-11,400.65,False
Q03285,fitting,rotational,Inconel 625,NICKEL,forging + machining,76.53,55.87,55.87,1.5834,1.1823,13,2,0.0515,5.45,solution + age,nitride,17,5,2023-03-22,208.52,True
Q03907,flange,prismatic,2024-T3,ALUMINIUM,3-axis mill,35.89,11.62,4.1,0.0048,0.0023,4,1,0.0906,2.57,harden + temper,zinc,12,1,2021-02-04,83.31,False
Q04032,flange,prismatic,2024-T3,ALUMINIUM,3-axis mill,31.36,11.44,4.0,0.004,0.0017,5,1,0.1502,2.49,harden + temper,zinc,10,1,2024-08-25,69.2,False
Q00768,flange,prismatic,6061-T6,ALUMINIUM,3-axis mill,29.69,9.96,4.02,0.0032,0.002,3,1,0.0906,2.1,harden + temper,zinc,15,4,2021-11-11,21.99,False
Q04431,flange,prismatic,2024-T3,ALUMINIUM,3-axis mill,39.58,14.46,5.18,0.0082,0.003,7,1,0.0906,1.83,harden + temper,nitride,18,10,2025-07-21,13.4,False
Q00787,bushing,rotational,1.2312,STEEL,forging + machining,30.11,25.56,25.56,0.1213,0.0764,45,6,0.0109,6.3,none,passivate,58,57,2021-04-03,16.81,False
Q03247,bushing,rotational,1.2312,STEEL,turn-mill,24.46,20.17,20.17,0.0614,0.0448,44,5,0.0109,6.3,none,none,10,1,2025-04-29,610.81,True
Q03604,bushing,rotational,1.2312,STEEL,turn-mill,43.16,34.47,34.47,0.3163,0.1152,46,5,0.0091,5.88,none,passivate,20,14,2022-09-07,61.93,False
Q04153,bushing,rotational,1.2312,STEEL,turn-mill,37.14,29.24,29.24,0.1957,0.0511,35,5,0.0109,6.1,none,passivate,25,11,2023-08-30,58.04,True
Q03456,bushing,rotational,C101,COPPER,forging + machining,29.88,21.25,21.25,0.0947,0.0706,35,6,0.0089,3.17,none,anodise,12328,5000,2024-08-20,4.57,False
Q01228,bushing,rotational,C101,COPPER,forging + machining,28.98,19.54,19.54,0.0777,0.0548,35,5,0.0109,2.36,none,anodise,8679,4364,2026-05-03,4.05,False
Q01149,bushing,rotational,C101,COPPER,forging + machining,36.4,24.87,24.87,0.158,0.1031,36,4,0.0109,2.76,none,anodise,16437,1736,2023-11-23,10.68,False
Q03689,bushing,rotational,C101,COPPER,forging + machining,30.48,21.92,21.92,0.1029,0.0676,36,5,0.0109,2.97,none,anodise,10401,4838,2024-01-15,5.65,True
Q04902,fitting,rotational,Ti-10V-2Fe-3Al,TITANIUM,turn-mill,40.27,25.38,25.38,0.0947,0.0655,20,4,0.0452,1.76,harden + temper,passivate,50000,5000,2023-10-11,16.39,False
Q04106,fitting,rotational,Ti-6Al-4V ELI,TITANIUM,turn-mill,52.29,36.75,36.75,0.2457,0.1145,9,5,0.0452,1.71,harden + temper,passivate,17067,5000,2021-01-06,39.34,False
Q02931,fitting,rotational,Ti-6Al-4V ELI,TITANIUM,turn-mill,41.6,25.2,25.2,0.0919,0.0519,15,4,0.0452,1.22,harden + temper,anodise,18609,5000,2021-07-25,11.89,True
Q04135,fitting,rotational,Ti-6Al-4V ELI,TITANIUM,turn-mill,43.9,30.3,30.3,0.1402,0.1014,21,5,0.0452,1.18,harden + temper,passivate,10540,5000,2021-12-14,18.58,False
Q02587,housing,prismatic,6061-T6,ALUMINIUM,5-axis mill,168.32,136.9,89.42,5.5632,2.6411,3,2,0.2,6.3,solution + age,paint,274,96,2021-01-16,152.82,False
Q04814,housing,prismatic,6082-T6,ALUMINIUM,turn-mill,147.65,119.16,83.02,3.9436,0.804,3,3,0.2,5.06,solution + age,paint,408,25,2021-06-09,120.39,False
Q00597,housing,prismatic,2024-T3,ALUMINIUM,turn-mill,148.06,111.21,72.86,3.335,1.3573,9,2,0.1464,6.3,solution + age,paint,682,631,2024-03-01,104.56,False
Q04463,housing,prismatic,2024-T3,ALUMINIUM,turn-mill,125.28,115.42,75.4,3.0309,2.406,7,3,0.2,4.16,solution + age,nitride,472,288,2024-12-25,57.99,False
Q01358,bushing,rotational,1.2312,STEEL,turn-mill,38.93,25.87,25.87,0.1607,0.1088,38,3,0.0121,6.3,solution + age,anodise,59,35,2024-06-15,18.07,False
Q04690,bushing,rotational,1.2312,STEEL,turn-mill,40.78,27.1,27.1,0.1847,0.1042,40,4,0.015,3.12,solution + age,paint,22,11,2024-10-23,52.83,False
Q03469,bushing,rotational,1.2312,STEEL,turn-mill,53.32,28.89,28.89,0.2743,0.2066,46,2,0.0102,4.7,solution + age,anodise,14,1,2021-05-04,222.32,False
Q00032,bushing,rotational,1.2312,STEEL,turn-mill,43.95,27.47,27.47,0.2044,0.0483,41,4,0.0121,5.73,solution + age,anodise,32,11,2021-04-10,64.04,False
Q01489,housing,prismatic,17-4PH H1025,STAINLESS,3-axis mill,131.45,73.93,24.84,1.8826,1.2024,12,2,0.1662,3.62,stress relieve,paint,50000,5000,2024-02-22,40.51,False
Q04509,housing,prismatic,15-5PH H1025,STAINLESS,3-axis mill,218.07,88.26,33.64,5.0495,1.9324,12,4,0.1662,4.71,stress relieve,paint,45879,5000,2021-09-26,121.53,True
Q01673,housing,prismatic,303,STAINLESS,forging + machining,180.82,89.22,32.11,4.1447,2.4887,3,2,0.1662,4.02,stress relieve,paint,25624,2771,2022-10-24,72.82,False
Q00018,housing,prismatic,15-5PH H1025,STAINLESS,3-axis mill,182.11,104.72,30.1,4.4773,2.0738,12,3,0.1662,5.05,stress relieve,paint,23055,5000,2024-02-27,127.6,False
Q02779,bracket,prismatic,7075-T6,ALUMINIUM,5-axis mill,64.36,57.48,26.2,0.2723,0.1264,7,5,0.0275,1.25,none,nitride,2813,1076,2025-03-26,21.89,True
Q03169,bracket,prismatic,7075-T6,ALUMINIUM,5-axis mill,66.52,59.99,24.47,0.2743,0.1726,8,6,0.0292,0.57,none,zinc,4632,2592,2025-02-12,14.09,False
Q01582,bracket,prismatic,5083-H111,ALUMINIUM,5-axis mill,52.82,45.02,21.93,0.1387,0.0991,14,6,0.0163,0.69,none,zinc,10683,5000,2024-07-26,8.75,False
Q02709,bracket,prismatic,7075-T6,ALUMINIUM,turn-mill,52.43,49.12,22.32,0.1615,0.0568,17,6,0.0398,0.81,none,zinc,1749,141,2025-02-07,14.16,True
Q02748,gear blank,rotational,C101,COPPER,5-axis mill,310.78,91.22,91.22,18.1579,13.8494,3,6,0.0866,4.99,none,nitride,16024,5000,2022-06-10,356.68,False
Q00659,gear blank,rotational,C101,COPPER,forging + machining,349.92,90.44,90.44,20.096,15.7768,3,6,0.0679,3.2,none,nitride,35466,5000,2025-06-14,598.78,False
Q04411,gear blank,rotational,C63000,COPPER,5-axis mill,289.12,84.09,84.09,12.1698,4.7708,9,5,0.0988,5.31,none,nitride,22450,5000,2022-12-13,745.35,False
Q04504,gear blank,rotational,C101,COPPER,5-axis mill,329.97,80.23,80.23,14.912,6.6738,3,5,0.0988,4.54,none,nitride,25757,5000,2021-05-03,371.38,False
Q00894,housing,prismatic,6026-T9,ALUMINIUM,turn-mill,189.47,140.72,72.01,5.184,3.9332,11,6,0.0343,3.25,stress relieve,nitride,1037,530,2024-10-20,136.23,True
Q00760,housing,prismatic,2024-T3,ALUMINIUM,3-axis mill,165.16,146.56,59.82,4.0249,2.4595,8,5,0.0621,2.33,stress relieve,zinc,2304,1326,2024-11-23,103.11,False
Q04514,housing,prismatic,6026-T9,ALUMINIUM,turn-mill,131.69,135.1,62.95,3.0237,1.3898,5,6,0.0621,3.95,stress relieve,zinc,415,401,2024-10-27,74.6,False
Q01223,housing,prismatic,6061-T6,ALUMINIUM,turn-mill,128.54,96.12,51.11,1.7051,1.0573,9,6,0.0621,4.34,stress relieve,zinc,1010,688,2026-02-08,46.69,False
Q03591,manifold,prismatic,2024-T3,ALUMINIUM,turn-mill,314.48,332.74,37.56,10.927,8.2688,6,5,0.099,4.67,none,anodise,1598,887,2026-01-21,235.01,False
Q01591,manifold,prismatic,6082-T6,ALUMINIUM,turn-mill,356.73,386.01,39.2,14.5744,3.9038,9,6,0.099,4.24,none,passivate,8173,5000,2021-07-21,453.48,False
Q01649,manifold,prismatic,6082-T6,ALUMINIUM,turn-mill,363.6,365.35,38.98,13.9803,4.8345,3,4,0.099,4.41,none,passivate,2511,936,2023-06-05,379.1,False
Q02480,manifold,prismatic,2024-T3,ALUMINIUM,turn-mill,340.05,335.53,39.97,12.6768,4.3643,11,4,0.0866,5.54,none,anodise,2367,1047,2022-09-27,578.39,False
Q01659,gear blank,rotational,C101,COPPER,5-axis mill,92.07,63.23,63.23,2.5849,0.5407,9,5,0.0724,1.42,harden + temper,none,3443,605,2026-01-02,81.64,False
Q02194,gear blank,rotational,C101,COPPER,5-axis mill,99.54,57.21,57.21,2.2876,0.5806,8,5,0.1096,1.07,harden + temper,anodise,5424,3650,2021-04-10,72.7,True
Q03227,gear blank,rotational,C101,COPPER,turn-mill,85.42,50.13,50.13,1.5075,0.4279,3,3,0.0724,1.39,harden + temper,none,5720,2968,2025-08-06,45.28,False
Q04044,gear blank,rotational,C101,COPPER,5-axis mill,119.37,62.02,62.02,3.2244,0.7128,3,3,0.0669,1.37,harden + temper,none,9092,2247,2021-12-22,79.91,True
Q03192,gear blank,rotational,C63000,COPPER,5-axis mill,156.51,50.6,50.6,2.3855,1.5365,6,3,0.0595,5.39,none,paint,907,110,2024-05-08,94.56,False
Q04331,gear blank,rotational,CuZn39Pb3,COPPER,5-axis mill,174.27,63.25,63.25,4.6374,1.4834,3,2,0.0972,5.59,none,paint,4770,3220,2024-09-21,81.93,True
Q02993,gear blank,rotational,C63000,COPPER,5-axis mill,148.85,45.25,45.25,1.8148,1.1066,3,1,0.0972,4.24,none,paint,3684,583,2022-12-11,67.88,False
Q04694,gear blank,rotational,C63000,COPPER,5-axis mill,168.34,52.39,52.39,2.7511,0.6499,6,3,0.0972,6.23,none,passivate,8551,1161,2021-02-12,167.8,False
Q03541,fitting,rotational,17-4PH H1025,STAINLESS,5-axis mill,146.44,63.37,63.37,3.6026,2.564,41,1,0.0135,4.7,stress relieve,paint,17953,5000,2022-10-25,201.21,True
Q00468,fitting,rotational,15-5PH H1025,STAINLESS,5-axis mill,142.09,60.4,60.4,3.175,2.4372,45,3,0.0118,5.42,stress relieve,paint,25573,5000,2023-03-17,165.49,True
Q00504,fitting,rotational,17-4PH H1025,STAINLESS,5-axis mill,131.35,64.73,64.73,3.3715,1.2808,47,3,0.0118,6.2,stress relieve,paint,32009,5000,2021-09-30,519.83,False
Q03330,fitting,rotational,17-4PH H1025,STAINLESS,5-axis mill,155.96,69.86,69.86,4.6628,1.9499,47,1,0.0118,4.7,stress relieve,paint,36124,5000,2022-06-16,571.27,False
Q04741,housing,prismatic,440C,STAINLESS,5-axis mill,241.53,120.57,49.6,11.0938,3.4628,3,4,0.2,6.29,harden + temper,anodise,20922,5000,2021-05-28,323.01,True
Q01936,housing,prismatic,440C,STAINLESS,5-axis mill,270.11,132.53,59.58,16.3789,9.9177,3,3,0.2,4.09,harden + temper,anodise,50000,5000,2022-07-13,453.63,False
Q03567,housing,prismatic,440C,STAINLESS,5-axis mill,210.37,108.72,40.58,7.1282,2.0739,8,4,0.2,4.17,harden + temper,anodise,24863,5000,2023-02-04,279.13,True
Q03892,housing,prismatic,304L,STAINLESS,5-axis mill,236.42,118.35,48.38,10.8289,4.4292,10,3,0.2,5.35,harden + temper,anodise,45347,5000,2023-01-30,264.86,False
Q03428,manifold,prismatic,316L,STAINLESS,forging + machining,411.79,269.48,79.66,70.7197,46.3775,3,5,0.0286,0.46,stress relieve,passivate,185,153,2021-10-09,1675.57,True
Q02307,manifold,prismatic,13-8Mo H1000,STAINLESS,forging + machining,245.44,161.6,55.86,17.1927,13.7509,3,6,0.0184,0.4,stress relieve,paint,390,186,2022-08-14,981.78,False
Q01572,manifold,prismatic,303,STAINLESS,forging + machining,417.32,256.37,78.97,67.5958,56.8247,8,5,0.0184,0.4,stress relieve,passivate,72,53,2022-11-05,1268.58,False
Q00428,manifold,prismatic,303,STAINLESS,forging + machining,357.71,245.89,78.91,55.5231,46.4931,7,6,0.012,0.41,stress relieve,passivate,102,39,2025-09-09,977.74,True
Q04912,flange,prismatic,C45,STEEL,forging + machining,72.01,50.86,5.88,0.1691,0.1297,11,3,0.0271,5.44,harden + temper,paint,432,69,2021-06-04,8.91,False
Q01937,flange,prismatic,42CrMo4,STEEL,forging + machining,72.92,54.05,6.23,0.1928,0.1338,15,5,0.0271,4.62,harden + temper,zinc,272,163,2026-05-01,12.15,False
Q04332,flange,prismatic,42CrMo4,STEEL,forging + machining,78.42,59.38,7.35,0.2686,0.2088,10,3,0.0271,5.6,harden + temper,paint,494,172,2023-02-16,7.88,False
Q03646,flange,prismatic,42CrMo4,STEEL,forging + machining,75.77,58.51,6.64,0.231,0.1752,18,3,0.0271,4.7,harden + temper,passivate,516,444,2026-06-14,6.01,False
Q01395,bracket,prismatic,4140,STEEL,3-axis mill,142.9,68.17,67.77,5.1825,3.3879,9,6,0.0622,0.96,stress relieve,zinc,12761,5000,2022-02-06,61.66,True
Q04986,bracket,prismatic,16MnCr5,STEEL,5-axis mill,107.68,57.89,62.28,3.0477,2.0493,16,6,0.1458,0.94,stress relieve,zinc,40028,5000,2025-10-14,51.2,False
Q02951,bracket,prismatic,4140,STEEL,5-axis mill,132.89,64.13,60.38,4.0396,2.5859,11,6,0.0849,1.13,stress relieve,zinc,32602,5000,2023-05-23,71.44,True
Q00679,bracket,prismatic,4140,STEEL,5-axis mill,145.41,77.89,73.47,6.5321,2.7596,9,6,0.0317,0.82,stress relieve,zinc,30043,5000,2022-10-18,264.05,False
Q04252,shaft,rotational,Ti-6Al-4V ELI,TITANIUM,turn-mill,741.65,41.37,41.37,4.417,2.2405,60,1,0.0526,4.82,stress relieve,none,5166,1331,2022-10-14,1361.66,False
Q04582,shaft,rotational,Ti-6Al-4V,TITANIUM,5-axis mill,605.96,35.52,35.52,2.6596,2.0783,55,1,0.0397,6.3,stress relieve,none,3061,671,2021-07-12,338.68,True
Q01783,shaft,rotational,Ti-6Al-4V,TITANIUM,turn-mill,548.63,29.55,29.55,1.6666,0.5721,58,1,0.0386,6.16,stress relieve,none,9421,4748,2021-03-09,447.83,False
Q03115,shaft,rotational,Ti-6Al-4V ELI,TITANIUM,turn-mill,712.62,38.0,38.0,3.5799,1.7528,55,2,0.0526,5.64,stress relieve,none,11239,5000,2024-03-16,729.84,True
Q04553,gear blank,rotational,17-4PH H1025,STAINLESS,turning,1485.38,420.43,420.43,1608.4206,412.7885,9,6,0.0234,5.8,solution + age,nitride,17481,5000,2021-04-01,54801.59,False
Q01301,gear blank,rotational,440C,STAINLESS,turning,1651.92,501.53,501.53,2506.3343,1357.1403,3,6,0.0297,4.57,solution + age,nitride,6492,4901,2024-03-03,60309.68,False
Q02233,gear blank,rotational,17-4PH H1025,STAINLESS,turning,1478.36,452.33,452.33,1852.986,377.0165,4,5,0.0297,6.3,solution + age,nitride,6298,5000,2024-11-07,57575.33,True
Q02599,gear blank,rotational,17-4PH H1025,STAINLESS,turning,1368.79,336.23,336.23,947.9935,425.8753,3,6,0.0297,4.77,solution + age,nitride,8770,5000,2025-03-28,31201.96,False
Q00333,manifold,prismatic,6026-T9,ALUMINIUM,3-axis mill,46.59,33.23,14.68,0.0614,0.0185,6,5,0.0216,5.39,solution + age,anodise,141,33,2024-10-27,15.23,False
Q04920,manifold,prismatic,6026-T9,ALUMINIUM,3-axis mill,55.64,43.13,17.56,0.1138,0.047,9,6,0.0245,4.83,solution + age,anodise,149,56,2022-01-31,12.93,True
Q03680,manifold,prismatic,6026-T9,ALUMINIUM,3-axis mill,46.08,31.07,15.48,0.0599,0.0127,7,5,0.0261,6.3,solution + age,anodise,152,108,2026-01-10,9.41,False
Q01671,manifold,prismatic,6026-T9,ALUMINIUM,3-axis mill,61.79,41.01,18.41,0.126,0.0515,6,5,0.0234,6.3,solution + age,anodise,105,6,2021-01-12,64.0,True
Q02556,bushing,rotational,PEEK,POLYMER,5-axis mill,32.94,13.26,13.26,0.0059,0.0027,4,2,0.2,5.77,harden + temper,none,22,18,2026-05-23,25.56,False
Q01860,bushing,rotational,PEEK,POLYMER,5-axis mill,38.02,16.05,16.05,0.01,0.0049,3,2,0.2,5.98,harden + temper,none,12,4,2023-07-04,94.91,False
Q02810,bushing,rotational,PEEK,POLYMER,5-axis mill,36.09,15.99,15.99,0.0094,0.0067,9,2,0.2,6.3,harden + temper,none,22,20,2022-03-03,19.18,True
Q00938,bushing,rotational,PEEK,POLYMER,5-axis mill,44.44,17.5,17.5,0.0139,0.0043,3,3,0.2,6.18,harden + temper,zinc,10,1,2021-10-04,535.54,True
Q00263,gear blank,rotational,C45,STEEL,turn-mill,185.34,96.12,96.12,10.5586,4.6605,8,4,0.0232,5.3,none,none,101,56,2022-06-16,212.27,False
Q01084,gear blank,rotational,1.2312,STEEL,turn-mill,229.05,97.38,97.38,13.3924,9.8135,13,3,0.0232,4.9,none,none,31,18,2023-01-21,316.18,True
Q02786,gear blank,rotational,S355JR,STEEL,turn-mill,168.03,87.67,87.67,7.9619,5.5133,7,2,0.0232,3.69,none,none,56,53,2022-08-17,91.59,False
Q03923,gear blank,rotational,4140,STEEL,turn-mill,205.27,100.37,100.37,12.7487,6.3332,15,2,0.0232,5.88,none,none,106,13,2025-05-21,446.3,False
Q02570,pin,rotational,S355JR,STEEL,5-axis mill,31.3,5.1,5.1,0.005,0.0037,8,6,0.056,2.11,stress relieve,anodise,4588,3907,2022-01-20,1.5,True
Q02812,pin,rotational,S355JR,STEEL,5-axis mill,23.67,4.78,4.78,0.0033,0.0013,6,6,0.056,3.84,stress relieve,zinc,4587,3024,2026-04-11,2.06,False
Q00334,pin,rotational,S355JR,STEEL,5-axis mill,26.06,4.69,4.69,0.0035,0.0026,3,6,0.072,2.86,stress relieve,none,7866,5000,2025-04-13,0.91,False
Q02246,pin,rotational,4140,STEEL,5-axis mill,28.25,5.23,5.23,0.0048,0.0016,12,6,0.056,2.24,stress relieve,zinc,10798,5000,2022-02-19,1.87,False
Q01934,bracket,prismatic,16MnCr5,STEEL,forging + machining,80.03,46.29,60.32,1.7541,1.288,17,4,0.0656,0.63,none,passivate,37731,5000,2024-05-31,28.81,True
Q01128,bracket,prismatic,C45,STEEL,5-axis mill,99.96,58.67,79.36,3.6537,2.4244,12,2,0.0656,0.83,none,anodise,50000,5000,2021-10-22,45.92,False
Q00277,bracket,prismatic,S355JR,STEEL,5-axis mill,65.14,32.64,48.75,0.8138,0.597,15,4,0.0656,0.76,none,anodise,15664,840,2021-07-20,10.55,True
Q01279,bracket,prismatic,C45,STEEL,turn-mill,44.13,31.05,34.27,0.3686,0.244,17,4,0.0656,0.71,none,none,50000,5000,2022-06-29,4.3,False
Q03347,fitting,rotational,17-4PH H1025,STAINLESS,5-axis mill,124.96,48.19,48.19,1.7775,1.2023,13,4,0.0209,4.65,solution + age,nitride,10,5,2023-04-30,216.42,False
Q04875,fitting,rotational,17-4PH H1025,STAINLESS,5-axis mill,154.58,69.29,69.29,4.5472,1.2466,11,2,0.0209,4.3,solution + age,nitride,23,4,2022-11-11,476.24,False
Q03675,fitting,rotational,304L,STAINLESS,5-axis mill,209.88,82.48,82.48,8.9704,6.7197,15,4,0.021,4.91,solution + age,nitride,38,24,2023-11-13,187.77,False
Q04530,fitting,rotational,17-4PH H1025,STAINLESS,5-axis mill,197.17,78.09,78.09,7.3659,4.3205,11,2,0.0209,4.13,solution + age,nitride,20,2,2022-05-11,667.35,False
Q04523,plate,prismatic,5083-H111,ALUMINIUM,turn-mill,190.53,205.56,141.87,14.7798,5.517,30,5,0.0464,2.71,stress relieve,zinc,18923,5000,2023-10-30,1359.4,False
Q04336,plate,prismatic,5083-H111,ALUMINIUM,turn-mill,206.28,200.7,131.47,14.4779,11.4905,36,6,0.0422,1.67,stress relieve,anodise,37009,5000,2026-03-26,558.52,False
Q01046,plate,prismatic,5083-H111,ALUMINIUM,turn-mill,192.71,165.82,128.65,10.936,8.2647,30,6,0.0422,2.62,stress relieve,anodise,10279,5000,2021-12-14,368.83,False
Q03049,plate,prismatic,5083-H111,ALUMINIUM,forging + machining,229.12,207.79,148.07,18.7508,11.8008,29,6,0.0422,3.41,stress relieve,nitride,14418,3707,2026-06-28,1357.97,False
Q00730,bushing,rotational,16MnCr5,STEEL,turning,140.37,56.07,56.07,2.7204,1.485,19,3,0.0171,5.38,none,passivate,2338,2077,2021-05-08,50.05,False
Q01799,bushing,rotational,1.2312,STEEL,turn-mill,141.79,54.89,54.89,2.634,1.9851,11,2,0.0171,6.3,none,anodise,417,26,2022-04-10,81.38,False
Q03207,bushing,rotational,C45,STEEL,5-axis mill,152.34,62.07,62.07,3.6182,2.1741,12,4,0.0162,5.08,none,zinc,390,330,2024-08-05,90.85,False
Q02719,bushing,rotational,16MnCr5,STEEL,turning,147.33,56.08,56.08,2.8572,1.3489,8,2,0.0171,6.3,none,zinc,1698,1690,2024-07-05,50.75,False
Q03544,flange,prismatic,5083-H111,ALUMINIUM,3-axis mill,57.57,18.28,4.78,0.0134,0.0034,3,4,0.0594,1.47,none,none,7652,1681,2023-02-21,0.75,True
Q03321,flange,prismatic,2024-T3,ALUMINIUM,5-axis mill,43.27,12.25,4.0,0.0059,0.0016,4,3,0.1194,1.07,none,none,33862,5000,2023-05-08,0.31,False
Q03503,flange,prismatic,2024-T3,ALUMINIUM,3-axis mill,55.21,16.69,4.71,0.0121,0.0092,3,2,0.1194,1.01,none,paint,16291,1202,2023-08-01,1.4,False
Q04208,flange,prismatic,2024-T3,ALUMINIUM,3-axis mill,48.22,13.6,4.08,0.0074,0.003,4,2,0.1194,0.8,none,zinc,13628,5000,2023-07-30,0.82,True
Q04227,gear blank,rotational,15-5PH H1025,STAINLESS,forging + machining,1385.72,301.83,301.83,773.3807,575.134,12,4,0.2,6.3,solution + age,none,12526,5000,2024-04-17,24222.68,True
Q03265,gear blank,rotational,15-5PH H1025,STAINLESS,turning,968.15,193.89,193.89,222.9761,90.2494,16,6,0.0826,6.3,solution + age,paint,9937,4304,2022-09-21,6080.35,True
Q02799,gear blank,rotational,15-5PH H1025,STAINLESS,turning,1166.7,256.04,256.04,468.5563,185.2476,19,6,0.0759,6.08,solution + age,none,41176,5000,2022-06-26,11601.27,False
Q03539,gear blank,rotational,15-5PH H1025,STAINLESS,turning,1037.74,217.55,217.55,300.8785,105.1949,16,6,0.0821,4.31,solution + age,none,13654,5000,2022-02-25,9025.75,False
Q04502,manifold,prismatic,1.2312,STEEL,3-axis mill,155.29,87.38,59.08,6.2936,3.0806,4,6,0.0099,1.52,solution + age,paint,879,166,2024-02-03,227.49,True
Q03051,manifold,prismatic,16MnCr5,STEEL,3-axis mill,200.66,95.31,69.13,10.3783,6.6545,3,6,0.0087,1.37,solution + age,paint,1566,546,2026-03-25,189.1,False
Q04131,manifold,prismatic,C45,STEEL,3-axis mill,226.11,108.95,77.27,14.9423,3.0049,9,6,0.0076,1.88,solution + age,paint,490,410,2021-07-29,512.48,True
Q01884,manifold,prismatic,C45,STEEL,3-axis mill,172.82,99.21,64.96,8.7429,6.2339,3,6,0.0099,1.96,solution + age,paint,430,357,2024-11-17,118.5,False
Q03815,bushing,rotational,CuZn39Pb3,COPPER,5-axis mill,176.59,97.91,97.91,11.2617,2.5409,47,1,0.2,1.04,none,none,12,1,2021-01-23,350.43,True
Q00563,bushing,rotational,CuZn39Pb3,COPPER,5-axis mill,123.39,70.48,70.48,4.0768,0.9122,41,1,0.1863,1.27,none,none,32,29,2025-08-16,97.96,True
Q04585,bushing,rotational,CuZn39Pb3,COPPER,5-axis mill,167.45,88.86,88.86,8.7952,3.9744,41,1,0.0831,1.12,none,none,19,16,2024-08-22,176.59,True
Q01730,bushing,rotational,CuZn39Pb3,COPPER,5-axis mill,172.11,82.97,82.97,7.8809,3.4142,48,1,0.1863,1.05,none,none,27,4,2025-08-05,185.72,False
Q04574,bracket,prismatic,6026-T9,ALUMINIUM,5-axis mill,53.63,57.12,24.0,0.1985,0.0588,10,1,0.005,1.33,none,nitride,4884,2104,2023-07-24,29.04,False
Q03320,bracket,prismatic,7075-T6,ALUMINIUM,5-axis mill,52.78,50.79,24.08,0.1814,0.1176,7,1,0.0085,0.77,none,nitride,14077,4398,2021-10-07,17.78,False
Q03555,bracket,prismatic,6082-T6,ALUMINIUM,5-axis mill,51.23,50.37,18.92,0.1318,0.0523,9,1,0.0076,0.92,none,nitride,3603,1503,2022-09-01,14.82,False
Q03035,bracket,prismatic,6082-T6,ALUMINIUM,5-axis mill,57.86,63.4,24.68,0.2445,0.1404,6,1,0.01,1.06,none,nitride,1652,871,2025-04-04,24.51,False
Q03601,plate,prismatic,17-4PH H1025,STAINLESS,forging + machining,67.11,47.82,22.32,0.5587,0.4642,8,2,0.0107,1.57,harden + temper,anodise,51,26,2024-04-24,25.76,True
Q00314,plate,prismatic,13-8Mo H1000,STAINLESS,forging + machining,86.25,68.02,27.29,1.2423,0.9567,6,2,0.0094,2.42,harden + temper,anodise,18,6,2026-06-05,126.98,False
Q03300,plate,prismatic,13-8Mo H1000,STAINLESS,forging + machining,97.11,65.5,31.93,1.5759,1.3214,5,3,0.0058,2.21,harden + temper,none,22,16,2023-09-01,105.92,False
Q04462,plate,prismatic,440C,STAINLESS,forging + machining,113.19,78.5,35.55,2.4257,1.4925,9,3,0.008,2.46,harden + temper,anodise,27,9,2025-04-05,224.93,False
Q03066,gear blank,rotational,13-8Mo H1000,STAINLESS,turn-mill,93.73,35.49,35.49,0.7196,0.5442,8,2,0.0135,4.22,none,passivate,317,279,2023-03-08,39.87,True
Q03929,gear blank,rotational,304L,STAINLESS,turning,82.03,31.0,31.0,0.4952,0.3682,3,4,0.0054,3.64,none,passivate,390,174,2026-05-19,10.4,True
Q04966,gear blank,rotational,15-5PH H1025,STAINLESS,turning,70.82,29.06,29.06,0.3665,0.2033,6,2,0.0078,4.46,none,passivate,189,45,2026-04-24,16.13,False
Q00780,gear blank,rotational,13-8Mo H1000,STAINLESS,turning,71.85,31.72,31.72,0.4405,0.2461,3,4,0.0078,3.34,none,nitride,718,357,2021-12-19,25.21,False
Q03110,plate,prismatic,6026-T9,ALUMINIUM,turn-mill,274.59,257.65,138.69,26.4919,16.5391,30,3,0.085,3.29,none,passivate,20,18,2022-09-06,584.23,False
Q03979,plate,prismatic,2024-T3,ALUMINIUM,5-axis mill,286.33,267.33,157.73,33.5637,10.5328,37,2,0.0573,3.69,none,nitride,121,120,2023-09-08,2984.05,False
Q04747,plate,prismatic,6082-T6,ALUMINIUM,turn-mill,292.6,255.77,138.51,27.9889,7.4233,38,3,0.0417,3.21,none,nitride,107,103,2022-12-14,1518.15,True
Q03504,plate,prismatic,6082-T6,ALUMINIUM,forging + machining,215.04,188.89,103.21,11.3191,7.2797,36,3,0.0549,2.9,none,anodise,212,163,2025-03-13,331.78,False
Q04345,gear blank,rotational,16MnCr5,STEEL,turn-mill,282.62,230.95,230.95,92.9397,67.3673,6,5,0.0483,3.92,none,passivate,2636,1288,2024-10-16,1026.98,False
Q00594,gear blank,rotational,42CrMo4,STEEL,turn-mill,366.22,343.48,343.48,266.3859,97.9921,11,5,0.0483,5.99,none,passivate,1345,1331,2025-09-09,6184.88,True
Q03946,gear blank,rotational,42CrMo4,STEEL,turn-mill,411.14,337.12,337.12,288.0892,162.6447,4,6,0.0416,3.48,none,passivate,1346,384,2022-06-27,5520.33,False
Q04603,gear blank,rotational,42CrMo4,STEEL,turn-mill,307.03,286.42,286.42,155.2896,40.5414,3,5,0.0574,3.63,none,passivate,6511,1156,2024-10-10,3601.63,False
Q01156,flange,prismatic,C45,STEEL,5-axis mill,102.25,37.63,13.69,0.4134,0.2973,19,1,0.1148,3.82,stress relieve,none,42535,5000,2022-03-01,5.75,False
Q03449,flange,prismatic,42CrMo4,STEEL,5-axis mill,85.33,33.09,12.08,0.2678,0.0955,17,1,0.1148,3.94,stress relieve,none,50000,5000,2022-12-07,7.68,False
Q01951,flange,prismatic,1.2312,STEEL,5-axis mill,85.88,30.04,12.54,0.2539,0.2006,24,2,0.0881,6.3,stress relieve,none,45721,5000,2022-12-25,5.73,True
Q00270,flange,prismatic,C45,STEEL,5-axis mill,99.55,40.19,14.3,0.4492,0.1539,15,2,0.2,4.53,stress relieve,none,50000,5000,2022-06-20,10.15,False
Q02731,gear blank,rotational,4140,STEEL,5-axis mill,324.5,81.93,81.93,13.4307,9.0787,10,4,0.0309,1.54,harden + temper,paint,12194,5000,2024-03-14,293.1,False
Q01315,gear blank,rotational,42CrMo4,STEEL,turning,252.79,68.23,68.23,7.2554,5.3771,14,4,0.0361,1.67,harden + temper,paint,10078,5000,2021-07-21,56.27,False
Q04171,gear blank,rotational,C45,STEEL,5-axis mill,325.56,78.59,78.59,12.3964,2.6207,3,2,0.0309,2.08,harden + temper,paint,16015,5000,2023-08-29,387.89,True
Q03795,gear blank,rotational,4140,STEEL,turn-mill,254.5,55.74,55.74,4.8746,2.2473,10,3,0.0309,2.43,harden + temper,paint,7078,5000,2021-05-30,115.95,True
Q01039,fitting,rotational,Inconel 625,NICKEL,turning,154.42,161.3,161.3,26.633,5.4551,33,6,0.1056,1.62,stress relieve,zinc,34,28,2026-06-29,4340.24,False
Q00786,fitting,rotational,Waspaloy,NICKEL,turning,220.36,171.1,171.1,41.4951,13.1221,32,5,0.1118,1.09,stress relieve,none,42,23,2023-03-11,5866.4,True
Q03611,fitting,rotational,Inconel 718,NICKEL,turn-mill,201.62,181.45,181.45,42.7006,15.233,24,5,0.0743,1.25,stress relieve,passivate,176,38,2026-06-05,7671.86,False
Q03716,fitting,rotational,Inconel 718,NICKEL,forging + machining,238.93,211.07,211.07,68.4693,54.1631,29,6,0.1118,1.08,stress relieve,passivate,64,14,2025-05-08,7001.22,False
Q01209,bushing,rotational,16MnCr5,STEEL,forging + machining,75.94,66.01,66.01,2.0401,1.2448,14,3,0.005,4.5,harden + temper,zinc,1405,996,2023-04-05,77.59,True
Q02038,bushing,rotational,4140,STEEL,forging + machining,105.6,94.17,94.17,5.7738,3.8034,10,5,0.005,6.1,harden + temper,zinc,1488,521,2025-09-05,183.2,False
Q01748,bushing,rotational,S355JR,STEEL,turning,97.61,87.23,87.23,4.5798,2.1118,9,4,0.005,6.3,harden + temper,zinc,376,173,2021-02-24,77.65,False
Q02828,bushing,rotational,1.2312,STEEL,forging + machining,103.67,91.9,91.9,5.3984,4.3385,7,5,0.005,4.97,harden + temper,zinc,1310,1116,2021-09-09,125.66,False
Q01818,plate,prismatic,13-8Mo H1000,STAINLESS,forging + machining,61.52,54.13,41.51,1.0728,0.8605,27,6,0.1438,3.77,harden + temper,nitride,31713,5000,2021-10-10,45.55,False
Q00106,plate,prismatic,440C,STAINLESS,forging + machining,66.03,62.76,48.35,1.5389,1.2992,28,4,0.1511,5.67,harden + temper,nitride,33417,5000,2021-01-20,40.32,False
Q04095,plate,prismatic,13-8Mo H1000,STAINLESS,forging + machining,63.73,59.81,44.49,1.3158,1.0724,28,4,0.2,3.59,harden + temper,nitride,50000,5000,2021-04-25,68.71,True
Q01376,plate,prismatic,304L,STAINLESS,forging + machining,66.29,53.77,40.6,1.1578,0.9258,17,6,0.0827,4.41,harden + temper,paint,50000,5000,2024-06-23,18.93,False
Q03719,housing,prismatic,4140,STEEL,5-axis mill,339.91,283.35,151.66,114.6608,49.6267,7,3,0.0462,1.01,harden + temper,anodise,5844,2734,2022-12-14,4617.63,False
Q03589,housing,prismatic,S355JR,STEEL,5-axis mill,294.66,235.82,129.95,70.8814,46.0803,9,2,0.034,2.17,harden + temper,anodise,14295,5000,2023-01-17,1248.48,False
Q00625,housing,prismatic,4140,STEEL,5-axis mill,389.03,347.92,150.47,159.8793,78.1438,11,2,0.0163,1.94,harden + temper,anodise,5504,4338,2022-09-20,6113.07,False
Q03685,housing,prismatic,4140,STEEL,5-axis mill,372.37,323.23,156.76,148.1112,32.504,7,1,0.0462,1.66,harden + temper,anodise,21157,5000,2022-11-13,5154.8,False
Q03423,housing,prismatic,S355JR,STEEL,forging + machining,56.89,38.95,42.26,0.735,0.4585,26,5,0.0502,3.53,harden + temper,zinc,18,13,2021-08-02,50.22,False
Q01711,housing,prismatic,S355JR,STEEL,forging + machining,51.9,41.09,45.13,0.7554,0.6266,27,5,0.0502,3.53,harden + temper,zinc,10,5,2026-01-27,121.7,False
Q02955,housing,prismatic,42CrMo4,STEEL,3-axis mill,56.22,45.31,49.44,0.9888,0.3153,20,6,0.0381,2.0,harden + temper,zinc,10,2,2021-02-03,264.15,False
Q02541,housing,prismatic,S355JR,STEEL,forging + machining,51.31,35.34,39.36,0.5604,0.3651,21,5,0.0502,3.61,harden + temper,paint,12,5,2021-08-27,117.3,True
Q01294,gear blank,rotational,C45,STEEL,5-axis mill,381.35,110.03,110.03,28.4654,18.5333,12,2,0.0894,5.35,none,none,10,3,2024-03-19,587.53,False
Q02422,gear blank,rotational,C45,STEEL,5-axis mill,404.7,123.46,123.46,38.0314,17.9106,23,2,0.0894,4.19,none,none,20,5,2022-12-30,831.75,False
Q01901,gear blank,rotational,C45,STEEL,5-axis mill,282.39,85.28,85.28,12.6611,9.6726,22,3,0.0871,5.9,none,nitride,13,1,2021-02-22,682.76,False
Q02821,gear blank,rotational,42CrMo4,STEEL,5-axis mill,479.5,153.14,153.14,69.3268,45.1412,20,3,0.0591,5.03,none,none,32,17,2023-06-04,1629.53,True
Q00713,gear blank,rotational,S355JR,STEEL,turn-mill,300.98,226.89,226.89,95.5275,45.5585,5,6,0.0252,6.3,harden + temper,anodise,1649,425,2021-09-30,1831.81,False
Q02925,gear blank,rotational,42CrMo4,STEEL,turn-mill,252.05,202.92,202.92,63.9869,37.1233,5,5,0.0345,6.3,harden + temper,nitride,2157,398,2026-02-08,1611.46,False
Q02072,gear blank,rotational,S355JR,STEEL,turn-mill,230.9,142.15,142.15,28.7651,12.5462,4,4,0.0417,6.3,harden + temper,passivate,2981,330,2024-07-05,340.98,True
Q01914,gear blank,rotational,S355JR,STEEL,turn-mill,314.32,198.26,198.26,76.1712,45.0759,14,5,0.0232,5.94,harden + temper,nitride,3742,1986,2024-12-24,1244.22,True
Q01655,housing,prismatic,304L,STAINLESS,turn-mill,678.15,193.27,120.62,126.4715,45.8752,21,1,0.0411,3.26,solution + age,paint,112,111,2022-10-19,5274.75,True
Q03829,housing,prismatic,440C,STAINLESS,turn-mill,863.79,228.79,157.35,238.8256,154.1034,19,1,0.0411,3.1,solution + age,paint,153,69,2022-02-12,9544.84,False
Q00306,housing,prismatic,440C,STAINLESS,turn-mill,916.97,211.98,162.27,242.2463,188.9701,23,2,0.0411,5.04,solution + age,paint,71,61,2024-02-28,6911.37,False
Q02733,housing,prismatic,17-4PH H1025,STAINLESS,turn-mill,971.59,225.55,165.34,282.6196,65.5217,23,2,0.0411,3.6,solution + age,paint,157,84,2026-01-31,18635.86,False
Q01878,manifold,prismatic,6026-T9,ALUMINIUM,3-axis mill,105.26,49.89,28.79,0.4082,0.3141,3,5,0.0672,4.79,harden + temper,zinc,34,24,2023-07-02,21.15,False
Q00327,manifold,prismatic,6082-T6,ALUMINIUM,3-axis mill,101.85,60.76,32.39,0.5412,0.4131,9,5,0.0672,3.79,harden + temper,zinc,23,10,2024-04-25,50.82,True
Q00983,manifold,prismatic,6082-T6,ALUMINIUM,forging + machining,109.18,66.88,34.82,0.6863,0.5217,3,4,0.0808,3.97,harden + temper,zinc,56,40,2022-01-09,24.6,False
Q04189,manifold,prismatic,6026-T9,ALUMINIUM,3-axis mill,61.8,35.87,20.55,0.123,0.0731,3,5,0.0672,3.13,harden + temper,zinc,53,28,2023-03-19,15.13,True
Q02107,gear blank,rotational,1.2312,STEEL,turn-mill,323.81,402.01,402.01,322.6344,162.6882,13,3,0.0231,3.25,solution + age,zinc,7712,1173,2021-06-28,13379.2,False
Q04951,gear blank,rotational,C45,STEEL,turn-mill,354.45,453.09,453.09,448.6177,127.6136,7,5,0.0376,2.92,solution + age,zinc,3232,1206,2024-08-15,11261.98,True
Q03618,gear blank,rotational,C45,STEEL,turn-mill,322.08,403.36,403.36,323.0688,74.2854,17,4,0.0229,3.53,solution + age,nitride,3295,561,2022-12-29,13346.62,False
Q01127,gear blank,rotational,C45,STEEL,turn-mill,284.18,403.19,403.19,284.8251,201.1082,12,5,0.0376,3.07,solution + age,nitride,7750,5000,2025-12-04,4336.69,False
Q03642,gear blank,rotational,13-8Mo H1000,STAINLESS,turn-mill,509.76,143.86,143.86,64.3015,38.6912,3,4,0.0122,6.07,harden + temper,nitride,50,7,2021-08-18,3632.36,False
Q00003,gear blank,rotational,13-8Mo H1000,STAINLESS,turn-mill,401.94,123.35,123.35,37.27,12.7877,5,4,0.0177,5.21,harden + temper,nitride,82,58,2021-07-20,2592.53,False
Q02816,gear blank,rotational,440C,STAINLESS,turn-mill,378.47,102.06,102.06,23.7769,16.4162,3,5,0.0122,5.88,harden + temper,nitride,70,26,2021-03-23,859.31,False
Q00943,gear blank,rotational,13-8Mo H1000,STAINLESS,turn-mill,546.69,145.39,145.39,70.4334,31.6634,3,6,0.0167,3.64,harden + temper,none,46,22,2022-05-31,4101.98,True
Q01275,gear blank,rotational,S355JR,STEEL,forging + machining,461.94,303.87,303.87,262.9751,192.6086,15,4,0.0589,1.03,stress relieve,paint,17965,5000,2021-09-19,2920.5,False
Q04908,gear blank,rotational,S355JR,STEEL,forging + machining,536.8,360.92,360.92,431.126,283.1766,14,3,0.0589,1.22,stress relieve,paint,16454,1254,2024-11-16,6097.74,False
Q02050,gear blank,rotational,C45,STEEL,forging + machining,615.2,384.62,384.62,561.0967,375.9793,15,3,0.0589,1.25,stress relieve,paint,9397,4414,2023-07-08,7435.69,False
Q04461,gear blank,rotational,S355JR,STEEL,forging + machining,361.06,273.41,273.41,166.4047,140.533,7,3,0.0589,0.87,stress relieve,paint,18075,5000,2025-10-12,1289.28,False
Q03708,flange,prismatic,5083-H111,ALUMINIUM,forging + machining,272.35,118.95,109.98,9.4775,6.9429,9,6,0.0056,1.63,solution + age,paint,148,119,2024-05-21,602.0,False
Q01546,flange,prismatic,7075-T6,ALUMINIUM,forging + machining,248.62,127.68,108.3,9.6608,8.0654,4,5,0.0073,1.88,solution + age,paint,708,486,2024-05-19,395.29,True
Q02638,flange,prismatic,5083-H111,ALUMINIUM,forging + machining,273.62,134.18,108.31,10.5782,8.0466,3,6,0.0053,1.09,solution + age,paint,362,68,2023-05-03,598.61,True
Q04080,flange,prismatic,7075-T6,ALUMINIUM,forging + machining,295.33,145.5,109.6,13.2341,10.5035,3,6,0.0142,1.63,solution + age,none,404,216,2023-11-05,378.98,True
Q03778,manifold,prismatic,5083-H111,ALUMINIUM,3-axis mill,83.69,39.55,31.09,0.2737,0.1765,3,5,0.0198,3.37,harden + temper,paint,1580,84,2021-02-13,14.96,True
Q04763,manifold,prismatic,2024-T3,ALUMINIUM,3-axis mill,86.2,42.1,29.38,0.2964,0.1222,5,6,0.0198,4.05,harden + temper,paint,309,43,2025-12-19,26.97,False
Q02900,manifold,prismatic,5083-H111,ALUMINIUM,3-axis mill,100.57,41.1,32.87,0.3614,0.1604,8,6,0.0496,6.3,harden + temper,paint,1009,841,2021-08-01,21.57,False
Q00775,manifold,prismatic,5083-H111,ALUMINIUM,3-axis mill,110.79,47.59,34.09,0.4781,0.1714,3,5,0.0198,5.44,harden + temper,paint,1378,1315,2025-11-06,35.41,False
Q01833,housing,prismatic,13-8Mo H1000,STAINLESS,3-axis mill,375.08,196.49,52.17,29.8368,7.9904,7,6,0.0813,4.16,none,anodise,1260,742,2023-07-31,1433.72,False
Q03363,housing,prismatic,303,STAINLESS,3-axis mill,436.3,202.75,59.95,42.4279,28.6989,13,6,0.0663,5.03,none,anodise,528,402,2025-05-13,509.61,False
Q02968,housing,prismatic,13-8Mo H1000,STAINLESS,3-axis mill,252.86,117.56,38.66,8.9187,2.1046,6,5,0.0813,4.44,none,anodise,2483,1792,2024-11-21,514.77,True
Q04848,housing,prismatic,440C,STAINLESS,3-axis mill,399.25,180.08,56.85,31.3921,17.8775,7,6,0.0813,4.62,none,anodise,829,264,2025-01-27,765.28,True
Q00045,bushing,rotational,POM-C,POLYMER,5-axis mill,21.25,22.51,22.51,0.0119,0.0069,26,5,0.0105,1.13,stress relieve,passivate,322,188,2025-08-17,7.39,False
Q01985,bushing,rotational,POM-C,POLYMER,5-axis mill,21.82,23.34,23.34,0.0132,0.004,15,4,0.0105,0.93,stress relieve,passivate,217,14,2025-06-07,63.26,False
Q00177,bushing,rotational,PA66,POLYMER,5-axis mill,20.92,23.84,23.84,0.0106,0.0051,16,4,0.0095,1.12,stress relieve,passivate,266,167,2024-10-19,5.08,True
Q04870,bushing,rotational,POM-C,POLYMER,turning,22.26,25.01,25.01,0.0154,0.008,14,6,0.0105,1.23,stress relieve,zinc,207,197,2023-02-24,2.72,True
Q02732,plate,prismatic,17-4PH H1025,STAINLESS,forging + machining,134.63,76.31,63.32,5.0738,4.0323,20,3,0.0305,1.37,harden + temper,zinc,13,2,2026-04-01,312.77,False
Q03937,plate,prismatic,13-8Mo H1000,STAINLESS,forging + machining,142.55,73.11,68.76,5.561,3.9465,21,4,0.0468,2.31,harden + temper,zinc,20,19,2025-09-17,382.41,True
Q03056,plate,prismatic,17-4PH H1025,STAINLESS,5-axis mill,175.07,84.98,85.78,9.9552,5.3115,16,4,0.0468,2.22,harden + temper,zinc,33,30,2025-12-31,493.68,False
Q04083,plate,prismatic,13-8Mo H1000,STAINLESS,forging + machining,118.24,69.25,62.05,3.9427,2.8147,18,3,0.0468,2.14,harden + temper,zinc,10,3,2025-05-28,367.29,False
Q04615,bracket,prismatic,6061-T6,ALUMINIUM,5-axis mill,117.81,131.04,57.49,2.3963,0.9923,16,2,0.0099,0.82,solution + age,zinc,1853,635,2026-06-29,219.96,False
Q00926,bracket,prismatic,2024-T3,ALUMINIUM,5-axis mill,118.17,133.1,55.24,2.4154,0.7123,12,2,0.0197,0.59,solution + age,zinc,2118,712,2025-09-05,244.39,True
Q01593,bracket,prismatic,2024-T3,ALUMINIUM,5-axis mill,106.51,122.71,51.55,1.8732,0.7054,7,2,0.0079,0.78,solution + age,zinc,810,683,2024-10-08,219.39,False
Q03855,bracket,prismatic,6061-T6,ALUMINIUM,forging + machining,107.93,107.81,46.73,1.4681,1.0893,7,2,0.0077,0.43,solution + age,zinc,1734,474,2024-04-12,49.83,False
Q01141,bracket,prismatic,Ti-6Al-4V,TITANIUM,3-axis mill,397.01,258.02,158.5,71.9234,36.3324,10,3,0.0426,1.34,stress relieve,passivate,32,22,2026-03-12,10938.52,True
Q00303,bracket,prismatic,Ti-6Al-4V,TITANIUM,3-axis mill,402.33,256.11,158.6,72.3975,30.4529,11,3,0.0419,2.25,stress relieve,passivate,21,18,2025-08-09,9199.22,False
Q01865,bracket,prismatic,Ti-6Al-4V,TITANIUM,3-axis mill,382.43,265.96,157.26,70.8609,38.9409,14,3,0.048,1.83,stress relieve,passivate,16,1,2023-04-16,10711.47,False
Q03704,bracket,prismatic,Ti-6Al-4V,TITANIUM,3-axis mill,362.9,272.26,154.11,67.4554,48.9535,7,4,0.0419,2.61,stress relieve,passivate,12,6,2023-01-19,7418.12,True
Q04064,gear blank,rotational,303,STAINLESS,turn-mill,1082.92,262.59,262.59,469.1662,365.1785,3,5,0.0074,6.3,harden + temper,nitride,108,13,2023-11-07,8664.9,False
Q00525,gear blank,rotational,316L,STAINLESS,turning,867.62,206.74,206.74,232.9919,75.173,10,6,0.0059,3.65,harden + temper,nitride,70,17,2023-02-10,10663.15,False
Q03124,gear blank,rotational,316L,STAINLESS,turn-mill,944.29,224.51,224.51,299.063,115.1458,8,6,0.008,6.3,harden + temper,nitride,33,10,2022-04-24,15928.72,False
Q00164,gear blank,rotational,17-4PH H1025,STAINLESS,turn-mill,926.96,224.53,224.53,286.2759,191.8391,3,6,0.0059,5.71,harden + temper,nitride,25,24,2024-01-27,12220.19,True
Q00763,bushing,rotational,PEEK,POLYMER,5-axis mill,75.49,51.58,51.58,0.2051,0.1241,9,5,0.0437,2.99,solution + age,zinc,1521,1217,2022-12-09,41.21,False
Q00340,bushing,rotational,PEEK,POLYMER,5-axis mill,54.74,39.87,39.87,0.0888,0.0684,5,4,0.0437,2.41,solution + age,passivate,455,280,2022-01-15,15.63,False
Q01300,bushing,rotational,POM-C,POLYMER,5-axis mill,72.6,55.58,55.58,0.2484,0.1964,5,4,0.1098,3.12,solution + age,passivate,950,834,2023-01-22,7.35,True
Q02406,bushing,rotational,POM-C,POLYMER,5-axis mill,74.06,49.4,49.4,0.2001,0.1016,8,5,0.0437,2.5,solution + age,passivate,657,313,2021-09-23,9.9,False
Q03653,bushing,rotational,S355JR,STEEL,turning,53.83,19.01,19.01,0.1199,0.0429,18,3,0.0186,4.47,solution + age,nitride,11464,5000,2022-03-12,7.13,False
Q00940,bushing,rotational,42CrMo4,STEEL,turning,52.01,18.92,18.92,0.1148,0.0555,19,4,0.0172,3.96,solution + age,nitride,6168,2105,2023-10-20,7.11,False
Q04312,bushing,rotational,42CrMo4,STEEL,turning,45.76,15.69,15.69,0.0694,0.0323,17,5,0.0051,4.41,solution + age,nitride,10291,1476,2026-02-23,5.06,True
Q03776,bushing,rotational,16MnCr5,STEEL,turning,59.16,21.26,21.26,0.1649,0.1311,16,4,0.0097,4.29,solution + age,nitride,8482,1158,2026-02-04,5.99,True
Q04292,housing,prismatic,316L,STAINLESS,3-axis mill,88.33,83.14,54.32,3.1914,2.1532,10,3,0.1069,1.59,harden + temper,passivate,113,12,2025-02-17,82.76,False
Q02224,housing,prismatic,316L,STAINLESS,forging + machining,58.09,63.2,40.92,1.2016,0.9595,3,4,0.0559,1.66,harden + temper,zinc,282,245,2021-03-17,31.14,False
Q02990,housing,prismatic,316L,STAINLESS,forging + machining,62.76,70.69,40.78,1.4475,1.0925,3,4,0.0496,1.51,harden + temper,zinc,396,172,2021-04-13,31.57,False
Q02065,housing,prismatic,13-8Mo H1000,STAINLESS,5-axis mill,79.74,93.72,54.2,3.143,1.5799,3,5,0.0496,1.05,harden + temper,zinc,388,142,2026-01-19,180.87,True
Q04442,gear blank,rotational,42CrMo4,STEEL,5-axis mill,556.22,182.64,182.64,114.3989,43.1029,18,3,0.0405,4.06,stress relieve,none,4105,3013,2021-01-09,4138.96,False
Q03994,gear blank,rotational,42CrMo4,STEEL,5-axis mill,533.72,173.46,173.46,99.0132,70.7604,20,4,0.0405,4.21,stress relieve,passivate,5055,2971,2024-06-19,1617.41,True
Q04491,gear blank,rotational,42CrMo4,STEEL,5-axis mill,564.02,189.79,189.79,125.2517,34.8059,25,3,0.0405,5.3,stress relieve,passivate,8386,1681,2024-08-03,5483.92,False
Q01357,gear blank,rotational,1.2312,STEEL,5-axis mill,607.02,221.42,221.42,183.4883,82.0746,25,4,0.0258,3.36,stress relieve,passivate,14274,5000,2025-03-24,11976.75,False
Q04550,housing,prismatic,304L,STAINLESS,5-axis mill,220.81,150.08,54.95,14.5682,5.9896,7,1,0.1383,6.3,none,passivate,165,152,2024-09-05,423.29,False
Q02946,housing,prismatic,17-4PH H1025,STAINLESS,5-axis mill,221.39,160.7,61.42,17.0445,6.4822,8,3,0.1383,6.3,none,passivate,100,11,2021-06-09,758.84,False
Q03362,housing,prismatic,316L,STAINLESS,forging + machining,175.23,129.97,51.08,9.3063,5.817,10,2,0.1383,6.13,none,passivate,14,8,2025-01-08,225.91,False
Q00487,housing,prismatic,304L,STAINLESS,5-axis mill,208.56,139.39,55.28,12.8571,8.3601,8,1,0.1383,6.3,none,passivate,24,17,2025-04-29,224.67,False
Q00495,manifold,prismatic,2024-T3,ALUMINIUM,3-axis mill,143.89,87.68,48.23,1.6915,1.0185,4,3,0.0938,6.3,stress relieve,anodise,50000,5000,2023-12-13,49.98,False
Q03371,manifold,prismatic,6026-T9,ALUMINIUM,5-axis mill,110.69,64.09,34.31,0.6571,0.4367,3,3,0.0938,6.17,stress relieve,none,50000,5000,2025-01-26,16.03,False
Q00982,manifold,prismatic,7075-T6,ALUMINIUM,3-axis mill,124.45,77.33,39.64,1.0719,0.789,5,4,0.0938,6.3,stress relieve,anodise,50000,5000,2024-07-05,26.05,False
Q04518,manifold,prismatic,5083-H111,ALUMINIUM,3-axis mill,120.77,70.03,34.62,0.7789,0.3698,3,4,0.1763,6.3,stress relieve,anodise,16668,5000,2021-10-21,21.7,False
Q02992,pin,rotational,S355JR,STEEL,5-axis mill,29.81,5.82,5.82,0.0062,0.0029,36,1,0.0125,5.37,solution + age,passivate,4288,3228,2024-04-15,1.91,False
Q01648,pin,rotational,S355JR,STEEL,5-axis mill,27.48,6.04,6.04,0.0062,0.0019,44,2,0.0125,5.14,solution + age,passivate,4523,4151,2021-10-09,1.51,False
Q00862,pin,rotational,42CrMo4,STEEL,5-axis mill,32.26,6.91,6.91,0.0095,0.0022,45,1,0.0125,5.33,solution + age,passivate,914,676,2026-03-19,2.39,False
Q03361,pin,rotational,1.2312,STEEL,5-axis mill,28.66,5.91,5.91,0.0062,0.002,40,2,0.0125,4.76,solution + age,passivate,2979,1085,2026-06-15,2.65,False
Q00530,bracket,prismatic,Ti-6Al-4V ELI,TITANIUM,forging + machining,50.17,40.0,7.08,0.063,0.0437,14,1,0.006,1.45,solution + age,anodise,4227,3182,2024-09-13,16.2,True
Q03405,bracket,prismatic,Ti-6Al-4V ELI,TITANIUM,forging + machining,53.18,46.91,7.84,0.0866,0.0575,11,1,0.006,1.98,solution + age,anodise,19114,5000,2024-09-20,25.07,False
Q03174,bracket,prismatic,Ti-6Al-4V ELI,TITANIUM,forging + machining,67.38,60.19,10.04,0.1804,0.1377,5,2,0.006,2.28,solution + age,anodise,8319,5000,2024-05-06,55.34,False
Q03530,bracket,prismatic,Ti-10V-2Fe-3Al,TITANIUM,forging + machining,62.04,57.74,9.84,0.1639,0.1278,3,3,0.006,1.73,solution + age,none,7914,4148,2021-08-21,35.9,False
Q05000,housing,prismatic,17-4PH H1025,STAINLESS,turn-mill,342.76,105.49,62.85,17.7268,7.3325,37,2,0.0506,2.79,solution + age,anodise,89,22,2021-07-25,972.11,False
Q03903,housing,prismatic,17-4PH H1025,STAINLESS,turn-mill,562.23,165.92,92.67,67.4328,23.5991,40,2,0.0442,2.53,solution + age,anodise,230,171,2021-04-24,5543.93,False
Q04146,housing,prismatic,303,STAINLESS,turn-mill,515.86,154.46,97.36,62.064,45.0319,34,2,0.0874,1.97,solution + age,anodise,377,53,2021-10-10,968.43,False
Q00112,housing,prismatic,17-4PH H1025,STAINLESS,turn-mill,619.7,216.27,134.51,140.6188,76.2357,29,1,0.0442,1.95,solution + age,anodise,112,6,2023-01-01,6773.97,False
Q01563,gear blank,rotational,C45,STEEL,forging + machining,277.73,192.04,192.04,63.1484,50.0532,31,3,0.0097,0.58,harden + temper,anodise,10,8,2021-11-03,1493.05,True
Q04852,gear blank,rotational,C45,STEEL,turn-mill,304.94,242.63,242.63,110.6757,50.5356,35,4,0.0097,0.49,harden + temper,zinc,27,10,2022-01-11,5668.25,False
Q00251,gear blank,rotational,C45,STEEL,turn-mill,278.07,197.45,197.45,66.8391,37.5514,39,2,0.0097,0.78,harden + temper,anodise,26,7,2022-08-13,2231.53,False
Q00868,gear blank,rotational,C45,STEEL,turn-mill,314.65,202.9,202.9,79.8604,35.8103,37,4,0.0118,0.68,harden + temper,anodise,10,1,2024-08-18,3726.36,True
Q04270,housing,prismatic,303,STAINLESS,forging + machining,79.46,72.46,47.86,2.2047,1.4444,3,1,0.041,0.91,harden + temper,passivate,92,19,2023-03-21,57.69,False
Q03438,housing,prismatic,17-4PH H1025,STAINLESS,forging + machining,101.43,93.97,56.47,4.1977,3.471,3,2,0.0554,0.66,harden + temper,passivate,151,64,2024-07-22,122.5,False
Q00323,housing,prismatic,440C,STAINLESS,forging + machining,84.42,72.95,50.39,2.3835,1.8283,3,1,0.0485,0.46,harden + temper,passivate,196,26,2025-11-17,78.83,True
Q04799,housing,prismatic,440C,STAINLESS,forging + machining,67.66,49.8,31.94,0.8264,0.6363,3,1,0.1255,0.92,harden + temper,zinc,172,32,2023-07-21,31.2,False
Q00517,housing,prismatic,13-8Mo H1000,STAINLESS,turn-mill,173.16,57.7,25.59,1.9843,0.6939,10,4,0.0245,2.37,solution + age,zinc,43,21,2021-05-21,144.64,False
Q02434,housing,prismatic,13-8Mo H1000,STAINLESS,turn-mill,162.93,50.78,22.32,1.4333,0.7071,11,5,0.0245,3.12,solution + age,zinc,185,41,2021-05-02,105.51,True
Q04628,housing,prismatic,13-8Mo H1000,STAINLESS,turn-mill,144.13,44.59,19.52,0.9735,0.3374,8,5,0.0211,2.52,solution + age,zinc,86,45,2025-06-08,78.17,True
Q04317,housing,prismatic,316L,STAINLESS,turn-mill,128.98,45.31,20.29,0.9486,0.2867,3,5,0.0245,3.44,solution + age,none,193,81,2025-01-04,50.18,False
Q02529,shaft,rotational,6061-T6,ALUMINIUM,5-axis mill,45.24,5.83,5.83,0.0033,0.001,9,1,0.014,1.77,solution + age,nitride,1775,906,2023-02-11,4.32,True
Q03484,shaft,rotational,5083-H111,ALUMINIUM,5-axis mill,35.78,4.68,4.68,0.0016,0.001,10,2,0.014,1.46,solution + age,zinc,422,91,2022-02-19,4.43,True
Q00070,shaft,rotational,6026-T9,ALUMINIUM,5-axis mill,40.1,5.15,5.15,0.0023,0.0018,15,1,0.0169,1.51,solution + age,zinc,2374,442,2024-12-02,1.61,False
Q01226,shaft,rotational,6082-T6,ALUMINIUM,5-axis mill,56.5,6.58,6.58,0.0052,0.0019,8,3,0.0168,1.45,solution + age,zinc,1908,331,2024-03-06,3.11,True
Q02723,fitting,rotational,303,STAINLESS,5-axis mill,172.26,136.16,136.16,20.0661,13.165,28,1,0.0086,4.18,stress relieve,none,276,255,2026-06-26,765.28,False
Q01815,fitting,rotational,316L,STAINLESS,5-axis mill,179.65,137.51,137.51,21.3441,6.2656,27,1,0.0086,6.25,stress relieve,none,507,354,2022-09-10,1961.03,False
Q00801,fitting,rotational,304L,STAINLESS,forging + machining,178.48,136.78,136.78,20.9822,13.8683,34,1,0.0086,5.94,stress relieve,none,845,567,2026-06-15,1047.53,False
Q03844,fitting,rotational,13-8Mo H1000,STAINLESS,5-axis mill,195.98,135.71,135.71,21.9964,9.5184,25,2,0.0074,6.3,stress relieve,none,310,227,2023-03-06,3545.85,False
Q03155,shaft,rotational,S355JR,STEEL,turn-mill,232.39,25.39,25.39,0.9234,0.214,8,4,0.0283,1.48,none,anodise,10,8,2025-03-03,79.63,False
Q01642,shaft,rotational,S355JR,STEEL,turn-mill,263.01,26.19,26.19,1.1125,0.4009,4,3,0.0283,1.07,none,anodise,17,8,2024-03-28,80.27,False
Q00079,shaft,rotational,S355JR,STEEL,forging + machining,233.27,21.86,21.86,0.6873,0.536,3,3,0.0283,0.6,none,anodise,31,17,2023-09-07,34.78,True
Q03043,shaft,rotational,4140,STEEL,turn-mill,239.81,25.15,25.15,0.9355,0.4139,13,4,0.0191,1.28,none,anodise,70,15,2025-11-27,76.68,False
Q02256,plate,prismatic,304L,STAINLESS,forging + machining,176.22,89.33,83.72,10.544,7.3211,14,5,0.0246,2.02,none,anodise,15,7,2022-12-22,297.62,True
Q02447,plate,prismatic,440C,STAINLESS,forging + machining,215.22,97.78,95.31,15.404,10.0839,9,3,0.0323,1.22,none,nitride,20,19,2022-10-10,674.58,False
Q04809,plate,prismatic,304L,STAINLESS,forging + machining,218.6,102.69,90.92,16.3272,11.5491,6,3,0.0323,1.97,none,anodise,238,53,2021-03-01,425.35,False
Q00857,plate,prismatic,304L,STAINLESS,forging + machining,232.47,112.89,87.34,18.3371,12.4626,17,3,0.0323,1.55,none,nitride,88,21,2025-07-09,635.58,False
Q01554,fitting,rotational,Inconel 718,NICKEL,forging + machining,86.85,65.44,65.44,2.3925,1.837,7,2,0.0472,4.25,none,nitride,142,130,2023-02-23,349.92,False
Q03037,fitting,rotational,Inconel 718,NICKEL,forging + machining,84.23,50.75,50.75,1.3954,1.062,6,1,0.0472,6.0,none,nitride,341,76,2022-11-08,162.53,True
Q03797,fitting,rotational,Inconel 718,NICKEL,forging + machining,71.57,54.03,54.03,1.344,0.9666,12,1,0.0377,6.09,none,nitride,39,35,2022-04-27,188.49,False
Q02492,fitting,rotational,Inconel 718,NICKEL,5-axis mill,84.93,61.41,61.41,2.0601,1.4914,15,2,0.0389,6.3,none,nitride,118,33,2026-01-16,241.21,True
Q04685,fitting,rotational,Ti-10V-2Fe-3Al,TITANIUM,forging + machining,169.98,149.52,149.52,13.8783,9.8736,7,2,0.0507,6.3,none,paint,90,4,2024-04-29,2764.58,False
Q01784,fitting,rotational,Ti-6Al-4V ELI,TITANIUM,forging + machining,155.8,142.01,142.01,10.9313,8.5638,3,1,0.0507,5.13,none,paint,90,47,2023-09-07,1673.76,False
Q03889,fitting,rotational,Ti-6Al-4V ELI,TITANIUM,forging + machining,180.5,153.29,153.29,14.7572,8.9523,9,2,0.0507,5.19,none,paint,72,63,2025-01-24,2405.25,True
Q01550,fitting,rotational,Ti-10V-2Fe-3Al,TITANIUM,forging + machining,158.61,147.22,147.22,12.554,10.2212,9,1,0.0272,6.3,none,paint,61,19,2025-05-25,2298.41,True
Q01759,flange,prismatic,Inconel 625,NICKEL,3-axis mill,132.68,28.08,21.57,0.6784,0.5159,17,6,0.0104,1.72,none,zinc,1522,489,2024-12-22,82.87,False
Q01073,flange,prismatic,Waspaloy,NICKEL,3-axis mill,103.97,21.65,19.07,0.3517,0.193,14,6,0.0069,2.07,none,zinc,2405,1486,2022-04-02,75.51,False
Q03205,flange,prismatic,Inconel 625,NICKEL,3-axis mill,141.65,29.81,19.79,0.7052,0.2213,18,6,0.0096,1.94,none,zinc,2573,990,2025-10-29,114.88,True
Q00085,flange,prismatic,Waspaloy,NICKEL,forging + machining,125.87,29.4,19.89,0.6029,0.4692,19,5,0.0096,2.52,none,zinc,2904,780,2021-10-01,134.17,False
Q03748,fitting,rotational,13-8Mo H1000,STAINLESS,5-axis mill,226.97,165.13,165.13,37.721,14.715,23,1,0.0217,2.59,harden + temper,nitride,214,32,2024-06-02,3618.72,False
Q02331,fitting,rotational,17-4PH H1025,STAINLESS,5-axis mill,225.37,158.09,158.09,34.5059,16.233,23,1,0.0109,3.41,harden + temper,zinc,174,41,2021-02-19,2791.89,True
Q02792,fitting,rotational,304L,STAINLESS,5-axis mill,204.35,170.36,170.36,37.2628,22.1206,29,1,0.0124,5.53,harden + temper,nitride,82,78,2024-03-30,1891.26,True
Q04524,fitting,rotational,15-5PH H1025,STAINLESS,5-axis mill,216.89,161.56,161.56,34.6825,16.9038,24,1,0.0215,3.83,harden + temper,nitride,147,111,2026-01-08,2289.83,False
Q01995,shaft,rotational,42CrMo4,STEEL,turn-mill,45.57,12.42,12.42,0.0434,0.0329,9,3,0.0117,1.81,solution + age,zinc,14,10,2025-02-08,40.11,False
Q01749,shaft,rotational,C45,STEEL,turn-mill,35.96,10.3,10.3,0.0235,0.0124,15,4,0.0117,1.36,solution + age,passivate,10,8,2023-05-29,58.67,False
Q04642,shaft,rotational,16MnCr5,STEEL,turn-mill,44.08,12.22,12.22,0.0406,0.0196,13,3,0.0075,1.11,solution + age,zinc,10,1,2022-03-11,353.8,False
Q00756,shaft,rotational,4140,STEEL,turn-mill,44.48,12.4,12.4,0.0422,0.0112,13,2,0.0117,1.19,solution + age,zinc,11,3,2024-11-28,85.16,True
Q00021,shaft,rotational,440C,STAINLESS,5-axis mill,275.87,83.79,83.79,11.6832,4.7294,5,5,0.0209,1.85,none,anodise,178,44,2023-07-10,840.95,False
Q02729,shaft,rotational,316L,STAINLESS,turning,272.03,78.58,78.58,10.5543,8.2874,3,5,0.0209,1.77,none,anodise,207,172,2025-12-30,185.42,False
Q03149,shaft,rotational,316L,STAINLESS,turning,221.12,64.38,64.38,5.7588,1.3267,8,4,0.0209,1.68,none,anodise,276,34,2022-06-04,163.4,False
Q01721,shaft,rotational,15-5PH H1025,STAINLESS,turning,290.97,84.85,84.85,12.8322,3.9996,12,4,0.0209,1.85,none,passivate,89,61,2024-12-04,616.57,False
Q00879,shaft,rotational,1.2312,STEEL,turn-mill,237.31,22.48,22.48,0.7395,0.4682,9,4,0.09,2.04,harden + temper,nitride,748,586,2023-11-02,14.95,True
Q04144,shaft,rotational,1.2312,STEEL,turn-mill,258.39,26.02,26.02,1.0787,0.8023,13,3,0.09,3.35,harden + temper,passivate,626,403,2022-05-17,16.09,True
Q01943,shaft,rotational,1.2312,STEEL,turn-mill,193.74,19.51,19.51,0.4549,0.3169,11,3,0.0366,2.39,harden + temper,paint,178,31,2024-08-22,26.18,False
Q00588,shaft,rotational,16MnCr5,STEEL,turn-mill,228.58,20.98,20.98,0.6205,0.2115,6,3,0.09,3.21,harden + temper,nitride,1272,438,2023-06-18,17.31,True
Q01889,gear blank,rotational,42CrMo4,STEEL,turn-mill,240.47,145.47,145.47,31.3754,16.789,60,2,0.015,0.62,solution + age,passivate,88,17,2026-03-31,1967.33,False
Q03876,gear blank,rotational,16MnCr5,STEEL,turn-mill,252.51,153.24,153.24,36.5563,28.151,58,1,0.015,0.82,solution + age,passivate,125,9,2025-06-19,937.84,False
Q02213,gear blank,rotational,42CrMo4,STEEL,turn-mill,210.99,144.41,144.41,27.1269,13.0807,57,2,0.015,0.83,solution + age,passivate,159,127,2024-11-22,1745.21,False
Q04233,gear blank,rotational,4140,STEEL,turn-mill,190.92,127.49,127.49,19.1305,12.4923,55,1,0.0148,0.88,solution + age,passivate,75,37,2023-01-29,643.82,True
Q04500,gear blank,rotational,C45,STEEL,turn-mill,53.63,31.83,31.83,0.335,0.1421,18,1,0.0414,2.3,stress relieve,none,768,152,2023-07-13,7.64,False
Q03278,gear blank,rotational,16MnCr5,STEEL,turn-mill,47.31,26.81,26.81,0.2096,0.0501,15,2,0.0835,2.67,stress relieve,none,1543,1336,2022-10-31,5.64,True
Q04065,gear blank,rotational,C45,STEEL,turn-mill,52.5,35.03,35.03,0.3971,0.113,8,2,0.1319,2.16,stress relieve,none,2253,662,2022-11-02,8.53,False
Q01639,gear blank,rotational,4140,STEEL,turn-mill,48.09,28.24,28.24,0.2364,0.1534,14,1,0.0738,2.95,stress relieve,none,2901,1233,2022-04-08,2.98,True
Q02339,bracket,prismatic,17-4PH H1025,STAINLESS,5-axis mill,36.01,26.24,21.15,0.1558,0.0911,15,3,0.1177,1.39,stress relieve,paint,910,490,2023-04-24,7.34,False
Q01264,bracket,prismatic,440C,STAINLESS,5-axis mill,29.9,22.36,15.11,0.0776,0.0361,15,3,0.1177,1.55,stress relieve,paint,1347,1158,2024-01-10,6.25,False
Q04154,bracket,prismatic,440C,STAINLESS,5-axis mill,24.74,18.47,13.55,0.0476,0.0152,7,3,0.1063,1.98,stress relieve,paint,492,458,2024-08-09,5.17,True
Q02681,bracket,prismatic,17-4PH H1025,STAINLESS,5-axis mill,29.97,20.37,14.31,0.0682,0.0239,7,2,0.1177,1.77,stress relieve,paint,1320,90,2022-04-08,9.0,False
Q03390,fitting,rotational,440C,STAINLESS,turning,126.31,79.62,79.62,4.8304,2.9667,4,6,0.0934,0.8,solution + age,none,1554,726,2024-06-26,91.49,False
Q00276,fitting,rotational,304L,STAINLESS,turning,115.17,71.16,71.16,3.664,1.0939,14,6,0.1102,0.78,solution + age,zinc,3811,1116,2022-02-22,76.02,False
Q03266,fitting,rotational,304L,STAINLESS,turning,119.25,68.92,68.92,3.5592,1.8892,14,6,0.2,0.4,solution + age,zinc,9037,5000,2023-06-29,36.07,True
Q02170,fitting,rotational,304L,STAINLESS,turning,123.88,67.11,67.11,3.5057,0.7579,7,6,0.1102,0.9,solution + age,zinc,1526,135,2022-05-05,56.22,False
Q04797,bushing,rotational,S355JR,STEEL,forging + machining,123.07,80.32,80.32,4.8952,4.1091,12,1,0.005,6.3,solution + age,nitride,27521,5000,2022-09-07,71.4,False
Q00643,bushing,rotational,42CrMo4,STEEL,forging + machining,115.52,75.47,75.47,4.057,3.1316,21,2,0.0115,4.87,solution + age,nitride,9578,5000,2022-01-21,99.43,False
Q01224,bushing,rotational,S355JR,STEEL,forging + machining,103.04,62.83,62.83,2.5078,1.6752,10,2,0.0115,6.3,solution + age,none,21440,5000,2022-11-06,48.07,False
Q02954,bushing,rotational,S355JR,STEEL,forging + machining,133.54,91.67,91.67,6.9189,4.6464,14,1,0.0115,6.3,solution + age,none,22227,5000,2025-09-14,156.17,False
Q00655,bracket,prismatic,Ti-6Al-4V ELI,TITANIUM,5-axis mill,69.99,50.53,39.26,0.6151,0.3446,7,4,0.0586,6.3,harden + temper,nitride,11615,5000,2022-11-28,74.02,True
Q01422,bracket,prismatic,Ti-6Al-4V,TITANIUM,5-axis mill,66.94,46.76,35.74,0.4956,0.2825,15,3,0.0729,6.3,harden + temper,nitride,15471,5000,2025-12-11,77.35,False
Q00278,bracket,prismatic,Ti-10V-2Fe-3Al,TITANIUM,5-axis mill,50.07,31.92,27.06,0.2011,0.0886,14,4,0.0729,6.3,harden + temper,nitride,50000,5000,2025-05-23,51.78,True
Q02456,bracket,prismatic,Ti-10V-2Fe-3Al,TITANIUM,5-axis mill,75.18,47.27,42.35,0.6998,0.1836,13,3,0.105,5.23,harden + temper,nitride,10366,621,2022-01-13,163.89,True
Q03808,fitting,rotational,Ti-6Al-4V,TITANIUM,forging + machining,148.87,124.26,124.26,7.998,5.4087,6,6,0.0359,1.77,solution + age,nitride,7889,5000,2024-11-19,1093.52,False
Q03598,fitting,rotational,Ti-6Al-4V ELI,TITANIUM,forging + machining,163.53,133.61,133.61,10.1569,6.6874,3,5,0.0408,2.39,solution + age,nitride,8056,5000,2021-11-26,1341.57,True
Q04408,fitting,rotational,Ti-6Al-4V,TITANIUM,forging + machining,145.93,128.22,128.22,8.3474,6.6021,6,5,0.0464,2.52,solution + age,nitride,5108,1572,2025-06-01,908.25,False
Q02010,fitting,rotational,Ti-6Al-4V,TITANIUM,forging + machining,149.56,114.25,114.25,6.7925,5.5331,6,5,0.0359,2.96,solution + age,nitride,3205,3169,2024-02-15,860.83,False
Q04449,shaft,rotational,1.2312,STEEL,turn-mill,1023.88,139.84,139.84,123.447,59.0613,13,1,0.0202,4.21,harden + temper,passivate,10,5,2025-04-12,4603.02,False
Q02938,shaft,rotational,1.2312,STEEL,turning,807.19,106.9,106.9,56.8671,22.2008,7,2,0.0202,3.62,harden + temper,passivate,21,4,2021-10-02,1553.03,False
Q00305,shaft,rotational,1.2312,STEEL,turn-mill,879.48,121.38,121.38,79.8879,19.4051,9,1,0.0124,3.65,harden + temper,passivate,12,7,2021-10-28,5026.92,False
Q00002,shaft,rotational,4140,STEEL,5-axis mill,924.11,118.92,118.92,80.5676,38.8305,10,1,0.0202,2.18,harden + temper,zinc,52,19,2023-01-31,3270.46,False
Q00647,manifold,prismatic,5083-H111,ALUMINIUM,3-axis mill,127.73,53.71,38.4,0.7007,0.1777,9,6,0.0206,4.94,stress relieve,paint,932,94,2025-09-16,59.35,False
Q04979,manifold,prismatic,2024-T3,ALUMINIUM,3-axis mill,153.3,74.67,51.36,1.6343,1.145,6,6,0.0245,5.26,stress relieve,none,438,337,2025-07-01,47.24,False
Q00617,manifold,prismatic,6061-T6,ALUMINIUM,turn-mill,164.15,71.58,52.84,1.6763,0.5341,3,6,0.0206,5.58,stress relieve,paint,510,264,2023-10-11,103.57,False
Q04729,manifold,prismatic,5083-H111,ALUMINIUM,3-axis mill,157.21,65.64,50.39,1.3832,0.9859,3,6,0.0171,3.68,stress relieve,none,500,101,2023-03-04,42.41,True
Q01634,housing,prismatic,303,STAINLESS,5-axis mill,313.75,195.69,52.95,26.0066,13.8267,10,6,0.2,5.85,solution + age,nitride,1401,801,2021-11-12,364.99,True
Q04648,housing,prismatic,303,STAINLESS,5-axis mill,347.66,227.32,76.01,48.0601,25.0133,5,6,0.1602,5.21,solution + age,zinc,842,811,2025-05-20,1012.92,False
Q00827,housing,prismatic,13-8Mo H1000,STAINLESS,5-axis mill,402.25,248.5,77.72,60.2879,29.0394,6,6,0.1723,5.23,solution + age,nitride,1442,1105,2025-11-05,3531.37,False
Q03483,housing,prismatic,303,STAINLESS,5-axis mill,359.88,217.77,67.82,42.5183,9.6987,9,5,0.2,5.61,solution + age,paint,2441,962,2023-04-06,894.43,False
Q04038,gear blank,rotational,15-5PH H1025,STAINLESS,turn-mill,901.89,192.33,192.33,204.3748,128.7376,6,5,0.0072,4.81,solution + age,nitride,2623,1253,2023-06-14,10660.19,False
Q03507,gear blank,rotational,15-5PH H1025,STAINLESS,turn-mill,746.32,184.35,184.35,155.3874,32.5483,5,6,0.0073,4.94,solution + age,nitride,862,475,2026-01-14,12930.91,True
Q03022,gear blank,rotational,15-5PH H1025,STAINLESS,turn-mill,941.51,210.55,210.55,255.6855,140.3693,11,6,0.0072,4.21,solution + age,passivate,5157,3462,2025-02-19,22395.52,False
Q01859,gear blank,rotational,316L,STAINLESS,turn-mill,599.76,156.65,156.65,92.4699,20.0506,3,6,0.0072,4.87,solution + age,nitride,2192,1339,2023-12-02,5530.5,True
Q00430,fitting,rotational,Inconel 625,NICKEL,turning,65.2,42.87,42.87,0.7943,0.4389,3,2,0.0143,2.79,none,paint,1322,1307,2021-05-12,58.93,False
Q02269,fitting,rotational,Inconel 625,NICKEL,turning,75.58,44.39,44.39,0.9871,0.6504,12,2,0.0051,2.5,none,paint,1904,1679,2022-08-25,107.09,False
Q04591,fitting,rotational,Inconel 625,NICKEL,turning,72.56,46.72,46.72,1.0498,0.3146,7,2,0.0136,1.91,none,anodise,1225,757,2024-11-06,115.35,False
Q04025,fitting,rotational,Inconel 625,NICKEL,turning,71.1,45.2,45.2,0.9629,0.6595,3,2,0.0067,2.39,none,paint,1057,173,2023-02-20,86.16,False
Q02897,plate,prismatic,6061-T6,ALUMINIUM,turn-mill,514.74,296.66,192.16,79.2263,48.9726,22,1,0.0345,3.51,solution + age,anodise,36695,5000,2021-08-10,2624.28,False
Q02209,plate,prismatic,6061-T6,ALUMINIUM,turn-mill,557.26,382.5,242.4,139.5053,111.3121,22,1,0.0345,2.66,solution + age,paint,11851,1631,2024-12-13,2977.43,False
Q01341,plate,prismatic,2024-T3,ALUMINIUM,turn-mill,473.18,266.63,178.27,62.5267,20.456,15,1,0.0345,3.27,solution + age,none,19492,5000,2021-02-05,3338.07,False
Q01431,plate,prismatic,2024-T3,ALUMINIUM,turn-mill,579.4,363.59,234.95,137.5957,73.9239,15,1,0.056,3.3,solution + age,anodise,22105,5000,2022-09-30,5231.77,False
Q04474,bracket,prismatic,304L,STAINLESS,3-axis mill,55.72,32.26,15.97,0.2297,0.0869,7,3,0.0079,5.98,stress relieve,anodise,1507,961,2025-07-10,11.14,False
Q02730,bracket,prismatic,304L,STAINLESS,3-axis mill,63.4,38.3,17.9,0.3477,0.0941,3,2,0.0079,4.21,stress relieve,anodise,2205,489,2022-04-29,17.05,True
Q00988,bracket,prismatic,304L,STAINLESS,3-axis mill,89.25,49.15,21.68,0.7607,0.5965,3,2,0.0079,4.52,stress relieve,anodise,2089,188,2023-05-09,15.05,False
Q03622,bracket,prismatic,316L,STAINLESS,3-axis mill,71.81,45.22,21.06,0.5471,0.3355,3,3,0.0079,5.34,stress relieve,anodise,2343,1666,2023-04-04,18.51,True
Q02868,bracket,prismatic,6082-T6,ALUMINIUM,5-axis mill,140.41,78.31,55.92,1.6601,1.3263,12,5,0.1055,6.3,none,nitride,29,21,2025-05-12,73.1,False
Q01918,bracket,prismatic,6082-T6,ALUMINIUM,5-axis mill,114.73,67.72,56.39,1.183,0.2918,21,3,0.079,3.63,none,paint,20,12,2023-05-27,104.77,False
Q01678,bracket,prismatic,6026-T9,ALUMINIUM,3-axis mill,145.65,88.06,66.26,2.2948,1.4815,11,4,0.131,6.3,none,paint,42,18,2023-09-25,47.68,True
Q01537,bracket,prismatic,6082-T6,ALUMINIUM,forging + machining,97.18,64.79,52.32,0.8895,0.6494,18,5,0.1055,5.52,none,paint,16,6,2023-10-10,116.32,False
Q01096,pin,rotational,4140,STEEL,5-axis mill,38.58,5.73,5.73,0.0078,0.0036,10,1,0.1089,1.44,harden + temper,anodise,50,5,2026-02-25,48.45,False
Q03863,pin,rotational,4140,STEEL,5-axis mill,34.14,4.35,4.35,0.004,0.0011,9,3,0.0464,2.33,harden + temper,anodise,39,16,2024-11-28,36.21,False
Q04567,pin,rotational,4140,STEEL,5-axis mill,33.36,4.87,4.87,0.0049,0.0019,14,3,0.1089,1.64,harden + temper,anodise,34,2,2024-03-02,234.05,True
Q03482,pin,rotational,4140,STEEL,5-axis mill,37.88,5.64,5.64,0.0074,0.0053,7,2,0.075,1.73,harden + temper,anodise,58,41,2021-11-26,10.1,True
Q02191,shaft,rotational,42CrMo4,STEEL,turn-mill,252.19,22.46,22.46,0.7844,0.4397,6,4,0.0231,1.8,none,zinc,5349,3501,2021-01-05,20.25,False
Q03882,shaft,rotational,42CrMo4,STEEL,turn-mill,184.47,17.65,17.65,0.3544,0.0709,4,3,0.0448,1.07,none,zinc,43785,5000,2026-02-20,13.2,True
Q04885,shaft,rotational,42CrMo4,STEEL,turn-mill,196.24,16.56,16.56,0.3317,0.2087,3,3,0.0594,1.99,none,zinc,30573,4816,2021-05-01,5.64,True
Q04943,shaft,rotational,42CrMo4,STEEL,turn-mill,256.86,22.88,22.88,0.8293,0.5874,10,5,0.0448,1.29,none,zinc,9091,3278,2024-11-18,15.42,False
Q03652,fitting,rotational,440C,STAINLESS,5-axis mill,95.63,70.48,70.48,2.8655,0.8397,14,1,0.1319,0.7,none,nitride,50000,5000,2025-08-04,187.65,False
Q02982,fitting,rotational,304L,STAINLESS,turning,134.86,85.97,85.97,6.2622,3.0774,5,1,0.1319,1.48,none,nitride,16493,5000,2021-04-26,79.21,False
Q00064,fitting,rotational,440C,STAINLESS,turning,118.27,79.76,79.76,4.538,2.4303,14,1,0.1366,1.18,none,nitride,50000,5000,2025-01-19,120.31,False
Q03430,fitting,rotational,440C,STAINLESS,turning,107.87,77.11,77.11,3.869,2.9873,6,2,0.0864,0.71,none,nitride,35773,2046,2024-12-10,88.5,False
Q03500,gear blank,rotational,4140,STEEL,turn-mill,152.89,131.21,131.21,16.2273,11.8109,48,6,0.0092,0.86,harden + temper,zinc,1194,1101,2021-01-26,689.99,False
Q00258,gear blank,rotational,16MnCr5,STEEL,turn-mill,105.84,87.59,87.59,5.0064,2.7268,44,6,0.01,0.87,harden + temper,zinc,3859,1736,2025-04-11,255.78,True
Q00886,gear blank,rotational,4140,STEEL,turn-mill,121.8,115.27,115.27,9.9769,5.5407,52,6,0.01,1.04,harden + temper,zinc,1751,1500,2026-04-24,497.45,False
Q04219,gear blank,rotational,42CrMo4,STEEL,turn-mill,133.51,131.49,131.49,14.2317,3.4118,53,5,0.01,0.8,harden + temper,zinc,1873,607,2021-04-05,1171.18,False
Q04425,housing,prismatic,6082-T6,ALUMINIUM,turn-mill,66.6,28.97,19.61,0.1022,0.0621,21,6,0.0059,2.43,stress relieve,anodise,340,293,2024-05-16,10.32,False
Q00312,housing,prismatic,6082-T6,ALUMINIUM,turn-mill,42.77,18.66,11.61,0.025,0.0065,21,5,0.005,2.76,stress relieve,passivate,162,39,2023-03-22,21.81,False
Q00103,housing,prismatic,6082-T6,ALUMINIUM,turn-mill,53.4,26.07,16.57,0.0623,0.0185,18,6,0.005,2.79,stress relieve,anodise,67,5,2021-07-07,139.64,False
Q04299,housing,prismatic,6082-T6,ALUMINIUM,turn-mill,47.29,22.96,14.49,0.0425,0.0132,21,6,0.0135,2.95,stress relieve,anodise,255,37,2025-07-21,22.24,True
Q00670,gear blank,rotational,C45,STEEL,5-axis mill,262.37,77.17,77.17,9.6335,2.8492,5,2,0.0505,4.69,stress relieve,paint,84,20,2021-11-12,206.37,True
Q01423,gear blank,rotational,C45,STEEL,5-axis mill,257.07,77.98,77.98,9.6373,6.5544,12,2,0.0505,3.48,stress relieve,paint,55,26,2024-03-12,147.37,True
Q04780,gear blank,rotational,S355JR,STEEL,turn-mill,287.44,81.84,81.84,11.8711,8.9785,11,3,0.0505,3.44,stress relieve,paint,85,63,2021-07-18,118.67,True
Q00462,gear blank,rotational,C45,STEEL,5-axis mill,287.67,69.84,69.84,8.6511,6.2618,8,1,0.1017,5.23,stress relieve,passivate,50,34,2023-07-17,94.36,False
Q01306,shaft,rotational,4140,STEEL,forging + machining,985.36,89.0,89.0,48.1217,32.2831,7,4,0.1897,5.42,stress relieve,paint,10,1,2024-03-26,1114.77,False
Q02977,shaft,rotational,16MnCr5,STEEL,forging + machining,885.81,85.59,85.59,40.0038,27.1443,3,2,0.1857,6.01,stress relieve,paint,39,5,2025-08-22,437.64,False
Q00821,shaft,rotational,4140,STEEL,forging + machining,759.18,73.68,73.68,25.4129,16.964,6,2,0.1857,5.29,stress relieve,paint,10,6,2024-02-13,332.15,True
Q04490,shaft,rotational,4140,STEEL,forging + machining,762.91,67.57,67.57,21.473,15.993,9,4,0.1857,4.47,stress relieve,paint,13,9,2022-09-28,324.08,False
Q00621,gear blank,rotational,C63000,COPPER,5-axis mill,75.4,43.39,43.39,0.8451,0.5051,7,2,0.2,1.8,none,zinc,50000,5000,2023-05-14,34.88,True
Q00273,gear blank,rotational,C63000,COPPER,5-axis mill,91.05,50.45,50.45,1.3795,0.5289,3,1,0.1508,1.91,none,nitride,40715,5000,2024-07-24,70.84,False
Q02899,gear blank,rotational,C63000,COPPER,5-axis mill,79.65,48.79,48.79,1.1289,0.8653,3,1,0.2,1.52,none,nitride,23499,5000,2023-03-11,42.47,False
Q01955,gear blank,rotational,CuZn39Pb3,COPPER,5-axis mill,88.16,52.04,52.04,1.5881,0.5275,7,2,0.2,2.12,none,nitride,23297,3506,2021-07-09,35.69,False
Q02772,plate,prismatic,C45,STEEL,forging + machining,186.47,158.73,91.44,21.2462,16.1334,14,6,0.0446,5.96,none,paint,18,2,2022-10-04,544.67,True
Q04314,plate,prismatic,16MnCr5,STEEL,forging + machining,152.97,123.71,78.67,11.6862,8.6336,23,6,0.0479,3.32,none,paint,29,21,2023-10-22,271.38,False
Q04268,plate,prismatic,16MnCr5,STEEL,forging + machining,173.66,137.69,90.49,16.9847,11.3295,19,6,0.0479,5.88,none,nitride,33,19,2022-12-14,432.77,False
Q01921,plate,prismatic,16MnCr5,STEEL,5-axis mill,150.1,127.15,86.73,12.9943,5.7065,17,6,0.0432,4.58,none,paint,13,9,2021-05-24,516.35,True
Q01704,gear blank,rotational,42CrMo4,STEEL,turn-mill,274.14,85.68,85.68,12.4072,4.9333,30,4,0.0371,5.86,stress relieve,zinc,53,13,2025-12-13,529.44,False
Q01441,gear blank,rotational,42CrMo4,STEEL,5-axis mill,323.93,97.83,97.83,19.1151,9.1323,38,4,0.058,4.96,stress relieve,zinc,74,57,2023-02-17,684.54,False
Q02817,gear blank,rotational,C45,STEEL,5-axis mill,398.27,111.16,111.16,30.34,14.1018,32,6,0.0371,6.3,stress relieve,zinc,83,70,2023-11-28,1109.68,False
Q00835,gear blank,rotational,42CrMo4,STEEL,turn-mill,340.99,92.63,92.63,18.0384,9.0658,34,5,0.0371,5.86,stress relieve,zinc,15,10,2024-09-02,604.26,True
Q00550,pin,rotational,16MnCr5,STEEL,5-axis mill,26.82,6.26,6.26,0.0065,0.0035,13,6,0.0806,4.12,none,paint,300,135,2023-01-10,8.76,False
Q04464,pin,rotational,16MnCr5,STEEL,5-axis mill,26.62,5.25,5.25,0.0045,0.0022,9,6,0.0806,2.47,none,paint,184,178,2021-03-09,7.71,False
Q00269,pin,rotational,S355JR,STEEL,5-axis mill,32.73,6.38,6.38,0.0082,0.0038,18,5,0.0806,3.64,none,paint,203,39,2021-11-24,24.74,False
Q04595,pin,rotational,16MnCr5,STEEL,5-axis mill,23.37,4.87,4.87,0.0034,0.0025,14,6,0.0806,3.54,none,nitride,351,284,2023-06-08,8.11,False
Q01207,gear blank,rotational,1.2312,STEEL,turn-mill,494.97,236.3,236.3,170.4016,127.5283,6,4,0.1744,1.78,harden + temper,passivate,6737,2537,2024-03-25,2429.07,False
Q03811,gear blank,rotational,1.2312,STEEL,turn-mill,578.94,250.94,250.94,224.7721,101.3528,3,3,0.1778,3.28,harden + temper,passivate,24436,5000,2023-11-08,5013.15,True
Q04377,gear blank,rotational,42CrMo4,STEEL,turn-mill,546.56,208.3,208.3,146.2136,37.887,3,5,0.1744,2.21,harden + temper,passivate,11305,5000,2021-10-14,1585.05,True
Q01913,gear blank,rotational,C45,STEEL,turn-mill,465.7,230.4,230.4,152.4148,60.7906,5,5,0.104,2.85,harden + temper,passivate,14342,5000,2024-12-08,2793.24,False
Q03224,manifold,prismatic,316L,STAINLESS,forging + machining,449.49,252.77,73.1,66.4441,52.8599,3,6,0.0137,0.68,none,nitride,1325,1012,2024-12-10,1794.16,True
Q01724,manifold,prismatic,304L,STAINLESS,forging + machining,464.76,265.12,71.25,70.2309,48.8518,3,4,0.0266,0.55,none,nitride,2098,525,2024-06-28,1309.09,True
Q03894,manifold,prismatic,15-5PH H1025,STAINLESS,forging + machining,464.12,253.95,76.04,69.9021,46.9703,3,6,0.0137,0.4,none,nitride,249,178,2025-08-25,4031.32,False
Q01737,manifold,prismatic,13-8Mo H1000,STAINLESS,forging + machining,380.26,213.17,66.8,42.0207,30.1381,3,6,0.0268,0.42,none,nitride,185,159,2021-04-14,2145.8,True
Q00219,flange,prismatic,1.2312,STEEL,5-axis mill,72.32,30.36,12.8,0.2206,0.1657,15,3,0.0584,4.78,none,zinc,21,20,2021-04-07,28.67,False
Q03915,flange,prismatic,C45,STEEL,5-axis mill,67.68,28.45,11.63,0.1758,0.1345,3,1,0.0584,6.17,none,zinc,15,2,2026-02-13,121.36,False
Q03961,flange,prismatic,4140,STEEL,5-axis mill,76.1,30.65,12.48,0.2285,0.1413,4,1,0.0545,6.3,none,zinc,88,77,2021-07-19,6.81,False
Q04145,flange,prismatic,1.2312,STEEL,5-axis mill,81.49,32.32,12.71,0.2627,0.0937,9,1,0.0584,5.93,none,zinc,49,3,2023-06-30,78.71,True
Q01532,gear blank,rotational,13-8Mo H1000,STAINLESS,turn-mill,230.39,88.2,88.2,10.9219,8.6155,5,1,0.005,5.21,stress relieve,zinc,3298,2997,2021-03-05,524.15,False
Q01246,gear blank,rotational,13-8Mo H1000,STAINLESS,turn-mill,191.39,72.47,72.47,6.1258,1.4656,3,3,0.005,5.27,stress relieve,zinc,2268,191,2024-04-18,697.18,False
Q00119,gear blank,rotational,13-8Mo H1000,STAINLESS,turning,193.44,67.48,67.48,5.3681,1.6931,8,2,0.005,5.96,stress relieve,zinc,1589,293,2023-06-03,417.13,False
Q00453,gear blank,rotational,13-8Mo H1000,STAINLESS,turn-mill,224.45,78.31,78.31,8.3897,1.7983,3,2,0.0068,3.64,stress relieve,zinc,2361,1554,2023-01-08,902.54,True
Q01933,bracket,prismatic,Ti-10V-2Fe-3Al,TITANIUM,3-axis mill,209.33,99.66,102.28,9.9224,7.5016,15,1,0.0508,1.87,harden + temper,anodise,3608,1453,2025-07-21,1290.24,False
Q04274,bracket,prismatic,Ti-6Al-4V,TITANIUM,3-axis mill,184.28,96.08,82.21,6.4486,4.3845,21,1,0.0546,1.87,harden + temper,anodise,1924,1591,2025-03-28,694.06,False
Q04356,bracket,prismatic,Ti-10V-2Fe-3Al,TITANIUM,3-axis mill,252.85,131.74,103.84,16.0847,10.5635,18,1,0.0678,1.82,harden + temper,anodise,1325,116,2022-04-21,2773.2,False
Q01174,bracket,prismatic,Ti-6Al-4V,TITANIUM,3-axis mill,207.97,103.29,91.51,8.7083,4.1667,15,2,0.0508,2.22,harden + temper,anodise,2903,1038,2023-04-27,1238.52,False
Q03497,plate,prismatic,15-5PH H1025,STAINLESS,forging + machining,146.04,118.76,73.44,9.9353,8.0677,31,2,0.0615,4.75,none,zinc,37389,5000,2023-08-08,269.88,False
Q04277,plate,prismatic,15-5PH H1025,STAINLESS,forging + machining,126.24,115.96,68.5,7.8221,5.834,37,2,0.0926,3.58,none,zinc,9593,5000,2024-08-01,396.32,False
Q00998,plate,prismatic,15-5PH H1025,STAINLESS,forging + machining,141.43,130.3,68.9,9.9029,7.586,30,2,0.07,4.24,none,zinc,8539,5000,2025-03-28,300.97,True
Q03151,plate,prismatic,15-5PH H1025,STAINLESS,forging + machining,107.57,98.01,62.23,5.1173,3.3341,26,1,0.0335,4.87,none,zinc,19436,5000,2023-01-19,237.77,False
Q01387,housing,prismatic,7075-T6,ALUMINIUM,turn-mill,306.88,259.58,116.37,26.0477,19.9049,6,2,0.0665,6.3,none,anodise,5184,2102,2025-09-17,651.18,False
Q04719,housing,prismatic,7075-T6,ALUMINIUM,turn-mill,288.34,210.83,90.95,15.5367,6.084,12,1,0.0777,6.3,none,passivate,3045,2873,2021-08-22,637.55,False
Q03062,housing,prismatic,7075-T6,ALUMINIUM,turn-mill,383.6,334.49,135.69,48.9243,13.1261,9,1,0.049,3.65,none,anodise,2334,786,2023-09-27,1939.57,True
Q04100,housing,prismatic,7075-T6,ALUMINIUM,turn-mill,264.7,226.13,81.91,13.7779,8.4517,3,1,0.0531,6.3,none,anodise,4160,635,2025-09-19,436.59,False
Q02537,bushing,rotational,C45,STEEL,turn-mill,37.63,26.19,26.19,0.1591,0.089,17,2,0.025,3.77,stress relieve,anodise,88,41,2026-05-11,11.51,False
Q01782,bushing,rotational,4140,STEEL,turn-mill,34.2,24.62,24.62,0.1278,0.0902,17,2,0.025,4.54,stress relieve,anodise,235,119,2025-04-23,5.88,False
Q01198,bushing,rotational,C45,STEEL,turn-mill,26.75,22.01,22.01,0.0799,0.0529,14,4,0.0361,4.76,stress relieve,anodise,433,297,2021-05-30,3.72,True
Q01143,bushing,rotational,C45,STEEL,turn-mill,27.92,21.34,21.34,0.0784,0.0478,20,2,0.025,5.92,stress relieve,anodise,294,261,2024-01-17,4.15,True
Q01248,shaft,rotational,C45,STEEL,turn-mill,369.7,44.47,44.47,4.5071,3.4145,7,2,0.026,1.43,harden + temper,zinc,768,339,2024-12-22,61.28,True
Q03868,shaft,rotational,S355JR,STEEL,5-axis mill,319.89,35.21,35.21,2.4449,0.935,13,4,0.023,1.06,harden + temper,none,2586,257,2025-06-11,77.56,False
Q01012,shaft,rotational,S355JR,STEEL,turning,370.18,42.54,42.54,4.1302,3.0603,3,2,0.0243,1.19,harden + temper,zinc,1401,453,2021-11-12,27.58,False
Q03246,shaft,rotational,42CrMo4,STEEL,turn-mill,319.06,35.36,35.36,2.4596,1.7222,10,3,0.0243,1.2,harden + temper,zinc,715,419,2021-02-18,40.21,False
Q01013,flange,prismatic,C45,STEEL,5-axis mill,51.78,24.52,11.55,0.1151,0.0254,19,5,0.0798,3.02,solution + age,anodise,5983,3489,2025-01-17,6.66,False
Q01347,flange,prismatic,1.2312,STEEL,5-axis mill,57.06,26.02,9.6,0.1119,0.0589,19,4,0.0798,3.62,solution + age,anodise,8614,2783,2022-11-20,5.73,False
Q02618,flange,prismatic,C45,STEEL,5-axis mill,70.4,28.9,12.42,0.1984,0.1272,15,5,0.0798,4.67,solution + age,none,3316,876,2023-04-25,4.27,True
Q03638,flange,prismatic,C45,STEEL,5-axis mill,40.54,19.86,8.62,0.0545,0.0277,11,3,0.0908,4.13,solution + age,anodise,11277,5000,2022-03-03,3.38,False
Q03365,flange,prismatic,S355JR,STEEL,turn-mill,41.25,60.44,5.63,0.1102,0.0333,3,3,0.0403,4.72,none,passivate,407,164,2025-04-08,5.34,False
Q03579,flange,prismatic,S355JR,STEEL,forging + machining,43.65,65.34,5.68,0.1271,0.0949,12,4,0.0403,4.51,none,passivate,2506,745,2025-08-25,3.31,False
Q00262,flange,prismatic,S355JR,STEEL,forging + machining,46.42,58.96,6.24,0.134,0.0829,10,4,0.0403,5.85,none,passivate,1514,1476,2023-05-01,3.13,True
Q03659,flange,prismatic,S355JR,STEEL,forging + machining,43.47,60.31,5.97,0.1229,0.0985,13,2,0.0209,3.54,none,passivate,1922,563,2026-06-17,3.52,False
Q02913,housing,prismatic,4140,STEEL,3-axis mill,256.32,210.28,166.66,70.5193,51.9693,3,4,0.0675,1.7,none,anodise,104,75,2023-06-30,684.33,False
Q02493,housing,prismatic,16MnCr5,STEEL,5-axis mill,218.61,166.94,143.59,41.1369,31.283,3,6,0.0675,1.22,none,anodise,40,10,2022-12-24,535.44,False
Q01303,housing,prismatic,4140,STEEL,forging + machining,261.21,198.0,149.16,60.5603,46.9865,3,4,0.0675,2.17,none,anodise,44,39,2026-04-01,691.26,True
Q03380,housing,prismatic,1.2312,STEEL,forging + machining,208.21,178.01,133.66,38.8885,25.7098,8,5,0.0557,2.08,none,anodise,35,6,2022-03-11,818.56,False
Q00757,bushing,rotational,CuZn39Pb3,COPPER,forging + machining,24.32,15.75,15.75,0.0401,0.0319,24,4,0.0186,3.22,none,zinc,219,112,2023-06-07,5.83,False
Q02451,bushing,rotational,C101,COPPER,forging + machining,33.52,21.87,21.87,0.1126,0.0858,19,4,0.0189,2.68,none,zinc,317,313,2022-05-31,5.72,False
Q02698,bushing,rotational,CuZn39Pb3,COPPER,forging + machining,28.94,15.92,15.92,0.0488,0.0334,18,3,0.0138,2.61,none,zinc,64,63,2021-05-13,5.9,False
Q04850,bushing,rotational,CuZn39Pb3,COPPER,forging + machining,33.84,20.57,20.57,0.0953,0.0726,18,5,0.0189,2.5,none,zinc,139,59,2022-02-10,13.36,False
Q04074,manifold,prismatic,304L,STAINLESS,forging + machining,240.83,191.76,47.55,17.5661,12.1725,3,2,0.017,0.7,stress relieve,zinc,2296,1668,2024-07-25,461.65,False
Q02185,manifold,prismatic,316L,STAINLESS,forging + machining,240.2,190.03,45.97,16.7863,13.7584,8,3,0.0195,0.64,stress relieve,zinc,1680,323,2021-04-18,363.33,True
Q04045,manifold,prismatic,316L,STAINLESS,forging + machining,260.71,182.78,52.9,20.1677,15.499,3,2,0.0195,0.68,stress relieve,zinc,1768,1189,2026-03-29,733.94,True
Q03440,manifold,prismatic,316L,STAINLESS,forging + machining,275.58,229.53,54.51,27.585,23.4033,3,2,0.0195,0.75,stress relieve,paint,2887,2574,2025-12-04,660.48,False
Q04382,bushing,rotational,16MnCr5,STEEL,forging + machining,58.28,43.84,43.84,0.6906,0.5728,7,5,0.01,6.3,stress relieve,anodise,747,635,2021-02-16,14.88,False
Q04568,bushing,rotational,42CrMo4,STEEL,turn-mill,39.54,36.26,36.26,0.3204,0.1963,7,6,0.005,6.3,stress relieve,anodise,192,37,2022-03-22,32.94,False
Q01090,bushing,rotational,16MnCr5,STEEL,forging + machining,52.02,40.02,40.02,0.5137,0.4039,15,5,0.0059,6.3,stress relieve,anodise,1192,378,2022-04-10,18.45,False
Q02919,bushing,rotational,16MnCr5,STEEL,forging + machining,54.25,46.58,46.58,0.7256,0.6144,13,6,0.0118,5.47,stress relieve,passivate,634,481,2024-12-12,13.93,True
Q03997,bracket,prismatic,42CrMo4,STEEL,5-axis mill,163.37,76.12,81.92,7.9968,3.4229,15,1,0.0673,1.26,solution + age,zinc,201,41,2026-05-14,193.52,False
Q04889,bracket,prismatic,1.2312,STEEL,5-axis mill,164.55,84.71,96.39,10.5468,4.5969,14,1,0.0832,1.21,solution + age,zinc,22,1,2021-01-08,470.03,False
Q01883,bracket,prismatic,C45,STEEL,5-axis mill,151.88,78.95,70.39,6.6256,1.4964,9,2,0.1044,1.08,solution + age,zinc,64,44,2024-12-23,170.17,False
Q01026,bracket,prismatic,16MnCr5,STEEL,turn-mill,100.71,55.95,59.72,2.6417,2.0081,13,1,0.0673,1.36,solution + age,zinc,193,178,2025-02-22,32.35,False
Q02104,housing,prismatic,7075-T6,ALUMINIUM,3-axis mill,354.92,333.69,173.15,57.6231,42.5569,58,2,0.0246,3.24,solution + age,none,2755,960,2022-01-05,2024.13,False
Q02536,housing,prismatic,6082-T6,ALUMINIUM,3-axis mill,349.94,320.83,151.04,45.7845,29.8331,60,3,0.0246,3.8,solution + age,none,1082,636,2023-11-20,1817.91,True
Q03621,housing,prismatic,5083-H111,ALUMINIUM,3-axis mill,351.14,337.65,172.85,54.5128,17.7879,59,2,0.0246,2.88,solution + age,none,1649,1216,2021-03-22,5258.44,False
Q03306,housing,prismatic,6082-T6,ALUMINIUM,3-axis mill,282.9,283.07,133.15,28.79,6.7226,54,4,0.016,3.15,solution + age,none,3452,3046,2025-04-29,2089.65,False
Q03314,gear blank,rotational,1.2312,STEEL,forging + machining,342.71,273.55,273.55,158.1126,103.0208,5,3,0.1393,1.4,none,zinc,92,45,2022-12-07,2693.57,False
Q03215,gear blank,rotational,1.2312,STEEL,forging + machining,340.11,334.9,334.9,235.1839,157.6791,11,4,0.0549,2.04,none,passivate,53,10,2022-08-19,5111.17,False
Q00919,gear blank,rotational,1.2312,STEEL,forging + machining,357.79,316.26,316.26,220.6363,146.7357,3,5,0.1393,1.16,none,zinc,42,19,2024-10-20,5415.8,False
Q02964,gear blank,rotational,16MnCr5,STEEL,forging + machining,274.35,261.76,261.76,115.8954,83.0614,9,4,0.1393,1.34,none,zinc,82,48,2022-06-11,1470.23,False
Q04929,manifold,prismatic,17-4PH H1025,STAINLESS,3-axis mill,77.26,46.1,39.95,1.1099,0.4622,8,3,0.0196,3.62,none,passivate,411,261,2022-11-15,54.67,True
Q02991,manifold,prismatic,304L,STAINLESS,turn-mill,77.31,40.68,42.38,1.0663,0.3669,10,2,0.0274,3.06,none,zinc,193,192,2022-12-21,52.26,False
Q00105,manifold,prismatic,17-4PH H1025,STAINLESS,3-axis mill,88.57,56.8,53.93,2.1164,0.6181,8,2,0.0304,3.55,none,zinc,91,63,2023-08-09,100.44,False
Q02783,manifold,prismatic,440C,STAINLESS,3-axis mill,89.95,51.22,48.68,1.7224,1.0067,12,3,0.0274,3.29,none,zinc,514,429,2026-01-06,62.48,False
Q04344,housing,prismatic,17-4PH H1025,STAINLESS,turn-mill,224.71,80.75,37.2,5.2643,1.7048,8,4,0.009,2.14,none,zinc,11,2,2024-01-23,577.38,False
Q03232,housing,prismatic,304L,STAINLESS,turn-mill,204.12,70.48,30.74,3.5376,1.6159,4,4,0.009,2.76,none,zinc,28,20,2025-07-27,188.06,False
Q04842,housing,prismatic,13-8Mo H1000,STAINLESS,turn-mill,170.63,58.06,25.4,1.9521,1.0081,13,6,0.0124,1.93,none,zinc,31,8,2022-04-30,229.4,False
Q04440,housing,prismatic,440C,STAINLESS,turn-mill,221.2,87.52,36.55,5.4341,3.2041,6,6,0.009,2.02,none,zinc,15,4,2021-10-04,467.03,False
Q01485,bushing,rotational,PEEK,POLYMER,5-axis mill,12.13,10.93,10.93,0.0015,0.0004,29,6,0.0251,2.39,stress relieve,passivate,3725,2785,2026-05-25,1.93,False
Q03508,bushing,rotational,PA66,POLYMER,turn-mill,13.21,11.52,11.52,0.0016,0.0011,33,6,0.0372,2.03,stress relieve,passivate,2370,309,2021-11-26,3.98,True
Q00145,bushing,rotational,PA66,POLYMER,5-axis mill,14.24,11.66,11.66,0.0017,0.0004,27,5,0.0251,1.8,stress relieve,passivate,4263,2304,2025-10-29,2.14,False
Q00539,bushing,rotational,PEEK,POLYMER,5-axis mill,9.01,8.51,8.51,0.0007,0.0004,23,5,0.0251,1.99,stress relieve,passivate,6700,662,2024-12-22,2.85,False
Q03831,housing,prismatic,17-4PH H1025,STAINLESS,turn-mill,248.38,68.3,42.65,5.6441,2.0106,40,6,0.036,1.11,none,none,10,1,2021-01-29,1077.48,True
Q02619,housing,prismatic,440C,STAINLESS,turn-mill,215.43,71.18,35.32,4.1602,1.9142,35,5,0.0241,2.46,none,none,42,8,2023-10-05,309.34,False
Q00315,housing,prismatic,304L,STAINLESS,forging + machining,268.94,80.68,44.93,7.7993,5.7963,35,5,0.0183,1.52,none,paint,22,1,2026-03-01,854.16,False
Q01249,housing,prismatic,13-8Mo H1000,STAINLESS,turn-mill,239.92,71.03,44.86,5.9319,1.8376,36,4,0.0183,1.75,none,none,20,17,2023-03-05,559.27,False
Q02004,bracket,prismatic,7075-T6,ALUMINIUM,5-axis mill,99.21,111.74,43.27,1.348,0.316,9,4,0.0205,0.83,solution + age,paint,171,113,2024-12-02,122.93,True
Q02655,bracket,prismatic,5083-H111,ALUMINIUM,5-axis mill,113.02,129.2,46.95,1.8236,0.6397,6,2,0.027,0.93,solution + age,paint,650,624,2022-05-06,198.39,False
Q03033,bracket,prismatic,7075-T6,ALUMINIUM,5-axis mill,108.21,121.32,46.64,1.7208,1.0761,8,3,0.0205,1.5,solution + age,paint,453,297,2021-05-22,87.24,False
Q04003,bracket,prismatic,6082-T6,ALUMINIUM,5-axis mill,105.09,118.48,46.82,1.574,0.9306,4,3,0.0219,1.19,solution + age,paint,624,410,2021-09-11,64.88,True
Q02015,housing,prismatic,6026-T9,ALUMINIUM,5-axis mill,352.62,198.5,156.04,29.4883,19.1311,12,1,0.0138,3.47,none,anodise,4161,3253,2024-01-20,950.18,True
Q00865,housing,prismatic,6026-T9,ALUMINIUM,5-axis mill,353.26,179.4,132.37,22.6496,8.4013,12,2,0.0144,5.02,none,anodise,1620,1000,2025-02-23,1566.15,False
Q02320,housing,prismatic,6026-T9,ALUMINIUM,5-axis mill,209.55,136.12,94.78,7.2996,5.3083,21,2,0.0144,3.97,none,anodise,1345,994,2021-04-26,206.56,False
Q03111,housing,prismatic,6082-T6,ALUMINIUM,turn-mill,294.13,178.78,140.25,19.9125,5.8497,19,3,0.0144,3.7,none,anodise,3580,1938,2021-11-20,1303.09,False
Q03121,gear blank,rotational,42CrMo4,STEEL,forging + machining,414.37,211.34,211.34,114.1019,81.1336,15,3,0.074,1.08,harden + temper,anodise,9853,5000,2026-05-26,2719.34,False
Q00319,gear blank,rotational,4140,STEEL,forging + machining,420.36,229.47,229.47,136.4663,84.6896,16,3,0.0339,1.06,harden + temper,anodise,22796,5000,2022-02-05,3593.97,False
Q00714,gear blank,rotational,4140,STEEL,forging + machining,443.53,272.81,272.81,203.5177,163.7083,14,3,0.0339,1.1,harden + temper,anodise,14876,5000,2023-10-12,2320.51,True
Q00467,gear blank,rotational,C45,STEEL,forging + machining,402.48,249.45,249.45,154.4083,119.3783,16,1,0.0339,0.92,harden + temper,zinc,27249,2945,2022-05-22,2054.0,False
Q03625,shaft,rotational,S355JR,STEEL,turning,111.47,9.82,9.82,0.0663,0.0325,22,6,0.0849,6.3,solution + age,anodise,15,9,2025-02-12,28.14,True
Q02315,shaft,rotational,S355JR,STEEL,turning,97.95,8.77,8.77,0.0464,0.0312,17,6,0.0849,6.3,solution + age,anodise,10,1,2024-02-18,281.08,False
Q03753,shaft,rotational,S355JR,STEEL,5-axis mill,93.88,8.11,8.11,0.038,0.0256,24,6,0.0849,6.3,solution + age,anodise,32,8,2026-03-18,149.03,True
Q01674,shaft,rotational,S355JR,STEEL,forging + machining,104.71,9.26,9.26,0.0553,0.0436,12,4,0.0849,6.3,solution + age,anodise,10,5,2025-07-05,121.58,False
Q00058,housing,prismatic,13-8Mo H1000,STAINLESS,turn-mill,75.8,40.15,8.3,0.1959,0.0999,22,6,0.0208,2.84,harden + temper,none,41,33,2026-05-31,37.62,False
Q00098,housing,prismatic,17-4PH H1025,STAINLESS,turn-mill,51.37,27.69,6.02,0.0667,0.0145,13,6,0.0324,1.57,harden + temper,none,46,44,2021-01-03,15.32,True
Q04983,housing,prismatic,13-8Mo H1000,STAINLESS,turn-mill,60.36,34.53,6.84,0.1107,0.0657,22,6,0.0244,2.88,harden + temper,none,22,15,2024-12-25,47.4,True
Q00682,housing,prismatic,13-8Mo H1000,STAINLESS,turn-mill,52.15,31.96,6.51,0.0842,0.0283,15,6,0.0377,3.12,harden + temper,none,43,25,2024-07-11,33.5,True
Q00507,plate,prismatic,4140,STEEL,forging + machining,511.03,452.35,255.69,463.9872,284.4196,16,1,0.1163,6.3,harden + temper,nitride,60,47,2022-04-07,8025.35,False
Q01814,plate,prismatic,S355JR,STEEL,forging + machining,393.92,414.45,222.29,284.8814,183.9365,12,1,0.1163,6.22,harden + temper,nitride,22,17,2025-11-30,3538.78,True
Q02212,plate,prismatic,S355JR,STEEL,forging + machining,420.2,407.0,226.97,304.6995,234.0805,14,2,0.1163,6.3,harden + temper,passivate,18,9,2021-06-01,2657.35,False
Q00908,plate,prismatic,S355JR,STEEL,forging + machining,401.17,346.51,191.55,209.0253,149.3757,8,2,0.1971,6.04,harden + temper,nitride,43,33,2021-05-09,1506.03,False
Q02461,fitting,rotational,304L,STAINLESS,5-axis mill,131.34,74.21,74.21,4.5443,1.9974,28,3,0.0427,3.7,solution + age,zinc,4867,2258,2025-10-10,233.79,True
Q01844,fitting,rotational,13-8Mo H1000,STAINLESS,turn-mill,120.26,67.02,67.02,3.2921,1.0951,36,2,0.0386,3.49,solution + age,zinc,9733,5000,2022-12-25,329.87,False
Q04537,fitting,rotational,304L,STAINLESS,5-axis mill,122.28,61.07,61.07,2.8656,1.1957,31,3,0.0386,3.37,solution + age,zinc,3089,2191,2024-06-26,138.91,True
Q00144,fitting,rotational,304L,STAINLESS,5-axis mill,125.52,62.9,62.9,3.1199,1.9424,24,4,0.0894,4.6,solution + age,passivate,14150,2643,2024-05-30,72.03,True
Q04249,housing,prismatic,304L,STAINLESS,forging + machining,76.5,82.94,49.01,2.4877,1.7707,7,6,0.0758,0.84,none,anodise,113,78,2021-01-31,44.01,True
Q03128,housing,prismatic,304L,STAINLESS,forging + machining,66.86,64.25,32.08,1.1023,0.8719,4,5,0.0758,1.31,none,anodise,179,172,2024-09-09,22.47,False
Q03886,housing,prismatic,15-5PH H1025,STAINLESS,forging + machining,58.33,68.02,39.05,1.2087,0.7584,4,5,0.1,1.05,none,paint,78,47,2021-09-28,61.95,False
Q02254,housing,prismatic,316L,STAINLESS,forging + machining,76.05,74.56,46.81,2.1236,1.5497,4,6,0.1173,1.34,none,anodise,169,30,2022-08-16,64.22,True
Q03747,gear blank,rotational,42CrMo4,STEEL,turn-mill,555.33,489.72,489.72,821.1202,484.0815,23,4,0.0252,3.64,harden + temper,none,7392,5000,2022-09-07,27088.93,False
Q04429,gear blank,rotational,1.2312,STEEL,turn-mill,542.95,493.64,493.64,815.7069,613.0586,14,3,0.0252,2.46,harden + temper,none,26975,5000,2022-10-19,17790.26,True
Q01689,gear blank,rotational,42CrMo4,STEEL,turn-mill,294.39,308.36,308.36,172.5801,132.8402,24,4,0.0252,2.88,harden + temper,none,10407,5000,2021-07-07,2779.12,False
Q01502,gear blank,rotational,42CrMo4,STEEL,turn-mill,461.28,428.84,428.84,523.0032,155.0619,18,4,0.0252,2.34,harden + temper,passivate,18520,5000,2024-09-09,32657.37,False
Q01001,flange,prismatic,Inconel 718,NICKEL,turn-mill,106.57,25.01,13.42,0.2931,0.2343,23,6,0.005,3.55,solution + age,passivate,347,116,2024-01-27,48.34,False
Q01473,flange,prismatic,Waspaloy,NICKEL,3-axis mill,107.77,26.93,13.73,0.3263,0.2426,20,5,0.005,2.8,solution + age,passivate,474,417,2022-03-05,62.36,True
Q03415,flange,prismatic,Inconel 625,NICKEL,3-axis mill,87.65,22.15,11.06,0.1812,0.0896,20,6,0.005,2.97,solution + age,anodise,652,587,2024-09-20,34.7,True
Q00903,flange,prismatic,Inconel 718,NICKEL,3-axis mill,93.3,19.4,11.43,0.1695,0.1048,21,6,0.005,2.86,solution + age,passivate,182,91,2026-06-23,39.55,False
Q03799,fitting,rotational,Ti-6Al-4V,TITANIUM,forging + machining,234.62,223.58,223.58,40.8068,26.1119,5,4,0.0232,2.18,none,nitride,2961,1348,2025-05-26,5572.14,False
Q01476,fitting,rotational,Ti-10V-2Fe-3Al,TITANIUM,forging + machining,229.81,222.24,222.24,41.4517,31.1898,5,4,0.0163,2.46,none,nitride,369,182,2024-08-16,8607.42,False
Q03340,fitting,rotational,Ti-6Al-4V,TITANIUM,forging + machining,226.39,221.19,221.19,38.5369,29.3435,3,5,0.0185,3.23,none,none,1484,537,2026-03-31,6324.7,False
Q01966,fitting,rotational,Ti-6Al-4V,TITANIUM,5-axis mill,221.52,254.37,254.37,49.8675,38.2948,8,4,0.0103,2.52,none,nitride,1918,831,2023-09-16,6211.72,False
Q03199,bracket,prismatic,316L,STAINLESS,5-axis mill,45.7,27.22,21.39,0.2129,0.1481,5,6,0.0083,3.48,harden + temper,zinc,29,20,2023-05-29,60.08,False
Q04111,bracket,prismatic,440C,STAINLESS,5-axis mill,41.09,21.31,17.89,0.1203,0.037,6,6,0.0083,3.92,harden + temper,passivate,10,6,2023-09-19,176.01,True
Q01328,bracket,prismatic,440C,STAINLESS,5-axis mill,47.54,27.31,21.86,0.218,0.0579,8,6,0.0083,3.43,harden + temper,passivate,10,4,2021-12-19,229.28,False
Q00996,bracket,prismatic,17-4PH H1025,STAINLESS,5-axis mill,55.25,32.56,25.29,0.3549,0.1129,4,6,0.0083,2.24,harden + temper,passivate,26,9,2022-07-13,140.66,True
Q01499,housing,prismatic,6061-T6,ALUMINIUM,turn-mill,151.48,123.72,68.99,3.4908,1.1648,5,3,0.0546,6.3,harden + temper,paint,183,138,2023-04-18,116.3,True
Q01626,housing,prismatic,5083-H111,ALUMINIUM,turn-mill,124.31,86.55,57.53,1.6464,0.3799,3,4,0.0246,6.3,harden + temper,paint,80,42,2026-03-17,189.79,False
Q03180,housing,prismatic,5083-H111,ALUMINIUM,turn-mill,160.39,124.36,68.38,3.6279,2.0056,4,4,0.043,6.3,harden + temper,paint,161,104,2023-09-19,188.49,True
Q00029,housing,prismatic,5083-H111,ALUMINIUM,turn-mill,166.6,117.96,79.83,4.1732,1.2399,11,2,0.1064,6.3,harden + temper,zinc,46,11,2022-07-05,281.06,False
Q00941,fitting,rotational,Ti-10V-2Fe-3Al,TITANIUM,turn-mill,52.04,27.44,27.44,0.1431,0.0984,8,1,0.0256,1.61,stress relieve,paint,38,4,2022-10-24,55.19,False
Q00634,fitting,rotational,Ti-10V-2Fe-3Al,TITANIUM,turn-mill,44.14,29.05,29.05,0.136,0.0332,14,3,0.0583,1.39,stress relieve,nitride,62,40,2023-08-09,51.97,True
Q03973,fitting,rotational,Ti-10V-2Fe-3Al,TITANIUM,forging + machining,58.9,29.85,29.85,0.1917,0.1552,7,1,0.0583,1.3,stress relieve,nitride,207,109,2023-07-12,38.8,False
Q01764,fitting,rotational,Ti-10V-2Fe-3Al,TITANIUM,turn-mill,57.77,34.6,34.6,0.2526,0.145,10,2,0.0583,1.21,stress relieve,nitride,61,56,2026-04-29,56.6,False
Q03744,housing,prismatic,6082-T6,ALUMINIUM,5-axis mill,595.02,449.68,310.41,224.2513,127.8376,22,2,0.0142,3.18,solution + age,passivate,650,322,2025-04-05,16568.85,False
Q04716,housing,prismatic,6026-T9,ALUMINIUM,5-axis mill,561.51,381.33,296.19,171.2375,77.0751,20,2,0.0055,3.57,solution + age,passivate,933,692,2021-03-02,12093.57,False
Q03788,housing,prismatic,6026-T9,ALUMINIUM,5-axis mill,452.29,325.87,198.97,79.1814,29.628,22,4,0.0138,3.03,solution + age,passivate,992,963,2021-12-11,6071.55,False
Q00947,housing,prismatic,6026-T9,ALUMINIUM,5-axis mill,558.92,407.72,275.09,169.2583,68.2233,12,3,0.0138,4.74,solution + age,passivate,2412,1238,2023-06-17,9486.9,False
Q01849,flange,prismatic,S355JR,STEEL,5-axis mill,45.92,20.23,7.81,0.057,0.0445,10,5,0.0946,5.14,none,nitride,5662,3701,2022-04-13,3.81,False
Q01116,flange,prismatic,S355JR,STEEL,3-axis mill,51.13,24.53,8.38,0.0825,0.0349,4,6,0.0714,6.3,none,nitride,12483,5000,2026-06-20,5.81,False
Q03160,flange,prismatic,S355JR,STEEL,5-axis mill,63.13,29.15,10.81,0.1562,0.0442,14,6,0.0764,4.46,none,nitride,14925,5000,2021-03-14,7.51,True
Q03857,flange,prismatic,4140,STEEL,5-axis mill,49.15,24.14,8.82,0.0822,0.0353,13,6,0.1185,3.18,none,nitride,8317,4568,2026-02-21,5.57,False
Q04124,plate,prismatic,303,STAINLESS,forging + machining,95.56,76.35,42.37,2.4729,1.9971,32,1,0.1815,4.14,stress relieve,passivate,1718,846,2022-02-02,37.2,False
Q04573,plate,prismatic,17-4PH H1025,STAINLESS,forging + machining,110.89,95.69,54.97,4.5499,3.3168,27,1,0.1907,4.63,stress relieve,passivate,4016,3410,2021-05-25,163.42,True
Q00173,plate,prismatic,304L,STAINLESS,forging + machining,107.77,86.26,43.86,3.2618,2.3385,26,3,0.1815,5.79,stress relieve,passivate,4353,711,2026-01-21,70.64,False
Q03341,plate,prismatic,303,STAINLESS,turn-mill,104.19,96.71,55.1,4.442,1.3596,27,1,0.1815,5.03,stress relieve,passivate,990,702,2023-08-21,96.6,False
Q00434,plate,prismatic,13-8Mo H1000,STAINLESS,forging + machining,68.41,53.98,35.14,1.0071,0.8283,22,1,0.0782,6.3,harden + temper,none,818,128,2023-12-13,49.5,False
Q04730,plate,prismatic,304L,STAINLESS,forging + machining,84.72,65.91,49.34,2.2041,1.3683,22,1,0.049,4.17,harden + temper,paint,784,327,2024-09-27,49.96,True
Q04340,plate,prismatic,304L,STAINLESS,forging + machining,70.1,56.81,37.49,1.1945,1.0038,18,1,0.1362,4.43,harden + temper,paint,682,292,2024-07-09,21.74,False
Q04103,plate,prismatic,303,STAINLESS,forging + machining,56.65,56.11,37.77,0.9605,0.6105,16,1,0.0782,4.54,harden + temper,paint,531,86,2025-03-10,22.06,True
Q00735,pin,rotational,42CrMo4,STEEL,forging + machining,59.61,7.3,7.3,0.0196,0.0153,19,2,0.0611,2.68,solution + age,zinc,103,33,2024-07-16,7.49,True
Q02328,pin,rotational,42CrMo4,STEEL,5-axis mill,57.44,6.91,6.91,0.0169,0.0104,14,1,0.0611,2.25,solution + age,zinc,179,115,2021-11-12,2.69,True
Q00736,pin,rotational,16MnCr5,STEEL,5-axis mill,49.3,5.47,5.47,0.0091,0.0072,11,1,0.1567,2.45,solution + age,zinc,62,37,2023-07-08,6.86,False
Q00090,pin,rotational,42CrMo4,STEEL,5-axis mill,58.35,7.74,7.74,0.0216,0.0161,13,1,0.0611,1.46,solution + age,zinc,100,48,2024-06-25,5.79,False
Q01947,bushing,rotational,316L,STAINLESS,forging + machining,82.72,48.64,48.64,1.2299,0.8451,7,6,0.1722,2.88,harden + temper,anodise,31,2,2023-12-28,414.17,False
Q04778,bushing,rotational,440C,STAINLESS,forging + machining,84.47,45.27,45.27,1.0443,0.814,11,6,0.0824,2.92,harden + temper,none,10,9,2022-04-23,106.03,True
Q03094,bushing,rotational,304L,STAINLESS,forging + machining,81.48,48.0,48.0,1.1794,0.8333,6,6,0.1722,2.31,harden + temper,none,10,8,2022-07-01,111.73,False
Q03032,bushing,rotational,316L,STAINLESS,forging + machining,86.02,58.26,58.26,1.8349,1.1942,4,6,0.1722,2.34,harden + temper,none,11,6,2026-06-30,207.66,False
Q04228,manifold,prismatic,316L,STAINLESS,3-axis mill,119.36,67.83,56.84,3.6817,1.3156,6,2,0.0683,1.84,none,nitride,173,86,2024-02-13,94.09,False
Q00731,manifold,prismatic,303,STAINLESS,3-axis mill,143.87,84.36,60.79,5.9023,3.5946,16,3,0.0683,2.32,none,nitride,127,76,2025-08-29,97.99,False
Q00267,manifold,prismatic,316L,STAINLESS,3-axis mill,117.68,71.05,52.31,3.4988,2.454,12,2,0.0919,1.28,none,nitride,667,189,2023-04-05,57.21,False
Q00157,manifold,prismatic,316L,STAINLESS,turn-mill,151.35,98.81,70.25,8.405,2.1266,12,1,0.0616,1.81,none,nitride,1572,263,2023-05-16,415.73,False
Q02524,gear blank,rotational,CuZn39Pb3,COPPER,5-axis mill,119.66,45.73,45.73,1.6644,1.0585,5,2,0.0667,2.26,none,none,181,104,2024-02-19,24.2,False
Q01214,gear blank,rotational,C101,COPPER,forging + machining,140.36,55.85,55.85,3.0744,2.4487,5,2,0.0643,2.3,none,none,851,185,2024-03-21,82.12,False
Q03096,gear blank,rotational,C101,COPPER,5-axis mill,128.08,58.12,58.12,3.0381,1.9844,6,2,0.0667,2.19,none,passivate,183,21,2023-02-06,78.57,False
Q01790,gear blank,rotational,C101,COPPER,5-axis mill,130.64,47.42,47.42,2.0631,1.0991,3,1,0.0662,2.85,none,none,822,271,2022-12-08,39.56,True
Q03952,shaft,rotational,16MnCr5,STEEL,turning,659.82,86.89,86.89,30.7151,23.2424,8,3,0.0094,4.73,solution + age,paint,10,1,2023-03-02,517.69,False
Q03731,shaft,rotational,16MnCr5,STEEL,turning,668.97,99.21,99.21,40.5949,32.4408,13,3,0.0094,2.85,solution + age,passivate,37,32,2023-02-21,399.94,True
Q01094,shaft,rotational,16MnCr5,STEEL,turning,693.13,89.06,89.06,33.8977,16.949,4,3,0.0094,3.66,solution + age,paint,11,1,2021-09-14,805.74,False
Q02832,shaft,rotational,42CrMo4,STEEL,turning,706.73,99.26,99.26,42.9305,25.6728,7,4,0.0094,5.09,solution + age,anodise,10,5,2026-01-24,883.3,False
Q00047,bracket,prismatic,Ti-10V-2Fe-3Al,TITANIUM,forging + machining,31.14,28.39,4.0,0.0164,0.0135,13,3,0.0091,2.4,solution + age,paint,984,69,2021-06-11,8.79,True
Q03656,bracket,prismatic,Ti-10V-2Fe-3Al,TITANIUM,forging + machining,40.11,36.38,4.35,0.0295,0.0207,11,2,0.0109,2.07,solution + age,passivate,306,27,2025-04-15,20.4,False
Q01841,bracket,prismatic,Ti-6Al-4V,TITANIUM,forging + machining,44.73,37.59,4.5,0.0335,0.0267,13,3,0.0059,1.77,solution + age,passivate,490,362,2023-03-29,7.41,False
Q02368,bracket,prismatic,Ti-10V-2Fe-3Al,TITANIUM,forging + machining,41.92,40.28,5.04,0.0396,0.027,5,3,0.0136,2.36,solution + age,passivate,1124,527,2024-10-06,10.0,True
Q04223,gear blank,rotational,15-5PH H1025,STAINLESS,turn-mill,309.05,108.02,108.02,22.0919,12.6093,3,6,0.0102,5.79,none,paint,284,37,2023-11-05,1038.67,True
Q00465,gear blank,rotational,304L,STAINLESS,turn-mill,288.47,109.44,109.44,21.7073,5.6208,6,6,0.0102,5.29,none,paint,154,95,2025-12-29,1358.07,False
Q04302,gear blank,rotational,440C,STAINLESS,turn-mill,268.31,97.24,97.24,15.3033,4.3874,4,5,0.0089,3.5,none,paint,169,23,2021-09-26,1317.62,False
Q02917,gear blank,rotational,304L,STAINLESS,forging + machining,199.11,71.97,71.97,6.4807,4.8556,3,6,0.0102,4.86,none,paint,399,345,2021-12-03,144.8,False
Q03919,bracket,prismatic,Ti-6Al-4V ELI,TITANIUM,5-axis mill,58.05,31.84,39.08,0.32,0.1824,14,3,0.026,2.78,none,zinc,156,147,2025-05-09,74.78,False
Q01386,bracket,prismatic,Ti-6Al-4V ELI,TITANIUM,5-axis mill,57.81,37.67,39.9,0.3849,0.2128,14,4,0.0235,5.08,none,nitride,245,164,2021-11-05,102.08,False
Q01982,bracket,prismatic,Ti-6Al-4V,TITANIUM,5-axis mill,37.36,21.55,27.05,0.0965,0.0616,16,2,0.026,5.99,none,passivate,799,129,2022-08-13,21.88,False
Q02880,bracket,prismatic,Ti-6Al-4V ELI,TITANIUM,5-axis mill,55.92,30.35,38.25,0.2875,0.1081,17,4,0.026,4.36,none,passivate,189,126,2021-10-12,62.05,True
Q00435,bracket,prismatic,5083-H111,ALUMINIUM,3-axis mill,80.54,42.79,29.35,0.2691,0.1583,3,5,0.1838,5.87,stress relieve,nitride,11760,5000,2025-02-23,12.05,False
Q04337,bracket,prismatic,5083-H111,ALUMINIUM,5-axis mill,82.3,46.38,26.24,0.2665,0.198,5,4,0.2,4.93,stress relieve,nitride,10822,5000,2025-04-18,13.64,False
Q04498,bracket,prismatic,5083-H111,ALUMINIUM,5-axis mill,60.91,36.45,22.3,0.1317,0.0748,3,4,0.0756,4.81,stress relieve,nitride,5558,4074,2023-04-10,10.73,False
Q02983,bracket,prismatic,5083-H111,ALUMINIUM,5-axis mill,100.89,57.01,35.82,0.5481,0.4251,6,6,0.2,4.16,stress relieve,nitride,9252,3859,2021-01-11,14.3,True
Q01637,gear blank,rotational,16MnCr5,STEEL,turning,241.75,61.18,61.18,5.5794,3.0663,60,5,0.0628,6.23,none,none,1526,876,2026-05-08,88.98,False
Q02687,gear blank,rotational,4140,STEEL,turning,289.33,71.4,71.4,9.0941,5.6954,54,6,0.0628,6.15,none,none,3454,1045,2025-01-15,104.7,True
Q00501,gear blank,rotational,4140,STEEL,turning,201.72,58.51,58.51,4.2577,0.8918,60,5,0.0511,5.57,none,none,1347,842,2023-02-02,91.57,False
Q01552,gear blank,rotational,4140,STEEL,forging + machining,224.41,67.99,67.99,6.3957,5.1831,56,6,0.0628,4.32,none,none,2053,1681,2022-04-03,88.81,False
Q03432,gear blank,rotational,S355JR,STEEL,turn-mill,135.56,110.87,110.87,10.2733,5.7038,41,4,0.0302,0.87,none,passivate,2824,220,2022-10-29,250.49,False
Q01905,gear blank,rotational,C45,STEEL,turn-mill,123.71,109.71,109.71,9.1802,5.3222,37,5,0.0452,0.84,none,none,8873,5000,2022-09-17,194.56,False
Q02324,gear blank,rotational,16MnCr5,STEEL,turn-mill,149.56,127.79,127.79,15.0581,11.7416,39,5,0.0318,0.58,none,none,3495,885,2022-06-08,225.35,False
Q04860,gear blank,rotational,S355JR,STEEL,turn-mill,136.48,118.3,118.3,11.7749,7.5066,43,4,0.0302,0.66,none,passivate,5559,3955,2025-10-25,233.45,False
Q01243,manifold,prismatic,42CrMo4,STEEL,3-axis mill,211.92,83.79,98.72,13.7613,9.7995,3,4,0.0124,1.33,none,passivate,54,50,2021-11-15,178.81,False
Q00050,manifold,prismatic,S355JR,STEEL,3-axis mill,134.25,65.11,66.29,4.5486,2.2871,9,3,0.0124,2.45,none,passivate,19,11,2021-04-16,98.08,False
Q00460,manifold,prismatic,42CrMo4,STEEL,3-axis mill,214.2,97.91,97.12,15.9896,8.0898,5,4,0.0181,2.81,none,zinc,23,16,2024-07-23,405.94,False
Q01432,manifold,prismatic,42CrMo4,STEEL,3-axis mill,205.91,97.94,89.95,14.241,10.5247,6,5,0.0177,2.42,none,passivate,78,60,2021-12-13,181.55,False
Q01904,gear blank,rotational,4140,STEEL,5-axis mill,724.92,258.81,258.81,299.3771,109.9374,21,6,0.1113,2.63,harden + temper,anodise,21798,5000,2021-05-10,8007.18,False
Q02988,gear blank,rotational,16MnCr5,STEEL,5-axis mill,766.21,213.82,213.82,215.9838,98.9504,22,6,0.1113,5.93,harden + temper,anodise,30684,5000,2025-02-15,4393.76,False
Q01049,gear blank,rotational,C45,STEEL,5-axis mill,798.43,224.64,224.64,248.4076,125.2512,17,6,0.1113,3.27,harden + temper,anodise,18441,2759,2025-10-13,4284.62,False
Q04757,gear blank,rotational,4140,STEEL,turning,715.1,215.53,215.53,204.8093,132.6104,20,6,0.1113,3.22,harden + temper,passivate,18539,5000,2024-10-16,1646.14,True
Q02175,shaft,rotational,S355JR,STEEL,forging + machining,1049.35,133.89,133.89,115.9754,85.5393,10,5,0.2,5.67,stress relieve,nitride,270,128,2025-03-13,989.05,False
Q00005,shaft,rotational,4140,STEEL,forging + machining,1084.65,134.45,134.45,120.8898,75.4978,11,6,0.2,5.69,stress relieve,nitride,1097,731,2024-08-01,1822.07,False
Q03556,shaft,rotational,42CrMo4,STEEL,turning,939.48,119.04,119.04,82.0785,58.0056,8,6,0.1586,5.79,stress relieve,nitride,291,50,2026-01-04,762.24,False
Q00113,shaft,rotational,4140,STEEL,forging + machining,1121.09,136.05,136.05,127.9338,103.0875,3,6,0.1826,4.03,stress relieve,nitride,228,17,2022-02-09,1389.8,False
Q01842,flange,prismatic,316L,STAINLESS,5-axis mill,240.54,240.41,73.42,33.9664,12.4612,6,3,0.053,6.3,stress relieve,passivate,10876,2336,2021-05-24,1743.67,False
Q01461,flange,prismatic,316L,STAINLESS,5-axis mill,262.35,256.32,78.6,42.2846,13.5278,6,2,0.0288,5.68,stress relieve,anodise,12603,5000,2021-07-03,1998.37,False
Q01621,flange,prismatic,304L,STAINLESS,5-axis mill,254.41,250.04,76.28,38.8173,26.3698,13,2,0.0276,2.7,stress relieve,anodise,31540,5000,2023-05-20,1026.09,False
Q04271,flange,prismatic,316L,STAINLESS,5-axis mill,238.7,230.7,74.23,32.7009,8.977,10,4,0.0288,5.8,stress relieve,anodise,7270,2935,2024-06-30,1961.09,True
Q03132,shaft,rotational,6061-T6,ALUMINIUM,turning,84.24,5.73,5.73,0.0059,0.0027,7,6,0.005,0.66,none,nitride,147,81,2024-03-08,7.63,True
Q00363,shaft,rotational,6082-T6,ALUMINIUM,5-axis mill,62.58,4.53,4.53,0.0027,0.0009,13,5,0.005,1.05,none,nitride,78,36,2022-01-08,34.26,False
Q01345,shaft,rotational,5083-H111,ALUMINIUM,5-axis mill,61.2,4.62,4.62,0.0027,0.0008,12,5,0.005,1.09,none,nitride,78,53,2024-08-16,19.57,True
Q02024,shaft,rotational,6082-T6,ALUMINIUM,5-axis mill,75.5,4.89,4.89,0.0038,0.002,14,6,0.005,1.0,none,nitride,113,86,2022-06-28,16.07,False
Q01529,gear blank,rotational,303,STAINLESS,turning,1498.84,368.86,368.86,1281.3383,878.3153,12,1,0.0316,6.3,harden + temper,anodise,33453,5000,2024-12-01,19279.34,False
Q02264,gear blank,rotational,304L,STAINLESS,turning,1361.4,436.75,436.75,1631.6973,980.4073,11,2,0.026,6.3,harden + temper,anodise,35819,2731,2023-04-04,30890.78,False
Q01481,gear blank,rotational,303,STAINLESS,turning,1277.96,370.5,370.5,1102.2241,334.9431,5,2,0.026,6.12,harden + temper,anodise,26007,2093,2021-11-24,18844.08,False
Q01961,gear blank,rotational,15-5PH H1025,STAINLESS,turning,1655.06,487.42,487.42,2408.8673,1338.8803,11,2,0.0289,6.3,harden + temper,anodise,12912,1989,2025-03-10,87681.79,False
Q02140,housing,prismatic,304L,STAINLESS,turn-mill,209.91,66.04,34.17,3.7902,1.9262,4,6,0.023,3.18,solution + age,none,87,10,2023-02-05,168.93,False
Q04616,housing,prismatic,316L,STAINLESS,turn-mill,189.37,59.25,28.59,2.5661,1.7607,9,6,0.023,3.62,solution + age,none,44,29,2023-08-25,97.04,False
Q04133,housing,prismatic,316L,STAINLESS,turn-mill,172.94,50.94,27.23,1.9191,0.9185,3,4,0.023,2.97,solution + age,none,34,9,2022-01-28,98.61,True
Q00564,housing,prismatic,440C,STAINLESS,turn-mill,160.71,47.87,25.5,1.5067,0.6528,3,5,0.023,2.88,solution + age,none,105,31,2026-03-21,88.18,True
Q02546,gear blank,rotational,42CrMo4,STEEL,turn-mill,436.01,312.19,312.19,261.9952,165.9637,8,2,0.0346,2.96,harden + temper,paint,180,97,2025-12-24,4748.82,True
Q01138,gear blank,rotational,16MnCr5,STEEL,turn-mill,493.67,416.47,416.47,527.9146,252.9274,3,2,0.042,3.98,harden + temper,paint,95,30,2024-10-25,10342.81,False
Q04409,gear blank,rotational,42CrMo4,STEEL,turn-mill,376.98,318.18,318.18,235.3048,115.8423,6,3,0.0378,2.21,harden + temper,zinc,89,6,2021-10-16,5452.03,False
Q01133,gear blank,rotational,1.2312,STEEL,turn-mill,466.77,324.03,324.03,302.16,236.0525,3,2,0.0346,3.06,harden + temper,paint,77,76,2021-12-12,4466.46,False
Q02637,plate,prismatic,S355JR,STEEL,turn-mill,351.62,245.85,152.57,103.5376,22.2012,3,3,0.0674,3.07,stress relieve,none,1178,538,2022-07-26,1772.06,False
Q02581,plate,prismatic,C45,STEEL,forging + machining,384.86,262.52,159.85,126.781,89.6761,4,4,0.0674,5.64,stress relieve,none,831,346,2021-11-28,1015.37,True
Q03650,plate,prismatic,C45,STEEL,forging + machining,341.57,242.74,151.36,98.5116,80.2669,12,3,0.0674,5.81,stress relieve,none,1131,155,2025-05-04,845.1,False
Q03743,plate,prismatic,C45,STEEL,forging + machining,360.81,250.37,147.53,104.6195,83.499,6,4,0.0674,6.03,stress relieve,anodise,1194,890,2026-04-25,846.29,True
Q02858,shaft,rotational,C45,STEEL,turning,51.2,5.18,5.18,0.0085,0.0026,6,2,0.0089,0.98,none,anodise,2096,828,2024-11-15,1.96,False
Q02156,shaft,rotational,C45,STEEL,turning,47.36,4.9,4.9,0.007,0.0041,3,3,0.0131,2.0,none,anodise,2899,319,2023-12-06,1.67,False
Q03866,shaft,rotational,C45,STEEL,turning,49.52,4.27,4.27,0.0056,0.003,7,2,0.0089,2.68,none,anodise,1608,861,2024-08-06,1.12,False
Q03419,shaft,rotational,S355JR,STEEL,turn-mill,51.62,4.92,4.92,0.0077,0.0042,8,4,0.0089,1.95,none,zinc,2716,2521,2022-06-19,1.03,False
Q02873,plate,prismatic,2024-T3,ALUMINIUM,turn-mill,289.18,249.85,159.33,32.0027,16.6815,50,4,0.0481,2.05,stress relieve,paint,12230,3798,2022-11-03,1430.25,True
Q02375,plate,prismatic,2024-T3,ALUMINIUM,turn-mill,280.75,291.01,177.67,40.354,16.6162,49,2,0.0481,1.77,stress relieve,paint,22039,5000,2021-06-20,2125.27,False
Q04262,plate,prismatic,2024-T3,ALUMINIUM,turn-mill,321.19,351.67,185.39,58.216,30.6163,56,3,0.0369,2.59,stress relieve,paint,20179,5000,2022-01-28,3336.7,False
Q01004,plate,prismatic,2024-T3,ALUMINIUM,turn-mill,261.88,256.66,143.01,26.723,17.7249,53,2,0.0481,1.84,stress relieve,paint,19488,5000,2022-04-11,988.65,False
Q00349,gear blank,rotational,13-8Mo H1000,STAINLESS,turn-mill,555.9,172.53,172.53,100.8552,51.8735,9,1,0.0052,6.3,solution + age,nitride,8493,5000,2026-02-01,9444.34,True
Q03623,gear blank,rotational,13-8Mo H1000,STAINLESS,turn-mill,491.21,141.04,141.04,59.5551,19.7139,6,2,0.0075,6.3,solution + age,anodise,8391,5000,2021-10-25,5041.85,True
Q01838,gear blank,rotational,13-8Mo H1000,STAINLESS,turn-mill,502.79,163.51,163.51,81.9299,62.1362,3,2,0.0052,5.55,solution + age,nitride,3915,1361,2024-03-24,5193.12,False
Q00656,gear blank,rotational,15-5PH H1025,STAINLESS,turn-mill,568.98,164.49,164.49,94.309,30.7655,3,2,0.0052,3.67,solution + age,nitride,4794,3189,2021-08-21,6887.62,True
Q00284,shaft,rotational,5083-H111,ALUMINIUM,5-axis mill,89.11,6.06,6.06,0.0068,0.0025,6,3,0.0076,1.04,none,anodise,1713,1326,2026-02-19,2.98,False
Q00135,shaft,rotational,5083-H111,ALUMINIUM,forging + machining,93.57,6.3,6.3,0.0078,0.0047,10,3,0.0114,1.07,none,anodise,478,202,2021-05-25,3.34,False
Q01484,shaft,rotational,6082-T6,ALUMINIUM,5-axis mill,94.66,6.77,6.77,0.0092,0.0051,15,1,0.0065,0.79,none,anodise,1774,1773,2024-06-24,1.75,True
Q01624,shaft,rotational,5083-H111,ALUMINIUM,5-axis mill,97.22,7.67,7.67,0.0119,0.0085,5,1,0.0076,1.06,none,anodise,1051,815,2025-02-03,2.68,False
Q04847,fitting,rotational,Ti-6Al-4V ELI,TITANIUM,turn-mill,100.55,80.52,80.52,2.2683,1.1672,3,2,0.0646,2.69,stress relieve,none,282,214,2023-07-11,297.94,False
Q01809,fitting,rotational,Ti-10V-2Fe-3Al,TITANIUM,turn-mill,90.33,79.05,79.05,2.0615,1.5046,3,2,0.0741,1.78,stress relieve,none,252,96,2025-12-16,275.11,False
Q02180,fitting,rotational,Ti-6Al-4V ELI,TITANIUM,turn-mill,94.88,75.41,75.41,1.8772,1.4816,3,2,0.0646,1.74,stress relieve,none,373,318,2022-11-05,196.46,False
Q02696,fitting,rotational,Ti-6Al-4V ELI,TITANIUM,turn-mill,74.29,59.8,59.8,0.9242,0.284,3,1,0.0646,1.79,stress relieve,anodise,650,53,2023-04-08,144.41,True
Q03113,gear blank,rotational,17-4PH H1025,STAINLESS,turn-mill,163.59,41.51,41.51,1.7268,1.2597,3,6,0.005,5.1,none,zinc,32,29,2022-10-10,100.82,False
Q02167,gear blank,rotational,15-5PH H1025,STAINLESS,turn-mill,212.55,52.5,52.5,3.5882,0.7831,6,6,0.005,4.25,none,zinc,65,7,2023-11-26,476.97,False
Q03519,gear blank,rotational,15-5PH H1025,STAINLESS,turn-mill,155.3,37.88,37.88,1.365,0.4478,3,5,0.005,5.54,none,zinc,40,14,2021-01-22,140.51,True
Q00494,gear blank,rotational,316L,STAINLESS,turn-mill,181.61,50.58,50.58,2.9195,1.6808,5,5,0.005,3.92,none,nitride,86,14,2024-07-16,213.64,True
Q04521,fitting,rotational,17-4PH H1025,STAINLESS,5-axis mill,196.04,87.87,87.87,9.2722,3.7711,23,6,0.0249,4.11,stress relieve,passivate,3855,1098,2025-08-15,739.07,True
Q03850,fitting,rotational,304L,STAINLESS,5-axis mill,240.73,88.71,88.71,11.9042,6.0136,13,5,0.0151,3.6,stress relieve,passivate,13515,4448,2023-06-15,631.36,False
Q02412,fitting,rotational,304L,STAINLESS,turning,260.45,106.89,106.89,18.6962,8.4754,22,6,0.0249,4.24,stress relieve,passivate,39200,5000,2025-04-09,470.33,True
Q03112,fitting,rotational,304L,STAINLESS,5-axis mill,250.39,111.64,111.64,19.6097,6.828,22,5,0.0136,4.15,stress relieve,passivate,4563,4435,2024-11-21,1520.62,True
Q00888,gear blank,rotational,1.2312,STEEL,turn-mill,259.3,274.58,274.58,120.5313,78.9318,10,2,0.0088,4.31,stress relieve,none,2175,443,2022-11-29,4397.42,False
Q04444,gear blank,rotational,1.2312,STEEL,turn-mill,181.53,177.41,177.41,35.2249,18.9097,14,1,0.0094,2.03,stress relieve,none,1621,1332,2023-10-01,1351.0,True
Q04873,gear blank,rotational,1.2312,STEEL,turn-mill,190.5,197.44,197.44,45.7879,35.8716,12,1,0.0094,5.0,stress relieve,none,1164,307,2026-01-24,1365.94,False
Q02720,gear blank,rotational,1.2312,STEEL,turn-mill,224.99,229.53,229.53,73.0826,58.179,5,2,0.005,3.55,stress relieve,none,2508,871,2022-10-10,1918.54,False
Q03962,manifold,prismatic,6061-T6,ALUMINIUM,3-axis mill,111.61,63.55,64.23,1.2299,0.7851,3,5,0.0796,1.53,solution + age,paint,1268,175,2026-02-19,30.22,False
Q03336,manifold,prismatic,6082-T6,ALUMINIUM,3-axis mill,93.11,58.48,57.67,0.8478,0.5428,5,4,0.0796,2.59,solution + age,paint,377,161,2021-06-09,16.35,True
Q04777,manifold,prismatic,6026-T9,ALUMINIUM,turn-mill,105.01,53.0,52.31,0.7861,0.2534,9,3,0.0796,2.4,solution + age,paint,2986,978,2025-04-23,26.65,False
Q04091,manifold,prismatic,6061-T6,ALUMINIUM,forging + machining,114.84,61.64,62.04,1.1859,0.8917,12,3,0.1198,2.46,solution + age,paint,353,227,2026-01-31,28.83,True
Q04670,housing,prismatic,1.2312,STEEL,5-axis mill,391.69,245.55,142.38,107.5014,32.4715,4,3,0.0369,1.73,harden + temper,nitride,50000,5000,2022-04-20,5266.91,False
Q00830,housing,prismatic,42CrMo4,STEEL,5-axis mill,288.32,176.24,121.21,48.3509,13.1557,6,3,0.0248,3.86,harden + temper,nitride,23010,5000,2025-08-04,2315.29,True
Q01755,housing,prismatic,42CrMo4,STEEL,5-axis mill,394.92,258.08,139.78,111.8356,23.2282,6,3,0.0192,6.27,harden + temper,anodise,22843,5000,2021-10-07,7057.22,False
Q00010,housing,prismatic,42CrMo4,STEEL,5-axis mill,379.75,243.93,141.58,102.9509,56.0137,3,4,0.0256,4.02,harden + temper,zinc,31766,5000,2025-07-24,3086.4,False
Q02341,bracket,prismatic,13-8Mo H1000,STAINLESS,5-axis mill,44.16,30.65,19.81,0.208,0.0778,3,4,0.0516,0.91,harden + temper,none,1134,106,2021-05-19,23.86,False
Q01644,bracket,prismatic,303,STAINLESS,5-axis mill,44.33,33.61,23.65,0.282,0.087,6,5,0.0627,1.21,harden + temper,none,1436,1110,2022-09-19,9.39,False
Q04541,bracket,prismatic,316L,STAINLESS,5-axis mill,38.79,26.77,18.79,0.1561,0.1099,5,6,0.0707,1.66,harden + temper,none,436,99,2025-10-23,17.7,False
Q01098,bracket,prismatic,303,STAINLESS,forging + machining,45.57,32.85,18.23,0.2183,0.1825,12,6,0.0707,1.32,harden + temper,none,949,480,2023-08-11,4.56,True
Q03274,shaft,rotational,Ti-6Al-4V,TITANIUM,5-axis mill,497.44,35.79,35.79,2.2169,1.3054,60,6,0.0169,4.6,none,none,10,4,2023-08-02,909.42,True
Q03549,shaft,rotational,Ti-6Al-4V,TITANIUM,forging + machining,477.23,32.59,32.59,1.7635,1.1669,60,6,0.023,5.62,none,none,10,2,2023-09-08,807.12,False
Q01880,shaft,rotational,Ti-6Al-4V,TITANIUM,turning,460.42,34.61,34.61,1.9184,1.3044,60,6,0.0409,3.32,none,none,10,6,2021-08-16,300.52,False
Q03706,shaft,rotational,Ti-10V-2Fe-3Al,TITANIUM,turn-mill,440.13,32.35,32.35,1.6822,1.1958,58,6,0.0186,5.35,none,zinc,15,9,2021-04-28,468.74,False
Q01217,flange,prismatic,C45,STEEL,forging + machining,74.71,65.28,7.76,0.2972,0.1947,12,6,0.051,3.8,harden + temper,anodise,34,13,2021-10-31,57.41,False
Q04427,flange,prismatic,4140,STEEL,forging + machining,74.77,77.68,8.57,0.3906,0.2611,14,6,0.0455,6.3,harden + temper,zinc,17,10,2022-12-15,80.67,True
Q02667,flange,prismatic,4140,STEEL,forging + machining,78.65,78.44,8.92,0.4321,0.3021,11,5,0.0403,6.3,harden + temper,anodise,32,31,2024-05-18,30.63,False
Q01113,flange,prismatic,4140,STEEL,forging + machining,74.34,80.84,9.48,0.4475,0.2805,18,6,0.0694,6.03,harden + temper,anodise,36,3,2026-04-05,303.17,False
Q01751,shaft,rotational,316L,STAINLESS,turning,410.04,126.11,126.11,40.9717,15.0333,3,3,0.0615,3.86,solution + age,zinc,1346,731,2025-01-26,1006.98,False
Q04722,shaft,rotational,316L,STAINLESS,turning,416.96,118.33,118.33,36.6822,16.9671,3,3,0.0615,0.69,solution + age,zinc,827,347,2023-05-25,623.94,False
Q04905,shaft,rotational,316L,STAINLESS,turning,360.32,91.06,91.06,18.7726,10.864,5,1,0.0813,3.24,solution + age,zinc,273,224,2025-10-09,306.48,False
Q04410,shaft,rotational,316L,STAINLESS,turning,454.74,112.55,112.55,36.1915,9.2347,3,1,0.0615,2.63,solution + age,zinc,320,285,2025-11-12,905.49,False
Q00322,gear blank,rotational,304L,STAINLESS,turn-mill,383.74,94.19,94.19,21.3894,10.0089,3,2,0.0125,4.04,harden + temper,anodise,1040,965,2025-02-13,728.06,False
Q01608,gear blank,rotational,304L,STAINLESS,turn-mill,369.79,80.5,80.5,15.0573,11.6832,5,2,0.0123,6.3,harden + temper,anodise,3256,1596,2024-10-27,304.93,False
Q00689,gear blank,rotational,304L,STAINLESS,turn-mill,546.58,124.17,124.17,52.9512,10.6361,8,3,0.005,6.29,harden + temper,anodise,1422,1033,2022-08-27,3892.48,True
Q01425,gear blank,rotational,304L,STAINLESS,turn-mill,515.32,108.19,108.19,37.896,12.0898,3,3,0.0324,5.28,harden + temper,anodise,1322,1153,2021-11-14,1291.71,True
Q00390,shaft,rotational,15-5PH H1025,STAINLESS,forging + machining,323.68,104.69,104.69,21.7329,17.185,3,6,0.032,1.58,none,passivate,325,216,2023-08-13,843.35,True
Q01460,shaft,rotational,316L,STAINLESS,forging + machining,340.52,91.17,91.17,17.7836,12.9169,8,5,0.0174,1.54,none,passivate,1449,781,2021-03-01,431.85,False
Q04749,shaft,rotational,440C,STAINLESS,forging + machining,416.5,105.53,105.53,27.9784,22.8679,3,5,0.0256,1.0,none,passivate,280,185,2025-11-09,855.26,False
Q04086,shaft,rotational,316L,STAINLESS,5-axis mill,427.58,87.55,87.55,20.5936,6.6341,5,6,0.0406,1.57,none,nitride,415,225,2025-09-17,1253.36,False
Q04000,bushing,rotational,C63000,COPPER,forging + machining,24.02,17.14,17.14,0.042,0.0305,38,6,0.0145,2.97,solution + age,passivate,55,29,2022-01-27,38.63,False
Q01104,bushing,rotational,C63000,COPPER,forging + machining,20.23,19.1,19.1,0.0439,0.0365,33,5,0.0098,3.8,solution + age,passivate,36,8,2023-11-27,70.02,True
Q01273,bushing,rotational,C63000,COPPER,forging + machining,24.29,23.11,23.11,0.0772,0.0578,40,6,0.0145,3.02,solution + age,passivate,66,51,2023-03-07,18.51,True
Q02937,bushing,rotational,CuZn39Pb3,COPPER,forging + machining,25.43,24.56,24.56,0.102,0.0688,40,6,0.0145,3.68,solution + age,passivate,66,38,2022-12-25,20.19,True
Q04030,fitting,rotational,Waspaloy,NICKEL,forging + machining,49.86,33.38,33.38,0.3574,0.2918,12,2,0.0242,6.19,harden + temper,zinc,22516,5000,2026-05-06,89.41,False
Q02330,fitting,rotational,Inconel 718,NICKEL,forging + machining,52.38,36.77,36.77,0.4556,0.3815,13,3,0.0125,5.21,harden + temper,zinc,22086,5000,2025-04-05,71.08,False
Q04258,fitting,rotational,Inconel 718,NICKEL,forging + machining,57.31,32.81,32.81,0.3969,0.2425,5,2,0.0242,5.53,harden + temper,zinc,20014,5000,2024-07-20,64.34,True
Q03298,fitting,rotational,Inconel 718,NICKEL,forging + machining,47.21,39.33,39.33,0.4698,0.3678,9,3,0.0105,5.02,harden + temper,zinc,31795,5000,2021-01-27,52.82,True
Q01238,housing,prismatic,13-8Mo H1000,STAINLESS,3-axis mill,110.63,25.38,16.65,0.3628,0.2633,15,5,0.0283,2.89,stress relieve,paint,20,7,2025-02-05,75.78,False
Q03884,housing,prismatic,15-5PH H1025,STAINLESS,turn-mill,130.08,35.54,20.91,0.7538,0.3648,12,6,0.0126,3.54,stress relieve,paint,10,4,2021-03-10,229.03,True
Q04079,housing,prismatic,15-5PH H1025,STAINLESS,turn-mill,117.12,29.56,20.57,0.5554,0.1709,16,5,0.0357,2.58,stress relieve,paint,22,1,2023-08-05,732.14,False
Q00584,housing,prismatic,15-5PH H1025,STAINLESS,turn-mill,128.49,34.63,21.43,0.7438,0.2812,6,6,0.0192,3.05,stress relieve,paint,68,33,2023-06-22,87.75,False
Q01047,bushing,rotational,POM-C,POLYMER,5-axis mill,29.35,26.76,26.76,0.0233,0.0174,18,4,0.0315,1.7,none,paint,43688,5000,2024-03-03,2.36,False
Q04583,bushing,rotational,POM-C,POLYMER,5-axis mill,29.25,32.4,32.4,0.034,0.0147,18,3,0.0143,0.96,none,paint,34630,5000,2023-03-19,3.49,False
Q00839,bushing,rotational,PEEK,POLYMER,5-axis mill,28.88,29.52,29.52,0.0257,0.0196,7,3,0.0143,1.6,none,paint,32755,5000,2025-10-20,7.95,True
Q01763,bushing,rotational,PA66,POLYMER,5-axis mill,28.03,29.71,29.71,0.0222,0.0169,18,4,0.0143,1.34,none,paint,37109,5000,2021-02-20,2.32,False
Q01670,shaft,rotational,6082-T6,ALUMINIUM,forging + machining,83.17,6.35,6.35,0.0071,0.0047,8,3,0.0317,1.21,harden + temper,zinc,948,158,2025-02-16,4.82,False
Q02995,shaft,rotational,6082-T6,ALUMINIUM,forging + machining,77.3,5.4,5.4,0.0048,0.0032,19,3,0.0406,1.65,harden + temper,zinc,1429,695,2022-10-20,1.81,False
Q03366,shaft,rotational,6026-T9,ALUMINIUM,5-axis mill,96.67,7.39,7.39,0.0112,0.0045,10,4,0.0289,1.63,harden + temper,zinc,783,623,2024-07-23,3.05,False
Q03697,shaft,rotational,2024-T3,ALUMINIUM,turning,116.09,7.55,7.55,0.0145,0.0067,17,3,0.0289,1.51,harden + temper,zinc,1063,382,2022-12-24,2.27,False
Q02910,fitting,rotational,Ti-10V-2Fe-3Al,TITANIUM,turn-mill,60.9,62.6,62.6,0.8717,0.3005,3,6,0.12,2.58,harden + temper,none,14,7,2025-02-06,209.85,False
Q01820,fitting,rotational,Ti-6Al-4V,TITANIUM,forging + machining,53.86,52.22,52.22,0.5111,0.3647,9,6,0.12,2.26,harden + temper,anodise,18,15,2022-05-25,88.27,True
Q02454,fitting,rotational,Ti-6Al-4V ELI,TITANIUM,turn-mill,58.99,53.76,53.76,0.5933,0.2878,11,5,0.12,3.07,harden + temper,anodise,10,9,2025-04-20,189.89,False
Q04681,fitting,rotational,Ti-10V-2Fe-3Al,TITANIUM,turn-mill,63.53,63.58,63.58,0.9378,0.3122,7,5,0.099,2.72,harden + temper,anodise,10,4,2023-12-10,325.94,False
Q00535,shaft,rotational,6082-T6,ALUMINIUM,5-axis mill,143.08,10.15,10.15,0.0312,0.0189,23,5,0.005,1.72,none,nitride,11,9,2024-04-06,95.82,True
Q00680,shaft,rotational,6082-T6,ALUMINIUM,5-axis mill,146.8,11.68,11.68,0.0425,0.0123,16,5,0.005,1.23,none,zinc,20,13,2021-07-20,60.57,True
Q03002,shaft,rotational,2024-T3,ALUMINIUM,5-axis mill,124.06,10.22,10.22,0.0283,0.0202,18,5,0.005,1.64,none,nitride,26,13,2024-01-08,81.33,False
Q03138,shaft,rotational,6026-T9,ALUMINIUM,5-axis mill,99.99,7.74,7.74,0.0127,0.0064,17,5,0.005,1.69,none,nitride,11,9,2024-09-06,89.88,True
Q03897,fitting,rotational,Waspaloy,NICKEL,forging + machining,54.72,35.79,35.79,0.4509,0.3149,16,5,0.0251,3.39,harden + temper,zinc,93,92,2026-05-28,129.53,False
Q04428,fitting,rotational,Waspaloy,NICKEL,forging + machining,63.52,44.97,44.97,0.8264,0.6532,16,6,0.0251,2.93,harden + temper,zinc,49,47,2022-12-14,204.94,False
Q02789,fitting,rotational,Waspaloy,NICKEL,forging + machining,60.28,46.65,46.65,0.8438,0.5384,8,6,0.0251,4.76,harden + temper,zinc,69,54,2021-11-10,225.26,False
Q04919,fitting,rotational,Inconel 625,NICKEL,forging + machining,72.04,49.22,49.22,1.157,0.7743,7,5,0.0251,3.37,harden + temper,zinc,44,27,2022-08-16,154.53,False
Q03171,bushing,rotational,CuZn39Pb3,COPPER,forging + machining,41.99,21.91,21.91,0.1341,0.0864,33,6,0.0319,3.05,stress relieve,zinc,22535,5000,2025-08-12,4.79,True
Q00271,bushing,rotational,CuZn39Pb3,COPPER,forging + machining,39.1,23.68,23.68,0.1459,0.1149,30,4,0.0243,3.07,stress relieve,zinc,27896,5000,2021-11-08,4.0,False
Q04419,bushing,rotational,C63000,COPPER,forging + machining,42.82,25.99,25.99,0.1722,0.1209,28,4,0.0243,3.01,stress relieve,zinc,38897,5000,2025-09-06,11.57,False
Q02267,bushing,rotational,CuZn39Pb3,COPPER,forging + machining,36.56,21.46,21.46,0.112,0.0709,29,4,0.0243,2.94,stress relieve,zinc,19669,5000,2022-11-08,4.14,False
Q03275,housing,prismatic,2024-T3,ALUMINIUM,3-axis mill,330.89,194.52,146.85,26.2778,15.98,58,2,0.0241,3.95,harden + temper,anodise,2703,2099,2026-05-09,1334.55,True
Q04711,housing,prismatic,2024-T3,ALUMINIUM,3-axis mill,415.86,332.3,194.84,74.8507,32.4417,57,1,0.0419,6.24,harden + temper,anodise,3448,2561,2024-07-02,3315.61,False
Q02174,housing,prismatic,2024-T3,ALUMINIUM,3-axis mill,365.91,245.05,152.56,38.0304,17.7184,60,1,0.0241,6.01,harden + temper,anodise,1537,1311,2021-05-28,2123.97,True
Q01868,housing,prismatic,2024-T3,ALUMINIUM,3-axis mill,366.72,263.43,158.29,42.5109,9.8918,60,2,0.0183,5.42,harden + temper,anodise,3806,2292,2024-04-13,4611.68,False
Q01022,shaft,rotational,S355JR,STEEL,forging + machining,67.69,12.61,12.61,0.0664,0.0486,14,5,0.0141,1.01,stress relieve,none,10,7,2022-08-07,89.62,True
Q01277,shaft,rotational,S355JR,STEEL,turn-mill,79.9,14.59,14.59,0.1049,0.0483,10,5,0.0141,0.9,stress relieve,none,14,4,2025-07-09,146.03,False
Q04934,shaft,rotational,S355JR,STEEL,turn-mill,66.01,10.05,10.05,0.0411,0.0251,14,4,0.0131,1.08,stress relieve,paint,16,15,2025-06-25,45.24,False
Q00392,shaft,rotational,16MnCr5,STEEL,turn-mill,74.28,13.72,13.72,0.0863,0.0606,15,6,0.0129,1.19,stress relieve,none,11,6,2023-10-21,142.94,False
Q02363,fitting,rotational,Ti-6Al-4V,TITANIUM,forging + machining,168.18,170.12,170.12,16.9342,13.6825,5,6,0.0367,3.1,none,anodise,25494,5000,2023-01-22,1542.05,False
Q02122,fitting,rotational,Ti-6Al-4V,TITANIUM,forging + machining,263.06,268.26,268.26,65.8654,44.1591,3,6,0.0319,2.59,none,paint,17283,5000,2025-12-30,9392.62,False
Q00485,fitting,rotational,Ti-10V-2Fe-3Al,TITANIUM,forging + machining,260.95,269.28,269.28,69.105,46.6561,9,6,0.0367,2.84,none,nitride,6244,3107,2023-05-18,16259.54,False
Q00324,fitting,rotational,Ti-6Al-4V ELI,TITANIUM,forging + machining,262.61,287.33,287.33,75.4322,53.5669,3,6,0.0367,1.93,none,nitride,9274,3524,2024-07-20,12383.76,True
Q03717,shaft,rotational,S355JR,STEEL,turning,70.85,4.34,4.34,0.0082,0.0055,16,1,0.0148,1.55,solution + age,none,23,20,2021-06-06,2.18,False
Q01117,shaft,rotational,1.2312,STEEL,turning,87.66,6.54,6.54,0.0231,0.0076,14,1,0.0148,1.04,solution + age,none,10,6,2025-03-23,10.52,False
Q04882,shaft,rotational,1.2312,STEEL,turning,87.02,5.09,5.09,0.0139,0.0058,16,1,0.0148,1.16,solution + age,none,31,8,2022-04-14,7.23,False
Q02935,shaft,rotational,42CrMo4,STEEL,turning,81.23,5.2,5.2,0.0136,0.0033,18,2,0.0081,1.76,solution + age,none,23,17,2021-07-06,6.56,True
Q01344,housing,prismatic,15-5PH H1025,STAINLESS,turn-mill,76.43,56.26,8.13,0.2727,0.1122,3,5,0.0305,2.73,harden + temper,anodise,499,265,2023-04-10,18.58,True
Q03720,housing,prismatic,13-8Mo H1000,STAINLESS,forging + machining,77.47,63.64,9.02,0.3451,0.2476,10,5,0.0305,2.99,harden + temper,anodise,384,319,2025-02-14,28.35,False
Q01382,housing,prismatic,316L,STAINLESS,5-axis mill,96.56,64.75,10.11,0.5054,0.3086,3,5,0.0305,3.32,harden + temper,anodise,439,80,2024-09-29,33.81,False
Q04578,housing,prismatic,17-4PH H1025,STAINLESS,turn-mill,90.25,61.8,9.17,0.3987,0.0981,4,5,0.0503,4.91,harden + temper,anodise,1026,969,2022-12-16,28.79,False
Q03824,gear blank,rotational,303,STAINLESS,forging + machining,372.38,128.43,128.43,38.5896,26.4841,5,1,0.0381,6.3,harden + temper,passivate,8938,4935,2025-04-12,787.06,True
Q00419,gear blank,rotational,13-8Mo H1000,STAINLESS,turn-mill,371.21,117.29,117.29,31.1253,12.5917,8,1,0.0208,6.3,harden + temper,paint,8525,1329,2025-12-05,2759.79,False
Q01633,gear blank,rotational,13-8Mo H1000,STAINLESS,turning,360.12,105.44,105.44,24.4019,14.1759,7,3,0.0208,6.3,harden + temper,passivate,41927,5000,2024-11-15,1260.33,False
Q04084,gear blank,rotational,13-8Mo H1000,STAINLESS,turn-mill,404.67,134.91,134.91,44.8892,34.7705,6,2,0.0208,5.72,harden + temper,passivate,33613,5000,2021-09-07,1801.31,False
Q03616,bushing,rotational,C63000,COPPER,5-axis mill,58.65,36.76,36.76,0.4718,0.2069,29,6,0.0567,0.94,none,none,28675,5000,2025-02-12,35.14,True
Q00663,bushing,rotational,C63000,COPPER,5-axis mill,49.26,33.14,33.14,0.3221,0.1386,37,5,0.0527,0.88,none,none,12711,5000,2026-06-14,27.43,False
Q01925,bushing,rotational,C63000,COPPER,5-axis mill,61.34,40.99,40.99,0.6137,0.4458,30,4,0.0567,0.79,none,nitride,49858,5000,2026-03-03,37.59,False
Q01691,bushing,rotational,C63000,COPPER,5-axis mill,50.98,35.82,35.82,0.3893,0.2296,30,4,0.0527,0.95,none,none,30445,5000,2023-04-15,22.68,True
Q01776,shaft,rotational,C45,STEEL,turning,65.6,5.98,5.98,0.0145,0.0051,4,1,0.018,2.83,stress relieve,paint,65,9,2023-11-23,7.52,True
Q01454,shaft,rotational,1.2312,STEEL,turning,53.09,4.99,4.99,0.0082,0.0046,11,1,0.018,2.44,stress relieve,paint,16,13,2021-08-14,4.42,False
Q02319,shaft,rotational,C45,STEEL,turning,67.75,6.68,6.68,0.0186,0.0048,11,2,0.018,2.42,stress relieve,paint,107,20,2021-01-16,4.72,True
Q00016,shaft,rotational,C45,STEEL,turning,57.69,5.08,5.08,0.0092,0.0063,3,2,0.0228,2.85,stress relieve,zinc,73,21,2026-01-06,6.35,False
Q01903,flange,prismatic,C45,STEEL,5-axis mill,124.1,61.87,20.46,1.2332,0.5437,17,2,0.0378,4.61,none,passivate,1238,269,2021-04-21,28.07,True
Q02987,flange,prismatic,S355JR,STEEL,5-axis mill,104.88,57.0,16.81,0.7887,0.3074,24,1,0.0378,5.6,none,zinc,883,281,2023-05-08,29.54,True
Q02865,flange,prismatic,16MnCr5,STEEL,5-axis mill,114.95,64.28,18.98,1.1007,0.7282,23,2,0.0325,4.39,none,zinc,397,367,2022-07-11,31.47,False
Q01769,flange,prismatic,S355JR,STEEL,5-axis mill,94.7,48.88,14.94,0.5429,0.2836,16,1,0.0454,3.81,none,zinc,544,339,2022-08-29,17.56,False
Q01445,bracket,prismatic,15-5PH H1025,STAINLESS,3-axis mill,54.96,27.46,14.93,0.1757,0.0468,9,4,0.0118,2.8,solution + age,nitride,20,19,2023-05-15,26.24,True
Q01866,bracket,prismatic,13-8Mo H1000,STAINLESS,3-axis mill,58.46,32.24,15.82,0.2314,0.1128,3,4,0.0064,3.01,solution + age,nitride,10,1,2021-08-13,279.24,True
Q04002,bracket,prismatic,316L,STAINLESS,3-axis mill,55.18,30.47,16.28,0.219,0.0618,3,5,0.0064,4.0,solution + age,nitride,24,21,2024-08-10,37.47,False
Q03684,bracket,prismatic,13-8Mo H1000,STAINLESS,3-axis mill,50.63,28.53,14.58,0.1634,0.059,6,6,0.0064,3.44,solution + age,nitride,17,15,2023-07-09,46.93,False
Q00822,gear blank,rotational,S355JR,STEEL,turn-mill,124.47,116.64,116.64,10.4404,8.1074,36,4,0.0343,0.71,solution + age,anodise,2071,513,2023-01-19,143.73,False
Q02407,gear blank,rotational,1.2312,STEEL,turn-mill,148.81,140.68,140.68,18.1573,13.9229,40,3,0.0248,0.84,solution + age,anodise,667,612,2025-01-10,584.41,False
Q04351,gear blank,rotational,1.2312,STEEL,5-axis mill,144.26,137.68,137.68,16.8591,7.9222,38,5,0.0248,0.68,solution + age,anodise,829,365,2021-03-17,1000.58,False
Q03605,gear blank,rotational,16MnCr5,STEEL,turn-mill,161.67,147.18,147.18,21.5914,16.5931,39,4,0.0248,1.43,solution + age,anodise,4331,3448,2025-10-31,351.81,False
Q02055,housing,prismatic,17-4PH H1025,STAINLESS,turn-mill,136.21,41.96,22.82,1.0176,0.539,14,3,0.036,2.14,stress relieve,anodise,4487,3931,2024-06-22,49.45,False
Q03805,housing,prismatic,17-4PH H1025,STAINLESS,turn-mill,167.31,49.32,28.01,1.8027,0.841,9,3,0.034,1.78,stress relieve,anodise,5020,1745,2022-06-04,67.57,False
Q03242,housing,prismatic,17-4PH H1025,STAINLESS,turn-mill,174.75,55.68,31.96,2.4253,1.237,19,2,0.036,2.5,stress relieve,anodise,6557,4826,2026-06-09,98.69,False
Q04561,housing,prismatic,15-5PH H1025,STAINLESS,turn-mill,120.37,37.48,20.74,0.7298,0.1601,11,3,0.036,1.86,stress relieve,anodise,9839,3194,2025-04-08,40.0,False
Q01074,gear blank,rotational,4140,STEEL,turn-mill,632.72,118.99,118.99,55.2337,41.8359,6,1,0.0385,3.1,stress relieve,nitride,22007,5000,2021-03-30,607.05,True
Q02435,gear blank,rotational,16MnCr5,STEEL,turn-mill,604.71,96.59,96.59,34.7822,7.6719,3,1,0.0401,3.52,stress relieve,nitride,9451,5000,2025-06-26,951.05,True
Q03565,gear blank,rotational,1.2312,STEEL,5-axis mill,487.26,86.52,86.52,22.4869,11.2746,4,2,0.0385,3.61,stress relieve,nitride,6119,2085,2025-01-07,825.88,False
Q03226,gear blank,rotational,42CrMo4,STEEL,5-axis mill,587.05,102.35,102.35,37.9176,20.0471,10,1,0.0385,2.72,stress relieve,nitride,12021,5000,2021-11-03,936.41,False
Q03626,manifold,prismatic,Ti-10V-2Fe-3Al,TITANIUM,turn-mill,186.98,195.98,64.58,11.0035,4.1743,3,1,0.083,6.3,stress relieve,paint,479,444,2022-01-08,1926.45,False
Q04211,manifold,prismatic,Ti-10V-2Fe-3Al,TITANIUM,turn-mill,172.49,194.93,63.63,9.9475,4.6974,3,1,0.083,6.3,stress relieve,paint,539,222,2021-02-10,1770.76,False
Q03319,manifold,prismatic,Ti-6Al-4V ELI,TITANIUM,5-axis mill,136.43,144.37,44.51,3.8839,2.3423,6,1,0.0732,6.3,stress relieve,paint,1194,237,2021-08-07,624.97,False
Q02455,manifold,prismatic,Ti-10V-2Fe-3Al,TITANIUM,turn-mill,171.03,191.46,57.43,8.7456,2.6623,3,1,0.083,6.3,stress relieve,paint,388,244,2023-04-23,1492.87,False
Q00790,gear blank,rotational,13-8Mo H1000,STAINLESS,turning,771.6,223.87,223.87,235.6859,95.8225,5,2,0.0254,4.79,stress relieve,nitride,16,12,2021-06-07,10919.48,False
Q02960,gear blank,rotational,303,STAINLESS,turning,696.28,195.4,195.4,167.0356,62.7925,6,1,0.0254,4.53,stress relieve,nitride,10,2,2025-11-24,3275.27,True
Q03474,gear blank,rotational,303,STAINLESS,turning,982.68,211.57,211.57,276.3751,101.6809,4,1,0.0254,4.74,stress relieve,passivate,24,6,2022-08-23,4105.52,False
Q01562,gear blank,rotational,303,STAINLESS,turn-mill,917.14,268.61,268.61,415.7875,166.4474,9,1,0.0254,5.73,stress relieve,nitride,10,6,2026-01-01,12897.48,False
Q00082,gear blank,rotational,16MnCr5,STEEL,turning,564.72,132.83,132.83,61.4269,45.6405,56,6,0.0635,5.26,harden + temper,paint,75,59,2023-04-02,641.15,True
Q00534,gear blank,rotational,16MnCr5,STEEL,turning,477.16,119.98,119.98,42.3476,16.7702,58,6,0.0876,6.3,harden + temper,paint,68,23,2024-04-30,664.14,True
Q01829,gear blank,rotational,16MnCr5,STEEL,turning,410.99,106.94,106.94,28.9811,6.8297,60,6,0.0537,6.3,harden + temper,paint,390,72,2024-05-25,735.35,False
Q02560,gear blank,rotational,42CrMo4,STEEL,turning,494.64,119.84,119.84,43.7979,12.4881,58,6,0.0537,6.3,harden + temper,paint,109,50,2023-06-16,1096.82,True
Q02965,fitting,rotational,Ti-10V-2Fe-3Al,TITANIUM,turn-mill,60.1,46.49,46.49,0.4744,0.3496,17,3,0.0199,1.37,solution + age,anodise,171,133,2024-06-23,76.01,True
Q01746,fitting,rotational,Ti-6Al-4V ELI,TITANIUM,turn-mill,53.24,36.34,36.34,0.2446,0.1932,22,2,0.0199,1.78,solution + age,anodise,186,153,2022-03-15,33.13,False
Q03332,fitting,rotational,Ti-10V-2Fe-3Al,TITANIUM,turn-mill,58.07,37.27,37.27,0.2946,0.151,20,2,0.0199,1.36,solution + age,anodise,262,47,2025-11-21,91.49,True
Q03143,fitting,rotational,Ti-6Al-4V ELI,TITANIUM,turn-mill,45.5,31.19,31.19,0.154,0.1077,11,2,0.017,1.31,solution + age,anodise,129,87,2026-06-30,27.62,False
Q03825,plate,prismatic,17-4PH H1025,STAINLESS,forging + machining,62.33,68.72,25.67,0.8575,0.658,4,3,0.0162,1.66,none,anodise,5312,3253,2026-02-20,35.6,False
Q03262,plate,prismatic,17-4PH H1025,STAINLESS,forging + machining,57.01,53.97,24.49,0.5877,0.4468,4,3,0.0284,1.32,none,anodise,15171,5000,2023-04-06,21.55,False
Q00279,plate,prismatic,316L,STAINLESS,forging + machining,55.8,56.51,25.04,0.6316,0.45,3,4,0.0194,1.14,none,nitride,41396,4134,2022-02-15,21.59,False
Q01392,plate,prismatic,440C,STAINLESS,forging + machining,46.61,56.04,22.97,0.4608,0.3268,3,2,0.0185,1.38,none,anodise,6946,5000,2023-09-14,22.17,False
Q01559,housing,prismatic,303,STAINLESS,turn-mill,70.35,55.9,8.07,0.2538,0.1487,21,2,0.0123,3.54,stress relieve,anodise,6648,2382,2026-06-15,10.86,False
Q03139,housing,prismatic,303,STAINLESS,turn-mill,75.7,43.98,6.9,0.1838,0.0796,23,1,0.0123,4.47,stress relieve,anodise,5911,5000,2022-02-20,8.6,False
Q03019,housing,prismatic,316L,STAINLESS,turn-mill,94.71,60.28,8.33,0.3803,0.134,20,2,0.0148,4.52,stress relieve,anodise,11704,5000,2025-02-06,29.87,True
Q03053,housing,prismatic,303,STAINLESS,turn-mill,74.72,49.61,7.24,0.2145,0.1182,18,2,0.0129,3.81,stress relieve,passivate,26707,5000,2023-10-12,8.42,False
Q01183,housing,prismatic,S355JR,STEEL,forging + machining,209.5,217.06,134.65,48.0656,29.3575,3,3,0.0891,4.63,solution + age,none,4195,3561,2022-09-10,560.66,False
Q01840,housing,prismatic,C45,STEEL,forging + machining,321.91,274.22,165.96,115.0037,90.4286,3,3,0.0702,6.01,solution + age,anodise,6020,2756,2026-02-10,972.08,False
Q01535,housing,prismatic,C45,STEEL,forging + machining,307.17,269.31,155.06,100.6916,64.5019,3,3,0.0702,3.92,solution + age,anodise,4165,3662,2023-10-02,1123.19,False
Q01270,housing,prismatic,C45,STEEL,5-axis mill,266.63,227.45,135.59,64.5537,17.9701,9,3,0.0702,3.63,solution + age,nitride,2250,758,2022-03-25,1653.23,False
Q01428,gear blank,rotational,16MnCr5,STEEL,5-axis mill,430.03,133.21,133.21,47.0451,26.9737,21,5,0.0849,4.71,harden + temper,zinc,5397,3247,2025-09-22,1056.93,True
Q02659,gear blank,rotational,16MnCr5,STEEL,5-axis mill,373.96,122.29,122.29,34.4809,14.5498,15,6,0.0976,4.21,harden + temper,anodise,3284,2432,2022-02-08,962.16,False
Q02901,gear blank,rotational,C45,STEEL,5-axis mill,478.23,148.12,148.12,64.689,40.1415,10,5,0.0849,3.71,harden + temper,anodise,702,45,2021-09-23,798.19,True
Q02243,gear blank,rotational,16MnCr5,STEEL,5-axis mill,397.27,123.38,123.38,37.2868,25.9858,9,5,0.0536,6.07,harden + temper,anodise,1288,1261,2021-03-11,528.05,False
Q03529,housing,prismatic,316L,STAINLESS,turn-mill,55.39,20.8,5.09,0.0469,0.0227,18,1,0.0178,4.14,harden + temper,anodise,17,16,2023-11-17,11.36,True
Q01623,housing,prismatic,316L,STAINLESS,turn-mill,69.25,28.09,6.39,0.0995,0.0361,14,3,0.0178,4.44,harden + temper,anodise,72,62,2021-01-08,12.63,True
Q01494,housing,prismatic,303,STAINLESS,turn-mill,68.8,26.43,6.18,0.09,0.0416,11,2,0.0349,3.55,harden + temper,zinc,47,42,2021-07-22,8.04,True
Q02442,housing,prismatic,316L,STAINLESS,turn-mill,62.72,28.16,6.59,0.0931,0.0598,16,1,0.0178,4.19,harden + temper,anodise,32,3,2025-05-03,48.46,False
Q02440,bushing,rotational,PEEK,POLYMER,5-axis mill,26.4,12.0,12.0,0.0039,0.0015,8,1,0.0877,3.48,solution + age,paint,2845,1732,2021-08-30,2.07,False
Q02479,bushing,rotational,POM-C,POLYMER,5-axis mill,29.2,13.01,13.01,0.0055,0.0013,3,1,0.139,4.94,solution + age,paint,29383,5000,2026-06-10,1.71,False
Q02522,bushing,rotational,POM-C,POLYMER,5-axis mill,26.69,12.98,12.98,0.005,0.0018,6,3,0.1329,4.2,solution + age,paint,7694,4228,2022-07-26,1.86,False
Q03610,bushing,rotational,POM-C,POLYMER,5-axis mill,32.0,14.54,14.54,0.0075,0.0018,3,2,0.1842,4.17,solution + age,paint,11005,2204,2024-07-07,1.92,False
Q03641,bracket,prismatic,316L,STAINLESS,5-axis mill,30.74,19.04,12.53,0.0586,0.0175,3,3,0.005,2.37,harden + temper,paint,23,3,2023-10-31,238.74,False
Q02329,bracket,prismatic,303,STAINLESS,5-axis mill,26.89,19.2,13.16,0.0544,0.0133,3,2,0.005,1.53,harden + temper,paint,22,20,2023-10-22,19.32,False
Q01059,bracket,prismatic,17-4PH H1025,STAINLESS,5-axis mill,27.18,20.62,13.14,0.0575,0.0275,3,2,0.005,2.41,harden + temper,zinc,13,6,2022-02-22,84.41,False
Q00235,bracket,prismatic,17-4PH H1025,STAINLESS,5-axis mill,23.81,17.85,10.71,0.0355,0.0128,3,4,0.005,2.15,harden + temper,passivate,22,5,2024-08-19,198.8,False
Q01222,shaft,rotational,C45,STEEL,turning,510.0,77.5,77.5,18.8848,5.0395,15,6,0.0052,6.26,harden + temper,anodise,399,194,2023-02-14,579.73,False
Q01561,shaft,rotational,C45,STEEL,turning,639.25,85.17,85.17,28.5871,6.6915,14,5,0.005,6.3,harden + temper,anodise,405,380,2026-04-28,857.63,False
Q00343,shaft,rotational,16MnCr5,STEEL,turn-mill,409.53,71.35,71.35,12.8536,4.1889,5,6,0.005,5.31,harden + temper,anodise,349,115,2024-07-20,790.44,False
Q01919,shaft,rotational,C45,STEEL,turning,468.8,70.47,70.47,14.3519,10.4324,5,6,0.005,5.49,harden + temper,anodise,775,679,2023-12-25,189.91,False
Q03954,fitting,rotational,13-8Mo H1000,STAINLESS,turning,133.47,60.98,60.98,3.0246,0.7238,12,1,0.115,0.86,none,passivate,23,21,2026-02-11,147.05,True
Q00190,fitting,rotational,13-8Mo H1000,STAINLESS,turning,159.54,84.84,84.84,6.9987,2.2974,6,2,0.1638,0.79,none,passivate,135,92,2021-03-14,208.92,False
Q04580,fitting,rotational,303,STAINLESS,turning,118.25,60.78,60.78,2.7443,0.9169,3,2,0.1787,0.68,none,passivate,81,6,2022-05-17,42.24,False
Q01348,fitting,rotational,304L,STAINLESS,turning,158.92,80.44,80.44,6.4619,1.7539,6,3,0.1638,0.9,none,none,106,6,2022-01-09,109.22,False
Q02139,fitting,rotational,440C,STAINLESS,turning,108.1,69.81,69.81,3.1778,0.9427,17,2,0.2,0.53,harden + temper,zinc,106,30,2025-02-12,100.48,True
Q04606,fitting,rotational,440C,STAINLESS,turning,101.0,64.48,64.48,2.5326,1.0605,22,4,0.2,0.73,harden + temper,none,145,88,2022-08-20,63.13,False
Q02100,fitting,rotational,440C,STAINLESS,turning,82.15,61.4,61.4,1.868,1.4332,23,4,0.1992,0.43,harden + temper,zinc,151,114,2025-06-14,34.94,False
Q04298,fitting,rotational,304L,STAINLESS,5-axis mill,84.8,57.61,57.61,1.7683,0.7102,24,2,0.2,0.8,harden + temper,zinc,183,153,2023-06-12,62.11,True
Q04946,housing,prismatic,304L,STAINLESS,turn-mill,346.53,130.51,64.85,23.4641,13.1933,32,3,0.0308,2.3,none,none,20698,5000,2025-06-18,754.91,False
Q00474,housing,prismatic,440C,STAINLESS,turn-mill,343.3,126.08,75.04,24.9449,6.4249,32,5,0.0132,2.43,none,paint,26948,5000,2024-02-18,2933.91,False
Q01492,housing,prismatic,440C,STAINLESS,turn-mill,239.95,94.39,50.32,8.7534,6.024,22,5,0.0142,1.84,none,none,9713,1513,2023-08-23,336.16,True
Q02967,housing,prismatic,440C,STAINLESS,3-axis mill,262.21,101.33,48.93,9.9833,3.2064,24,5,0.0142,3.22,none,none,31153,5000,2023-07-25,588.2,False
Q03297,pin,rotational,4140,STEEL,5-axis mill,19.18,4.51,4.51,0.0024,0.0009,10,2,0.014,5.0,stress relieve,paint,26,22,2024-05-09,17.98,False
Q03657,pin,rotational,S355JR,STEEL,5-axis mill,15.83,4.45,4.45,0.0019,0.001,10,3,0.014,5.47,stress relieve,paint,12,7,2022-12-11,79.26,False
Q03126,pin,rotational,42CrMo4,STEEL,5-axis mill,20.68,5.49,5.49,0.0038,0.002,10,2,0.0072,4.04,stress relieve,paint,32,27,2023-03-31,18.11,False
Q02617,pin,rotational,42CrMo4,STEEL,5-axis mill,14.73,4.68,4.68,0.002,0.0006,4,2,0.011,6.3,stress relieve,paint,22,8,2025-12-19,47.1,True
Q04613,manifold,prismatic,Ti-6Al-4V,TITANIUM,turn-mill,106.7,131.66,32.89,2.0471,1.0745,3,3,0.1002,6.3,none,anodise,41,32,2025-07-07,234.63,True
Q02926,manifold,prismatic,Ti-6Al-4V,TITANIUM,turn-mill,87.98,102.84,24.55,0.9838,0.2761,7,3,0.037,6.3,none,anodise,106,77,2024-09-22,174.74,True
Q02625,manifold,prismatic,Ti-6Al-4V ELI,TITANIUM,turn-mill,97.1,101.65,26.7,1.1674,0.6716,7,4,0.037,6.3,none,anodise,208,107,2023-09-19,161.82,True
Q00239,manifold,prismatic,Ti-6Al-4V ELI,TITANIUM,turn-mill,97.14,106.36,29.29,1.3405,0.7365,7,5,0.037,5.77,none,anodise,266,156,2021-12-10,207.86,False
Q01101,manifold,prismatic,7075-T6,ALUMINIUM,3-axis mill,58.33,56.11,41.8,0.3845,0.2654,3,4,0.1156,3.29,solution + age,nitride,959,159,2021-08-26,16.0,False
Q00006,manifold,prismatic,7075-T6,ALUMINIUM,3-axis mill,69.6,54.29,46.28,0.4913,0.3051,7,5,0.1156,1.57,solution + age,nitride,331,65,2024-10-21,23.2,False
Q01233,manifold,prismatic,7075-T6,ALUMINIUM,3-axis mill,82.6,64.54,53.28,0.7982,0.3372,3,5,0.1156,1.55,solution + age,nitride,276,82,2022-05-12,34.61,True
Q00633,manifold,prismatic,5083-H111,ALUMINIUM,3-axis mill,64.43,50.61,39.91,0.3462,0.1781,9,4,0.1342,3.24,solution + age,nitride,180,162,2023-11-16,19.09,False
Q02415,fitting,rotational,303,STAINLESS,turn-mill,294.3,186.0,186.0,63.9737,43.3317,15,2,0.0306,3.11,stress relieve,anodise,17533,5000,2026-04-18,1086.41,True
Q03600,fitting,rotational,15-5PH H1025,STAINLESS,turn-mill,257.8,154.32,154.32,37.6107,28.527,18,1,0.0334,3.54,stress relieve,anodise,24874,5000,2026-03-30,1488.81,True
Q02000,fitting,rotational,303,STAINLESS,turn-mill,261.98,167.07,167.07,45.9446,26.866,18,1,0.0334,4.8,stress relieve,anodise,12945,5000,2025-01-20,960.66,True
Q04120,fitting,rotational,13-8Mo H1000,STAINLESS,turn-mill,255.23,177.91,177.91,49.2347,25.3173,15,2,0.0334,3.69,stress relieve,anodise,8077,5000,2022-08-01,3497.62,False
Q03150,gear blank,rotational,42CrMo4,STEEL,forging + machining,411.27,229.26,229.26,133.272,88.5289,8,6,0.0474,1.54,stress relieve,nitride,387,321,2023-08-12,3070.15,False
Q00695,gear blank,rotational,4140,STEEL,forging + machining,339.66,213.12,213.12,95.1141,58.7203,8,4,0.061,1.9,stress relieve,nitride,527,252,2021-10-25,1865.88,False
Q03766,gear blank,rotational,1.2312,STEEL,forging + machining,380.67,223.59,223.59,117.3303,98.9899,9,5,0.0781,1.56,stress relieve,nitride,529,347,2023-04-20,2074.42,False
Q01823,gear blank,rotational,1.2312,STEEL,forging + machining,446.21,253.09,253.09,176.217,124.7337,11,6,0.0376,1.03,stress relieve,nitride,297,219,2022-09-14,4591.77,False
Q03792,fitting,rotational,15-5PH H1025,STAINLESS,5-axis mill,143.42,65.76,65.76,3.7999,0.8729,21,4,0.0257,5.42,solution + age,passivate,21592,5000,2026-06-03,338.74,False
Q04198,fitting,rotational,304L,STAINLESS,5-axis mill,144.08,66.19,66.19,3.9667,0.8909,16,4,0.036,5.72,solution + age,passivate,50000,5000,2024-11-03,202.01,True
Q01816,fitting,rotational,303,STAINLESS,5-axis mill,212.19,95.92,95.92,12.267,4.0386,22,4,0.0311,6.3,solution + age,zinc,18014,5000,2021-09-21,397.71,True
Q02505,fitting,rotational,304L,STAINLESS,5-axis mill,183.13,69.18,69.18,5.507,3.003,25,4,0.036,6.3,solution + age,passivate,32217,2740,2021-03-12,194.04,False
Q02316,bushing,rotational,S355JR,STEEL,turning,137.72,69.72,69.72,4.1278,1.4458,16,3,0.0071,4.1,solution + age,anodise,2486,1711,2024-08-21,100.04,False
Q03842,bushing,rotational,S355JR,STEEL,turning,158.11,75.53,75.53,5.5616,1.2062,19,1,0.0052,4.4,solution + age,anodise,3763,808,2022-02-26,158.82,True
Q02054,bushing,rotational,S355JR,STEEL,turning,126.22,54.86,54.86,2.3418,0.7716,25,3,0.0071,3.17,solution + age,none,5389,966,2023-10-02,62.52,True
Q03896,bushing,rotational,1.2312,STEEL,turning,164.38,73.49,73.49,5.4732,4.2144,21,1,0.0076,3.04,solution + age,anodise,2171,626,2021-05-06,90.51,False
Q03578,pin,rotational,Ti-6Al-4V ELI,TITANIUM,forging + machining,42.73,5.68,5.68,0.0048,0.0032,3,3,0.0624,0.47,harden + temper,nitride,202,79,2024-06-17,8.26,True
Q01415,pin,rotational,Ti-10V-2Fe-3Al,TITANIUM,forging + machining,35.22,4.96,4.96,0.0032,0.0025,3,1,0.0624,0.65,harden + temper,nitride,516,350,2021-06-04,4.44,False
Q02976,pin,rotational,Ti-10V-2Fe-3Al,TITANIUM,forging + machining,43.96,5.81,5.81,0.0054,0.0043,10,2,0.1665,0.67,harden + temper,zinc,537,114,2023-10-20,4.01,True
Q02760,pin,rotational,Ti-10V-2Fe-3Al,TITANIUM,forging + machining,43.25,4.87,4.87,0.0038,0.0027,3,2,0.0624,0.77,harden + temper,nitride,450,190,2025-06-18,6.28,False
Q02425,shaft,rotational,S355JR,STEEL,turn-mill,128.12,16.38,16.38,0.2119,0.0436,9,4,0.0352,0.97,harden + temper,passivate,296,261,2022-04-23,9.65,True
Q04155,shaft,rotational,S355JR,STEEL,turn-mill,123.35,14.19,14.19,0.1531,0.0762,11,2,0.0352,1.02,harden + temper,passivate,423,346,2021-12-04,5.21,False
Q00540,shaft,rotational,S355JR,STEEL,turn-mill,177.18,18.19,18.19,0.3616,0.1608,3,3,0.0352,1.36,harden + temper,passivate,339,223,2023-08-06,8.78,True
Q03039,shaft,rotational,1.2312,STEEL,turn-mill,137.47,17.06,17.06,0.2468,0.1816,4,2,0.0352,1.14,harden + temper,passivate,624,236,2022-04-13,6.49,True
Q04880,flange,prismatic,2024-T3,ALUMINIUM,3-axis mill,34.0,11.42,4.0,0.0043,0.0027,7,1,0.1337,0.53,harden + temper,zinc,5012,4962,2021-09-18,1.25,False
Q02392,flange,prismatic,2024-T3,ALUMINIUM,3-axis mill,38.76,14.39,4.56,0.0071,0.0033,9,1,0.1337,0.94,harden + temper,zinc,1232,403,2026-01-23,1.71,False
Q02680,flange,prismatic,7075-T6,ALUMINIUM,5-axis mill,30.6,11.27,4.0,0.0039,0.0027,3,1,0.1337,1.56,harden + temper,zinc,3285,660,2024-01-29,1.6,False
Q03560,flange,prismatic,6026-T9,ALUMINIUM,3-axis mill,47.99,15.97,5.62,0.0116,0.0074,3,2,0.14,1.05,harden + temper,zinc,1762,1248,2021-03-01,1.8,False
Q04928,flange,prismatic,Waspaloy,NICKEL,turn-mill,173.58,41.09,31.56,1.8435,1.0808,7,6,0.0076,2.64,stress relieve,paint,627,151,2024-12-22,460.32,False
Q03208,flange,prismatic,Waspaloy,NICKEL,3-axis mill,190.28,49.52,34.07,2.6292,0.9877,14,6,0.0182,2.05,stress relieve,nitride,1130,889,2022-05-15,606.09,False
Q01720,flange,prismatic,Inconel 718,NICKEL,3-axis mill,174.01,46.16,31.09,2.0457,1.2915,6,6,0.008,2.69,stress relieve,paint,678,358,2025-11-07,270.79,False
Q04062,flange,prismatic,Waspaloy,NICKEL,3-axis mill,173.91,47.1,33.36,2.2381,1.2064,6,6,0.0051,2.28,stress relieve,paint,1521,429,2021-04-04,561.27,False
Q04746,fitting,rotational,Waspaloy,NICKEL,turning,44.35,30.8,30.8,0.2706,0.1661,16,6,0.0052,1.83,solution + age,none,164,50,2026-01-19,53.2,True
Q01969,fitting,rotational,Inconel 625,NICKEL,turning,50.96,32.97,32.97,0.3672,0.2558,10,4,0.005,2.12,solution + age,nitride,644,94,2024-10-29,51.83,True
Q01625,fitting,rotational,Waspaloy,NICKEL,turn-mill,52.6,39.97,39.97,0.5406,0.1914,14,4,0.005,4.0,solution + age,none,222,19,2024-02-27,242.03,False
Q00482,fitting,rotational,Waspaloy,NICKEL,turning,41.52,31.5,31.5,0.2651,0.1862,10,6,0.0052,2.85,solution + age,none,538,492,2023-11-07,43.58,False
Q02579,manifold,prismatic,6026-T9,ALUMINIUM,5-axis mill,418.97,385.52,47.93,20.9017,5.2737,19,2,0.0185,4.1,stress relieve,nitride,144,86,2022-07-04,1212.66,False
Q01268,manifold,prismatic,6026-T9,ALUMINIUM,turn-mill,343.98,284.4,37.34,9.8619,2.5886,19,1,0.0182,2.68,stress relieve,nitride,35,11,2026-03-20,633.87,False
Q02340,manifold,prismatic,6061-T6,ALUMINIUM,turn-mill,434.18,363.58,45.5,19.3945,10.0019,12,1,0.0206,3.44,stress relieve,passivate,164,137,2024-09-04,985.84,False
Q00551,manifold,prismatic,5083-H111,ALUMINIUM,turn-mill,406.0,354.89,41.33,15.8417,11.4073,8,1,0.0182,3.0,stress relieve,nitride,35,24,2025-12-06,804.9,False
Q01027,flange,prismatic,5083-H111,ALUMINIUM,forging + machining,299.72,164.18,113.63,14.8736,9.3975,9,4,0.005,2.68,stress relieve,paint,14897,5000,2023-01-16,1481.04,False
Q00116,flange,prismatic,2024-T3,ALUMINIUM,forging + machining,253.98,150.6,121.89,12.9613,9.2795,3,3,0.005,2.93,stress relieve,paint,22140,5000,2026-03-25,699.73,False
Q02595,flange,prismatic,2024-T3,ALUMINIUM,forging + machining,332.51,198.4,156.73,28.7434,20.8304,3,3,0.005,3.0,stress relieve,paint,13713,3079,2022-12-17,1606.31,True
Q04161,flange,prismatic,2024-T3,ALUMINIUM,forging + machining,299.93,173.54,152.93,22.1278,18.422,3,4,0.005,2.94,stress relieve,paint,10853,5000,2025-04-18,867.9,False
Q02715,flange,prismatic,Waspaloy,NICKEL,3-axis mill,144.77,36.52,25.06,1.0849,0.67,18,3,0.005,2.53,none,paint,11,4,2021-11-01,298.63,False
Q00992,flange,prismatic,Inconel 718,NICKEL,3-axis mill,165.27,41.16,30.59,1.7042,1.2751,12,3,0.005,2.33,none,paint,13,4,2025-05-18,221.63,True
Q02924,flange,prismatic,Inconel 718,NICKEL,3-axis mill,147.67,44.0,29.08,1.5474,1.0697,19,3,0.005,2.89,none,paint,10,1,2025-10-27,436.7,True
Q03385,flange,prismatic,Inconel 718,NICKEL,3-axis mill,156.3,38.41,28.47,1.3999,0.8297,17,2,0.005,2.73,none,paint,44,37,2021-12-08,214.72,False
Q03127,housing,prismatic,440C,STAINLESS,turn-mill,56.71,29.95,7.85,0.1024,0.0391,20,4,0.0123,3.67,none,zinc,20271,5000,2024-02-29,9.37,False
Q03147,housing,prismatic,17-4PH H1025,STAINLESS,turn-mill,50.75,32.02,7.06,0.0895,0.0372,13,3,0.0142,2.4,none,zinc,48272,5000,2023-04-18,5.29,False
Q04303,housing,prismatic,303,STAINLESS,turn-mill,55.54,29.54,7.16,0.094,0.0681,21,5,0.0093,2.5,none,zinc,28242,5000,2026-01-22,2.91,True
Q00348,housing,prismatic,303,STAINLESS,turn-mill,55.97,38.65,7.99,0.1383,0.1102,20,3,0.0121,2.94,none,anodise,14002,5000,2022-05-15,3.6,True
Q00222,manifold,prismatic,6082-T6,ALUMINIUM,3-axis mill,78.39,45.55,24.98,0.2409,0.075,5,6,0.0404,3.44,harden + temper,passivate,20986,5000,2023-07-04,9.36,True
Q01895,manifold,prismatic,5083-H111,ALUMINIUM,3-axis mill,92.73,55.06,30.45,0.4136,0.3218,9,5,0.0484,6.3,harden + temper,zinc,5440,2985,2022-04-21,10.55,True
Q02623,manifold,prismatic,5083-H111,ALUMINIUM,turn-mill,88.2,46.22,29.44,0.3193,0.1796,3,6,0.0518,5.49,harden + temper,passivate,13301,4572,2026-06-02,14.74,False
Q02699,manifold,prismatic,7075-T6,ALUMINIUM,3-axis mill,59.3,36.5,21.11,0.1284,0.045,3,6,0.0484,6.3,harden + temper,passivate,7590,2130,2021-03-07,6.65,False
Q01033,bracket,prismatic,304L,STAINLESS,3-axis mill,71.98,47.55,20.86,0.5712,0.2224,4,6,0.0067,3.82,harden + temper,none,5439,2009,2026-04-11,27.35,False
Q01891,bracket,prismatic,13-8Mo H1000,STAINLESS,3-axis mill,77.36,50.02,21.75,0.6532,0.2174,4,5,0.0065,4.39,harden + temper,none,4340,3146,2026-06-03,59.84,False
Q01140,bracket,prismatic,13-8Mo H1000,STAINLESS,3-axis mill,72.93,54.85,23.72,0.7364,0.3619,6,6,0.0078,4.4,harden + temper,none,3561,2081,2021-06-24,55.48,True
Q04194,bracket,prismatic,17-4PH H1025,STAINLESS,3-axis mill,69.6,48.2,21.99,0.5755,0.3753,8,5,0.0113,4.34,harden + temper,none,3358,2878,2021-07-01,22.61,True
Q02831,housing,prismatic,15-5PH H1025,STAINLESS,3-axis mill,211.48,87.87,23.03,3.338,0.7688,3,2,0.1362,3.96,solution + age,nitride,5308,655,2026-02-19,124.16,True
Q04903,housing,prismatic,303,STAINLESS,3-axis mill,228.61,104.7,29.68,5.6825,4.1602,8,4,0.0867,2.69,solution + age,nitride,9550,5000,2026-05-20,92.11,False
Q01907,housing,prismatic,303,STAINLESS,3-axis mill,221.47,106.51,26.79,5.0557,1.5593,5,3,0.1362,4.16,solution + age,nitride,5052,707,2025-09-10,102.0,False
Q00471,housing,prismatic,304L,STAINLESS,3-axis mill,239.75,115.53,26.13,5.7892,3.2064,3,2,0.1362,4.57,solution + age,paint,3626,3070,2021-11-04,80.18,False
Q00483,pin,rotational,17-4PH H1025,STAINLESS,turning,5.15,4.68,4.68,0.0007,0.0004,9,2,0.0808,0.49,solution + age,nitride,73,6,2024-04-18,18.09,True
Q04963,pin,rotational,304L,STAINLESS,turning,4.92,5.2,5.2,0.0008,0.0006,3,2,0.0899,0.47,solution + age,nitride,59,25,2021-08-07,7.81,False
Q00641,pin,rotational,17-4PH H1025,STAINLESS,turning,6.05,6.35,6.35,0.0015,0.0012,3,1,0.0899,0.4,solution + age,anodise,23,6,2021-12-16,9.62,False
Q03724,pin,rotational,17-4PH H1025,STAINLESS,turning,4.76,4.57,4.57,0.0006,0.0003,3,1,0.0899,0.48,solution + age,nitride,23,10,2021-01-13,8.43,False
Q03117,pin,rotational,S355JR,STEEL,5-axis mill,13.93,4.0,4.0,0.0014,0.001,15,5,0.0143,4.31,stress relieve,nitride,327,320,2023-06-11,8.16,False
Q04515,pin,rotational,S355JR,STEEL,5-axis mill,16.76,4.7,4.7,0.0023,0.0016,17,3,0.0074,3.28,stress relieve,nitride,582,59,2022-12-21,13.66,True
Q03581,pin,rotational,1.2312,STEEL,5-axis mill,11.85,4.0,4.0,0.0012,0.0006,14,3,0.0202,3.96,stress relieve,nitride,1753,1408,2024-12-13,3.68,False
Q00372,pin,rotational,S355JR,STEEL,5-axis mill,14.66,5.09,5.09,0.0023,0.0008,7,3,0.0202,5.9,stress relieve,anodise,490,379,2024-09-12,2.51,False
Q01753,fitting,rotational,Ti-6Al-4V ELI,TITANIUM,forging + machining,108.04,68.96,68.96,1.7879,1.2378,4,4,0.005,4.95,harden + temper,anodise,4978,3163,2023-07-13,366.0,False
Q02771,fitting,rotational,Ti-6Al-4V ELI,TITANIUM,forging + machining,125.2,71.32,71.32,2.2157,1.679,8,4,0.005,4.71,harden + temper,anodise,2682,619,2025-12-08,494.56,True
Q03905,fitting,rotational,Ti-6Al-4V,TITANIUM,forging + machining,121.03,77.4,77.4,2.5226,1.5923,3,5,0.005,3.37,harden + temper,anodise,2749,156,2025-11-01,652.26,False
Q04024,fitting,rotational,Ti-6Al-4V ELI,TITANIUM,forging + machining,107.02,72.15,72.15,1.9385,1.2773,3,5,0.0056,4.94,harden + temper,anodise,2050,1030,2021-04-18,334.41,False
Q03287,housing,prismatic,2024-T3,ALUMINIUM,turn-mill,365.18,305.43,185.0,57.3637,45.1988,3,1,0.0857,5.72,harden + temper,zinc,32,19,2026-04-23,1021.75,False
Q04897,housing,prismatic,2024-T3,ALUMINIUM,turn-mill,343.62,305.06,182.01,53.0401,39.3815,3,1,0.0828,6.3,harden + temper,nitride,14,7,2024-09-08,920.8,False
Q03291,housing,prismatic,2024-T3,ALUMINIUM,turn-mill,311.51,250.13,161.96,35.0826,21.963,12,1,0.0857,6.3,harden + temper,zinc,75,8,2023-04-17,991.73,False
Q00457,housing,prismatic,2024-T3,ALUMINIUM,turn-mill,324.62,304.42,166.53,45.75,20.655,5,1,0.0857,5.8,harden + temper,zinc,10,6,2021-07-15,1497.62,False
Q03774,flange,prismatic,15-5PH H1025,STAINLESS,5-axis mill,279.9,296.54,82.54,53.4337,12.9006,36,2,0.0736,4.98,none,nitride,5596,1801,2021-09-08,4419.32,False
Q02693,flange,prismatic,13-8Mo H1000,STAINLESS,5-axis mill,269.29,226.94,72.77,34.5082,25.0824,36,1,0.0497,6.22,none,nitride,4011,3412,2025-01-08,2389.9,False
Q01130,flange,prismatic,304L,STAINLESS,5-axis mill,296.99,259.61,73.69,45.4523,22.288,41,1,0.0395,5.25,none,nitride,6206,5000,2024-12-08,2270.51,False
Q04925,flange,prismatic,304L,STAINLESS,turn-mill,302.66,281.76,80.6,54.9876,35.0268,30,3,0.0395,5.42,none,nitride,2339,604,2022-02-08,1487.63,False
Q01120,fitting,rotational,5083-H111,ALUMINIUM,turning,21.23,21.0,21.0,0.0196,0.0097,5,3,0.2,2.2,none,passivate,2188,1288,2023-03-23,1.55,False
Q00847,fitting,rotational,5083-H111,ALUMINIUM,turning,24.56,22.87,22.87,0.0268,0.0066,6,5,0.2,2.26,none,paint,2450,678,2022-08-23,2.17,False
Q01152,fitting,rotational,5083-H111,ALUMINIUM,turning,19.21,17.29,17.29,0.012,0.0036,6,5,0.2,3.05,none,passivate,3235,2366,2025-12-29,1.36,False
Q03055,fitting,rotational,5083-H111,ALUMINIUM,turning,16.72,17.19,17.19,0.0103,0.0023,3,4,0.2,2.36,none,passivate,1210,199,2024-06-24,2.18,True
Q02620,gear blank,rotational,1.2312,STEEL,turn-mill,64.78,33.26,33.26,0.4418,0.1164,5,5,0.0197,2.64,solution + age,paint,12762,5000,2023-03-15,19.77,False
Q03864,gear blank,rotational,S355JR,STEEL,turn-mill,64.21,32.03,32.03,0.4062,0.1737,3,4,0.0197,2.83,solution + age,nitride,16872,4294,2023-07-23,11.99,True
Q02400,gear blank,rotational,1.2312,STEEL,turn-mill,37.49,17.92,17.92,0.0742,0.027,6,6,0.0197,4.58,solution + age,nitride,24163,5000,2023-10-31,7.3,False
Q02886,gear blank,rotational,42CrMo4,STEEL,turn-mill,63.1,33.52,33.52,0.4371,0.181,10,6,0.0197,3.48,solution + age,anodise,4588,4433,2021-10-02,14.7,False
Q04959,gear blank,rotational,4140,STEEL,forging + machining,651.78,529.27,529.27,1125.6896,741.1893,13,4,0.1165,1.9,solution + age,none,60,32,2024-07-13,18402.87,True
Q04067,gear blank,rotational,1.2312,STEEL,forging + machining,521.02,417.13,417.13,558.9251,470.823,5,4,0.1249,1.55,solution + age,passivate,32,10,2021-06-01,6426.15,False
Q00942,gear blank,rotational,4140,STEEL,forging + machining,517.4,384.98,384.98,472.7934,291.4517,10,4,0.1191,1.65,solution + age,none,13,7,2025-04-28,7086.04,False
Q03282,gear blank,rotational,1.2312,STEEL,forging + machining,586.42,500.94,500.94,907.2693,583.9093,8,5,0.1249,1.23,solution + age,none,18,4,2024-02-16,13967.99,False
Q01694,fitting,rotational,17-4PH H1025,STAINLESS,5-axis mill,177.09,78.07,78.07,6.6127,3.1654,12,4,0.0117,6.3,harden + temper,none,42801,5000,2025-06-25,450.98,False
Q04287,fitting,rotational,316L,STAINLESS,5-axis mill,175.5,79.31,79.31,6.9362,5.1905,11,5,0.0117,6.3,harden + temper,none,34572,5000,2025-12-01,286.34,False
Q03517,fitting,rotational,17-4PH H1025,STAINLESS,5-axis mill,213.13,90.52,90.52,10.6982,7.8089,3,6,0.0118,4.87,harden + temper,none,16512,5000,2025-05-05,544.46,False
Q00989,fitting,rotational,17-4PH H1025,STAINLESS,5-axis mill,206.57,90.95,90.95,10.4688,5.0275,5,4,0.0117,6.3,harden + temper,none,50000,5000,2023-09-29,715.63,True
Q04383,fitting,rotational,440C,STAINLESS,turning,64.64,41.85,41.85,0.6829,0.4102,8,1,0.1838,1.31,none,passivate,15251,5000,2024-11-13,16.31,False
Q01042,fitting,rotational,304L,STAINLESS,turning,59.08,40.06,40.06,0.5957,0.4092,10,2,0.102,1.25,none,passivate,26307,4377,2022-02-12,6.93,True
Q02051,fitting,rotational,316L,STAINLESS,turning,69.79,42.27,42.27,0.7836,0.5427,5,1,0.1511,0.93,none,passivate,20737,5000,2023-10-24,14.48,False
Q04280,fitting,rotational,304L,STAINLESS,5-axis mill,54.56,35.79,35.79,0.4393,0.1174,3,2,0.0829,1.23,none,passivate,9468,2502,2023-06-24,13.16,True
Q01192,manifold,prismatic,Ti-6Al-4V ELI,TITANIUM,5-axis mill,336.74,376.73,121.27,68.1556,48.4097,5,3,0.045,3.74,solution + age,passivate,11306,872,2021-08-18,8442.82,True
Q03081,manifold,prismatic,Ti-6Al-4V ELI,TITANIUM,turn-mill,256.99,260.94,84.84,25.2027,7.2862,7,2,0.045,3.92,solution + age,paint,13140,5000,2025-07-08,4539.74,True
Q02634,manifold,prismatic,Ti-6Al-4V ELI,TITANIUM,turn-mill,280.55,276.92,98.22,33.8047,18.3657,4,2,0.0361,4.61,solution + age,zinc,6192,5000,2023-12-08,4500.83,True
Q04049,manifold,prismatic,Ti-6Al-4V ELI,TITANIUM,turn-mill,279.14,274.98,82.15,27.9347,6.8099,3,2,0.0666,4.93,solution + age,passivate,16212,4416,2024-10-13,5930.95,False
Q04792,plate,prismatic,304L,STAINLESS,forging + machining,56.45,44.49,31.12,0.6254,0.4679,3,3,0.0089,2.34,solution + age,passivate,41152,5000,2021-09-26,17.98,False
Q01798,plate,prismatic,304L,STAINLESS,forging + machining,66.03,53.65,31.34,0.8882,0.7046,3,2,0.0089,2.04,solution + age,passivate,50000,5000,2025-09-20,26.61,False
Q01514,plate,prismatic,15-5PH H1025,STAINLESS,forging + machining,60.31,53.54,29.85,0.7517,0.5708,3,2,0.0089,1.78,solution + age,passivate,50000,5000,2022-06-24,36.04,False
Q01142,plate,prismatic,15-5PH H1025,STAINLESS,forging + machining,57.98,50.83,29.2,0.6712,0.5125,9,1,0.0089,1.72,solution + age,passivate,12417,5000,2023-08-07,39.52,True
Q04066,shaft,rotational,303,STAINLESS,turning,428.88,86.52,86.52,20.173,4.3443,3,4,0.026,2.92,none,anodise,71,45,2022-04-21,356.74,True
Q02273,shaft,rotational,303,STAINLESS,turning,487.59,98.01,98.01,29.4314,15.8203,3,5,0.038,2.77,none,none,36,9,2021-08-22,344.33,False
Q00443,shaft,rotational,303,STAINLESS,turning,515.21,103.26,103.26,34.5172,12.0389,5,4,0.1008,3.04,none,none,77,38,2023-04-17,460.0,False
Q02966,shaft,rotational,13-8Mo H1000,STAINLESS,turning,413.85,80.17,80.17,16.2123,3.812,3,5,0.0367,2.33,none,none,38,33,2021-11-29,656.33,True
Q00406,pin,rotational,C45,STEEL,5-axis mill,50.46,7.56,7.56,0.0178,0.0069,30,3,0.0492,3.34,stress relieve,nitride,65,17,2024-02-20,37.56,False
Q02432,pin,rotational,4140,STEEL,5-axis mill,63.73,9.37,9.37,0.0345,0.0075,33,4,0.0887,1.87,stress relieve,nitride,19,2,2024-04-03,382.46,True
Q04813,pin,rotational,S355JR,STEEL,5-axis mill,58.73,8.1,8.1,0.0238,0.0173,29,3,0.0679,3.54,stress relieve,nitride,59,27,2021-03-07,18.63,False
Q01855,pin,rotational,S355JR,STEEL,5-axis mill,52.9,7.94,7.94,0.0206,0.0062,30,4,0.1236,2.71,stress relieve,nitride,121,72,2021-09-11,16.3,True
Q01379,flange,prismatic,6061-T6,ALUMINIUM,forging + machining,269.81,211.88,52.98,8.1776,6.4965,24,2,0.0106,0.62,none,anodise,15852,5000,2025-08-21,266.02,False
Q00764,flange,prismatic,2024-T3,ALUMINIUM,5-axis mill,244.39,248.31,48.53,8.1866,6.2532,31,2,0.0106,0.97,none,anodise,17791,1882,2021-04-18,366.22,True
Q01338,flange,prismatic,7075-T6,ALUMINIUM,forging + machining,266.76,229.16,59.21,10.1711,7.9838,22,3,0.0106,0.95,none,anodise,14169,4842,2022-02-09,410.94,False
Q03501,flange,prismatic,5083-H111,ALUMINIUM,forging + machining,222.66,252.98,48.55,7.2746,4.7656,33,2,0.0106,1.16,none,anodise,12644,5000,2024-04-16,647.97,True
Q03793,manifold,prismatic,S355JR,STEEL,3-axis mill,320.52,174.98,142.03,62.5285,26.1384,3,6,0.0175,1.66,solution + age,none,38,16,2021-04-04,898.26,True
Q02999,manifold,prismatic,S355JR,STEEL,3-axis mill,350.18,172.04,142.8,67.531,36.3336,3,5,0.0105,2.1,solution + age,none,61,40,2025-11-17,1166.65,True
Q03705,manifold,prismatic,C45,STEEL,3-axis mill,391.07,185.16,153.88,87.471,44.2854,3,6,0.0105,1.76,solution + age,none,22,12,2021-03-05,1303.02,False
Q04569,manifold,prismatic,4140,STEEL,3-axis mill,340.11,190.23,141.9,72.067,48.8676,3,6,0.0105,2.08,solution + age,none,14,9,2024-02-11,1321.42,False
Q04063,housing,prismatic,5083-H111,ALUMINIUM,turn-mill,274.52,236.96,128.35,22.2089,5.19,3,5,0.1375,4.8,none,zinc,2166,1591,2022-06-26,1086.46,False
Q02216,housing,prismatic,2024-T3,ALUMINIUM,turn-mill,251.84,248.06,120.15,20.8658,9.4985,10,5,0.2,2.16,none,zinc,3731,216,2025-07-06,730.29,False
Q01369,housing,prismatic,2024-T3,ALUMINIUM,turn-mill,269.24,228.02,118.21,20.175,14.2262,11,6,0.0898,3.81,none,zinc,12385,5000,2025-05-20,386.62,False
Q03906,housing,prismatic,2024-T3,ALUMINIUM,turn-mill,203.22,161.06,81.22,7.3901,4.3253,3,5,0.2,3.19,none,passivate,3874,397,2024-01-12,190.03,False
Q04622,gear blank,rotational,1.2312,STEEL,5-axis mill,465.9,132.97,132.97,50.785,15.4584,51,2,0.0655,4.73,none,none,14196,1122,2021-11-14,2726.3,False
Q02961,gear blank,rotational,42CrMo4,STEEL,turning,423.97,111.12,111.12,32.2784,8.4663,44,1,0.085,6.08,none,none,1776,1107,2023-04-27,691.94,False
Q00957,gear blank,rotational,1.2312,STEEL,turning,511.48,144.81,144.81,66.1262,17.7705,49,2,0.085,4.38,none,none,3743,2866,2024-12-21,1734.95,False
Q03188,gear blank,rotational,C45,STEEL,turn-mill,474.55,98.76,98.76,28.536,19.8352,56,1,0.085,3.68,none,none,10284,2161,2026-04-16,415.16,False
Q03858,fitting,rotational,303,STAINLESS,5-axis mill,153.78,76.48,76.48,5.6509,1.5593,12,2,0.0114,6.3,stress relieve,nitride,4940,623,2025-05-19,357.91,False
Q02763,fitting,rotational,303,STAINLESS,5-axis mill,182.61,92.28,92.28,9.7712,4.5069,7,1,0.0087,4.35,stress relieve,nitride,3826,2776,2022-01-03,349.4,True
Q04689,fitting,rotational,303,STAINLESS,5-axis mill,135.32,69.38,69.38,4.0932,2.5384,4,1,0.0087,5.74,stress relieve,nitride,6425,4083,2021-10-22,123.32,False
Q00984,fitting,rotational,316L,STAINLESS,5-axis mill,121.69,69.41,69.41,3.6835,2.6477,11,2,0.0087,5.48,stress relieve,nitride,5204,3201,2024-02-23,218.94,False
Q03821,housing,prismatic,440C,STAINLESS,turn-mill,207.63,71.4,35.33,4.0227,1.0362,13,1,0.0337,2.1,none,zinc,17,2,2023-11-13,267.55,False
Q04230,housing,prismatic,440C,STAINLESS,turn-mill,210.25,80.68,38.01,4.9518,1.577,13,1,0.0213,2.59,none,anodise,27,26,2025-12-28,470.34,False
Q02785,housing,prismatic,13-8Mo H1000,STAINLESS,turn-mill,191.64,66.79,32.22,3.2002,0.9468,7,1,0.0213,2.76,none,anodise,36,17,2026-02-03,288.99,True
Q00785,housing,prismatic,440C,STAINLESS,turn-mill,188.06,68.68,32.29,3.2033,2.3274,5,1,0.0229,2.62,none,anodise,16,4,2022-05-29,125.7,False
Q00549,housing,prismatic,15-5PH H1025,STAINLESS,forging + machining,67.65,65.89,44.4,1.5437,1.2845,10,3,0.1109,1.75,solution + age,passivate,1066,177,2026-06-19,65.75,False
Q03848,housing,prismatic,17-4PH H1025,STAINLESS,forging + machining,69.67,65.96,49.63,1.7792,1.1789,3,2,0.1109,1.95,solution + age,nitride,875,225,2022-09-29,56.38,False
Q01558,housing,prismatic,17-4PH H1025,STAINLESS,turn-mill,61.94,58.07,44.43,1.2464,0.4768,10,4,0.1109,2.18,solution + age,passivate,965,964,2023-05-24,53.8,True
Q03166,housing,prismatic,440C,STAINLESS,3-axis mill,67.07,63.12,47.49,1.5439,0.6394,3,2,0.1109,2.18,solution + age,passivate,1279,315,2023-12-28,41.31,False
Q01853,gear blank,rotational,303,STAINLESS,turning,1091.19,233.46,233.46,373.6803,161.8685,5,4,0.0423,6.3,harden + temper,none,50,10,2021-04-01,4427.23,True
Q01521,gear blank,rotational,303,STAINLESS,turning,969.39,198.47,198.47,239.9252,110.8905,6,4,0.0423,6.3,harden + temper,none,45,17,2023-04-12,3694.98,True
Q04926,gear blank,rotational,15-5PH H1025,STAINLESS,turning,1042.96,247.32,247.32,390.8156,301.9762,3,6,0.0874,5.17,harden + temper,none,91,23,2026-01-16,9414.01,False
Q02387,gear blank,rotational,303,STAINLESS,turning,991.4,199.17,199.17,247.111,89.9648,3,5,0.0423,4.64,harden + temper,none,139,66,2025-04-12,3842.47,True
Q02160,fitting,rotational,Waspaloy,NICKEL,turning,48.09,43.47,43.47,0.5845,0.2866,15,4,0.005,3.61,solution + age,anodise,74,31,2023-01-24,121.4,True
Q03741,fitting,rotational,Inconel 625,NICKEL,turning,34.84,31.57,31.57,0.2302,0.1469,16,3,0.005,3.98,solution + age,anodise,27,5,2021-08-29,46.76,True
Q02538,fitting,rotational,Inconel 718,NICKEL,turning,43.68,39.73,39.73,0.4435,0.2872,13,4,0.005,4.43,solution + age,anodise,95,18,2025-09-18,83.76,False
Q03888,fitting,rotational,Inconel 625,NICKEL,turning,45.65,42.08,42.08,0.5358,0.1904,11,4,0.005,4.16,solution + age,anodise,162,49,2023-03-03,99.29,False
Q02984,bushing,rotational,C101,COPPER,5-axis mill,162.08,85.66,85.66,8.3507,2.9616,52,3,0.1342,0.81,none,zinc,72,9,2023-10-22,305.31,True
Q04947,bushing,rotational,C101,COPPER,5-axis mill,137.93,81.96,81.96,6.5051,4.8082,59,2,0.1342,0.72,none,zinc,106,67,2026-03-09,167.63,False
Q00380,bushing,rotational,C101,COPPER,5-axis mill,143.52,71.63,71.63,5.1703,1.4674,48,3,0.1342,0.69,none,zinc,445,158,2025-05-10,273.49,False
Q04548,bushing,rotational,C101,COPPER,5-axis mill,177.52,90.87,90.87,10.2931,5.9209,56,2,0.1342,0.89,none,zinc,168,153,2021-03-01,327.79,False
Q01742,fitting,rotational,Ti-6Al-4V,TITANIUM,forging + machining,100.9,104.1,104.1,3.8042,3.0747,3,4,0.0078,6.26,harden + temper,anodise,121,79,2025-01-30,582.82,True
Q04989,fitting,rotational,Ti-6Al-4V,TITANIUM,forging + machining,103.5,105.96,105.96,4.0434,2.8088,3,2,0.0073,6.0,harden + temper,anodise,109,65,2023-11-19,673.18,True
Q04536,fitting,rotational,Ti-6Al-4V,TITANIUM,forging + machining,101.0,107.17,107.17,4.0362,2.8018,6,4,0.0078,5.82,harden + temper,passivate,66,5,2021-12-06,778.33,True
Q00737,fitting,rotational,Ti-6Al-4V ELI,TITANIUM,forging + machining,106.77,103.38,103.38,3.9699,3.2341,6,2,0.0078,5.54,harden + temper,anodise,89,64,2022-11-03,792.24,False
Q01870,fitting,rotational,Ti-6Al-4V ELI,TITANIUM,forging + machining,175.49,171.63,171.63,17.9861,15.1754,5,4,0.0479,4.58,stress relieve,paint,16628,4329,2026-01-30,2674.08,False
Q02922,fitting,rotational,Ti-6Al-4V,TITANIUM,forging + machining,148.18,139.55,139.55,10.0403,8.3339,11,3,0.0229,3.53,stress relieve,paint,27212,4912,2021-08-31,1255.17,False
Q00891,fitting,rotational,Ti-6Al-4V,TITANIUM,forging + machining,191.54,198.72,198.72,26.3157,17.9911,3,3,0.0301,3.9,stress relieve,paint,50000,5000,2025-07-01,3426.19,True
Q03248,fitting,rotational,Ti-6Al-4V,TITANIUM,forging + machining,209.67,207.74,207.74,31.4827,23.3176,7,3,0.022,2.68,stress relieve,nitride,50000,5000,2025-03-18,4572.43,False
Q02035,plate,prismatic,16MnCr5,STEEL,forging + machining,613.44,609.18,235.06,689.5411,524.2437,20,6,0.0438,3.17,stress relieve,nitride,40760,5000,2022-09-02,12277.24,False
Q03255,plate,prismatic,42CrMo4,STEEL,forging + machining,611.56,597.31,254.08,728.5698,460.5036,12,6,0.0501,4.52,stress relieve,nitride,38581,5000,2021-01-07,13050.0,False
Q03016,plate,prismatic,16MnCr5,STEEL,forging + machining,543.2,541.27,206.73,477.1528,353.386,20,6,0.0438,4.12,stress relieve,nitride,36425,5000,2021-07-27,6446.33,False
Q03170,plate,prismatic,42CrMo4,STEEL,forging + machining,500.36,497.91,202.09,395.222,334.5969,17,6,0.0438,3.23,stress relieve,nitride,50000,5000,2024-07-29,4080.14,True
Q02487,gear blank,rotational,1.2312,STEEL,forging + machining,564.77,189.06,189.06,124.4566,89.9994,3,5,0.0608,3.34,stress relieve,anodise,2762,500,2022-09-01,2125.7,False
Q01472,gear blank,rotational,1.2312,STEEL,turn-mill,641.35,234.19,234.19,216.8741,151.202,4,3,0.0719,2.48,stress relieve,anodise,1215,957,2026-04-17,3816.39,True
Q04921,gear blank,rotational,S355JR,STEEL,turn-mill,532.22,203.0,203.0,135.226,30.8828,10,5,0.0719,3.27,stress relieve,anodise,1687,849,2022-08-24,2397.13,True
Q00795,gear blank,rotational,1.2312,STEEL,turn-mill,699.96,215.96,215.96,201.2601,118.9562,4,5,0.0719,2.86,stress relieve,anodise,1702,187,2023-09-04,3577.16,True
Q02446,housing,prismatic,17-4PH H1025,STAINLESS,5-axis mill,440.38,273.77,87.11,81.9153,36.1867,3,1,0.1795,3.27,solution + age,zinc,166,129,2021-07-24,2659.59,False
Q01858,housing,prismatic,303,STAINLESS,5-axis mill,479.45,290.05,97.56,108.5328,71.0842,6,2,0.0487,3.36,solution + age,zinc,194,16,2022-06-19,1938.58,False
Q01693,housing,prismatic,303,STAINLESS,3-axis mill,441.1,278.18,90.87,89.1993,44.6979,6,3,0.1795,3.83,solution + age,paint,403,155,2021-09-07,1055.52,False
Q02688,housing,prismatic,17-4PH H1025,STAINLESS,5-axis mill,477.07,287.77,91.74,98.2414,46.3894,4,3,0.1221,3.65,solution + age,zinc,402,332,2025-01-14,3158.07,False
Q00200,gear blank,rotational,1.2312,STEEL,turn-mill,177.86,110.38,110.38,13.3592,2.857,3,5,0.0395,5.17,harden + temper,none,446,126,2026-04-19,473.74,False
Q03249,gear blank,rotational,1.2312,STEEL,turn-mill,181.1,100.74,100.74,11.3305,7.9574,10,6,0.0291,5.07,harden + temper,none,1265,80,2023-08-08,259.28,False
Q01044,gear blank,rotational,C45,STEEL,turning,158.05,100.11,100.11,9.7652,4.4184,9,6,0.0457,3.86,harden + temper,none,390,176,2022-09-15,144.07,False
Q00967,gear blank,rotational,1.2312,STEEL,turn-mill,176.73,101.15,101.15,11.1477,3.6309,9,6,0.03,4.16,harden + temper,none,974,509,2026-02-24,488.66,False
Q04540,shaft,rotational,303,STAINLESS,forging + machining,482.07,124.98,124.98,47.3124,35.3188,5,5,0.0317,2.29,harden + temper,nitride,2597,1413,2022-07-12,816.33,False
Q02647,shaft,rotational,13-8Mo H1000,STAINLESS,forging + machining,535.54,147.39,147.39,70.9085,42.9852,3,6,0.0352,2.66,harden + temper,zinc,2142,786,2022-11-18,4028.55,True
Q01994,shaft,rotational,303,STAINLESS,forging + machining,519.64,136.63,136.63,60.9485,45.7328,3,4,0.038,1.43,harden + temper,nitride,712,702,2022-08-18,1161.73,False
Q03023,shaft,rotational,303,STAINLESS,forging + machining,614.98,142.42,142.42,78.3713,57.8321,3,6,0.0312,2.27,harden + temper,nitride,1995,273,2024-05-02,1227.82,False
Q04263,flange,prismatic,S355JR,STEEL,forging + machining,71.44,75.08,6.61,0.2781,0.2025,19,5,0.1186,6.3,solution + age,anodise,50000,5000,2021-12-08,4.97,False
Q04790,flange,prismatic,42CrMo4,STEEL,forging + machining,64.78,73.75,6.29,0.2357,0.1919,21,5,0.1186,6.3,solution + age,passivate,38318,5000,2025-04-27,5.5,True
Q01580,flange,prismatic,C45,STEEL,forging + machining,65.94,80.15,6.99,0.2898,0.1798,16,5,0.1537,3.09,solution + age,anodise,22385,5000,2023-06-18,7.87,False
Q02679,flange,prismatic,S355JR,STEEL,5-axis mill,60.34,71.38,5.7,0.1928,0.0435,20,3,0.1186,5.93,solution + age,anodise,25684,5000,2025-08-30,8.73,False
Q00825,shaft,rotational,16MnCr5,STEEL,turn-mill,702.64,71.97,71.97,22.4398,6.5405,6,3,0.1125,5.91,harden + temper,paint,636,345,2023-10-16,485.26,False
Q00569,shaft,rotational,16MnCr5,STEEL,forging + machining,617.86,63.65,63.65,15.4338,12.2177,8,3,0.1125,4.22,harden + temper,nitride,3984,3615,2024-06-13,197.45,True
Q03836,shaft,rotational,42CrMo4,STEEL,forging + machining,755.97,82.15,82.15,31.4524,21.139,3,5,0.1125,6.3,harden + temper,nitride,1597,1132,2025-10-25,357.71,True
Q00248,shaft,rotational,16MnCr5,STEEL,forging + machining,631.15,75.79,75.79,22.3528,15.4104,3,3,0.2,4.19,harden + temper,nitride,3807,2382,2024-01-28,283.71,False
Q01828,bracket,prismatic,6026-T9,ALUMINIUM,5-axis mill,82.12,42.17,43.37,0.4055,0.0823,22,1,0.1751,5.83,stress relieve,paint,1272,213,2024-10-09,18.0,True
Q03322,bracket,prismatic,5083-H111,ALUMINIUM,5-axis mill,96.14,52.29,45.83,0.6129,0.2601,16,3,0.0978,4.74,stress relieve,paint,358,179,2024-10-29,41.16,True
Q02218,bracket,prismatic,7075-T6,ALUMINIUM,5-axis mill,102.45,63.05,50.33,0.9137,0.7057,16,3,0.1751,2.78,stress relieve,paint,884,491,2025-05-09,25.35,False
Q03489,bracket,prismatic,7075-T6,ALUMINIUM,5-axis mill,107.12,59.26,48.17,0.8593,0.3602,18,2,0.1399,4.11,stress relieve,passivate,1045,921,2022-08-25,39.47,False
Q00118,bushing,rotational,303,STAINLESS,forging + machining,53.21,33.7,33.7,0.3798,0.2409,15,4,0.2,4.81,none,anodise,4003,2089,2021-09-01,7.94,False
Q04007,bushing,rotational,13-8Mo H1000,STAINLESS,forging + machining,65.92,41.09,41.09,0.6783,0.4604,11,4,0.1195,6.28,none,anodise,3992,2726,2021-12-07,34.64,False
Q01898,bushing,rotational,303,STAINLESS,forging + machining,75.62,53.23,53.23,1.3461,1.0557,8,2,0.2,4.45,none,paint,1371,906,2024-03-07,21.83,False
Q04930,bushing,rotational,303,STAINLESS,forging + machining,58.67,43.09,43.09,0.6845,0.4472,6,3,0.2,4.61,none,anodise,2392,376,2026-03-12,11.86,False
Q01517,bushing,rotational,16MnCr5,STEEL,turning,78.59,42.0,42.0,0.8546,0.2189,24,5,0.0142,4.43,stress relieve,passivate,3079,1824,2026-05-25,26.03,False
Q03986,bushing,rotational,1.2312,STEEL,turning,66.9,33.17,33.17,0.4539,0.2998,26,4,0.0142,5.2,stress relieve,passivate,1099,974,2025-07-08,12.77,False
Q04617,bushing,rotational,16MnCr5,STEEL,turning,74.74,35.86,35.86,0.5924,0.4684,17,5,0.0117,4.33,stress relieve,passivate,2453,352,2023-04-28,7.4,False
Q00961,bushing,rotational,C45,STEEL,turning,69.79,34.11,34.11,0.5008,0.1758,23,4,0.0142,5.1,stress relieve,passivate,2724,1457,2023-07-14,13.96,False
Q01503,flange,prismatic,16MnCr5,STEEL,turn-mill,46.83,26.1,8.02,0.077,0.0259,12,3,0.0896,2.91,solution + age,nitride,4595,3143,2025-12-23,4.77,False
Q04326,flange,prismatic,S355JR,STEEL,5-axis mill,38.1,20.81,6.83,0.0425,0.0173,6,5,0.0896,2.8,solution + age,passivate,3619,1265,2023-11-08,3.01,False
Q00570,flange,prismatic,1.2312,STEEL,5-axis mill,41.55,22.89,6.01,0.0449,0.0128,9,3,0.0896,2.83,solution + age,nitride,2492,2188,2025-11-06,6.92,False
Q01715,flange,prismatic,1.2312,STEEL,5-axis mill,38.98,22.87,5.98,0.0419,0.0106,4,3,0.1539,2.86,solution + age,paint,5395,2072,2022-11-10,2.43,False
Q03492,housing,prismatic,7075-T6,ALUMINIUM,turn-mill,39.36,34.42,18.57,0.0707,0.0429,58,3,0.0456,2.04,stress relieve,nitride,38852,4499,2024-11-26,8.84,False
Q04718,housing,prismatic,6061-T6,ALUMINIUM,turn-mill,41.61,40.25,22.2,0.1004,0.0583,58,4,0.0086,2.42,stress relieve,nitride,33411,5000,2024-11-29,12.17,False
Q04907,housing,prismatic,2024-T3,ALUMINIUM,turn-mill,37.57,33.53,19.2,0.0673,0.0396,58,3,0.0269,2.52,stress relieve,nitride,33245,5000,2022-06-07,8.04,False
Q01378,housing,prismatic,2024-T3,ALUMINIUM,forging + machining,45.18,49.2,25.14,0.1554,0.1097,49,2,0.0184,1.79,stress relieve,passivate,30711,5000,2023-08-18,10.18,False
Q02651,bushing,rotational,S355JR,STEEL,turn-mill,96.39,33.88,33.88,0.6824,0.4627,5,4,0.0334,3.88,solution + age,paint,156,65,2023-01-08,14.16,True
Q04090,bushing,rotational,16MnCr5,STEEL,turning,92.2,35.12,35.12,0.7012,0.2171,6,2,0.0399,3.59,solution + age,nitride,174,92,2024-05-18,17.71,False
Q01314,bushing,rotational,S355JR,STEEL,turning,91.78,35.81,35.81,0.7256,0.1613,15,4,0.0334,3.36,solution + age,nitride,78,29,2025-06-02,21.47,True
Q01911,bushing,rotational,S355JR,STEEL,turning,121.0,48.62,48.62,1.7634,0.8499,10,3,0.032,4.09,solution + age,nitride,266,150,2025-12-02,26.72,False
Q04414,bushing,rotational,POM-C,POLYMER,5-axis mill,24.38,15.86,15.86,0.0068,0.0035,5,3,0.1227,2.29,harden + temper,zinc,111,88,2022-11-10,7.91,False
Q04900,bushing,rotational,POM-C,POLYMER,turn-mill,20.42,13.68,13.68,0.0042,0.0032,9,4,0.0814,4.17,harden + temper,zinc,180,84,2026-06-04,9.18,False
Q01014,bushing,rotational,PA66,POLYMER,5-axis mill,36.56,22.6,22.6,0.0167,0.0061,9,3,0.1557,4.33,harden + temper,zinc,203,160,2023-05-02,4.78,True
Q00619,bushing,rotational,POM-C,POLYMER,5-axis mill,30.82,17.46,17.46,0.0104,0.0022,4,2,0.0654,3.61,harden + temper,nitride,19,4,2022-12-21,93.39,False
Q03972,fitting,rotational,13-8Mo H1000,STAINLESS,turning,65.09,43.76,43.76,0.7596,0.2535,14,5,0.1979,0.94,stress relieve,zinc,102,95,2025-10-06,33.16,False
Q03068,fitting,rotational,303,STAINLESS,turning,82.45,54.73,54.73,1.552,1.004,9,5,0.1979,0.94,stress relieve,passivate,198,139,2024-06-26,19.63,False
Q03441,fitting,rotational,13-8Mo H1000,STAINLESS,turning,88.92,56.98,56.98,1.7595,1.235,6,5,0.1979,1.16,stress relieve,passivate,135,72,2023-07-10,52.11,False
Q01447,fitting,rotational,13-8Mo H1000,STAINLESS,turning,81.9,48.06,48.06,1.1527,0.4951,16,6,0.1979,1.26,stress relieve,passivate,42,21,2022-04-09,61.46,False
Q02491,fitting,rotational,304L,STAINLESS,5-axis mill,174.48,90.38,90.38,8.9555,5.5092,18,6,0.0333,6.3,none,nitride,146,84,2024-10-01,317.36,True
Q04517,fitting,rotational,304L,STAINLESS,5-axis mill,190.39,98.2,98.2,11.535,7.3276,14,6,0.0333,4.93,none,nitride,113,17,2024-02-29,424.6,True
Q01191,fitting,rotational,304L,STAINLESS,5-axis mill,176.65,91.85,91.85,9.3634,5.3416,9,6,0.0104,5.83,none,nitride,118,117,2023-01-27,415.19,True
Q01136,fitting,rotational,316L,STAINLESS,5-axis mill,161.58,80.69,80.69,6.6095,5.1767,10,5,0.0333,6.0,none,nitride,114,51,2024-10-21,190.6,True
Q02154,gear blank,rotational,S355JR,STEEL,turn-mill,203.33,97.64,97.64,11.9526,5.5117,25,1,0.02,6.3,harden + temper,paint,256,189,2025-12-11,345.61,False
Q03294,gear blank,rotational,16MnCr5,STEEL,turning,184.54,80.41,80.41,7.3555,3.1834,22,2,0.0204,6.03,harden + temper,paint,680,607,2025-05-09,152.36,False
Q01568,gear blank,rotational,1.2312,STEEL,turn-mill,189.22,86.27,86.27,8.683,3.8576,27,2,0.02,6.3,harden + temper,paint,346,313,2024-03-25,491.52,False
Q03261,gear blank,rotational,16MnCr5,STEEL,turn-mill,147.6,71.22,71.22,4.6163,1.4821,30,1,0.02,6.3,harden + temper,paint,461,421,2021-12-25,189.43,False
Q02690,bushing,rotational,PEEK,POLYMER,5-axis mill,20.06,17.98,17.98,0.0066,0.0032,21,4,0.0189,1.33,stress relieve,passivate,8906,5000,2021-10-04,3.17,False
Q03584,bushing,rotational,POM-C,POLYMER,5-axis mill,15.53,15.74,15.74,0.0043,0.0016,18,4,0.039,1.32,stress relieve,nitride,21944,5000,2024-08-09,4.41,True
Q03102,bushing,rotational,POM-C,POLYMER,5-axis mill,19.13,19.48,19.48,0.008,0.0027,18,3,0.039,1.27,stress relieve,passivate,13895,5000,2021-02-11,1.5,True
Q03970,bushing,rotational,PEEK,POLYMER,5-axis mill,13.48,14.07,14.07,0.0027,0.001,19,5,0.0362,1.31,stress relieve,passivate,26030,5000,2022-01-07,2.04,False
Q02361,manifold,prismatic,5083-H111,ALUMINIUM,turn-mill,477.89,447.46,46.61,26.5134,11.8637,21,5,0.0283,4.13,solution + age,anodise,23719,5000,2023-02-12,1960.74,False
Q04421,manifold,prismatic,6026-T9,ALUMINIUM,turn-mill,281.65,301.22,29.81,6.8292,4.8572,22,3,0.0171,4.45,solution + age,anodise,5150,1346,2021-08-23,187.68,False
Q03936,manifold,prismatic,5083-H111,ALUMINIUM,5-axis mill,477.1,491.25,53.94,33.6263,26.6798,17,5,0.0171,5.88,solution + age,anodise,15046,5000,2024-07-03,1987.74,True
Q01229,manifold,prismatic,6082-T6,ALUMINIUM,turn-mill,491.2,523.9,56.33,39.1388,21.5395,18,4,0.0282,6.0,solution + age,anodise,6553,3701,2025-03-08,1511.07,False
Q00181,shaft,rotational,6061-T6,ALUMINIUM,5-axis mill,40.48,5.02,5.02,0.0022,0.0008,5,2,0.0053,0.84,solution + age,anodise,8571,5000,2025-01-15,1.66,False
Q03088,shaft,rotational,6026-T9,ALUMINIUM,5-axis mill,48.74,5.72,5.72,0.0034,0.0019,11,3,0.0053,1.06,solution + age,anodise,4593,866,2023-12-01,2.33,False
Q01289,shaft,rotational,7075-T6,ALUMINIUM,5-axis mill,44.11,5.63,5.63,0.0031,0.0009,3,1,0.0053,1.18,solution + age,anodise,11800,5000,2023-02-14,2.15,False
Q04313,shaft,rotational,6026-T9,ALUMINIUM,5-axis mill,39.82,4.65,4.65,0.0018,0.0011,8,1,0.0067,0.94,solution + age,anodise,5574,5000,2023-06-23,1.86,False
Q04977,gear blank,rotational,16MnCr5,STEEL,turn-mill,409.87,145.81,145.81,53.7237,32.602,15,6,0.0612,3.66,stress relieve,nitride,296,199,2023-06-23,1090.13,False
Q01801,gear blank,rotational,16MnCr5,STEEL,turn-mill,512.22,196.0,196.0,121.3243,86.1483,7,6,0.0883,2.15,stress relieve,nitride,2251,2168,2021-04-29,1158.56,False
Q04386,gear blank,rotational,16MnCr5,STEEL,turn-mill,414.48,150.21,150.21,57.6595,27.7973,7,6,0.0427,4.64,stress relieve,nitride,372,362,2025-05-28,1250.85,False
Q01200,gear blank,rotational,16MnCr5,STEEL,turn-mill,311.47,126.25,126.25,30.6101,15.5816,15,6,0.0921,3.18,stress relieve,nitride,1096,195,2023-12-18,562.33,True
Q00254,fitting,rotational,304L,STAINLESS,5-axis mill,150.66,77.37,77.37,5.6669,2.029,4,2,0.005,6.3,stress relieve,paint,77,55,2021-01-18,385.9,True
Q02891,fitting,rotational,304L,STAINLESS,5-axis mill,131.8,79.77,79.77,5.2695,3.7314,3,2,0.0067,6.3,stress relieve,paint,251,60,2021-05-09,157.36,True
Q02186,fitting,rotational,304L,STAINLESS,5-axis mill,113.39,62.18,62.18,2.7544,0.7137,7,4,0.0067,6.3,stress relieve,paint,61,21,2024-01-08,343.37,False
Q03467,fitting,rotational,316L,STAINLESS,5-axis mill,103.13,62.52,62.52,2.533,1.7606,7,3,0.0069,5.78,stress relieve,paint,59,44,2025-08-06,138.58,True
Q01288,pin,rotational,316L,STAINLESS,turning,5.77,6.71,6.71,0.0016,0.0012,9,2,0.0449,0.4,harden + temper,nitride,2298,1443,2025-06-09,4.24,True
Q03122,pin,rotational,316L,STAINLESS,turning,5.64,5.64,5.64,0.0011,0.0008,3,3,0.0613,0.5,harden + temper,nitride,8730,5000,2023-05-29,4.43,True
Q03259,pin,rotational,316L,STAINLESS,turning,5.22,5.1,5.1,0.0009,0.0006,8,3,0.0297,0.49,harden + temper,nitride,2480,1147,2023-01-27,2.96,False
Q03847,pin,rotational,316L,STAINLESS,turning,4.44,4.67,4.67,0.0006,0.0005,3,2,0.0424,0.4,harden + temper,zinc,1401,647,2021-08-14,1.27,False
Q04042,shaft,rotational,16MnCr5,STEEL,forging + machining,917.95,131.71,131.71,98.1749,76.4223,4,4,0.0544,5.25,none,paint,7567,1003,2024-06-02,954.35,False
Q02132,shaft,rotational,S355JR,STEEL,forging + machining,852.85,143.0,143.0,107.5211,85.7139,10,4,0.1302,4.83,none,paint,1678,1139,2025-12-28,686.2,False
Q00245,shaft,rotational,S355JR,STEEL,forging + machining,582.44,104.14,104.14,38.941,28.4418,5,3,0.1302,5.38,none,passivate,7112,2075,2021-01-23,262.84,False
Q01060,shaft,rotational,S355JR,STEEL,forging + machining,749.7,132.5,132.5,81.1439,54.4911,10,3,0.1335,4.98,none,paint,1321,918,2023-08-02,848.28,False
Q03313,bushing,rotational,PA66,POLYMER,5-axis mill,29.63,27.36,27.36,0.0199,0.0152,8,3,0.0524,0.75,harden + temper,none,15,7,2025-03-27,85.78,False
Q02196,bushing,rotational,PA66,POLYMER,5-axis mill,27.95,20.9,20.9,0.0109,0.0075,15,3,0.0363,1.07,harden + temper,paint,15,4,2023-01-20,148.89,False
Q00014,bushing,rotational,POM-C,POLYMER,5-axis mill,22.64,20.75,20.75,0.0108,0.0035,7,2,0.0524,0.77,harden + temper,paint,10,9,2021-03-09,33.09,False
Q04322,bushing,rotational,PEEK,POLYMER,5-axis mill,28.72,22.58,22.58,0.0149,0.0078,15,2,0.1297,1.17,harden + temper,paint,11,1,2022-11-13,385.42,False
Q01777,housing,prismatic,7075-T6,ALUMINIUM,3-axis mill,289.26,198.54,120.83,19.4993,6.7328,55,5,0.0343,4.62,none,anodise,13731,4988,2021-02-07,1086.04,False
Q04837,housing,prismatic,5083-H111,ALUMINIUM,3-axis mill,335.1,213.97,136.24,25.9845,16.8044,54,4,0.0171,6.19,none,anodise,29970,5000,2025-08-28,1444.39,True
Q00914,housing,prismatic,7075-T6,ALUMINIUM,5-axis mill,300.58,201.42,132.9,22.6101,13.789,59,6,0.0171,4.3,none,anodise,13822,2676,2022-07-06,2262.95,False
Q02369,housing,prismatic,7075-T6,ALUMINIUM,3-axis mill,300.15,180.87,124.0,18.9154,13.3935,60,4,0.0245,3.38,none,anodise,50000,5000,2021-02-16,777.72,True
Q02758,housing,prismatic,42CrMo4,STEEL,forging + machining,145.28,70.5,71.28,5.731,3.5806,24,1,0.0456,3.36,harden + temper,none,21,20,2021-04-22,124.25,False
Q00375,housing,prismatic,4140,STEEL,forging + machining,136.31,75.13,78.68,6.3257,4.3838,27,2,0.0476,2.78,harden + temper,none,153,18,2025-02-11,156.98,False
Q02670,housing,prismatic,S355JR,STEEL,forging + machining,120.38,66.23,65.44,4.0958,3.3019,26,1,0.0561,3.34,harden + temper,nitride,61,28,2024-03-24,59.35,False
Q01714,housing,prismatic,S355JR,STEEL,forging + machining,123.53,68.59,64.61,4.2972,3.0388,24,2,0.0561,2.04,harden + temper,none,55,24,2021-08-31,68.67,False
Q04923,fitting,rotational,15-5PH H1025,STAINLESS,5-axis mill,164.88,89.96,89.96,8.1744,6.2512,32,5,0.0536,4.57,stress relieve,none,10,1,2022-07-15,1181.05,False
Q03740,fitting,rotational,303,STAINLESS,5-axis mill,162.67,70.15,70.15,5.0294,1.6938,35,6,0.0536,3.81,stress relieve,nitride,10,2,2025-06-16,880.14,False
Q03080,fitting,rotational,15-5PH H1025,STAINLESS,5-axis mill,189.61,86.47,86.47,8.6857,1.7652,30,5,0.0846,4.95,stress relieve,passivate,25,8,2023-08-24,706.43,True
Q04511,fitting,rotational,15-5PH H1025,STAINLESS,turning,174.48,87.29,87.29,8.1445,3.5505,37,6,0.0536,5.14,stress relieve,anodise,10,4,2023-12-27,373.07,False
Q02353,gear blank,rotational,16MnCr5,STEEL,turn-mill,596.42,435.07,435.07,696.0263,369.501,13,6,0.0112,2.23,solution + age,paint,2566,350,2021-08-19,22905.47,False
Q01327,gear blank,rotational,4140,STEEL,turn-mill,595.63,446.1,446.1,730.8134,572.1915,13,6,0.0112,3.53,solution + age,paint,3640,1059,2023-11-19,12045.67,False
Q01442,gear blank,rotational,4140,STEEL,turn-mill,571.45,457.85,457.85,738.5457,168.7326,4,5,0.0138,3.96,solution + age,paint,1738,1211,2026-05-31,31167.51,True
Q04571,gear blank,rotational,16MnCr5,STEEL,turn-mill,553.69,384.57,384.57,504.8698,243.3727,3,6,0.0112,4.88,solution + age,paint,2328,1053,2022-09-02,16005.54,False
Q04436,shaft,rotational,4140,STEEL,turning,51.17,4.77,4.77,0.0072,0.0023,3,4,0.0142,1.19,none,anodise,1864,1835,2021-09-11,1.64,False
Q00624,shaft,rotational,S355JR,STEEL,turning,47.99,4.6,4.6,0.0063,0.0016,6,4,0.0298,1.21,none,anodise,907,531,2024-03-25,1.79,False
Q02600,shaft,rotational,1.2312,STEEL,turning,55.01,5.97,5.97,0.0121,0.0091,4,6,0.0173,1.32,none,anodise,798,580,2026-06-29,1.73,False
Q04876,shaft,rotational,1.2312,STEEL,turning,47.57,5.58,5.58,0.0091,0.0023,4,5,0.0173,1.07,none,anodise,511,138,2025-04-03,3.0,False
Q02436,pin,rotational,1.2312,STEEL,5-axis mill,44.81,6.21,6.21,0.0107,0.0082,10,3,0.022,3.09,stress relieve,nitride,5588,1523,2021-09-11,5.38,False
Q02227,pin,rotational,42CrMo4,STEEL,5-axis mill,37.24,6.22,6.22,0.0089,0.0042,10,3,0.0469,2.28,stress relieve,anodise,10079,2250,2023-10-26,2.79,False
Q02794,pin,rotational,16MnCr5,STEEL,5-axis mill,43.77,6.78,6.78,0.0124,0.005,14,5,0.0469,2.32,stress relieve,anodise,1764,1679,2022-02-08,2.33,False
Q02592,pin,rotational,4140,STEEL,5-axis mill,37.71,5.61,5.61,0.0073,0.0028,9,4,0.0557,1.84,stress relieve,anodise,4631,1863,2022-07-27,2.02,False
Q04260,pin,rotational,1.2312,STEEL,5-axis mill,24.87,5.73,5.73,0.005,0.0031,29,6,0.0135,4.76,none,passivate,674,419,2024-09-30,5.14,False
Q02388,pin,rotational,1.2312,STEEL,5-axis mill,26.24,6.1,6.1,0.006,0.0033,23,5,0.0113,4.0,none,paint,1336,664,2022-11-18,2.85,True
Q03853,pin,rotational,1.2312,STEEL,5-axis mill,39.45,9.04,9.04,0.0199,0.0041,25,4,0.0135,4.82,none,paint,473,160,2023-05-17,5.42,False
Q02036,pin,rotational,1.2312,STEEL,5-axis mill,31.13,6.17,6.17,0.0073,0.0056,21,4,0.0135,3.51,none,nitride,316,249,2024-09-03,6.32,True
Q04971,bushing,rotational,42CrMo4,STEEL,turning,77.04,44.92,44.92,0.9583,0.2242,19,3,0.0247,5.55,none,anodise,50000,5000,2021-01-12,19.94,True
Q02627,bushing,rotational,42CrMo4,STEEL,turning,102.65,50.1,50.1,1.5884,1.0005,14,3,0.0247,3.2,none,anodise,50000,5000,2024-07-03,19.71,True
Q01804,bushing,rotational,42CrMo4,STEEL,turning,99.4,45.49,45.49,1.2683,0.4453,14,3,0.0412,4.37,none,anodise,32984,5000,2021-10-03,26.53,False
Q01826,bushing,rotational,1.2312,STEEL,turning,104.09,46.42,46.42,1.3829,0.5574,10,3,0.034,5.42,none,paint,42947,5000,2021-03-28,24.51,True
Q03000,shaft,rotational,4140,STEEL,turning,605.19,78.73,78.73,23.1273,5.9034,20,6,0.0075,3.66,harden + temper,paint,77,27,2022-12-31,862.21,False
Q02284,shaft,rotational,4140,STEEL,forging + machining,536.3,84.59,84.59,23.6606,14.5748,13,5,0.0087,3.03,harden + temper,anodise,133,87,2023-11-20,796.21,False
Q02929,shaft,rotational,4140,STEEL,turning,492.78,74.56,74.56,16.8912,7.1327,17,6,0.0085,4.34,harden + temper,passivate,417,101,2022-04-11,373.87,False
Q00688,shaft,rotational,4140,STEEL,turning,623.03,97.34,97.34,36.3919,24.672,9,6,0.0085,4.48,harden + temper,anodise,155,123,2022-05-30,513.2,False
Q04459,housing,prismatic,S355JR,STEEL,5-axis mill,412.75,365.28,175.63,207.867,78.2456,7,6,0.0243,4.26,solution + age,paint,519,272,2024-06-13,7127.82,False
Q02383,housing,prismatic,4140,STEEL,5-axis mill,537.04,545.3,246.07,565.6817,159.4519,3,6,0.0243,3.75,solution + age,passivate,110,9,2021-12-17,12429.14,True
Q04453,housing,prismatic,C45,STEEL,5-axis mill,496.18,424.14,192.88,318.6436,152.0613,3,6,0.0288,5.53,solution + age,paint,121,54,2021-05-29,8186.22,False
Q01231,housing,prismatic,42CrMo4,STEEL,5-axis mill,463.9,404.39,191.8,282.4586,164.5343,7,5,0.0384,3.64,solution + age,paint,327,193,2022-10-12,5939.03,False
Q04811,fitting,rotational,Inconel 625,NICKEL,turning,51.76,43.05,43.05,0.6358,0.2159,9,4,0.0099,2.68,stress relieve,nitride,173,91,2024-10-26,109.01,True
Q01158,fitting,rotational,Inconel 718,NICKEL,forging + machining,45.44,44.54,44.54,0.5798,0.3633,3,4,0.0099,3.03,stress relieve,paint,212,209,2024-07-24,126.69,False
Q02892,fitting,rotational,Inconel 625,NICKEL,turning,56.77,49.39,49.39,0.9181,0.1894,8,4,0.0099,3.17,stress relieve,paint,174,159,2026-01-18,143.69,False
Q02169,fitting,rotational,Inconel 625,NICKEL,turning,43.23,38.01,38.01,0.414,0.16,5,5,0.0099,2.84,stress relieve,paint,720,89,2021-03-17,47.31,False
Q04176,plate,prismatic,316L,STAINLESS,forging + machining,75.52,65.15,45.52,1.7918,1.4132,21,3,0.2,3.65,stress relieve,passivate,1513,568,2024-11-11,36.29,True
Q03989,plate,prismatic,304L,STAINLESS,forging + machining,92.63,72.57,45.52,2.4482,1.5084,31,2,0.2,5.15,stress relieve,passivate,1766,1358,2021-12-03,47.47,False
Q03756,plate,prismatic,304L,STAINLESS,forging + machining,84.72,65.05,41.14,1.8136,1.5165,29,1,0.2,5.2,stress relieve,passivate,1757,1245,2026-03-15,24.74,False
Q03899,plate,prismatic,304L,STAINLESS,forging + machining,86.68,79.3,49.94,2.7462,1.7507,30,1,0.2,5.61,stress relieve,passivate,1447,532,2023-11-23,67.62,False
Q00387,gear blank,rotational,15-5PH H1025,STAINLESS,turn-mill,602.17,127.01,127.01,59.5076,31.4722,3,3,0.005,5.93,harden + temper,none,3154,2360,2026-06-09,3907.63,True
Q03485,gear blank,rotational,440C,STAINLESS,turn-mill,459.91,108.05,108.05,32.3861,8.2287,13,2,0.005,4.05,harden + temper,none,8243,943,2022-02-10,3434.12,False
Q04659,gear blank,rotational,13-8Mo H1000,STAINLESS,turn-mill,717.2,160.85,160.85,113.0867,77.0755,3,2,0.005,5.55,harden + temper,none,2815,1702,2024-01-20,7830.74,False
Q04285,gear blank,rotational,13-8Mo H1000,STAINLESS,turn-mill,681.47,150.09,150.09,93.5625,63.162,9,4,0.005,6.3,harden + temper,none,3652,3576,2022-06-20,6418.89,False
Q01962,gear blank,rotational,S355JR,STEEL,turn-mill,239.06,187.37,187.37,51.7441,37.8721,54,1,0.0074,0.62,solution + age,anodise,17220,5000,2022-06-25,1417.4,False
Q04019,gear blank,rotational,S355JR,STEEL,turn-mill,233.52,229.74,229.74,75.9913,42.5297,54,2,0.0106,0.4,solution + age,anodise,50000,4947,2021-03-31,3331.31,False
Q02093,gear blank,rotational,4140,STEEL,turn-mill,185.06,166.11,166.11,31.4842,19.8483,60,2,0.0127,0.59,solution + age,anodise,50000,5000,2025-06-20,1820.63,False
Q01072,gear blank,rotational,C45,STEEL,forging + machining,297.85,251.19,251.19,115.865,89.599,56,1,0.0106,0.58,solution + age,anodise,43005,5000,2025-03-11,2866.79,False
Q04638,pin,rotational,304L,STAINLESS,turning,4.26,4.08,4.08,0.0004,0.0003,7,6,0.0225,0.56,harden + temper,passivate,10,6,2023-11-30,43.32,False
Q04572,pin,rotational,304L,STAINLESS,turning,4.62,5.03,5.03,0.0007,0.0004,3,6,0.0273,0.63,harden + temper,passivate,10,3,2021-01-09,65.96,True
Q01185,pin,rotational,304L,STAINLESS,turning,5.56,5.51,5.51,0.0011,0.0005,3,6,0.0273,0.6,harden + temper,passivate,35,17,2024-10-09,13.74,False
Q02445,pin,rotational,440C,STAINLESS,turning,5.81,5.61,5.61,0.0011,0.0008,3,6,0.0273,0.59,harden + temper,passivate,16,3,2025-01-24,78.41,True
Q03627,housing,prismatic,13-8Mo H1000,STAINLESS,forging + machining,63.96,72.29,36.35,1.3041,0.8549,3,5,0.0682,1.79,solution + age,anodise,10,2,2023-05-10,387.01,False
Q04725,housing,prismatic,303,STAINLESS,forging + machining,65.32,73.2,44.52,1.7029,1.3748,9,6,0.0608,1.44,solution + age,paint,33,9,2021-07-14,105.72,False
Q04857,housing,prismatic,15-5PH H1025,STAINLESS,forging + machining,76.79,80.15,51.96,2.4946,1.5538,4,6,0.0485,1.72,solution + age,paint,38,35,2026-06-17,114.88,True
Q02039,housing,prismatic,13-8Mo H1000,STAINLESS,forging + machining,69.42,72.96,45.39,1.7838,1.3799,3,5,0.0682,1.77,solution + age,paint,21,10,2021-01-01,175.67,False
Q03883,manifold,prismatic,13-8Mo H1000,STAINLESS,3-axis mill,101.63,70.36,54.35,3.0159,1.6945,21,2,0.0349,2.2,solution + age,passivate,51,28,2024-02-15,151.93,True
Q01384,manifold,prismatic,316L,STAINLESS,3-axis mill,103.89,69.77,57.01,3.3063,2.4364,21,3,0.0349,2.8,solution + age,passivate,126,34,2026-05-27,91.05,False
Q02380,manifold,prismatic,316L,STAINLESS,5-axis mill,88.91,62.91,48.12,2.1533,1.2064,19,2,0.0349,3.2,solution + age,passivate,186,80,2021-07-06,97.39,False
Q02146,manifold,prismatic,15-5PH H1025,STAINLESS,3-axis mill,87.06,59.5,46.58,1.8821,0.3912,22,3,0.0349,1.99,solution + age,passivate,192,190,2025-02-21,91.94,False
Q02586,bracket,prismatic,Ti-10V-2Fe-3Al,TITANIUM,3-axis mill,216.45,118.6,93.37,11.1458,2.454,3,2,0.0811,1.91,none,none,3426,1797,2022-09-10,2087.36,False
Q03881,bracket,prismatic,Ti-10V-2Fe-3Al,TITANIUM,3-axis mill,223.16,114.62,82.19,9.7757,2.1259,3,1,0.1422,1.49,none,none,1771,464,2022-08-11,1430.01,True
Q01932,bracket,prismatic,Ti-10V-2Fe-3Al,TITANIUM,3-axis mill,171.77,92.12,75.12,5.5274,2.4814,9,1,0.0624,2.42,none,none,2882,2085,2022-06-05,961.74,False
Q01165,bracket,prismatic,Ti-10V-2Fe-3Al,TITANIUM,5-axis mill,175.48,89.94,78.08,5.7303,3.7979,4,1,0.0811,3.05,none,none,5664,4587,2021-02-26,1146.05,False
Q02994,bracket,prismatic,Ti-6Al-4V,TITANIUM,forging + machining,32.18,22.92,4.23,0.0138,0.01,3,5,0.0061,5.44,harden + temper,none,240,35,2023-03-01,20.78,False
Q01614,bracket,prismatic,Ti-6Al-4V,TITANIUM,forging + machining,30.84,20.84,4.0,0.0114,0.0081,11,4,0.0061,5.32,harden + temper,nitride,2177,1043,2023-02-01,7.63,False
Q02884,bracket,prismatic,Ti-6Al-4V,TITANIUM,forging + machining,31.89,24.6,4.66,0.0162,0.0138,3,3,0.0061,3.76,harden + temper,none,583,32,2026-04-27,15.82,True
Q04604,bracket,prismatic,Ti-6Al-4V,TITANIUM,forging + machining,29.8,19.84,4.0,0.0105,0.0074,3,3,0.0061,3.3,harden + temper,none,412,91,2023-10-26,7.3,False
Q02717,housing,prismatic,C45,STEEL,forging + machining,114.51,125.67,83.21,9.3995,5.6482,7,2,0.165,3.46,solution + age,nitride,102,100,2025-01-11,129.25,False
Q04235,housing,prismatic,16MnCr5,STEEL,forging + machining,142.72,162.67,107.39,19.5715,16.3377,3,1,0.165,3.52,solution + age,nitride,84,38,2025-11-13,165.55,False
Q03252,housing,prismatic,C45,STEEL,forging + machining,124.65,145.77,100.63,14.353,10.1744,3,3,0.1271,3.62,solution + age,nitride,121,78,2021-09-17,127.36,True
Q04596,housing,prismatic,C45,STEEL,forging + machining,132.22,151.69,88.71,13.967,9.6685,9,1,0.1961,3.53,solution + age,nitride,226,183,2026-03-17,151.7,True
Q01740,housing,prismatic,7075-T6,ALUMINIUM,turn-mill,248.18,154.58,107.04,11.5391,7.1994,3,2,0.0902,6.3,none,anodise,32977,5000,2023-08-28,304.8,True
Q01036,housing,prismatic,6026-T9,ALUMINIUM,turn-mill,280.25,165.8,122.07,15.3143,4.2627,9,3,0.1818,6.09,none,anodise,31322,3460,2024-12-19,396.85,False
Q02887,housing,prismatic,6026-T9,ALUMINIUM,turn-mill,187.34,121.93,100.92,6.2237,1.3965,5,1,0.1818,6.3,none,zinc,30539,3024,2025-05-31,179.26,False
Q04698,housing,prismatic,6026-T9,ALUMINIUM,turn-mill,249.77,137.71,118.47,11.0019,5.966,8,1,0.1818,5.4,none,nitride,33690,5000,2023-05-03,204.71,False
Q04028,shaft,rotational,1.2312,STEEL,turn-mill,712.83,97.31,97.31,41.6144,12.9959,21,4,0.0084,4.37,stress relieve,passivate,694,631,2022-05-04,2844.5,True
Q00211,shaft,rotational,1.2312,STEEL,turning,694.66,88.96,88.96,33.8902,13.4164,16,3,0.005,4.54,stress relieve,zinc,573,253,2023-06-10,1360.41,False
Q04653,shaft,rotational,1.2312,STEEL,turning,439.91,59.02,59.02,9.4468,5.0213,22,4,0.005,5.07,stress relieve,passivate,1187,131,2026-03-09,421.43,True
Q04493,shaft,rotational,1.2312,STEEL,turning,715.73,108.14,108.14,51.6074,35.5301,23,4,0.0063,4.52,stress relieve,passivate,1963,721,2025-10-08,1451.25,False
Q02472,gear blank,rotational,15-5PH H1025,STAINLESS,turn-mill,1379.94,337.56,337.56,963.2425,458.941,7,5,0.005,2.77,solution + age,anodise,17709,5000,2025-09-24,94949.31,False
Q00626,gear blank,rotational,15-5PH H1025,STAINLESS,forging + machining,1289.04,341.97,341.97,923.5062,583.2511,3,4,0.005,3.01,solution + age,anodise,18029,5000,2024-01-16,58625.73,False
Q00476,gear blank,rotational,316L,STAINLESS,turn-mill,1518.24,367.47,367.47,1288.1435,270.3238,4,3,0.005,2.91,solution + age,anodise,20339,5000,2024-02-08,121361.83,True
Q01856,gear blank,rotational,15-5PH H1025,STAINLESS,turn-mill,1277.89,331.44,331.44,859.9984,509.9732,10,3,0.005,4.89,solution + age,anodise,15310,5000,2023-08-27,60541.96,True
Q03796,housing,prismatic,6026-T9,ALUMINIUM,turn-mill,91.75,45.36,38.37,0.4312,0.1138,26,3,0.0078,2.51,solution + age,nitride,22408,5000,2026-01-28,33.31,True
Q00469,housing,prismatic,6026-T9,ALUMINIUM,turn-mill,117.83,56.6,50.28,0.9055,0.2199,29,3,0.0078,2.28,solution + age,nitride,16605,5000,2021-04-20,68.96,False
Q02854,housing,prismatic,6026-T9,ALUMINIUM,turn-mill,71.12,37.63,31.93,0.2307,0.1151,36,3,0.0078,2.96,solution + age,nitride,7041,4722,2025-09-12,18.99,True
Q02433,housing,prismatic,6082-T6,ALUMINIUM,turn-mill,76.23,35.63,34.37,0.252,0.1223,29,5,0.0078,3.06,solution + age,nitride,7090,5000,2024-03-26,30.22,False
Q01263,shaft,rotational,5083-H111,ALUMINIUM,5-axis mill,70.66,6.38,6.38,0.006,0.002,27,6,0.0114,0.88,stress relieve,anodise,599,322,2025-01-24,6.12,True
Q00044,shaft,rotational,5083-H111,ALUMINIUM,5-axis mill,60.82,4.82,4.82,0.003,0.0009,27,6,0.0144,1.05,stress relieve,anodise,1412,278,2022-05-04,6.81,False
Q01467,shaft,rotational,5083-H111,ALUMINIUM,5-axis mill,60.15,5.52,5.52,0.0038,0.001,22,5,0.0088,1.03,stress relieve,nitride,727,349,2022-04-03,7.56,False
Q02147,shaft,rotational,5083-H111,ALUMINIUM,5-axis mill,56.95,5.48,5.48,0.0036,0.0014,22,4,0.0114,1.14,stress relieve,anodise,616,87,2025-01-10,11.39,True
Q01834,housing,prismatic,S355JR,STEEL,5-axis mill,454.75,399.73,169.26,241.529,150.0775,3,4,0.034,4.58,none,anodise,1257,602,2025-05-02,3585.22,True
Q02296,housing,prismatic,42CrMo4,STEEL,5-axis mill,582.19,421.46,201.52,388.153,298.0236,3,5,0.0484,5.27,none,anodise,5075,4082,2025-11-24,4127.25,False
Q03865,housing,prismatic,42CrMo4,STEEL,5-axis mill,522.71,435.46,213.37,381.2531,103.4044,7,5,0.0233,5.35,none,anodise,1919,1413,2022-10-15,11651.62,True
Q04119,housing,prismatic,S355JR,STEEL,5-axis mill,554.33,494.69,199.25,428.9032,114.9262,3,5,0.0382,3.94,none,none,2517,1213,2025-08-03,13836.35,False
Q00451,shaft,rotational,C45,STEEL,turn-mill,67.03,11.96,11.96,0.0591,0.0282,4,2,0.0083,0.8,stress relieve,nitride,62,17,2022-04-26,17.58,False
Q03688,shaft,rotational,C45,STEEL,turn-mill,77.64,13.03,13.03,0.0813,0.0345,11,2,0.005,1.0,stress relieve,passivate,18,5,2023-02-05,57.71,False
Q01873,shaft,rotational,C45,STEEL,turn-mill,74.04,13.41,13.41,0.0821,0.0477,7,4,0.0113,0.86,stress relieve,nitride,10,2,2022-09-30,208.38,False
Q03768,shaft,rotational,S355JR,STEEL,turn-mill,66.69,10.07,10.07,0.0417,0.0296,11,2,0.006,1.16,stress relieve,paint,41,31,2025-04-01,9.83,False
Q03403,fitting,rotational,316L,STAINLESS,5-axis mill,188.99,83.66,83.66,8.3116,4.9337,17,2,0.0436,4.57,solution + age,passivate,32329,5000,2024-04-18,373.3,False
Q01971,fitting,rotational,316L,STAINLESS,5-axis mill,283.09,112.6,112.6,22.5501,16.6551,16,2,0.0436,5.79,solution + age,passivate,50000,5000,2021-12-14,662.57,False
Q02830,fitting,rotational,316L,STAINLESS,5-axis mill,250.75,88.71,88.71,12.3988,5.3103,19,1,0.0436,6.3,solution + age,passivate,43975,5000,2025-07-05,740.83,False
Q00658,fitting,rotational,13-8Mo H1000,STAINLESS,5-axis mill,301.71,114.38,114.38,24.0583,14.9847,20,2,0.0228,5.81,solution + age,anodise,35583,5000,2023-08-03,1653.11,False
Q00420,manifold,prismatic,13-8Mo H1000,STAINLESS,3-axis mill,130.27,91.69,60.89,5.6438,3.7987,4,4,0.0972,1.99,harden + temper,zinc,1384,155,2025-06-26,218.55,True
Q03728,manifold,prismatic,13-8Mo H1000,STAINLESS,3-axis mill,116.14,100.61,61.93,5.6156,2.2421,9,6,0.1344,1.6,harden + temper,zinc,2981,496,2026-04-19,204.13,True
Q04532,manifold,prismatic,15-5PH H1025,STAINLESS,3-axis mill,103.42,90.17,59.21,4.3068,2.3915,10,6,0.0972,1.76,harden + temper,zinc,1605,450,2023-05-24,136.57,False
Q03424,manifold,prismatic,303,STAINLESS,3-axis mill,81.94,61.75,39.35,1.593,0.8139,4,4,0.0972,1.65,harden + temper,zinc,674,441,2022-08-01,20.38,True
Q00188,bracket,prismatic,42CrMo4,STEEL,5-axis mill,141.37,99.1,75.34,8.2854,3.4924,8,2,0.0682,0.74,harden + temper,passivate,10,8,2021-11-20,252.96,False
Q03810,bracket,prismatic,42CrMo4,STEEL,5-axis mill,89.25,70.28,54.64,2.6905,1.4384,5,2,0.0868,1.12,harden + temper,passivate,25,2,2021-03-21,257.96,False
Q01734,bracket,prismatic,S355JR,STEEL,5-axis mill,143.15,97.82,82.57,9.0769,3.875,3,2,0.0554,1.04,harden + temper,passivate,23,1,2022-02-15,516.16,False
Q01377,bracket,prismatic,42CrMo4,STEEL,5-axis mill,74.29,60.59,47.68,1.6846,0.7955,11,2,0.075,0.66,harden + temper,passivate,22,5,2022-04-04,128.35,False
Q03900,gear blank,rotational,303,STAINLESS,turning,1415.66,379.83,379.83,1283.2428,622.6446,19,2,0.0608,3.24,solution + age,none,470,271,2024-06-07,20143.14,True
Q02534,gear blank,rotational,316L,STAINLESS,turning,1413.77,375.64,375.64,1253.4009,286.9936,13,2,0.0608,3.77,solution + age,none,109,65,2023-12-03,34024.44,False
Q02016,gear blank,rotational,303,STAINLESS,turning,1223.46,354.11,354.11,963.9579,535.2803,8,1,0.0608,2.47,solution + age,none,301,25,2022-11-05,8629.06,True
Q03178,gear blank,rotational,303,STAINLESS,turn-mill,1104.92,306.33,306.33,651.458,288.116,8,1,0.0876,2.72,solution + age,none,53,37,2023-07-19,14087.84,True
Q04015,plate,prismatic,440C,STAINLESS,forging + machining,112.33,104.0,61.41,5.5099,3.3775,28,3,0.2,2.59,none,passivate,648,184,2024-05-12,154.65,False
Q04300,plate,prismatic,440C,STAINLESS,forging + machining,141.25,116.56,63.74,8.0594,6.8319,33,5,0.2,3.34,none,zinc,493,171,2023-11-29,201.1,False
Q01111,plate,prismatic,440C,STAINLESS,forging + machining,96.01,78.02,45.26,2.6037,2.1034,33,3,0.2,2.9,none,passivate,1368,1105,2022-06-18,66.15,False
Q00448,plate,prismatic,440C,STAINLESS,forging + machining,127.66,114.23,63.72,7.1362,4.5879,36,4,0.1735,2.9,none,passivate,230,27,2023-11-21,268.67,False
Q00706,bracket,prismatic,17-4PH H1025,STAINLESS,3-axis mill,89.76,47.37,23.43,0.7771,0.5457,3,2,0.0086,4.22,harden + temper,zinc,18,17,2024-08-15,40.44,False
Q04035,bracket,prismatic,17-4PH H1025,STAINLESS,turn-mill,85.27,46.19,23.56,0.7238,0.4058,4,3,0.0086,3.96,harden + temper,zinc,44,41,2023-10-13,44.99,True
Q04556,bracket,prismatic,17-4PH H1025,STAINLESS,3-axis mill,76.16,41.46,18.0,0.4433,0.3534,9,2,0.0086,2.96,harden + temper,zinc,33,15,2022-01-15,27.04,True
Q01021,bracket,prismatic,17-4PH H1025,STAINLESS,3-axis mill,83.2,45.76,20.44,0.6071,0.1356,6,2,0.0086,4.18,harden + temper,zinc,30,13,2024-04-01,52.52,True
Q00740,plate,prismatic,6026-T9,ALUMINIUM,turn-mill,429.44,329.0,261.08,99.5926,54.7438,41,3,0.1107,3.13,harden + temper,none,1522,976,2025-04-14,2651.37,True
Q01421,plate,prismatic,6026-T9,ALUMINIUM,turn-mill,387.99,285.2,246.0,73.4973,40.9746,35,2,0.0536,2.96,harden + temper,none,505,173,2021-11-14,2415.35,False
Q00311,plate,prismatic,6026-T9,ALUMINIUM,turn-mill,292.52,232.47,179.81,33.0134,23.5878,34,1,0.0809,3.11,harden + temper,nitride,911,511,2024-12-04,793.07,True
Q04901,plate,prismatic,6026-T9,ALUMINIUM,turn-mill,415.09,327.11,254.59,93.3337,48.2037,41,3,0.0536,4.12,harden + temper,none,1132,936,2022-07-31,3448.21,False
Q01182,gear blank,rotational,C45,STEEL,5-axis mill,581.73,201.22,201.22,145.2207,100.8893,25,2,0.0706,6.3,none,paint,12,6,2021-08-28,2257.54,False
Q04005,gear blank,rotational,4140,STEEL,5-axis mill,661.94,241.19,241.19,237.4144,91.3016,21,1,0.0272,6.3,none,paint,12,6,2026-03-11,11730.34,True
Q02893,gear blank,rotational,C45,STEEL,5-axis mill,556.74,187.53,187.53,120.7091,29.3981,21,1,0.0706,6.3,none,paint,11,5,2021-05-28,3705.88,False
Q02644,gear blank,rotational,1.2312,STEEL,5-axis mill,756.19,256.03,256.03,305.6116,187.4825,25,3,0.0706,6.3,none,paint,10,9,2021-06-20,7781.28,False
Q03211,gear blank,rotational,4140,STEEL,turn-mill,263.02,209.83,209.83,71.3987,35.6508,60,3,0.0108,1.07,none,passivate,14142,4171,2022-04-09,4420.52,True
Q00027,gear blank,rotational,4140,STEEL,forging + machining,266.37,191.02,191.02,59.9266,48.204,56,3,0.0108,0.66,none,passivate,8572,2229,2023-10-16,1336.39,True
Q02918,gear blank,rotational,4140,STEEL,turning,325.35,262.53,262.53,138.2467,86.2981,56,5,0.005,0.7,none,passivate,7919,3627,2025-05-08,4709.27,True
Q02106,gear blank,rotational,S355JR,STEEL,turn-mill,283.98,212.81,212.81,79.2935,53.7179,60,5,0.0108,1.03,none,passivate,3320,1723,2022-02-26,2463.6,True
Q02697,bushing,rotational,CuZn39Pb3,COPPER,forging + machining,35.66,20.6,20.6,0.1006,0.0637,30,5,0.0086,2.94,none,nitride,4266,1724,2025-12-30,7.15,False
Q02149,bushing,rotational,CuZn39Pb3,COPPER,forging + machining,30.15,14.87,14.87,0.0444,0.027,26,5,0.0079,4.58,none,paint,3585,1777,2024-10-01,2.47,True
Q02528,bushing,rotational,C63000,COPPER,forging + machining,33.46,17.89,17.89,0.0638,0.0446,30,4,0.005,2.86,none,anodise,3504,1943,2021-05-22,6.31,True
Q04993,bushing,rotational,C101,COPPER,forging + machining,45.74,26.37,26.37,0.2233,0.1692,30,5,0.0086,2.84,none,paint,4280,1000,2024-07-12,8.02,False
Q02462,shaft,rotational,17-4PH H1025,STAINLESS,5-axis mill,274.19,68.65,68.65,7.9169,5.2869,10,6,0.0412,1.42,none,zinc,3464,1252,2024-05-29,312.87,False
Q00028,shaft,rotational,316L,STAINLESS,turning,263.2,61.42,61.42,6.2394,2.4943,4,6,0.086,2.32,none,nitride,3478,2550,2024-11-28,132.57,False
Q04179,shaft,rotational,316L,STAINLESS,turning,262.18,57.01,57.01,5.3542,3.907,5,5,0.0434,2.15,none,paint,3029,644,2023-06-20,107.04,True
Q04570,shaft,rotational,316L,STAINLESS,turning,233.38,60.82,60.82,5.4242,2.2881,4,5,0.0268,1.38,none,paint,1621,333,2023-11-17,123.71,False
Q04068,housing,prismatic,17-4PH H1025,STAINLESS,forging + machining,61.9,68.8,50.08,1.6633,1.2217,11,4,0.0319,1.51,harden + temper,anodise,2706,1037,2024-05-04,59.74,False
Q00214,housing,prismatic,316L,STAINLESS,forging + machining,59.55,65.73,52.15,1.6333,1.331,3,5,0.0958,2.06,harden + temper,anodise,1073,384,2021-04-22,38.82,False
Q00595,housing,prismatic,316L,STAINLESS,forging + machining,63.08,73.4,54.99,2.0367,1.6213,4,3,0.0541,1.51,harden + temper,anodise,2328,2173,2025-02-27,43.19,False
Q04416,housing,prismatic,316L,STAINLESS,forging + machining,59.44,67.93,54.69,1.7666,1.0737,3,4,0.066,1.78,harden + temper,anodise,1899,175,2024-04-21,61.0,False
Q02790,gear blank,rotational,304L,STAINLESS,turn-mill,99.43,43.53,43.53,1.1836,0.6772,3,1,0.0084,5.08,stress relieve,zinc,4770,2281,2024-06-26,45.22,False
Q02067,gear blank,rotational,17-4PH H1025,STAINLESS,turn-mill,87.82,36.71,36.71,0.7249,0.1778,3,1,0.0105,6.3,stress relieve,zinc,34556,5000,2024-06-21,53.16,True
Q02457,gear blank,rotational,17-4PH H1025,STAINLESS,turn-mill,120.6,44.08,44.08,1.4354,1.1246,3,1,0.0105,4.65,stress relieve,zinc,35979,5000,2026-05-01,46.09,True
Q01992,gear blank,rotational,17-4PH H1025,STAINLESS,turn-mill,101.93,35.54,35.54,0.7888,0.4561,5,2,0.005,6.11,stress relieve,zinc,9664,1433,2024-02-27,58.28,False
Q02270,pin,rotational,16MnCr5,STEEL,5-axis mill,24.79,5.13,5.13,0.004,0.0021,12,1,0.1082,6.3,solution + age,nitride,15,10,2023-01-21,20.52,False
Q02306,pin,rotational,1.2312,STEEL,5-axis mill,29.54,6.26,6.26,0.0071,0.0034,11,1,0.1082,3.51,solution + age,nitride,10,2,2023-07-14,92.63,False
Q00053,pin,rotational,S355JR,STEEL,5-axis mill,32.32,7.9,7.9,0.0124,0.006,12,2,0.0846,3.11,solution + age,nitride,22,10,2024-04-21,43.68,False
Q02552,pin,rotational,42CrMo4,STEEL,5-axis mill,27.82,6.07,6.07,0.0063,0.0033,12,2,0.1082,6.22,solution + age,none,39,25,2024-02-12,19.32,False
Q01412,gear blank,rotational,316L,STAINLESS,turning,271.63,66.94,66.94,7.6484,4.2206,9,1,0.0314,6.3,harden + temper,none,2740,1889,2022-06-09,148.05,False
Q04933,gear blank,rotational,304L,STAINLESS,turn-mill,272.73,70.84,70.84,8.5982,5.408,3,2,0.0254,4.05,harden + temper,passivate,3293,3283,2024-03-02,179.87,True
Q00772,gear blank,rotational,440C,STAINLESS,turn-mill,272.13,61.45,61.45,6.1982,2.6943,6,1,0.0258,5.0,harden + temper,none,1048,578,2024-11-11,291.49,False
Q02411,gear blank,rotational,17-4PH H1025,STAINLESS,turning,173.6,49.44,49.44,2.5991,1.7286,7,1,0.0149,6.3,harden + temper,none,1012,736,2022-07-19,64.83,False
Q02219,plate,prismatic,316L,STAINLESS,forging + machining,284.08,106.05,106.63,25.6986,17.9015,21,1,0.0477,1.27,stress relieve,zinc,1385,1050,2022-07-09,795.18,False
Q04830,plate,prismatic,440C,STAINLESS,turn-mill,287.09,117.46,129.25,33.4754,8.2796,20,1,0.0401,1.01,stress relieve,zinc,3623,1686,2021-10-03,2398.62,False
Q03781,plate,prismatic,316L,STAINLESS,forging + machining,312.39,126.98,139.07,44.134,31.1535,19,1,0.0758,1.59,stress relieve,nitride,1039,875,2023-11-14,1663.38,False
Q01896,plate,prismatic,304L,STAINLESS,forging + machining,297.1,118.72,127.41,35.9513,29.8476,11,1,0.0401,0.73,stress relieve,zinc,1571,994,2024-08-25,614.12,False
Q02163,bushing,rotational,S355JR,STEEL,turn-mill,38.01,39.46,39.46,0.3648,0.0812,10,5,0.0126,6.2,none,none,35,9,2023-06-18,85.7,False
Q00260,bushing,rotational,C45,STEEL,turning,54.1,51.6,51.6,0.8881,0.6332,3,5,0.0099,6.3,none,none,23,17,2025-03-27,22.4,False
Q00048,bushing,rotational,S355JR,STEEL,forging + machining,48.87,46.97,46.97,0.6649,0.4111,3,6,0.0126,6.3,none,none,28,8,2021-02-16,97.21,False
Q01854,bushing,rotational,16MnCr5,STEEL,forging + machining,61.3,55.25,55.25,1.1539,0.7612,3,5,0.0126,5.86,none,none,13,6,2022-07-24,101.1,True
Q01065,fitting,rotational,Inconel 718,NICKEL,turning,185.38,119.71,119.71,17.0895,3.8399,22,3,0.0863,1.63,stress relieve,none,12,5,2025-04-14,2056.95,False
Q01100,fitting,rotational,Inconel 718,NICKEL,turning,123.33,91.77,91.77,6.6813,1.6872,18,2,0.0863,2.41,stress relieve,none,22,1,2022-05-27,724.26,False
Q04387,fitting,rotational,Inconel 718,NICKEL,turning,168.88,95.61,95.61,9.9305,5.0273,13,2,0.078,2.06,stress relieve,anodise,48,30,2023-03-22,824.85,False
Q04608,fitting,rotational,Inconel 718,NICKEL,turning,139.68,80.31,80.31,5.7953,2.4166,19,2,0.0842,1.03,stress relieve,passivate,24,12,2024-12-22,696.58,False
Q00202,plate,prismatic,303,STAINLESS,turn-mill,65.0,53.06,27.31,0.7537,0.2787,3,3,0.0107,1.06,harden + temper,passivate,16309,1206,2025-07-20,21.73,True
Q00840,plate,prismatic,440C,STAINLESS,forging + machining,53.81,46.12,21.53,0.4103,0.2995,3,4,0.0221,1.54,harden + temper,passivate,4215,3878,2024-05-04,17.53,False
Q00153,plate,prismatic,316L,STAINLESS,forging + machining,56.27,42.81,23.27,0.4485,0.307,3,3,0.0107,1.01,harden + temper,passivate,6682,3014,2026-06-26,18.95,True
Q03073,plate,prismatic,303,STAINLESS,forging + machining,48.38,46.82,22.76,0.4124,0.2823,8,3,0.0107,1.38,harden + temper,passivate,11168,3190,2023-05-28,12.2,False
Q03283,fitting,rotational,15-5PH H1025,STAINLESS,5-axis mill,166.39,76.09,76.09,5.9012,4.5456,13,4,0.0338,5.15,stress relieve,paint,261,48,2025-02-02,234.93,False
Q03617,fitting,rotational,13-8Mo H1000,STAINLESS,turning,157.16,67.69,67.69,4.3893,1.5273,21,5,0.0338,3.48,stress relieve,paint,61,25,2021-05-30,200.73,True
Q01620,fitting,rotational,13-8Mo H1000,STAINLESS,5-axis mill,161.75,78.82,78.82,6.1242,1.2491,14,4,0.0338,2.49,stress relieve,paint,46,27,2023-07-04,666.92,False
Q01807,fitting,rotational,303,STAINLESS,5-axis mill,141.11,68.75,68.75,4.1903,1.5344,15,4,0.036,4.14,stress relieve,paint,140,41,2025-12-11,160.49,False
Q03599,manifold,prismatic,6061-T6,ALUMINIUM,3-axis mill,64.01,37.05,32.2,0.2062,0.0789,6,4,0.0762,2.34,none,anodise,3869,1728,2023-08-20,6.72,False
Q01147,manifold,prismatic,6061-T6,ALUMINIUM,3-axis mill,64.5,35.44,36.56,0.2256,0.1711,3,4,0.0923,2.72,none,anodise,857,180,2023-02-10,7.33,False
Q03309,manifold,prismatic,6061-T6,ALUMINIUM,3-axis mill,68.39,38.11,34.35,0.2417,0.1795,6,2,0.0971,2.42,none,anodise,939,85,2021-03-27,6.87,True
Q00318,manifold,prismatic,6026-T9,ALUMINIUM,3-axis mill,76.39,39.64,35.27,0.2884,0.0626,3,2,0.0971,2.98,none,anodise,1661,1142,2021-04-22,5.94,False
Q03370,bushing,rotational,303,STAINLESS,forging + machining,19.01,12.34,12.34,0.0182,0.0121,4,3,0.1226,2.34,solution + age,nitride,50000,5000,2023-05-24,4.43,False
Q02861,bushing,rotational,13-8Mo H1000,STAINLESS,turning,34.38,22.01,22.01,0.1015,0.0596,7,3,0.1065,2.22,solution + age,nitride,50000,5000,2024-10-15,7.66,False
Q01281,bushing,rotational,316L,STAINLESS,forging + machining,26.26,17.13,17.13,0.0484,0.0353,13,3,0.0931,1.55,solution + age,nitride,38430,5000,2024-07-16,4.64,True
Q02017,bushing,rotational,316L,STAINLESS,forging + machining,39.18,24.21,24.21,0.1442,0.0992,14,3,0.0971,2.38,solution + age,nitride,27081,5000,2025-03-27,9.62,False
Q01987,gear blank,rotational,C101,COPPER,5-axis mill,159.43,39.03,39.03,1.7049,1.1636,3,5,0.2,6.3,harden + temper,passivate,270,88,2022-07-03,49.9,False
Q03647,gear blank,rotational,C101,COPPER,forging + machining,212.95,59.22,59.22,5.243,4.0669,7,4,0.2,6.3,harden + temper,passivate,92,28,2025-09-12,155.94,False
Q03880,gear blank,rotational,C101,COPPER,5-axis mill,232.1,55.0,55.0,4.9295,1.8736,3,5,0.2,6.3,harden + temper,paint,120,86,2023-10-14,120.19,False
Q03794,gear blank,rotational,C63000,COPPER,5-axis mill,167.31,45.35,45.35,2.0485,1.022,4,5,0.2,5.53,harden + temper,passivate,104,69,2022-03-01,87.13,False
Q01058,manifold,prismatic,2024-T3,ALUMINIUM,3-axis mill,119.31,76.41,33.74,0.855,0.2965,6,2,0.059,4.37,harden + temper,nitride,4439,352,2023-08-27,40.41,True
Q02292,manifold,prismatic,5083-H111,ALUMINIUM,3-axis mill,99.92,64.36,34.43,0.589,0.1424,3,1,0.1127,6.3,harden + temper,nitride,4003,3162,2022-10-19,21.83,False
Q02103,manifold,prismatic,2024-T3,ALUMINIUM,3-axis mill,109.01,72.91,34.95,0.7723,0.2838,3,3,0.0582,6.3,harden + temper,zinc,4297,1064,2023-08-13,19.99,False
Q04974,manifold,prismatic,2024-T3,ALUMINIUM,3-axis mill,117.74,72.38,32.18,0.7625,0.2162,3,1,0.061,4.33,harden + temper,nitride,2472,1331,2023-07-22,32.29,True
Q02819,fitting,rotational,17-4PH H1025,STAINLESS,turning,145.62,82.33,82.33,6.0464,4.0699,15,6,0.1703,0.67,harden + temper,none,32,12,2024-07-05,131.5,False
Q02414,fitting,rotational,440C,STAINLESS,turning,158.27,90.49,90.49,7.818,2.0008,8,6,0.2,0.83,harden + temper,none,14,6,2021-07-19,274.99,False
Q02088,fitting,rotational,13-8Mo H1000,STAINLESS,5-axis mill,135.69,80.09,80.09,5.3048,3.244,13,5,0.2,0.58,harden + temper,none,26,9,2024-08-01,347.37,True
Q03574,fitting,rotational,304L,STAINLESS,turning,163.97,95.91,95.91,9.4776,5.2482,11,6,0.2,0.74,harden + temper,none,51,19,2023-11-07,131.34,False
Q00015,housing,prismatic,5083-H111,ALUMINIUM,3-axis mill,211.53,148.14,77.8,6.4847,1.3299,3,3,0.114,2.61,none,none,602,485,2021-02-13,245.42,False
Q00421,housing,prismatic,6026-T9,ALUMINIUM,turn-mill,190.98,129.2,70.74,4.7129,2.9108,3,2,0.1141,4.06,none,passivate,405,304,2025-03-14,93.57,False
Q03535,housing,prismatic,6026-T9,ALUMINIUM,turn-mill,216.37,147.14,77.58,6.6693,1.4366,3,1,0.114,5.64,none,passivate,92,90,2023-11-17,142.81,True
Q04868,housing,prismatic,5083-H111,ALUMINIUM,turn-mill,246.33,174.12,90.03,10.2715,2.7081,8,2,0.1292,5.2,none,passivate,945,774,2021-10-23,456.69,True
Q01404,pin,rotational,4140,STEEL,forging + machining,21.9,5.01,5.01,0.0034,0.0022,22,5,0.0205,3.33,none,passivate,66,10,2023-06-05,68.32,False
Q02660,pin,rotational,4140,STEEL,5-axis mill,22.56,4.77,4.77,0.0032,0.0009,20,5,0.0237,3.65,none,passivate,84,53,2022-02-26,19.98,False
Q01290,pin,rotational,4140,STEEL,forging + machining,27.67,7.01,7.01,0.0084,0.0056,28,4,0.0438,1.95,none,passivate,41,11,2022-01-05,40.52,False
Q02578,pin,rotational,4140,STEEL,5-axis mill,21.57,5.1,5.1,0.0035,0.0018,22,4,0.0415,3.25,none,passivate,175,59,2023-08-09,12.0,False
Q04992,gear blank,rotational,1.2312,STEEL,turn-mill,256.9,153.05,153.05,37.1005,11.4971,12,4,0.005,1.79,none,passivate,1462,798,2021-10-12,2963.23,True
Q00481,gear blank,rotational,4140,STEEL,forging + machining,289.12,151.1,151.1,40.6965,28.6939,9,4,0.005,3.58,none,passivate,292,247,2023-04-26,1469.08,False
Q01864,gear blank,rotational,1.2312,STEEL,forging + machining,381.9,223.77,223.77,117.895,86.1774,11,6,0.005,2.61,none,paint,1581,379,2021-06-13,4965.18,False
Q01744,gear blank,rotational,1.2312,STEEL,forging + machining,329.55,192.83,192.83,75.5475,47.4648,13,6,0.005,3.35,none,passivate,443,394,2021-05-09,4205.7,False
Q01695,plate,prismatic,15-5PH H1025,STAINLESS,forging + machining,64.62,40.72,21.46,0.4405,0.3134,6,3,0.005,1.87,solution + age,anodise,37,15,2024-10-12,42.51,False
Q03436,plate,prismatic,316L,STAINLESS,forging + machining,41.62,23.38,14.51,0.113,0.0913,4,3,0.0073,1.6,solution + age,anodise,38,6,2024-05-12,79.42,False
Q00991,plate,prismatic,13-8Mo H1000,STAINLESS,forging + machining,66.52,43.4,27.23,0.6099,0.4425,8,1,0.005,1.81,solution + age,zinc,30,22,2022-10-29,49.13,True
Q02754,plate,prismatic,440C,STAINLESS,forging + machining,66.95,36.07,20.51,0.3803,0.3186,13,2,0.005,2.28,solution + age,anodise,28,6,2025-11-04,75.5,False
Q03354,pin,rotational,S355JR,STEEL,5-axis mill,24.14,5.4,5.4,0.0043,0.0015,50,6,0.0328,6.3,stress relieve,none,50000,5000,2024-05-31,1.0,False
Q04114,pin,rotational,S355JR,STEEL,5-axis mill,31.68,5.63,5.63,0.0062,0.002,51,6,0.0336,5.19,stress relieve,none,26594,5000,2022-09-12,0.82,True
Q03733,pin,rotational,S355JR,STEEL,5-axis mill,29.97,6.03,6.03,0.0067,0.0052,43,5,0.0336,4.97,stress relieve,none,8074,2495,2022-07-09,0.9,False
Q04967,pin,rotational,S355JR,STEEL,5-axis mill,21.1,5.25,5.25,0.0036,0.001,52,6,0.0521,4.47,stress relieve,none,15524,5000,2026-01-28,0.88,True
Q04117,gear blank,rotational,C101,COPPER,5-axis mill,39.16,22.61,22.61,0.1406,0.0435,3,1,0.0679,2.47,stress relieve,anodise,14481,1288,2023-07-26,5.43,False
Q00199,gear blank,rotational,CuZn39Pb3,COPPER,5-axis mill,49.47,30.36,30.36,0.3034,0.0792,3,1,0.0827,3.05,stress relieve,zinc,8087,2474,2024-08-25,7.1,False
Q04104,gear blank,rotational,C101,COPPER,5-axis mill,51.63,30.06,30.06,0.3276,0.1893,3,1,0.0771,2.13,stress relieve,anodise,2661,2615,2026-06-12,9.17,True
Q00336,gear blank,rotational,C101,COPPER,5-axis mill,56.53,33.79,33.79,0.4533,0.1247,6,2,0.0434,2.34,stress relieve,anodise,9822,4052,2021-08-24,17.78,False
Q00394,shaft,rotational,Ti-6Al-4V,TITANIUM,turn-mill,832.09,46.98,46.98,6.3909,3.1153,49,3,0.0212,2.83,harden + temper,zinc,146,23,2024-10-24,1370.05,False
Q02533,shaft,rotational,Ti-10V-2Fe-3Al,TITANIUM,5-axis mill,689.3,43.36,43.36,4.7335,2.9499,48,2,0.0212,3.13,harden + temper,zinc,92,41,2024-09-17,1322.63,True
Q04991,shaft,rotational,Ti-6Al-4V,TITANIUM,turn-mill,853.98,43.57,43.57,5.6395,3.0493,45,1,0.007,3.45,harden + temper,zinc,68,67,2021-10-31,2097.19,True
Q02692,shaft,rotational,Ti-10V-2Fe-3Al,TITANIUM,turn-mill,817.93,45.72,45.72,6.2439,2.8327,41,1,0.0505,3.67,harden + temper,zinc,33,27,2026-04-08,1951.11,False
Q04141,housing,prismatic,S355JR,STEEL,5-axis mill,449.78,415.58,184.96,271.3918,108.2854,3,6,0.0659,3.28,stress relieve,zinc,10045,933,2026-03-12,5100.15,False
Q01418,housing,prismatic,42CrMo4,STEEL,5-axis mill,342.77,320.2,150.07,129.2972,33.7868,3,6,0.0556,2.33,stress relieve,none,19977,5000,2022-06-04,3381.47,False
Q01771,housing,prismatic,16MnCr5,STEEL,5-axis mill,321.57,288.88,116.2,84.7362,23.2691,8,5,0.0659,3.41,stress relieve,zinc,14958,5000,2021-08-23,2236.87,True
Q01355,housing,prismatic,42CrMo4,STEEL,3-axis mill,273.39,284.15,115.22,70.26,16.7991,8,6,0.0735,4.36,stress relieve,zinc,6659,456,2023-03-22,1040.46,True
Q04075,pin,rotational,42CrMo4,STEEL,5-axis mill,19.15,5.26,5.26,0.0033,0.0008,24,5,0.0103,3.48,stress relieve,nitride,2746,1635,2024-04-11,4.04,True
Q04256,pin,rotational,42CrMo4,STEEL,5-axis mill,19.48,4.41,4.41,0.0023,0.0009,33,4,0.0144,4.63,stress relieve,nitride,459,34,2025-01-10,20.82,True
Q04793,pin,rotational,16MnCr5,STEEL,turning,14.96,4.13,4.13,0.0016,0.0008,33,6,0.0133,3.98,stress relieve,nitride,1368,641,2026-04-26,4.09,False
Q02417,pin,rotational,1.2312,STEEL,5-axis mill,22.28,6.72,6.72,0.0062,0.0047,32,4,0.01,3.3,stress relieve,paint,2323,2114,2023-04-16,1.92,True
Q00978,pin,rotational,440C,STAINLESS,5-axis mill,4.75,4.62,4.62,0.0006,0.0001,5,5,0.0706,0.6,none,none,9639,570,2024-11-23,1.75,False
Q04750,pin,rotational,13-8Mo H1000,STAINLESS,forging + machining,5.98,5.74,5.74,0.0012,0.0008,3,3,0.0706,0.58,none,none,11263,5000,2021-01-13,0.09,False
Q01469,pin,rotational,440C,STAINLESS,turning,6.06,5.68,5.68,0.0012,0.0005,3,4,0.0954,0.51,none,none,17228,5000,2026-05-28,0.08,False
Q03752,pin,rotational,17-4PH H1025,STAINLESS,turning,6.01,5.82,5.82,0.0012,0.0006,5,3,0.0706,0.59,none,none,10687,5000,2021-03-23,0.06,False
Q00132,housing,prismatic,6061-T6,ALUMINIUM,turn-mill,211.91,104.36,57.61,3.4402,2.3246,3,4,0.2,2.11,none,none,48,23,2025-09-25,48.14,True
Q00126,housing,prismatic,6061-T6,ALUMINIUM,turn-mill,203.68,118.8,59.46,3.8846,1.2639,3,5,0.2,4.09,none,none,36,13,2022-01-20,129.61,False
Q02598,housing,prismatic,2024-T3,ALUMINIUM,3-axis mill,206.78,116.21,57.64,3.8504,1.6859,3,4,0.2,3.51,none,passivate,186,181,2024-01-30,79.67,True
Q02724,housing,prismatic,6061-T6,ALUMINIUM,turn-mill,190.6,121.64,58.29,3.6492,1.2744,3,5,0.2,4.03,none,none,199,179,2023-05-21,88.57,False
Q03010,manifold,prismatic,6082-T6,ALUMINIUM,3-axis mill,194.34,110.49,64.47,3.7377,1.5989,3,4,0.031,5.93,none,nitride,37977,5000,2024-07-04,125.38,True
Q00131,manifold,prismatic,2024-T3,ALUMINIUM,3-axis mill,199.57,105.36,60.05,3.5101,0.988,4,4,0.0341,4.55,none,nitride,13193,5000,2026-03-13,144.16,False
Q04751,manifold,prismatic,2024-T3,ALUMINIUM,3-axis mill,189.28,111.04,62.27,3.638,2.3355,3,4,0.0234,6.3,none,nitride,24765,5000,2025-02-03,96.05,False
Q01066,manifold,prismatic,5083-H111,ALUMINIUM,3-axis mill,195.94,116.02,65.66,3.9702,1.2082,3,3,0.0341,6.3,none,nitride,50000,5000,2025-11-03,210.47,False
Q02518,bushing,rotational,316L,STAINLESS,forging + machining,36.86,16.38,16.38,0.0621,0.0494,13,2,0.0644,3.45,harden + temper,nitride,57,46,2022-07-02,8.13,False
Q01775,bushing,rotational,15-5PH H1025,STAINLESS,forging + machining,32.42,15.52,15.52,0.0478,0.0313,9,2,0.0816,2.49,harden + temper,nitride,85,6,2023-02-08,47.66,False
Q04266,bushing,rotational,13-8Mo H1000,STAINLESS,forging + machining,39.63,19.23,19.23,0.0894,0.072,12,2,0.1079,2.79,harden + temper,nitride,85,48,2021-01-27,12.53,False
Q02973,bushing,rotational,15-5PH H1025,STAINLESS,forging + machining,32.96,14.11,14.11,0.0402,0.027,6,1,0.0816,4.53,harden + temper,nitride,69,24,2023-11-17,8.92,False
Q00357,bracket,prismatic,6061-T6,ALUMINIUM,5-axis mill,82.11,82.1,41.79,0.7606,0.2954,3,6,0.0264,0.92,solution + age,none,3229,2135,2025-04-05,39.76,False
Q04186,bracket,prismatic,6026-T9,ALUMINIUM,5-axis mill,65.57,82.43,38.67,0.5643,0.381,4,4,0.0161,0.69,solution + age,none,4555,946,2024-05-01,14.92,True
Q02086,bracket,prismatic,6026-T9,ALUMINIUM,5-axis mill,72.83,78.53,39.06,0.6032,0.2775,7,5,0.0197,1.16,solution + age,none,2081,1311,2025-04-01,23.3,False
Q01781,bracket,prismatic,6026-T9,ALUMINIUM,5-axis mill,68.29,81.35,39.85,0.5977,0.2978,3,5,0.0264,0.93,solution + age,none,1630,669,2021-01-24,18.01,False
Q01789,gear blank,rotational,1.2312,STEEL,turning,593.46,141.73,141.73,73.4979,45.4762,32,6,0.0213,4.28,stress relieve,nitride,84,42,2026-05-19,2155.49,True
Q04890,gear blank,rotational,1.2312,STEEL,forging + machining,662.43,149.85,149.85,91.7098,60.8552,25,4,0.0213,4.99,stress relieve,nitride,154,75,2023-09-24,3136.23,False
Q00683,gear blank,rotational,S355JR,STEEL,turning,595.25,138.61,138.61,70.5059,14.6939,23,4,0.0213,6.02,stress relieve,nitride,197,89,2022-02-17,1328.25,False
Q03494,gear blank,rotational,S355JR,STEEL,turning,533.4,126.71,126.71,52.8024,23.2904,31,4,0.0312,6.3,stress relieve,nitride,35,19,2025-08-21,888.69,False
Q02274,fitting,rotational,Inconel 625,NICKEL,turning,52.61,29.92,29.92,0.3122,0.0797,20,4,0.0077,1.65,none,paint,965,296,2023-03-21,40.96,False
Q04673,fitting,rotational,Waspaloy,NICKEL,turning,47.74,28.72,28.72,0.2533,0.1093,29,2,0.0164,1.33,none,paint,793,252,2024-04-08,44.88,True
Q01353,fitting,rotational,Waspaloy,NICKEL,turning,43.4,34.26,34.26,0.3278,0.1985,26,2,0.0077,2.44,none,paint,320,57,2021-09-11,69.63,False
Q03928,fitting,rotational,Inconel 625,NICKEL,forging + machining,47.31,26.93,26.93,0.2275,0.178,18,2,0.0077,2.21,none,paint,633,474,2024-01-13,36.27,False
Q02814,flange,prismatic,304L,STAINLESS,5-axis mill,206.46,158.65,51.87,13.5927,7.3523,25,2,0.0391,2.01,harden + temper,anodise,23564,5000,2025-06-17,524.59,False
Q02952,flange,prismatic,304L,STAINLESS,5-axis mill,166.28,143.34,43.36,8.2668,2.3776,22,1,0.0565,2.45,harden + temper,anodise,44671,5000,2022-09-18,364.27,False
Q03679,flange,prismatic,316L,STAINLESS,3-axis mill,191.78,164.3,49.68,12.5225,4.1782,18,1,0.0296,2.36,harden + temper,paint,35137,5000,2021-10-18,502.14,True
Q00794,flange,prismatic,304L,STAINLESS,5-axis mill,241.62,201.49,58.31,22.7081,11.047,14,2,0.0199,3.1,harden + temper,anodise,12742,1702,2021-09-02,987.77,True
Q00727,bracket,prismatic,Ti-6Al-4V,TITANIUM,turn-mill,208.31,111.85,79.91,8.2484,2.0836,8,1,0.0562,3.41,harden + temper,nitride,10352,5000,2024-05-20,1245.22,False
Q01083,bracket,prismatic,Ti-6Al-4V,TITANIUM,3-axis mill,209.19,122.39,91.45,10.3721,4.7523,8,1,0.0385,2.43,harden + temper,none,11937,5000,2023-02-05,1471.56,False
Q04782,bracket,prismatic,Ti-6Al-4V,TITANIUM,3-axis mill,207.7,119.98,82.01,9.0526,5.8228,3,1,0.0385,1.06,harden + temper,none,9031,2885,2025-12-03,958.04,False
Q04199,bracket,prismatic,Ti-10V-2Fe-3Al,TITANIUM,3-axis mill,248.63,120.62,88.05,12.2788,9.2707,9,1,0.0385,2.18,harden + temper,none,6151,3940,2023-06-16,1673.77,False
Q02716,fitting,rotational,6026-T9,ALUMINIUM,turning,17.37,15.74,15.74,0.0091,0.0034,3,3,0.0718,3.32,none,nitride,1620,1177,2021-07-12,3.4,False
Q02378,fitting,rotational,6026-T9,ALUMINIUM,turning,14.07,12.74,12.74,0.0048,0.0037,8,3,0.0625,2.77,none,paint,1241,725,2023-03-16,1.01,True
Q04771,fitting,rotational,6061-T6,ALUMINIUM,turning,19.97,19.61,19.61,0.0163,0.0098,3,1,0.0718,2.57,none,passivate,2069,1702,2023-07-04,1.06,False
Q02142,fitting,rotational,6026-T9,ALUMINIUM,turning,18.31,19.51,19.51,0.0148,0.0081,3,3,0.0582,3.39,none,passivate,2525,614,2026-05-16,1.59,False
Q02085,fitting,rotational,303,STAINLESS,turning,75.06,60.73,60.73,1.7396,1.1211,3,1,0.2,0.64,solution + age,nitride,3873,370,2021-07-21,20.27,False
Q03608,fitting,rotational,303,STAINLESS,turning,103.75,75.34,75.34,3.7001,2.5909,3,2,0.1714,0.61,solution + age,nitride,3434,2324,2025-12-30,41.07,False
Q01160,fitting,rotational,303,STAINLESS,turning,93.94,68.95,68.95,2.8062,1.3762,7,1,0.2,0.4,solution + age,nitride,4085,1182,2025-03-11,37.61,False
Q02908,fitting,rotational,304L,STAINLESS,turning,92.77,69.45,69.45,2.8112,2.0121,12,1,0.1468,0.63,solution + age,nitride,991,451,2023-11-18,48.24,False
Q04115,gear blank,rotational,CuZn39Pb3,COPPER,5-axis mill,419.47,108.55,108.55,32.8803,14.6354,3,6,0.0663,5.34,harden + temper,nitride,17817,5000,2025-11-08,573.02,False
Q03087,gear blank,rotational,C63000,COPPER,5-axis mill,483.66,103.2,103.2,30.6681,24.1681,5,6,0.0663,6.3,harden + temper,nitride,6132,3229,2024-09-14,1392.86,False
Q00697,gear blank,rotational,C101,COPPER,turn-mill,457.06,111.54,111.54,39.9252,16.9458,3,6,0.0587,5.69,harden + temper,nitride,13153,5000,2022-10-26,1147.23,False
Q02857,gear blank,rotational,C101,COPPER,5-axis mill,398.67,89.56,89.56,22.4519,7.033,8,6,0.0567,6.3,harden + temper,nitride,7662,5000,2021-06-18,928.72,False
Q03718,shaft,rotational,4140,STEEL,forging + machining,588.19,65.16,65.16,15.3971,10.8142,11,1,0.0844,4.4,stress relieve,zinc,442,249,2021-03-23,189.42,True
Q04544,shaft,rotational,S355JR,STEEL,forging + machining,762.53,78.46,78.46,28.9427,17.8185,6,1,0.0822,2.12,stress relieve,zinc,99,67,2025-11-03,357.16,True
Q00964,shaft,rotational,4140,STEEL,5-axis mill,646.67,72.62,72.62,21.027,5.3647,10,1,0.0948,4.66,stress relieve,zinc,364,347,2025-06-27,772.24,False
Q01862,shaft,rotational,S355JR,STEEL,forging + machining,636.15,74.81,74.81,21.9507,18.5545,8,2,0.0948,4.74,stress relieve,zinc,158,18,2023-07-03,163.06,True
Q00762,flange,prismatic,Inconel 625,NICKEL,3-axis mill,172.72,42.14,25.64,1.5754,1.1655,20,4,0.0224,2.05,harden + temper,passivate,3591,1526,2026-04-07,133.7,False
Q01722,flange,prismatic,Waspaloy,NICKEL,3-axis mill,215.17,42.62,26.86,2.0178,0.5825,17,5,0.0224,1.43,harden + temper,passivate,5117,4760,2024-07-07,463.69,True
Q02523,flange,prismatic,Inconel 718,NICKEL,3-axis mill,243.34,50.08,32.14,3.2075,1.6628,23,6,0.0224,2.09,harden + temper,passivate,764,269,2025-06-06,489.88,True
Q01458,flange,prismatic,Inconel 625,NICKEL,3-axis mill,217.29,49.89,31.5,2.8824,1.2734,12,6,0.0224,2.47,harden + temper,passivate,3084,2285,2024-06-14,346.72,False
Q01203,fitting,rotational,316L,STAINLESS,5-axis mill,92.69,60.94,60.94,2.1628,0.5813,49,4,0.005,5.8,solution + age,nitride,46,26,2021-05-01,409.34,False
Q04981,fitting,rotational,316L,STAINLESS,5-axis mill,85.41,64.27,64.27,2.2168,1.0465,45,4,0.005,4.94,solution + age,nitride,74,7,2025-07-06,376.81,True
Q04134,fitting,rotational,316L,STAINLESS,5-axis mill,130.99,94.32,94.32,7.3214,4.0561,48,4,0.005,5.03,solution + age,nitride,105,81,2025-05-10,866.82,False
Q03357,fitting,rotational,316L,STAINLESS,5-axis mill,97.89,83.25,83.25,4.2626,1.5365,47,4,0.0095,5.9,solution + age,nitride,35,26,2023-06-23,674.32,False
Q03327,flange,prismatic,440C,STAINLESS,5-axis mill,196.34,201.26,131.12,39.7923,8.2091,3,4,0.0735,4.12,none,passivate,46,21,2026-03-13,2116.05,False
Q00717,flange,prismatic,440C,STAINLESS,5-axis mill,154.83,158.97,111.33,21.045,7.6644,7,4,0.0438,5.52,none,paint,39,30,2021-09-29,1081.65,False
Q01861,flange,prismatic,440C,STAINLESS,turn-mill,174.57,168.89,113.87,25.7831,11.4798,10,5,0.0446,4.26,none,paint,72,29,2022-04-27,944.24,True
Q03426,flange,prismatic,440C,STAINLESS,5-axis mill,164.0,140.02,93.54,16.4964,6.3064,8,6,0.0247,5.79,none,paint,53,14,2024-06-22,973.15,True
Q02069,gear blank,rotational,303,STAINLESS,turn-mill,247.48,69.45,69.45,7.5004,1.5852,3,1,0.0254,6.3,stress relieve,none,27811,5000,2024-07-04,195.74,False
Q04092,gear blank,rotational,303,STAINLESS,turn-mill,201.28,64.96,64.96,5.3374,3.3834,3,2,0.017,6.3,stress relieve,anodise,21014,5000,2023-07-01,151.09,False
Q01732,gear blank,rotational,303,STAINLESS,5-axis mill,154.19,49.77,49.77,2.3996,1.3013,8,2,0.0111,6.3,stress relieve,none,20995,5000,2024-02-24,67.9,False
Q00981,gear blank,rotational,440C,STAINLESS,turn-mill,195.85,64.25,64.25,4.876,3.8688,3,1,0.017,5.49,stress relieve,none,27560,5000,2023-05-11,143.29,True
Q00590,manifold,prismatic,6061-T6,ALUMINIUM,turn-mill,191.62,178.83,22.7,2.1004,1.0766,10,1,0.0282,3.67,harden + temper,none,128,50,2026-01-30,70.13,False
Q04226,manifold,prismatic,6061-T6,ALUMINIUM,turn-mill,214.48,220.3,28.83,3.6786,1.3715,14,2,0.0158,3.7,harden + temper,none,127,63,2023-08-23,294.28,False
Q02557,manifold,prismatic,6061-T6,ALUMINIUM,turn-mill,202.89,202.53,27.09,3.0055,1.3788,20,2,0.0158,2.53,harden + temper,none,191,62,2025-09-19,217.51,False
Q01455,manifold,prismatic,6061-T6,ALUMINIUM,turn-mill,219.66,221.0,25.09,3.2882,2.4593,16,1,0.0158,2.95,harden + temper,none,44,20,2024-07-12,118.73,False
Q01676,housing,prismatic,4140,STEEL,5-axis mill,668.42,390.65,281.56,577.143,236.2255,3,3,0.0463,1.67,none,none,41649,4195,2023-09-11,16841.56,False
Q02484,housing,prismatic,S355JR,STEEL,5-axis mill,619.99,381.52,271.46,504.0622,362.214,3,4,0.0463,1.26,none,none,13592,2632,2024-11-22,4706.83,False
Q01600,housing,prismatic,S355JR,STEEL,5-axis mill,462.08,269.23,210.2,205.2831,134.7038,9,5,0.0394,1.76,none,none,41362,5000,2024-02-19,2453.53,True
Q00180,housing,prismatic,S355JR,STEEL,5-axis mill,590.49,348.79,238.97,386.3579,122.5259,3,3,0.0463,1.29,none,none,7012,663,2026-02-19,8323.95,False
Q02607,gear blank,rotational,4140,STEEL,turning,386.62,85.47,85.47,17.4132,13.0474,55,1,0.0824,4.67,none,none,52,46,2021-07-05,166.02,True
Q01618,gear blank,rotational,4140,STEEL,turning,404.8,102.12,102.12,26.0269,6.0212,55,2,0.1717,5.24,none,none,72,36,2022-11-22,439.17,False
Q03404,gear blank,rotational,4140,STEEL,forging + machining,563.61,133.51,133.51,61.9392,42.3241,55,1,0.104,5.63,none,none,53,41,2023-01-06,1060.7,False
Q04645,gear blank,rotational,4140,STEEL,turning,533.22,123.95,123.95,50.5072,36.4686,60,3,0.0566,4.19,none,paint,93,39,2025-03-22,560.78,True
Q00755,gear blank,rotational,304L,STAINLESS,turn-mill,318.16,80.38,80.38,12.9162,7.536,3,6,0.006,6.17,stress relieve,paint,137,115,2025-04-16,546.63,False
Q01519,gear blank,rotational,13-8Mo H1000,STAINLESS,turn-mill,325.43,89.22,89.22,15.7876,9.1441,3,6,0.006,5.84,stress relieve,paint,109,105,2021-11-16,1012.15,False
Q01287,gear blank,rotational,13-8Mo H1000,STAINLESS,5-axis mill,323.04,84.16,84.16,13.9454,8.7909,3,5,0.006,6.2,stress relieve,paint,135,50,2021-04-02,1160.28,True
Q00776,gear blank,rotational,440C,STAINLESS,turn-mill,312.58,78.61,78.61,11.6512,3.1352,3,5,0.006,5.63,stress relieve,paint,120,86,2024-08-23,1195.36,True
Q02653,flange,prismatic,7075-T6,ALUMINIUM,forging + machining,576.7,264.46,227.83,97.6414,80.674,3,3,0.005,3.16,none,passivate,1284,1103,2025-07-09,3657.58,True
Q02753,flange,prismatic,7075-T6,ALUMINIUM,5-axis mill,607.36,321.15,249.07,136.5135,63.6198,4,3,0.005,3.7,none,passivate,2074,144,2023-09-18,11701.91,False
Q00141,flange,prismatic,7075-T6,ALUMINIUM,5-axis mill,618.12,289.68,254.85,128.2285,63.7339,5,3,0.005,3.81,none,passivate,2831,2246,2025-10-06,11325.47,True
Q04637,flange,prismatic,7075-T6,ALUMINIUM,forging + machining,546.63,295.06,236.11,107.0109,66.166,7,4,0.005,3.08,none,paint,536,456,2022-01-13,6305.1,False
Q03693,bracket,prismatic,Ti-6Al-4V ELI,TITANIUM,forging + machining,39.38,29.98,4.88,0.0255,0.0192,20,3,0.006,0.97,harden + temper,anodise,1288,741,2021-07-03,5.71,False
Q01008,bracket,prismatic,Ti-10V-2Fe-3Al,TITANIUM,forging + machining,45.5,34.2,5.82,0.0421,0.0257,11,1,0.005,1.24,harden + temper,anodise,1990,1767,2025-07-14,19.57,False
Q00884,bracket,prismatic,Ti-6Al-4V ELI,TITANIUM,forging + machining,30.62,23.85,4.0,0.0129,0.0082,11,2,0.006,1.34,harden + temper,anodise,346,178,2023-12-13,7.72,False
Q02903,bracket,prismatic,Ti-10V-2Fe-3Al,TITANIUM,turn-mill,42.44,30.54,4.9,0.0295,0.0154,20,3,0.006,1.49,harden + temper,anodise,240,131,2021-07-06,11.96,True
Q03012,gear blank,rotational,304L,STAINLESS,5-axis mill,195.86,81.38,81.38,8.1495,3.927,9,6,0.0137,3.16,harden + temper,passivate,596,185,2022-04-12,344.45,False
Q04078,gear blank,rotational,304L,STAINLESS,turn-mill,208.28,91.44,91.44,10.9419,3.3688,5,5,0.0104,3.9,harden + temper,passivate,439,345,2022-08-03,467.73,False
Q04678,gear blank,rotational,304L,STAINLESS,turn-mill,252.36,93.42,93.42,13.8395,6.0786,7,6,0.0104,4.76,harden + temper,passivate,579,507,2023-04-10,512.72,False
Q01793,gear blank,rotational,303,STAINLESS,turn-mill,194.91,76.74,76.74,7.2111,5.6392,3,6,0.0104,5.46,harden + temper,passivate,164,90,2022-05-18,105.22,False
Q03256,gear blank,rotational,42CrMo4,STEEL,turn-mill,131.83,73.16,73.16,4.3504,1.6134,18,1,0.0453,2.65,harden + temper,paint,10764,5000,2023-11-11,105.07,True
Q02242,gear blank,rotational,42CrMo4,STEEL,turn-mill,135.28,69.48,69.48,4.0264,1.461,27,2,0.0403,2.66,harden + temper,zinc,50000,5000,2021-06-17,121.24,True
Q00574,gear blank,rotational,42CrMo4,STEEL,turn-mill,94.4,51.58,51.58,1.5482,1.2322,15,1,0.0403,3.34,harden + temper,paint,29445,5000,2023-10-10,16.92,True
Q00266,gear blank,rotational,42CrMo4,STEEL,turn-mill,120.9,70.24,70.24,3.6772,1.0701,19,1,0.0559,2.71,harden + temper,paint,18072,5000,2023-05-12,110.97,False
Q02574,fitting,rotational,15-5PH H1025,STAINLESS,turn-mill,71.29,59.23,59.23,1.5325,0.9561,15,2,0.0097,4.15,solution + age,passivate,31,17,2023-02-28,98.54,False
Q04672,fitting,rotational,304L,STAINLESS,turn-mill,60.27,51.06,51.06,0.9872,0.6731,12,2,0.016,4.5,solution + age,anodise,74,15,2023-07-15,37.71,False
Q04937,fitting,rotational,304L,STAINLESS,turn-mill,56.01,44.89,44.89,0.7093,0.1986,17,2,0.0103,6.3,solution + age,paint,19,10,2026-02-21,79.3,False
Q00782,fitting,rotational,440C,STAINLESS,turn-mill,62.92,50.95,50.95,0.985,0.4811,12,1,0.016,5.99,solution + age,anodise,31,26,2022-03-21,75.78,False
Q01819,gear blank,rotational,13-8Mo H1000,STAINLESS,turning,543.14,153.45,153.45,77.9472,44.2518,10,5,0.0406,5.3,solution + age,passivate,554,310,2022-01-26,2728.79,False
Q03470,gear blank,rotational,13-8Mo H1000,STAINLESS,turning,748.16,232.68,232.68,246.8697,147.999,11,5,0.0373,6.3,solution + age,passivate,588,517,2025-12-31,12343.93,False
Q04924,gear blank,rotational,13-8Mo H1000,STAINLESS,turning,915.74,264.47,264.47,390.3832,280.9215,3,4,0.0339,6.3,solution + age,passivate,225,67,2025-10-22,17751.79,False
Q03461,gear blank,rotational,13-8Mo H1000,STAINLESS,turning,704.93,226.95,226.95,221.2884,97.0646,11,5,0.0339,6.3,solution + age,passivate,184,18,2023-10-15,10188.41,True
Q01965,gear blank,rotational,C45,STEEL,turn-mill,377.42,226.82,226.82,119.7176,46.9029,26,2,0.0091,4.38,none,passivate,34454,5000,2025-02-07,5966.69,True
Q02068,gear blank,rotational,C45,STEEL,turn-mill,272.92,166.24,166.24,46.5016,27.1171,25,1,0.0091,6.08,none,passivate,50000,5000,2021-12-30,1247.22,True
Q03801,gear blank,rotational,C45,STEEL,turn-mill,348.45,165.58,165.58,58.9004,35.5828,25,2,0.0091,5.29,none,passivate,20060,1636,2025-04-06,1679.07,False
Q03663,gear blank,rotational,42CrMo4,STEEL,turn-mill,348.58,216.04,216.04,100.3074,27.4838,28,1,0.009,4.16,none,anodise,22269,3661,2024-10-12,7885.38,False
Q01479,fitting,rotational,6026-T9,ALUMINIUM,turning,18.95,20.04,20.04,0.0161,0.0088,6,6,0.1129,2.74,stress relieve,nitride,227,33,2021-05-23,11.72,False
Q01220,fitting,rotational,6082-T6,ALUMINIUM,turning,23.78,19.18,19.18,0.0185,0.0048,3,6,0.0936,3.72,stress relieve,none,79,61,2026-05-12,5.46,False
Q01362,fitting,rotational,5083-H111,ALUMINIUM,turning,22.68,19.87,19.87,0.0187,0.0099,12,6,0.1829,2.49,stress relieve,none,389,128,2025-08-21,3.12,True
Q02624,fitting,rotational,6082-T6,ALUMINIUM,turning,21.54,18.95,18.95,0.0164,0.0079,4,5,0.1829,3.41,stress relieve,none,98,8,2022-02-02,29.57,False
Q00939,flange,prismatic,6026-T9,ALUMINIUM,3-axis mill,59.0,14.38,4.67,0.0107,0.0072,6,4,0.0978,2.34,none,zinc,244,59,2021-10-16,6.46,False
Q01235,flange,prismatic,6026-T9,ALUMINIUM,3-axis mill,45.71,11.69,4.0,0.0058,0.0038,3,5,0.0978,0.86,none,zinc,613,61,2024-08-08,6.74,True
Q02247,flange,prismatic,6026-T9,ALUMINIUM,3-axis mill,65.65,17.52,5.63,0.0175,0.0085,3,5,0.1635,1.4,none,zinc,1045,128,2023-07-17,4.0,True
Q01602,flange,prismatic,2024-T3,ALUMINIUM,3-axis mill,58.1,14.5,5.18,0.0121,0.0034,7,3,0.1395,1.76,none,nitride,196,83,2022-02-14,6.8,False
Q00971,housing,prismatic,316L,STAINLESS,turn-mill,126.86,71.96,13.25,0.9675,0.4744,10,1,0.013,1.73,none,none,1778,1684,2023-09-24,45.64,False
Q02773,housing,prismatic,304L,STAINLESS,turn-mill,114.55,65.3,11.57,0.6925,0.3971,11,1,0.0137,1.97,none,none,3465,910,2021-08-02,23.28,True
Q04743,housing,prismatic,304L,STAINLESS,turn-mill,126.5,62.13,10.71,0.6733,0.3431,10,2,0.0072,2.19,none,none,2450,1083,2023-08-22,26.05,True
Q01170,housing,prismatic,15-5PH H1025,STAINLESS,turn-mill,107.63,59.64,9.84,0.4927,0.2588,10,3,0.0137,1.79,none,none,1664,425,2024-11-28,30.44,False
Q02059,manifold,prismatic,6061-T6,ALUMINIUM,turn-mill,471.02,402.53,52.91,27.0838,14.2566,11,5,0.0384,4.81,solution + age,none,12770,5000,2023-07-24,742.1,True
Q03091,manifold,prismatic,6026-T9,ALUMINIUM,turn-mill,532.5,488.77,56.22,39.5072,28.2425,12,6,0.0384,1.57,solution + age,none,4587,3217,2025-11-06,709.73,True
Q02255,manifold,prismatic,6082-T6,ALUMINIUM,turn-mill,515.53,504.01,61.6,43.215,9.7193,9,5,0.07,3.22,solution + age,none,10125,5000,2022-05-20,1403.01,True
Q04631,manifold,prismatic,7075-T6,ALUMINIUM,turn-mill,490.29,470.09,57.59,37.2999,23.9947,21,5,0.039,4.1,solution + age,none,3407,1269,2024-08-31,1578.51,False
Q02527,fitting,rotational,Ti-10V-2Fe-3Al,TITANIUM,forging + machining,338.06,355.06,355.06,155.646,102.7876,8,5,0.0317,3.93,none,none,6111,1817,2025-09-26,30460.32,True
Q00449,fitting,rotational,Ti-6Al-4V ELI,TITANIUM,forging + machining,172.96,189.39,189.39,21.5848,13.4533,3,4,0.0401,3.51,none,paint,21899,3071,2022-11-14,3325.87,False
Q04163,fitting,rotational,Ti-6Al-4V ELI,TITANIUM,turn-mill,252.92,275.81,275.81,66.9432,31.4187,5,6,0.0317,3.01,none,passivate,21696,5000,2023-02-23,12677.25,False
Q00815,fitting,rotational,Ti-6Al-4V ELI,TITANIUM,forging + machining,269.53,244.7,244.7,56.154,44.8237,3,5,0.0538,3.36,none,none,16365,5000,2021-03-27,5013.71,False
Q01019,gear blank,rotational,1.2312,STEEL,5-axis mill,443.02,119.63,119.63,39.0909,20.6382,23,5,0.0322,5.84,solution + age,none,7074,5000,2023-10-13,2199.39,False
Q00622,gear blank,rotational,1.2312,STEEL,5-axis mill,478.83,119.85,119.85,42.4031,16.5032,24,4,0.0394,5.89,solution + age,none,2540,1104,2025-02-28,2136.34,False
Q02507,gear blank,rotational,1.2312,STEEL,5-axis mill,467.88,123.93,123.93,44.3015,31.7908,16,3,0.0394,6.3,solution + age,none,1970,1071,2026-04-27,1482.12,True
Q00543,gear blank,rotational,S355JR,STEEL,5-axis mill,455.79,151.76,151.76,64.7204,36.4179,17,3,0.0455,5.66,solution + age,none,14586,1871,2021-06-06,1215.92,False
Q01359,bushing,rotational,C45,STEEL,5-axis mill,25.47,11.56,11.56,0.021,0.0075,7,2,0.0381,4.26,none,zinc,12,3,2021-10-15,116.02,True
Q01260,bushing,rotational,C45,STEEL,turning,24.08,11.35,11.35,0.0191,0.0091,18,1,0.0446,3.77,none,zinc,30,11,2024-07-14,4.67,True
Q03588,bushing,rotational,1.2312,STEEL,turning,25.47,12.72,12.72,0.0254,0.0088,19,2,0.0251,5.45,none,zinc,62,8,2025-03-19,14.11,True
Q03290,bushing,rotational,C45,STEEL,turning,21.88,11.34,11.34,0.0173,0.009,18,1,0.0251,4.62,none,none,83,39,2022-05-17,1.38,False
Q04492,fitting,rotational,304L,STAINLESS,5-axis mill,71.21,46.29,46.29,0.959,0.4712,3,6,0.0061,4.57,solution + age,nitride,72,71,2024-09-05,71.15,False
Q00562,fitting,rotational,304L,STAINLESS,turn-mill,61.88,36.55,36.55,0.5195,0.1207,3,5,0.005,4.73,solution + age,nitride,43,31,2025-03-28,66.69,False
Q01806,fitting,rotational,304L,STAINLESS,5-axis mill,88.79,54.63,54.63,1.665,1.0093,3,4,0.0059,4.92,solution + age,nitride,39,26,2024-03-29,97.52,False
Q01586,fitting,rotational,304L,STAINLESS,5-axis mill,93.8,63.61,63.61,2.3848,0.7043,3,6,0.0092,5.08,solution + age,nitride,39,7,2022-05-13,270.25,False
Q02074,fitting,rotational,Waspaloy,NICKEL,turning,54.19,47.61,47.61,0.7901,0.4431,12,3,0.0181,2.62,stress relieve,none,109,72,2023-10-19,141.48,False
Q00378,fitting,rotational,Inconel 625,NICKEL,turning,47.73,43.06,43.06,0.5865,0.2608,14,2,0.0181,2.97,stress relieve,none,142,78,2023-02-03,54.69,True
Q00272,fitting,rotational,Waspaloy,NICKEL,5-axis mill,61.81,54.81,54.81,1.1945,0.5798,5,2,0.0155,1.75,stress relieve,none,192,148,2022-08-19,278.91,True
Q00247,fitting,rotational,Waspaloy,NICKEL,turning,49.04,38.0,38.0,0.4556,0.1231,12,3,0.0181,2.21,stress relieve,none,174,170,2023-04-26,86.53,False
Q00125,shaft,rotational,17-4PH H1025,STAINLESS,forging + machining,287.5,79.3,79.3,11.076,7.0005,6,1,0.0096,1.97,none,nitride,182,175,2024-11-09,622.82,False
Q01334,shaft,rotational,17-4PH H1025,STAINLESS,forging + machining,312.92,93.56,93.56,16.7791,10.6481,9,1,0.0127,1.67,none,zinc,508,244,2023-01-31,788.93,True
Q02335,shaft,rotational,440C,STAINLESS,forging + machining,281.78,98.59,98.59,16.5209,13.8754,17,1,0.012,1.64,none,nitride,302,104,2022-02-08,551.83,True
Q01954,shaft,rotational,304L,STAINLESS,forging + machining,327.82,106.17,106.17,23.2173,14.0367,11,1,0.0142,2.06,none,nitride,169,153,2025-04-09,962.36,False
Q02136,gear blank,rotational,16MnCr5,STEEL,turn-mill,644.1,285.34,285.34,323.3222,176.6348,3,6,0.2,0.8,solution + age,anodise,13,7,2025-08-22,4022.89,True
Q00370,gear blank,rotational,16MnCr5,STEEL,turn-mill,615.17,295.2,295.2,330.5183,220.6039,11,5,0.2,1.93,solution + age,anodise,10,1,2021-06-22,3822.99,True
Q02221,gear blank,rotational,S355JR,STEEL,turn-mill,718.95,307.83,307.83,420.0186,309.9824,6,6,0.2,2.25,solution + age,anodise,10,7,2025-09-22,2749.97,False
Q02090,gear blank,rotational,16MnCr5,STEEL,turn-mill,631.48,269.6,269.6,282.9853,83.3387,3,6,0.2,2.97,solution + age,anodise,10,1,2022-01-13,5413.73,True
Q04836,housing,prismatic,2024-T3,ALUMINIUM,turn-mill,513.76,383.7,168.63,92.4108,49.1823,3,1,0.2,3.93,harden + temper,zinc,855,500,2022-07-30,2052.68,False
Q02367,housing,prismatic,5083-H111,ALUMINIUM,5-axis mill,474.48,339.47,136.26,58.3809,35.1556,3,2,0.1007,4.36,harden + temper,paint,740,227,2021-04-24,2006.58,False
Q00823,housing,prismatic,2024-T3,ALUMINIUM,5-axis mill,367.41,295.03,115.65,34.8506,15.3714,3,1,0.2,5.33,harden + temper,paint,249,184,2025-09-07,1240.02,False
Q00918,housing,prismatic,2024-T3,ALUMINIUM,turn-mill,401.69,296.6,129.52,42.8998,24.3566,3,1,0.2,4.39,harden + temper,paint,863,797,2023-03-03,895.49,True
Q03473,fitting,rotational,Inconel 625,NICKEL,turning,264.64,173.42,173.42,52.7544,10.7687,10,4,0.0631,1.05,stress relieve,paint,456,338,2022-10-19,4176.91,True
Q02979,fitting,rotational,Inconel 625,NICKEL,turning,190.31,141.82,141.82,25.3724,8.1136,20,4,0.1123,1.67,stress relieve,paint,1260,1124,2023-10-23,2127.81,True
Q02549,fitting,rotational,Waspaloy,NICKEL,turning,171.72,141.11,141.11,21.9929,6.5389,17,4,0.1123,1.28,stress relieve,paint,492,90,2023-06-15,3245.64,False
Q01843,fitting,rotational,Waspaloy,NICKEL,turning,254.52,176.28,176.28,50.8756,39.9707,10,5,0.1941,1.24,stress relieve,paint,310,84,2021-06-24,5632.22,True
Q03334,fitting,rotational,316L,STAINLESS,forging + machining,204.06,128.5,128.5,21.1708,16.9884,34,5,0.0056,4.7,harden + temper,none,25502,5000,2023-07-10,951.31,False
Q03007,fitting,rotational,303,STAINLESS,5-axis mill,226.4,148.53,148.53,31.3827,24.3471,25,5,0.0056,4.43,harden + temper,none,44836,5000,2021-05-06,1041.8,False
Q03543,fitting,rotational,303,STAINLESS,5-axis mill,195.11,120.96,120.96,17.9374,12.743,34,4,0.0056,4.73,harden + temper,none,50000,5000,2025-02-14,826.36,True
Q02540,fitting,rotational,440C,STAINLESS,5-axis mill,210.45,118.72,118.72,17.8918,7.578,34,3,0.0076,3.97,harden + temper,none,50000,5000,2021-08-26,2376.28,False
Q04470,fitting,rotational,Ti-6Al-4V,TITANIUM,turn-mill,69.22,83.01,83.01,1.6597,0.4349,5,5,0.1206,1.75,stress relieve,passivate,5501,2577,2023-06-22,224.47,False
Q04343,fitting,rotational,Ti-6Al-4V,TITANIUM,turn-mill,69.46,83.4,83.4,1.681,0.8323,8,4,0.1017,1.71,stress relieve,nitride,1105,949,2021-06-14,241.83,False
Q03175,fitting,rotational,Ti-6Al-4V,TITANIUM,turn-mill,71.87,88.28,88.28,1.9488,0.8695,9,6,0.1206,2.3,stress relieve,passivate,3073,2977,2024-02-27,234.26,False
Q00452,fitting,rotational,Ti-6Al-4V,TITANIUM,turn-mill,93.3,97.15,97.15,3.0636,2.225,3,4,0.0843,1.66,stress relieve,passivate,3404,1991,2026-04-06,250.96,False
Q01045,plate,prismatic,304L,STAINLESS,forging + machining,189.67,121.03,104.63,19.216,12.7192,18,4,0.0258,1.72,none,anodise,293,76,2022-05-16,559.99,False
Q03052,plate,prismatic,13-8Mo H1000,STAINLESS,forging + machining,172.18,108.38,99.82,14.4543,9.7341,11,5,0.0258,1.19,none,anodise,637,400,2024-04-17,893.21,True
Q03528,plate,prismatic,303,STAINLESS,forging + machining,133.18,102.66,79.15,8.6582,7.233,18,3,0.0153,1.72,none,anodise,276,83,2025-02-27,158.32,False
Q04174,plate,prismatic,13-8Mo H1000,STAINLESS,forging + machining,196.74,125.48,112.05,21.4648,16.221,11,5,0.0258,1.86,none,none,415,82,2022-12-30,1043.01,False
Q03933,housing,prismatic,303,STAINLESS,3-axis mill,420.69,191.14,41.97,27.0001,13.4288,5,1,0.108,5.44,stress relieve,anodise,11508,5000,2022-07-02,362.26,False
Q03041,housing,prismatic,303,STAINLESS,3-axis mill,298.12,141.82,30.96,10.471,4.5741,4,1,0.108,6.01,stress relieve,anodise,19665,5000,2024-09-09,135.55,True
Q04346,housing,prismatic,303,STAINLESS,3-axis mill,368.52,151.96,34.33,15.3789,3.3524,4,2,0.108,6.3,stress relieve,anodise,12112,4978,2024-04-07,291.61,False
Q02704,housing,prismatic,303,STAINLESS,3-axis mill,294.63,159.8,36.03,13.5714,6.0946,3,2,0.108,4.75,stress relieve,anodise,14246,5000,2022-12-30,180.99,False
Q03780,pin,rotational,1.2312,STEEL,5-axis mill,32.25,5.0,5.0,0.005,0.0023,24,2,0.0303,3.33,harden + temper,none,2000,1941,2025-08-18,0.84,True
Q00955,pin,rotational,S355JR,STEEL,5-axis mill,24.33,4.41,4.41,0.0029,0.0015,26,1,0.0321,4.98,harden + temper,paint,1119,980,2025-02-10,1.51,True
Q02165,pin,rotational,16MnCr5,STEEL,5-axis mill,27.83,5.03,5.03,0.0043,0.0027,23,3,0.0321,4.05,harden + temper,paint,2613,1663,2026-01-08,1.75,False
Q01082,pin,rotational,C45,STEEL,turning,18.28,4.0,4.0,0.0018,0.0009,28,2,0.0321,3.91,harden + temper,paint,1436,1425,2026-06-25,1.25,True
Q00858,pin,rotational,13-8Mo H1000,STAINLESS,turning,4.0,4.0,4.0,0.0004,0.0002,3,4,0.058,0.4,stress relieve,passivate,399,123,2021-01-23,2.58,True
Q00645,pin,rotational,13-8Mo H1000,STAINLESS,turning,4.9,5.54,5.54,0.0009,0.0002,3,2,0.0527,0.45,stress relieve,anodise,965,676,2024-12-25,1.93,True
Q03785,pin,rotational,13-8Mo H1000,STAINLESS,turn-mill,5.97,6.0,6.0,0.0013,0.0005,8,2,0.0527,0.4,stress relieve,anodise,338,200,2026-02-04,3.15,False
Q03983,pin,rotational,15-5PH H1025,STAINLESS,5-axis mill,5.54,5.13,5.13,0.0009,0.0004,9,3,0.0527,0.53,stress relieve,anodise,469,113,2025-07-25,6.28,False
Q04225,bushing,rotational,16MnCr5,STEEL,turning,9.49,6.28,6.28,0.0023,0.0006,18,5,0.0219,4.12,stress relieve,paint,21804,5000,2021-02-14,1.5,False
Q00856,bushing,rotational,4140,STEEL,turning,12.09,6.52,6.52,0.0032,0.0022,9,6,0.0219,1.86,stress relieve,passivate,50000,5000,2021-11-18,1.81,False
Q02192,bushing,rotational,16MnCr5,STEEL,turning,10.45,6.03,6.03,0.0023,0.0012,14,6,0.0219,3.2,stress relieve,nitride,13111,5000,2026-04-16,4.41,False
Q00777,bushing,rotational,16MnCr5,STEEL,turning,10.93,6.31,6.31,0.0027,0.0016,9,5,0.0161,4.6,stress relieve,paint,33619,5000,2026-03-12,1.87,False
Q02583,gear blank,rotational,C45,STEEL,turn-mill,427.8,361.19,361.19,344.0975,115.164,4,1,0.04,3.18,none,paint,30630,5000,2026-04-15,7689.51,False
Q03520,gear blank,rotational,C45,STEEL,turn-mill,482.89,374.75,374.75,418.1076,208.5031,10,2,0.04,5.48,none,paint,20852,1562,2025-12-11,9125.81,False
Q01847,gear blank,rotational,C45,STEEL,forging + machining,408.27,368.51,368.51,341.8256,236.7852,9,2,0.04,5.18,none,paint,50000,5000,2021-11-19,5196.99,False
Q01463,gear blank,rotational,16MnCr5,STEEL,turning,366.32,300.81,300.81,204.3637,151.8153,14,1,0.04,4.77,none,paint,44734,2523,2024-11-04,1884.58,True
Q02390,bracket,prismatic,Ti-6Al-4V,TITANIUM,3-axis mill,174.37,111.59,105.27,9.0741,2.973,12,4,0.0822,2.19,none,paint,5917,5000,2022-05-06,1033.71,False
Q00295,bracket,prismatic,Ti-10V-2Fe-3Al,TITANIUM,3-axis mill,225.0,139.37,111.96,16.3261,12.053,6,2,0.1156,1.46,none,anodise,4859,3512,2024-01-22,1674.48,False
Q02347,bracket,prismatic,Ti-10V-2Fe-3Al,TITANIUM,3-axis mill,195.46,120.45,95.27,10.4292,2.8451,9,3,0.0822,2.19,none,anodise,14881,2365,2021-05-02,1763.28,False
Q04499,bracket,prismatic,Ti-6Al-4V ELI,TITANIUM,3-axis mill,221.01,121.75,102.79,12.2525,4.1216,12,3,0.0822,2.59,none,none,2632,1611,2023-03-30,1616.34,False
Q03585,gear blank,rotational,C63000,COPPER,5-axis mill,68.44,32.12,32.12,0.4203,0.2367,5,3,0.2,1.87,stress relieve,anodise,239,139,2021-12-24,17.39,True
Q04029,gear blank,rotational,C101,COPPER,5-axis mill,69.05,35.67,35.67,0.6168,0.1612,7,1,0.2,2.02,stress relieve,nitride,162,101,2023-06-27,26.96,True
Q03874,gear blank,rotational,C101,COPPER,forging + machining,76.58,38.34,38.34,0.7904,0.5877,4,2,0.1775,2.82,stress relieve,anodise,99,52,2021-01-12,25.05,False
Q04325,gear blank,rotational,C101,COPPER,5-axis mill,61.28,28.23,28.23,0.3429,0.1052,3,1,0.2,2.24,stress relieve,anodise,559,373,2024-01-22,11.07,False
Q02333,manifold,prismatic,17-4PH H1025,STAINLESS,5-axis mill,104.27,100.2,51.47,4.1944,1.4029,12,5,0.0767,2.51,none,passivate,82,27,2021-02-28,269.23,False
Q02289,manifold,prismatic,17-4PH H1025,STAINLESS,3-axis mill,106.33,96.73,65.24,5.234,3.4044,9,5,0.0673,2.73,none,paint,53,52,2025-07-28,140.18,False
Q03701,manifold,prismatic,17-4PH H1025,STAINLESS,3-axis mill,119.13,102.36,65.38,6.2188,2.7833,13,6,0.0857,2.42,none,passivate,101,58,2023-10-02,271.84,False
Q03925,manifold,prismatic,316L,STAINLESS,3-axis mill,90.26,85.34,50.19,3.0926,2.3072,13,6,0.0642,2.53,none,passivate,83,43,2026-01-20,60.11,True
Q00149,bushing,rotational,C63000,COPPER,forging + machining,41.71,21.2,21.2,0.1116,0.0916,35,5,0.0082,2.94,harden + temper,none,1356,473,2024-01-26,8.89,True
Q03369,bushing,rotational,CuZn39Pb3,COPPER,forging + machining,63.74,30.85,30.85,0.4036,0.2853,40,5,0.0086,4.69,harden + temper,passivate,7084,2014,2021-09-04,11.17,False
Q00256,bushing,rotational,CuZn39Pb3,COPPER,forging + machining,53.3,27.28,27.28,0.2639,0.2122,34,6,0.0086,3.1,harden + temper,passivate,4851,2900,2022-08-03,8.13,True
Q03329,bushing,rotational,CuZn39Pb3,COPPER,forging + machining,50.13,27.59,27.59,0.2539,0.1597,32,5,0.0086,4.21,harden + temper,passivate,1185,734,2025-08-14,9.66,True
Q00910,bracket,prismatic,Ti-6Al-4V,TITANIUM,5-axis mill,68.83,46.85,37.69,0.5384,0.118,18,2,0.0188,6.26,stress relieve,anodise,13018,4643,2023-01-07,167.24,False
Q00654,bracket,prismatic,Ti-6Al-4V,TITANIUM,forging + machining,71.2,43.15,34.23,0.4659,0.342,8,4,0.0158,5.39,stress relieve,anodise,6373,3624,2022-04-02,90.88,False
Q04112,bracket,prismatic,Ti-6Al-4V,TITANIUM,5-axis mill,72.47,47.78,39.41,0.6045,0.1783,20,3,0.0188,5.47,stress relieve,anodise,5642,3596,2024-09-30,197.34,False
Q00872,bracket,prismatic,Ti-6Al-4V,TITANIUM,5-axis mill,64.7,46.95,36.19,0.487,0.3819,17,4,0.0257,6.3,stress relieve,anodise,18705,5000,2023-12-22,63.4,True
Q03635,housing,prismatic,16MnCr5,STEEL,5-axis mill,46.23,34.97,24.82,0.3149,0.1445,18,3,0.0124,2.74,harden + temper,anodise,3949,673,2024-03-24,16.44,False
Q00829,housing,prismatic,C45,STEEL,forging + machining,50.52,39.58,28.88,0.4535,0.3225,10,4,0.0161,2.33,harden + temper,anodise,4916,4900,2025-10-13,10.45,False
Q00533,housing,prismatic,C45,STEEL,forging + machining,55.23,56.25,43.35,1.0573,0.6541,14,4,0.009,2.59,harden + temper,anodise,6179,551,2026-05-17,39.55,False
Q01835,housing,prismatic,S355JR,STEEL,forging + machining,56.59,46.21,37.23,0.7643,0.6128,8,3,0.0117,2.89,harden + temper,nitride,1767,1437,2023-09-06,18.26,True
Q03025,manifold,prismatic,6061-T6,ALUMINIUM,3-axis mill,127.48,84.09,76.53,2.2151,1.5254,6,6,0.1545,1.44,solution + age,nitride,6152,2674,2025-03-30,46.18,False
Q02981,manifold,prismatic,6061-T6,ALUMINIUM,5-axis mill,124.84,86.04,75.59,2.1924,0.6349,7,6,0.1522,2.03,solution + age,none,7105,5000,2022-05-06,77.75,True
Q03655,manifold,prismatic,6061-T6,ALUMINIUM,3-axis mill,110.34,75.76,63.06,1.4233,0.5678,11,6,0.2,1.61,solution + age,none,21555,4289,2022-07-27,24.85,True
Q02283,manifold,prismatic,6061-T6,ALUMINIUM,3-axis mill,111.87,68.75,73.21,1.5204,0.8861,5,6,0.2,2.01,solution + age,none,6914,5000,2024-08-31,23.7,True
Q02045,shaft,rotational,1.2312,STEEL,turn-mill,60.91,11.53,11.53,0.05,0.0149,12,6,0.0158,1.42,none,nitride,46458,4732,2025-12-23,8.25,False
Q04770,shaft,rotational,1.2312,STEEL,5-axis mill,64.26,11.95,11.95,0.0566,0.0428,14,5,0.0189,0.96,none,nitride,16674,5000,2026-03-22,4.62,True
Q00413,shaft,rotational,4140,STEEL,turn-mill,66.87,11.54,11.54,0.0549,0.0364,12,6,0.0106,1.33,none,nitride,23627,5000,2024-07-22,5.14,False
Q04978,shaft,rotational,C45,STEEL,turn-mill,65.2,12.35,12.35,0.0613,0.0151,16,6,0.0158,0.95,none,nitride,50000,5000,2024-06-29,7.72,False
Q04818,shaft,rotational,C45,STEEL,turning,155.5,9.31,9.31,0.0832,0.0645,21,3,0.0507,5.08,solution + age,paint,24,18,2021-05-31,8.92,True
Q02775,shaft,rotational,C45,STEEL,turning,129.74,6.71,6.71,0.036,0.0118,9,2,0.0507,5.11,solution + age,paint,224,55,2021-09-12,3.16,False
Q00019,shaft,rotational,C45,STEEL,turning,115.6,7.7,7.7,0.0423,0.0098,21,3,0.0628,5.29,solution + age,paint,36,31,2024-05-15,6.27,False
Q02585,shaft,rotational,C45,STEEL,turning,102.51,5.71,5.71,0.0206,0.0153,14,4,0.0371,6.12,solution + age,paint,43,22,2022-01-29,9.45,False
Q03337,bushing,rotational,POM-C,POLYMER,5-axis mill,41.67,16.29,16.29,0.0122,0.0048,5,3,0.1581,3.96,stress relieve,none,7394,1354,2024-10-31,1.27,False
Q03537,bushing,rotational,POM-C,POLYMER,5-axis mill,50.88,18.59,18.59,0.0195,0.0137,3,4,0.1035,3.87,stress relieve,none,3055,554,2025-09-20,2.46,False
Q01244,bushing,rotational,POM-C,POLYMER,turn-mill,42.54,17.28,17.28,0.0141,0.0044,3,3,0.1035,2.93,stress relieve,none,11193,4089,2022-12-04,0.89,False
Q02797,bushing,rotational,PEEK,POLYMER,5-axis mill,46.42,18.55,18.55,0.0163,0.0067,3,5,0.1035,4.02,stress relieve,none,4680,1925,2021-05-17,3.58,False
Q01526,flange,prismatic,6026-T9,ALUMINIUM,3-axis mill,55.12,16.76,4.73,0.0118,0.0052,8,6,0.0977,1.87,stress relieve,none,205,98,2025-12-29,5.3,True
Q01028,flange,prismatic,2024-T3,ALUMINIUM,3-axis mill,56.06,16.04,4.41,0.011,0.005,9,6,0.0977,1.14,stress relieve,none,242,109,2025-03-17,5.05,False
Q02896,flange,prismatic,6026-T9,ALUMINIUM,3-axis mill,45.08,13.99,4.28,0.0073,0.003,3,5,0.0977,1.32,stress relieve,none,289,106,2024-02-07,4.55,False
Q03773,flange,prismatic,6026-T9,ALUMINIUM,3-axis mill,53.07,16.26,4.51,0.0105,0.0026,9,6,0.0726,1.78,stress relieve,none,65,15,2021-06-13,35.72,False
Q01112,gear blank,rotational,C63000,COPPER,5-axis mill,50.45,32.51,32.51,0.3174,0.2419,3,5,0.1269,1.96,solution + age,paint,5068,3470,2023-02-27,12.99,False
Q04216,gear blank,rotational,C63000,COPPER,5-axis mill,53.05,34.82,34.82,0.3828,0.2941,5,6,0.1269,1.9,solution + age,paint,2378,818,2021-12-19,14.41,False
Q04629,gear blank,rotational,C63000,COPPER,5-axis mill,46.13,31.14,31.14,0.2664,0.1724,4,6,0.1269,1.84,solution + age,paint,2718,638,2026-03-21,13.99,False
Q01774,gear blank,rotational,C63000,COPPER,turning,45.49,28.77,28.77,0.2242,0.0887,3,6,0.1269,2.56,solution + age,anodise,1958,1318,2022-02-09,8.59,False
Q03609,gear blank,rotational,1.2312,STEEL,5-axis mill,422.21,84.66,84.66,18.6554,8.4282,10,5,0.0144,2.49,solution + age,nitride,42771,5000,2025-08-04,879.51,False
Q02824,gear blank,rotational,42CrMo4,STEEL,5-axis mill,448.87,88.84,88.84,21.8427,16.8807,14,5,0.0184,3.01,solution + age,passivate,23685,5000,2025-11-08,483.7,False
Q03891,gear blank,rotational,42CrMo4,STEEL,turn-mill,642.55,131.64,131.64,68.6462,42.5394,17,5,0.0144,3.25,solution + age,nitride,28468,4785,2023-09-29,1917.89,False
Q04976,gear blank,rotational,S355JR,STEEL,5-axis mill,511.75,118.29,118.29,44.151,28.3897,20,6,0.0144,2.6,solution + age,nitride,31231,5000,2021-04-02,984.04,True
Q01824,housing,prismatic,4140,STEEL,turn-mill,776.07,520.15,287.18,910.0338,628.4959,11,5,0.0387,2.67,harden + temper,none,4979,1670,2022-06-24,15814.42,False
Q01743,housing,prismatic,42CrMo4,STEEL,forging + machining,844.96,549.24,300.48,1094.6684,896.9685,3,4,0.0387,2.67,harden + temper,none,3131,1531,2025-05-20,14132.65,True
Q00975,housing,prismatic,42CrMo4,STEEL,5-axis mill,879.09,572.64,313.26,1237.9192,911.8265,3,4,0.0387,2.71,harden + temper,none,8424,5000,2021-04-19,17950.83,False
Q00577,housing,prismatic,4140,STEEL,5-axis mill,607.67,376.53,213.46,383.4074,258.4398,9,5,0.0387,2.3,harden + temper,zinc,2026,396,2025-05-21,7549.37,True
Q02691,fitting,rotational,Inconel 718,NICKEL,turning,49.37,30.82,30.82,0.3017,0.1035,17,2,0.005,3.27,solution + age,none,71,9,2025-09-29,67.41,False
Q00895,fitting,rotational,Inconel 718,NICKEL,turning,43.75,25.08,25.08,0.177,0.0972,11,2,0.0054,3.92,solution + age,none,19,1,2023-03-19,129.15,False
Q01236,fitting,rotational,Inconel 718,NICKEL,turning,37.19,24.08,24.08,0.1386,0.1106,12,1,0.005,3.81,solution + age,none,60,48,2021-10-23,13.23,False
Q03816,fitting,rotational,Inconel 718,NICKEL,turning,49.63,31.02,31.02,0.3072,0.105,17,1,0.0064,4.34,solution + age,anodise,47,26,2023-07-07,54.29,False
Q02813,bracket,prismatic,6061-T6,ALUMINIUM,5-axis mill,40.01,35.43,23.21,0.0889,0.0391,17,4,0.0141,0.64,none,anodise,5138,790,2023-04-18,8.33,True
Q03921,bracket,prismatic,6061-T6,ALUMINIUM,3-axis mill,40.97,34.45,20.66,0.0787,0.0559,11,2,0.0287,0.85,none,anodise,6454,2914,2021-02-11,2.8,False
Q04728,bracket,prismatic,6061-T6,ALUMINIUM,5-axis mill,39.22,33.98,19.78,0.0712,0.0259,14,4,0.0095,0.78,none,anodise,5208,3174,2024-07-30,7.28,False
Q04566,bracket,prismatic,6061-T6,ALUMINIUM,5-axis mill,39.59,36.12,22.04,0.0851,0.0251,16,2,0.0276,0.66,none,passivate,9750,4183,2025-06-27,8.01,False
Q02798,shaft,rotational,Ti-10V-2Fe-3Al,TITANIUM,turn-mill,312.29,16.42,16.42,0.3076,0.1073,47,3,0.0679,4.46,none,anodise,35,15,2026-01-05,123.77,False
Q03408,shaft,rotational,Ti-10V-2Fe-3Al,TITANIUM,turn-mill,398.59,23.73,23.73,0.8199,0.3351,45,4,0.0612,3.13,none,anodise,37,30,2021-01-10,215.19,False
Q01251,shaft,rotational,Ti-10V-2Fe-3Al,TITANIUM,forging + machining,421.08,24.33,24.33,0.9106,0.6063,53,2,0.0954,5.74,none,anodise,50,43,2023-12-22,219.01,False
Q03312,shaft,rotational,Ti-10V-2Fe-3Al,TITANIUM,turn-mill,418.36,22.52,22.52,0.7749,0.1581,42,3,0.2,6.3,none,nitride,99,57,2024-11-15,174.06,True
Q02207,pin,rotational,15-5PH H1025,STAINLESS,turning,8.88,6.59,6.59,0.0024,0.0009,3,2,0.0797,0.43,harden + temper,nitride,4854,1257,2024-08-21,3.81,False
Q00747,pin,rotational,303,STAINLESS,turning,7.21,6.13,6.13,0.0017,0.0012,3,3,0.0797,0.44,harden + temper,paint,1514,1387,2021-03-18,1.57,False
Q01647,pin,rotational,15-5PH H1025,STAINLESS,turning,6.52,5.57,5.57,0.0012,0.0005,7,3,0.0797,0.4,harden + temper,nitride,2397,1077,2021-02-22,3.85,True
Q03577,pin,rotational,15-5PH H1025,STAINLESS,turning,5.37,4.06,4.06,0.0005,0.0002,4,2,0.0797,0.4,harden + temper,anodise,4349,511,2026-04-09,1.82,False
Q02356,housing,prismatic,316L,STAINLESS,3-axis mill,304.05,120.05,30.15,8.8032,5.179,12,5,0.2,5.37,stress relieve,none,795,723,2021-06-08,156.23,False
Q04460,housing,prismatic,15-5PH H1025,STAINLESS,3-axis mill,255.4,108.74,26.58,5.7569,3.7105,10,4,0.1627,3.88,stress relieve,passivate,751,254,2023-01-20,149.78,True
Q03715,housing,prismatic,304L,STAINLESS,3-axis mill,266.22,95.18,22.98,4.6581,2.2711,17,5,0.2,4.6,stress relieve,passivate,843,834,2025-10-06,82.29,False
Q00442,housing,prismatic,15-5PH H1025,STAINLESS,3-axis mill,448.62,181.48,39.89,25.3339,8.5284,19,6,0.2,4.56,stress relieve,passivate,1393,993,2025-04-12,871.61,False
Q03839,flange,prismatic,C45,STEEL,forging + machining,62.07,44.82,5.76,0.1259,0.0966,13,5,0.0557,4.86,solution + age,anodise,1287,947,2022-08-24,3.77,False
Q00842,flange,prismatic,C45,STEEL,forging + machining,69.91,42.16,5.59,0.1292,0.0933,4,3,0.0463,4.59,solution + age,anodise,2033,1446,2024-01-10,3.98,False
Q02449,flange,prismatic,C45,STEEL,forging + machining,67.2,44.46,6.48,0.1519,0.1209,6,3,0.0557,5.36,solution + age,anodise,2165,1811,2022-12-10,3.42,False
Q01488,flange,prismatic,C45,STEEL,forging + machining,55.49,35.47,5.22,0.0807,0.0531,3,3,0.0857,4.1,solution + age,anodise,2231,1531,2024-12-09,2.82,False
Q02652,plate,prismatic,S355JR,STEEL,forging + machining,624.67,734.9,328.3,1183.0839,821.7809,17,4,0.0295,3.85,harden + temper,nitride,167,53,2025-12-10,20137.01,False
Q03735,plate,prismatic,S355JR,STEEL,forging + machining,496.76,554.25,254.03,549.0458,382.4386,7,3,0.0295,4.34,harden + temper,nitride,63,49,2021-04-11,7131.61,False
Q00226,plate,prismatic,S355JR,STEEL,forging + machining,656.89,786.32,347.01,1407.0251,1102.7857,11,3,0.0122,4.13,harden + temper,nitride,150,53,2023-12-15,21742.25,False
Q04196,plate,prismatic,S355JR,STEEL,forging + machining,556.35,538.4,286.3,673.1925,469.0994,11,4,0.0295,3.48,harden + temper,nitride,111,67,2025-12-23,11365.8,True
Q00810,pin,rotational,13-8Mo H1000,STAINLESS,turning,7.21,6.5,6.5,0.0019,0.0011,9,2,0.0213,0.63,stress relieve,passivate,8090,5000,2021-12-13,1.54,False
Q03953,pin,rotational,304L,STAINLESS,turning,10.96,9.31,9.31,0.006,0.0038,9,3,0.0213,0.59,stress relieve,passivate,8474,5000,2023-07-06,1.17,False
Q00146,pin,rotational,304L,STAINLESS,turning,10.51,8.18,8.18,0.0044,0.0035,5,2,0.0213,0.59,stress relieve,passivate,5092,1069,2023-12-31,1.52,False
Q03872,pin,rotational,13-8Mo H1000,STAINLESS,turn-mill,10.14,8.04,8.04,0.004,0.0029,3,4,0.0213,0.64,stress relieve,passivate,6226,1095,2024-06-30,2.21,False
Q02588,gear blank,rotational,304L,STAINLESS,turn-mill,559.93,116.47,116.47,47.723,26.6766,10,1,0.005,5.11,none,nitride,2326,1209,2024-04-22,2430.5,False
Q00350,gear blank,rotational,13-8Mo H1000,STAINLESS,turn-mill,649.39,138.53,138.53,75.9517,34.676,3,1,0.005,6.3,none,nitride,1356,619,2021-05-25,6206.26,False
Q01587,gear blank,rotational,304L,STAINLESS,turn-mill,719.23,154.72,154.72,108.1793,84.9362,5,1,0.005,3.41,none,nitride,6600,2376,2021-07-20,2796.72,True
Q01997,gear blank,rotational,13-8Mo H1000,STAINLESS,turn-mill,544.64,122.43,122.43,49.7586,33.4268,5,2,0.0059,3.33,none,passivate,2179,727,2024-10-07,3746.28,False
Q00944,flange,prismatic,6026-T9,ALUMINIUM,3-axis mill,25.19,7.1,4.0,0.0019,0.0005,3,6,0.0637,1.44,harden + temper,zinc,7874,5000,2021-05-17,1.18,True
Q00759,flange,prismatic,6026-T9,ALUMINIUM,3-axis mill,26.25,8.08,4.64,0.0027,0.0011,3,5,0.0637,1.46,harden + temper,anodise,11908,2864,2021-06-15,2.29,False
Q00871,flange,prismatic,5083-H111,ALUMINIUM,3-axis mill,26.2,9.34,5.18,0.0034,0.0018,3,6,0.0637,1.62,harden + temper,zinc,2862,2349,2023-05-02,1.6,False
Q01197,flange,prismatic,6082-T6,ALUMINIUM,3-axis mill,21.25,6.89,4.0,0.0016,0.0004,9,6,0.0637,1.19,harden + temper,zinc,11368,5000,2024-10-22,1.43,False
Q04209,gear blank,rotational,42CrMo4,STEEL,5-axis mill,286.41,92.4,92.4,15.0773,4.3621,19,3,0.0475,6.3,harden + temper,zinc,75,36,2025-07-16,615.36,True
Q01599,gear blank,rotational,42CrMo4,STEEL,5-axis mill,403.0,124.17,124.17,38.3082,24.661,13,4,0.0475,4.14,harden + temper,paint,24,11,2022-10-22,899.84,False
Q03460,gear blank,rotational,S355JR,STEEL,5-axis mill,335.11,97.19,97.19,19.5167,14.0615,21,2,0.0906,5.35,harden + temper,paint,30,4,2025-12-29,271.34,True
Q00646,gear blank,rotational,1.2312,STEEL,5-axis mill,328.69,116.33,116.33,27.4244,9.2566,12,4,0.0498,4.16,harden + temper,paint,69,21,2021-04-24,1343.95,False
Q03951,plate,prismatic,304L,STAINLESS,forging + machining,221.2,113.09,101.45,20.3031,14.6137,21,5,0.0355,1.3,solution + age,none,19,18,2022-01-30,537.46,False
Q02632,plate,prismatic,440C,STAINLESS,forging + machining,195.64,105.94,83.78,13.3369,10.5446,17,5,0.0355,1.67,solution + age,anodise,17,6,2025-05-27,554.08,False
Q03576,plate,prismatic,440C,STAINLESS,forging + machining,201.92,113.26,100.32,17.619,14.7176,20,5,0.048,0.78,solution + age,anodise,36,34,2024-04-25,529.82,True
Q01794,plate,prismatic,304L,STAINLESS,forging + machining,205.83,113.83,102.9,19.2876,13.0367,17,6,0.0234,2.16,solution + age,anodise,53,4,2022-08-16,750.82,True
Q02235,housing,prismatic,6026-T9,ALUMINIUM,turn-mill,73.89,54.09,27.22,0.2937,0.0616,33,6,0.0097,1.4,solution + age,none,18196,5000,2024-02-22,22.38,True
Q00217,housing,prismatic,2024-T3,ALUMINIUM,turn-mill,78.62,52.6,29.24,0.3362,0.2328,39,4,0.0122,1.76,solution + age,none,17140,5000,2021-03-03,16.95,False
Q04824,housing,prismatic,6026-T9,ALUMINIUM,turn-mill,68.26,48.25,25.93,0.2306,0.153,29,6,0.0095,1.46,solution + age,none,7310,2941,2025-03-24,10.98,True
Q02795,housing,prismatic,2024-T3,ALUMINIUM,turn-mill,82.84,56.82,31.51,0.4123,0.1722,32,6,0.0122,1.63,solution + age,none,48352,5000,2021-12-22,34.3,False
Q00709,plate,prismatic,6061-T6,ALUMINIUM,turn-mill,538.92,359.56,248.7,130.119,101.2901,31,4,0.2,2.72,harden + temper,anodise,29615,5000,2024-01-15,2287.36,False
Q02956,plate,prismatic,6061-T6,ALUMINIUM,turn-mill,875.75,667.26,375.75,592.8389,452.7105,24,3,0.2,3.39,harden + temper,anodise,26635,5000,2025-09-02,11204.89,False
Q00587,plate,prismatic,6061-T6,ALUMINIUM,turn-mill,661.32,442.47,268.67,212.2678,52.0709,28,3,0.1641,3.63,harden + temper,anodise,3679,2082,2023-10-25,7705.19,False
Q03791,plate,prismatic,6026-T9,ALUMINIUM,turn-mill,741.72,474.63,329.8,313.4847,199.0698,30,4,0.2,3.29,harden + temper,paint,23820,5000,2023-04-25,6241.16,False
Q03676,gear blank,rotational,15-5PH H1025,STAINLESS,turning,111.8,40.78,40.78,1.1391,0.4061,6,6,0.0085,4.01,stress relieve,anodise,50000,5000,2025-12-11,63.51,False
Q04301,gear blank,rotational,304L,STAINLESS,5-axis mill,97.25,35.67,35.67,0.7776,0.384,7,6,0.0068,6.0,stress relieve,passivate,50000,5000,2021-08-08,44.57,False
Q01595,gear blank,rotational,304L,STAINLESS,turning,84.46,38.02,38.02,0.767,0.2504,12,6,0.0085,2.18,stress relieve,nitride,50000,5000,2024-02-04,27.32,True
Q02005,gear blank,rotational,304L,STAINLESS,turning,112.4,38.64,38.64,1.0545,0.62,10,6,0.0085,5.86,stress relieve,passivate,50000,4653,2022-05-26,22.08,False
Q03144,bracket,prismatic,304L,STAINLESS,3-axis mill,33.8,18.46,10.66,0.0532,0.0245,9,4,0.0081,3.29,harden + temper,nitride,1915,861,2022-11-28,5.47,False
Q03643,bracket,prismatic,304L,STAINLESS,3-axis mill,38.44,20.17,11.12,0.069,0.0385,3,6,0.0081,3.29,harden + temper,nitride,1442,899,2024-06-05,7.68,False
Q02127,bracket,prismatic,304L,STAINLESS,3-axis mill,48.3,22.68,14.76,0.1294,0.0685,3,4,0.0071,3.14,harden + temper,nitride,1535,1153,2022-04-18,6.55,True
Q01332,bracket,prismatic,304L,STAINLESS,3-axis mill,45.22,23.96,14.7,0.1274,0.0567,3,5,0.0065,4.92,harden + temper,zinc,1969,661,2023-09-26,6.09,False
Q01367,shaft,rotational,1.2312,STEEL,turn-mill,59.01,9.64,9.64,0.0338,0.0234,5,1,0.0069,1.19,solution + age,paint,3230,884,2021-09-12,2.69,False
Q03887,shaft,rotational,1.2312,STEEL,turn-mill,61.25,10.73,10.73,0.0435,0.0228,4,2,0.0069,1.05,solution + age,paint,3799,3612,2021-06-27,2.73,True
Q01988,shaft,rotational,42CrMo4,STEEL,turn-mill,71.12,10.42,10.42,0.0476,0.0226,5,1,0.0069,1.32,solution + age,paint,5623,5000,2022-08-04,3.58,False
Q02948,shaft,rotational,1.2312,STEEL,turn-mill,58.84,8.88,8.88,0.0286,0.0061,4,1,0.0099,1.37,solution + age,paint,2908,1908,2024-02-08,3.57,True
Q01579,bushing,rotational,304L,STAINLESS,forging + machining,67.85,49.13,49.13,1.0292,0.7626,12,4,0.1232,3.1,none,zinc,39,32,2025-08-28,32.95,False
Q01434,bushing,rotational,15-5PH H1025,STAINLESS,forging + machining,58.08,40.79,40.79,0.5919,0.4317,10,5,0.2,4.13,none,zinc,56,16,2021-11-25,49.73,False
Q01770,bushing,rotational,13-8Mo H1000,STAINLESS,forging + machining,53.05,36.46,36.46,0.4298,0.2622,3,4,0.1268,3.62,none,zinc,14,7,2026-04-01,78.86,True
Q02905,bushing,rotational,15-5PH H1025,STAINLESS,5-axis mill,62.26,41.88,41.88,0.6689,0.1461,6,5,0.0913,2.7,none,paint,30,9,2022-06-25,120.06,False
Q00568,gear blank,rotational,1.2312,STEEL,5-axis mill,581.09,144.48,144.48,74.7866,29.4156,7,6,0.1813,3.23,harden + temper,zinc,38657,5000,2025-01-22,1704.53,False
Q04391,gear blank,rotational,42CrMo4,STEEL,5-axis mill,622.4,151.71,151.71,88.3205,47.1688,11,6,0.124,6.17,harden + temper,zinc,17324,5000,2026-02-11,2135.16,False
Q01757,gear blank,rotational,42CrMo4,STEEL,5-axis mill,796.94,212.21,212.21,221.2585,99.2603,13,5,0.124,6.3,harden + temper,zinc,33211,5000,2021-09-24,3258.36,True
Q01426,gear blank,rotational,1.2312,STEEL,5-axis mill,625.39,168.33,168.33,109.2486,77.8146,8,6,0.1121,6.3,harden + temper,zinc,11783,5000,2023-10-19,1833.77,False
Q03015,gear blank,rotational,440C,STAINLESS,turn-mill,216.16,60.95,60.95,4.8441,1.5305,5,3,0.0063,3.31,stress relieve,zinc,129,42,2021-07-23,507.95,False
Q04465,gear blank,rotational,316L,STAINLESS,turn-mill,163.42,47.51,47.51,2.3179,0.6136,4,3,0.0063,4.56,stress relieve,zinc,49,6,2026-05-01,299.24,False
Q01877,gear blank,rotational,17-4PH H1025,STAINLESS,turn-mill,201.92,53.56,53.56,3.5483,1.336,3,3,0.0075,6.3,stress relieve,zinc,248,50,2021-10-18,287.37,False
Q01269,gear blank,rotational,303,STAINLESS,turn-mill,231.7,57.79,57.79,4.8613,2.8384,3,3,0.0063,4.64,stress relieve,zinc,467,146,2021-02-12,141.46,True
Q04269,fitting,rotational,Ti-6Al-4V ELI,TITANIUM,turning,55.1,36.55,36.55,0.2561,0.1086,3,4,0.0523,2.45,harden + temper,passivate,163,39,2023-01-02,31.8,False
Q03739,fitting,rotational,Ti-6Al-4V ELI,TITANIUM,turn-mill,51.93,35.27,35.27,0.2247,0.1644,6,4,0.0523,2.83,harden + temper,passivate,81,44,2024-12-26,34.79,False
Q00612,fitting,rotational,Ti-10V-2Fe-3Al,TITANIUM,turn-mill,53.01,35.82,35.82,0.2484,0.1819,3,3,0.0523,2.63,harden + temper,passivate,112,67,2024-05-27,33.58,False
Q03694,fitting,rotational,Ti-6Al-4V ELI,TITANIUM,turn-mill,59.14,40.85,40.85,0.3434,0.1628,3,3,0.0523,1.86,harden + temper,passivate,169,97,2025-12-21,56.38,False
Q04899,gear blank,rotational,C45,STEEL,forging + machining,562.71,516.18,516.18,924.3572,613.44,12,4,0.0537,4.03,harden + temper,anodise,563,203,2024-03-21,15172.42,True
Q02236,gear blank,rotational,C45,STEEL,forging + machining,472.74,343.21,343.21,343.3244,262.9702,13,4,0.0537,4.75,harden + temper,anodise,2438,808,2025-06-04,4295.86,True
Q04781,gear blank,rotational,C45,STEEL,forging + machining,505.45,423.21,423.21,558.139,438.141,3,3,0.0379,5.13,harden + temper,anodise,2194,1657,2024-01-04,6850.81,False
Q00142,gear blank,rotational,1.2312,STEEL,forging + machining,566.34,448.5,448.5,702.3562,503.4605,8,5,0.0537,4.58,harden + temper,anodise,3085,1265,2025-09-28,19698.62,False
Q00817,pin,rotational,Ti-10V-2Fe-3Al,TITANIUM,forging + machining,50.25,6.42,6.42,0.0076,0.0049,3,5,0.0274,0.64,none,passivate,571,348,2024-12-09,4.97,False
Q01589,pin,rotational,Ti-10V-2Fe-3Al,TITANIUM,forging + machining,53.46,6.56,6.56,0.0084,0.0065,8,5,0.0442,0.59,none,passivate,885,109,2022-07-21,6.45,False
Q03374,pin,rotational,Ti-10V-2Fe-3Al,TITANIUM,forging + machining,38.08,5.08,5.08,0.0036,0.003,7,4,0.0274,0.47,none,passivate,156,126,2023-03-09,4.99,True
Q00060,pin,rotational,Ti-10V-2Fe-3Al,TITANIUM,forging + machining,47.96,6.27,6.27,0.0069,0.0056,3,4,0.0274,0.68,none,nitride,366,264,2021-06-28,6.3,False
Q03568,bracket,prismatic,303,STAINLESS,5-axis mill,22.52,16.43,11.78,0.0349,0.0072,6,3,0.0068,3.02,harden + temper,nitride,135,103,2025-05-27,14.93,False
Q01984,bracket,prismatic,304L,STAINLESS,5-axis mill,21.86,13.26,12.16,0.0282,0.0088,3,4,0.005,3.44,harden + temper,nitride,127,60,2025-05-05,20.4,False
Q02503,bracket,prismatic,304L,STAINLESS,5-axis mill,19.34,12.31,10.02,0.0191,0.0097,4,4,0.005,3.64,harden + temper,nitride,97,74,2021-03-03,13.97,False
Q03093,bracket,prismatic,304L,STAINLESS,5-axis mill,20.59,14.52,10.94,0.0262,0.0132,7,2,0.005,4.61,harden + temper,nitride,462,82,2026-02-05,9.72,True
Q00593,bushing,rotational,13-8Mo H1000,STAINLESS,forging + machining,89.12,50.14,50.14,1.3657,1.1487,6,6,0.2,4.26,solution + age,nitride,33215,5000,2023-12-16,67.29,False
Q04400,bushing,rotational,316L,STAINLESS,forging + machining,74.56,45.52,45.52,0.9708,0.822,8,6,0.1328,2.67,solution + age,nitride,37279,2195,2025-05-05,21.65,False
Q03873,bushing,rotational,316L,STAINLESS,forging + machining,91.4,48.14,48.14,1.331,0.7988,11,6,0.2,5.17,solution + age,nitride,13557,5000,2022-09-01,40.2,False
Q01683,bushing,rotational,316L,STAINLESS,forging + machining,75.02,43.39,43.39,0.8875,0.7138,9,5,0.2,4.24,solution + age,nitride,13696,1377,2025-12-01,20.54,False
Q04858,shaft,rotational,S355JR,STEEL,5-axis mill,51.86,5.1,5.1,0.0083,0.0066,4,2,0.0289,1.11,harden + temper,anodise,868,192,2026-06-25,4.58,False
Q03086,shaft,rotational,S355JR,STEEL,turning,55.85,5.64,5.64,0.011,0.005,8,1,0.0099,1.29,harden + temper,anodise,1971,531,2021-04-26,2.22,False
Q04640,shaft,rotational,42CrMo4,STEEL,turning,52.65,4.88,4.88,0.0077,0.0039,12,2,0.0099,0.93,harden + temper,none,828,307,2023-07-11,0.87,True
Q03281,shaft,rotational,C45,STEEL,turning,53.16,5.24,5.24,0.009,0.0055,10,1,0.0099,1.07,harden + temper,anodise,997,54,2025-05-06,3.12,False
Q02396,flange,prismatic,16MnCr5,STEEL,5-axis mill,55.25,32.42,11.05,0.1555,0.1229,7,4,0.118,5.08,harden + temper,nitride,145,141,2021-03-28,12.96,False
Q04802,flange,prismatic,16MnCr5,STEEL,5-axis mill,57.94,29.74,11.39,0.154,0.0943,7,3,0.0824,4.81,harden + temper,nitride,176,38,2025-11-22,25.49,False
Q01531,flange,prismatic,16MnCr5,STEEL,5-axis mill,45.29,22.44,8.6,0.0686,0.0324,15,3,0.0972,6.3,harden + temper,nitride,130,6,2025-01-21,112.57,False
Q02671,flange,prismatic,16MnCr5,STEEL,5-axis mill,47.98,23.3,9.65,0.0847,0.033,9,5,0.0824,5.71,harden + temper,nitride,166,73,2021-12-26,15.37,False
Q02539,plate,prismatic,304L,STAINLESS,forging + machining,319.25,118.55,134.38,40.6892,32.7005,4,1,0.0338,1.54,harden + temper,anodise,28139,5000,2022-12-16,723.55,False
Q02317,plate,prismatic,440C,STAINLESS,forging + machining,382.6,152.32,164.01,73.4061,59.8867,14,3,0.0338,1.4,harden + temper,anodise,5008,4099,2022-02-26,2029.95,True
Q01076,plate,prismatic,304L,STAINLESS,forging + machining,309.63,125.77,127.23,39.6362,23.8215,3,2,0.0338,1.4,harden + temper,anodise,6298,5000,2023-01-30,1059.69,False
Q02021,plate,prismatic,304L,STAINLESS,forging + machining,321.4,139.54,140.98,50.5833,32.3078,13,2,0.0338,1.26,harden + temper,anodise,6979,4537,2021-01-18,1262.98,False
Q04358,pin,rotational,Ti-6Al-4V ELI,TITANIUM,forging + machining,43.67,6.44,6.44,0.0063,0.0048,7,3,0.0356,0.52,stress relieve,paint,4518,3139,2021-04-25,2.35,False
Q00805,pin,rotational,Ti-6Al-4V,TITANIUM,forging + machining,44.35,7.05,7.05,0.0077,0.0047,3,3,0.0221,0.69,stress relieve,paint,12421,4459,2024-07-19,2.32,True
Q01180,pin,rotational,Ti-6Al-4V ELI,TITANIUM,forging + machining,53.85,7.9,7.9,0.0117,0.0077,3,3,0.052,0.4,stress relieve,paint,2417,2294,2022-06-28,3.37,True
Q01227,pin,rotational,Ti-10V-2Fe-3Al,TITANIUM,turning,56.2,7.75,7.75,0.0123,0.0041,7,3,0.0311,0.4,stress relieve,none,3440,1911,2022-02-12,2.55,True
Q02521,housing,prismatic,2024-T3,ALUMINIUM,turn-mill,226.98,178.76,100.69,11.357,2.3564,3,3,0.1349,3.24,harden + temper,nitride,528,113,2024-10-24,415.46,False
Q02201,housing,prismatic,5083-H111,ALUMINIUM,turn-mill,183.22,151.42,87.86,6.4833,3.3936,5,5,0.1349,3.78,harden + temper,nitride,310,230,2023-12-06,223.4,True
Q01206,housing,prismatic,7075-T6,ALUMINIUM,turn-mill,163.21,136.07,73.66,4.5971,2.0402,3,3,0.172,6.3,harden + temper,nitride,166,114,2023-08-25,170.23,False
Q04646,housing,prismatic,2024-T3,ALUMINIUM,turn-mill,191.07,160.38,89.46,7.6215,5.2874,9,5,0.1349,6.13,harden + temper,nitride,531,97,2025-11-26,180.46,False
Q02978,manifold,prismatic,1.2312,STEEL,3-axis mill,224.74,102.35,75.43,13.6212,6.6419,3,6,0.0064,1.96,none,none,18,1,2025-08-20,1107.7,False
Q02237,manifold,prismatic,42CrMo4,STEEL,3-axis mill,130.94,69.37,57.44,4.0957,1.1692,3,5,0.005,1.39,none,none,21,9,2024-02-29,224.21,False
Q02238,manifold,prismatic,C45,STEEL,3-axis mill,250.51,117.29,95.53,22.0337,10.8594,3,6,0.012,1.73,none,none,86,9,2026-03-14,504.53,False
Q00818,manifold,prismatic,42CrMo4,STEEL,3-axis mill,245.83,116.89,83.85,18.9135,13.0672,3,6,0.0064,2.56,none,none,10,2,2021-10-11,560.84,True
Q02879,gear blank,rotational,4140,STEEL,forging + machining,376.72,174.31,174.31,70.5739,46.8544,13,4,0.0068,4.19,none,paint,467,356,2025-07-07,2705.92,False
Q01622,gear blank,rotational,4140,STEEL,forging + machining,372.09,209.37,209.37,100.5582,85.1458,17,2,0.0068,4.6,none,passivate,668,34,2024-12-03,1853.83,False
Q01381,gear blank,rotational,4140,STEEL,forging + machining,374.8,203.9,203.9,96.0753,61.8551,18,2,0.0068,6.04,none,paint,726,51,2021-04-26,3462.44,False
Q02510,gear blank,rotational,S355JR,STEEL,forging + machining,249.85,115.31,115.31,20.4819,13.933,18,2,0.005,4.79,none,paint,566,324,2023-11-01,566.14,False
Q01326,manifold,prismatic,2024-T3,ALUMINIUM,3-axis mill,158.82,84.81,57.49,2.1525,1.051,4,3,0.0515,3.25,stress relieve,zinc,43,41,2024-09-23,60.61,True
Q01836,manifold,prismatic,6061-T6,ALUMINIUM,3-axis mill,185.58,105.25,84.2,4.4402,1.9299,3,3,0.0583,3.89,stress relieve,paint,10,7,2025-12-04,144.72,False
Q04349,manifold,prismatic,2024-T3,ALUMINIUM,forging + machining,176.16,96.16,80.72,3.8016,2.4801,5,2,0.0712,3.28,stress relieve,zinc,24,5,2025-03-18,150.0,False
Q02676,manifold,prismatic,2024-T3,ALUMINIUM,3-axis mill,152.27,92.3,66.03,2.5801,2.0235,3,1,0.0736,2.94,stress relieve,zinc,17,8,2025-08-19,51.16,False
Q03221,bracket,prismatic,Ti-6Al-4V,TITANIUM,forging + machining,24.85,23.94,4.0,0.0105,0.0082,11,4,0.0103,1.38,harden + temper,paint,10,1,2025-08-11,334.05,True
Q02355,bracket,prismatic,Ti-6Al-4V ELI,TITANIUM,forging + machining,35.83,31.07,4.67,0.023,0.0186,10,3,0.0098,1.57,harden + temper,paint,22,12,2021-09-19,31.29,False
Q02113,bracket,prismatic,Ti-6Al-4V ELI,TITANIUM,forging + machining,25.3,26.7,4.0,0.012,0.0078,20,2,0.0103,1.98,harden + temper,paint,11,5,2021-07-07,50.58,False
Q01211,bracket,prismatic,Ti-6Al-4V ELI,TITANIUM,forging + machining,24.6,23.14,4.0,0.0101,0.0061,8,2,0.025,2.29,harden + temper,paint,10,3,2025-05-02,81.14,False
Q01832,bracket,prismatic,6061-T6,ALUMINIUM,5-axis mill,100.97,57.71,39.63,0.6235,0.2045,5,5,0.2,5.11,harden + temper,paint,20804,5000,2021-10-09,21.59,False
Q00928,bracket,prismatic,6061-T6,ALUMINIUM,5-axis mill,91.69,49.77,38.37,0.4728,0.1261,12,5,0.2,5.48,harden + temper,zinc,12136,5000,2022-09-21,16.07,True
Q02166,bracket,prismatic,6061-T6,ALUMINIUM,turn-mill,93.43,59.19,37.97,0.5669,0.3139,10,6,0.2,6.3,harden + temper,paint,12567,5000,2023-12-01,13.05,True
Q00613,bracket,prismatic,6061-T6,ALUMINIUM,5-axis mill,91.75,64.32,38.75,0.6175,0.2866,10,4,0.2,6.3,harden + temper,paint,9733,5000,2023-02-18,20.6,False
Q01867,flange,prismatic,4140,STEEL,5-axis mill,24.26,10.59,4.0,0.0081,0.0036,13,4,0.0572,3.79,harden + temper,anodise,124,18,2021-07-03,42.19,True
Q02337,flange,prismatic,C45,STEEL,5-axis mill,33.96,15.18,5.41,0.0219,0.0054,14,4,0.0572,6.3,harden + temper,anodise,130,24,2023-09-11,38.52,False
Q04531,flange,prismatic,C45,STEEL,5-axis mill,25.73,10.44,4.25,0.009,0.0039,14,5,0.0862,5.21,harden + temper,anodise,233,33,2022-01-11,27.59,False
Q01576,flange,prismatic,42CrMo4,STEEL,5-axis mill,29.36,14.13,4.64,0.0151,0.0085,8,4,0.0572,4.42,harden + temper,anodise,116,90,2025-12-24,11.15,True
Q01590,fitting,rotational,Ti-10V-2Fe-3Al,TITANIUM,turn-mill,20.05,10.59,10.59,0.0082,0.0065,11,5,0.0667,1.19,stress relieve,none,5808,2138,2021-02-15,1.78,False
Q02573,fitting,rotational,Ti-6Al-4V ELI,TITANIUM,turn-mill,29.16,15.64,15.64,0.0248,0.005,6,4,0.0667,1.46,stress relieve,zinc,6516,1316,2026-05-21,6.23,False
Q03450,fitting,rotational,Ti-6Al-4V ELI,TITANIUM,turn-mill,39.28,21.81,21.81,0.065,0.0321,7,5,0.0667,1.6,stress relieve,zinc,12903,2844,2026-01-27,8.85,True
Q03790,fitting,rotational,Ti-6Al-4V ELI,TITANIUM,turn-mill,23.49,13.77,13.77,0.0155,0.0052,3,5,0.0667,1.36,stress relieve,zinc,12002,5000,2021-04-13,3.42,False
Q00364,gear blank,rotational,1.2312,STEEL,turn-mill,146.91,142.57,142.57,18.4114,14.6114,60,6,0.0299,1.18,stress relieve,anodise,25423,5000,2021-01-26,368.29,False
Q04563,gear blank,rotational,1.2312,STEEL,turn-mill,139.29,136.98,136.98,16.1145,5.5638,60,6,0.0381,1.26,stress relieve,anodise,37472,5000,2025-07-03,1583.27,False
Q01154,gear blank,rotational,1.2312,STEEL,turn-mill,104.84,104.84,104.84,7.1049,2.8229,56,6,0.0252,0.83,stress relieve,anodise,11342,3717,2023-06-16,428.48,True
Q01509,gear blank,rotational,1.2312,STEEL,turning,109.22,110.44,110.44,8.2139,2.9159,60,5,0.0433,0.74,stress relieve,paint,50000,5000,2024-07-21,359.78,False
Q00753,gear blank,rotational,4140,STEEL,5-axis mill,439.99,153.21,153.21,63.6756,39.798,8,3,0.1071,3.64,none,nitride,2261,1389,2024-10-05,973.03,False
Q04677,gear blank,rotational,S355JR,STEEL,forging + machining,449.17,159.64,159.64,70.5728,43.3522,11,1,0.1071,4.03,none,nitride,1346,1020,2023-06-29,910.15,False
Q04335,gear blank,rotational,1.2312,STEEL,5-axis mill,441.56,162.72,162.72,72.0848,39.3246,8,1,0.1205,3.94,none,nitride,1541,344,2022-08-31,1511.11,False
Q02023,gear blank,rotational,1.2312,STEEL,5-axis mill,397.32,144.7,144.7,51.2872,35.3458,9,2,0.1071,3.76,none,nitride,3707,2412,2022-02-08,896.02,False
Q03875,housing,prismatic,4140,STEEL,forging + machining,70.04,123.97,63.56,4.3326,3.141,5,3,0.1403,3.23,none,paint,12,6,2026-05-11,107.48,True
Q00691,housing,prismatic,C45,STEEL,3-axis mill,57.3,107.44,54.41,2.6296,0.9371,3,2,0.1403,3.03,none,paint,17,14,2024-10-19,40.35,True
Q02509,housing,prismatic,S355JR,STEEL,forging + machining,69.25,102.27,63.33,3.5209,2.3264,3,1,0.1831,4.42,none,paint,43,41,2023-11-06,35.17,False
Q04877,housing,prismatic,4140,STEEL,forging + machining,82.67,128.21,73.4,6.1071,4.352,5,3,0.1403,2.91,none,paint,17,11,2025-01-13,106.02,False
Q00011,gear blank,rotational,4140,STEEL,5-axis mill,385.31,110.31,110.31,28.9065,10.7891,23,6,0.0395,4.2,stress relieve,anodise,206,18,2021-06-17,1233.47,True
Q02489,gear blank,rotational,C45,STEEL,5-axis mill,432.76,132.28,132.28,46.6846,24.8072,17,5,0.0347,4.32,stress relieve,anodise,68,14,2024-12-07,1239.0,False
Q01930,gear blank,rotational,C45,STEEL,5-axis mill,424.38,159.88,159.88,66.8789,13.7465,18,5,0.0347,2.39,stress relieve,anodise,927,53,2025-01-25,3280.52,False
Q01464,gear blank,rotational,4140,STEEL,5-axis mill,309.57,115.02,115.02,25.2503,10.7473,16,4,0.0347,3.79,stress relieve,anodise,274,243,2021-02-10,801.87,False
Q01993,manifold,prismatic,316L,STAINLESS,3-axis mill,118.25,70.29,62.68,4.1678,1.8127,18,1,0.0741,1.46,harden + temper,zinc,70,3,2021-09-07,101.71,True
Q04214,manifold,prismatic,440C,STAINLESS,3-axis mill,89.98,60.69,44.93,1.8841,1.1595,16,2,0.0556,2.12,harden + temper,none,98,49,2023-08-24,58.12,False
Q03814,manifold,prismatic,440C,STAINLESS,3-axis mill,123.56,78.4,63.7,4.7393,1.6606,21,3,0.0556,1.65,harden + temper,none,91,80,2021-03-27,159.4,True
Q03777,manifold,prismatic,15-5PH H1025,STAINLESS,3-axis mill,99.6,73.65,56.77,3.2479,2.223,19,1,0.0712,0.87,harden + temper,none,33,26,2023-02-18,82.17,False
Q04869,plate,prismatic,440C,STAINLESS,forging + machining,82.14,75.37,56.14,2.6696,1.88,21,6,0.0843,4.28,stress relieve,paint,2247,782,2025-12-11,96.4,True
Q00129,plate,prismatic,440C,STAINLESS,forging + machining,89.38,70.57,51.32,2.4862,1.8228,15,5,0.1027,3.23,stress relieve,paint,4474,4385,2024-02-27,74.97,True
Q01869,plate,prismatic,304L,STAINLESS,forging + machining,85.26,66.07,48.86,2.2017,1.7748,15,5,0.0997,4.15,stress relieve,paint,6327,5000,2022-04-06,39.57,False
Q02052,plate,prismatic,17-4PH H1025,STAINLESS,forging + machining,84.76,79.78,52.82,2.786,1.8493,13,5,0.0843,5.78,stress relieve,paint,1664,1276,2021-04-22,89.46,True
Q02313,bushing,rotational,S355JR,STEEL,turn-mill,39.96,28.07,28.07,0.1941,0.1084,40,6,0.0149,6.3,none,paint,1911,202,2021-04-20,10.54,False
Q03105,bushing,rotational,S355JR,STEEL,turn-mill,49.6,31.51,31.51,0.3037,0.1268,38,5,0.0149,6.3,none,paint,2586,2372,2023-02-10,16.76,False
Q01365,bushing,rotational,16MnCr5,STEEL,turn-mill,46.11,33.16,33.16,0.3125,0.1186,34,6,0.0149,6.3,none,anodise,1575,206,2024-05-03,17.86,True
Q04443,bushing,rotational,S355JR,STEEL,turn-mill,40.41,29.85,29.85,0.2219,0.1605,35,6,0.0322,6.3,none,nitride,4350,1701,2022-03-22,7.27,True
Q03431,housing,prismatic,6082-T6,ALUMINIUM,3-axis mill,193.61,129.34,90.01,6.0854,3.9241,60,6,0.022,3.88,stress relieve,paint,25,11,2025-07-18,317.48,False
Q00893,housing,prismatic,2024-T3,ALUMINIUM,turn-mill,176.4,114.57,69.56,3.9082,1.8603,59,6,0.022,2.58,stress relieve,paint,18,13,2022-11-10,309.73,False
Q03950,housing,prismatic,7075-T6,ALUMINIUM,3-axis mill,196.84,130.86,97.18,7.0336,3.133,60,6,0.022,2.82,stress relieve,paint,10,6,2025-10-12,546.32,False
Q04507,housing,prismatic,7075-T6,ALUMINIUM,3-axis mill,137.12,104.15,78.99,3.1698,0.833,55,5,0.022,2.54,stress relieve,paint,25,14,2021-09-24,295.36,False
Q01928,housing,prismatic,303,STAINLESS,turn-mill,181.78,60.38,37.35,3.2792,1.2419,14,5,0.0121,4.41,stress relieve,passivate,50000,5000,2022-10-30,131.02,False
Q00095,housing,prismatic,303,STAINLESS,turn-mill,179.02,56.36,39.55,3.1925,1.7615,10,6,0.0121,2.07,stress relieve,none,50000,5000,2024-12-25,106.11,False
Q04512,housing,prismatic,303,STAINLESS,turn-mill,209.13,63.82,40.56,4.3305,2.4232,7,5,0.0121,2.77,stress relieve,zinc,26806,4605,2026-03-02,112.63,False
Q03664,housing,prismatic,303,STAINLESS,turn-mill,210.34,70.28,47.67,5.6373,1.5462,13,5,0.0143,4.45,stress relieve,passivate,25463,5000,2026-06-08,252.94,False
Q02287,fitting,rotational,Waspaloy,NICKEL,turning,196.99,150.34,150.34,28.6403,13.2035,20,2,0.1295,0.81,stress relieve,none,43,18,2023-05-09,3748.93,False
Q01705,fitting,rotational,Inconel 718,NICKEL,turning,204.25,135.75,135.75,24.211,12.2496,10,3,0.1295,0.86,stress relieve,none,53,41,2021-06-03,2087.49,False
Q00076,fitting,rotational,Inconel 718,NICKEL,turning,173.61,120.51,120.51,16.2163,9.7546,16,2,0.1295,1.11,stress relieve,none,171,137,2025-04-28,1301.44,False
Q03996,fitting,rotational,Inconel 718,NICKEL,turning,195.8,149.4,149.4,28.1105,6.6394,10,3,0.1295,0.58,stress relieve,none,172,105,2025-08-20,2176.4,True
Q04291,housing,prismatic,6082-T6,ALUMINIUM,5-axis mill,569.64,283.14,170.26,74.1448,44.2166,13,4,0.0058,4.68,solution + age,passivate,270,223,2021-03-25,5024.57,True
Q03764,housing,prismatic,6082-T6,ALUMINIUM,5-axis mill,498.69,218.13,131.8,38.7122,22.7747,7,3,0.007,4.37,solution + age,passivate,126,75,2026-02-03,3006.65,False
Q04056,housing,prismatic,6082-T6,ALUMINIUM,5-axis mill,574.94,295.01,173.2,79.3165,60.7862,15,3,0.0129,5.61,solution + age,passivate,292,80,2023-12-10,2793.52,False
Q02073,housing,prismatic,6082-T6,ALUMINIUM,5-axis mill,511.85,293.3,148.87,60.345,42.8517,10,4,0.0107,4.92,solution + age,passivate,416,223,2024-11-14,1927.1,False
Q03195,bushing,rotational,4140,STEEL,forging + machining,67.83,52.32,52.32,1.1448,0.7552,11,2,0.0131,6.3,harden + temper,anodise,69,38,2021-09-04,48.89,False
Q03854,bushing,rotational,4140,STEEL,forging + machining,46.75,39.14,39.14,0.4416,0.3494,9,1,0.0204,6.1,harden + temper,zinc,70,9,2024-09-20,22.86,False
Q02343,bushing,rotational,16MnCr5,STEEL,forging + machining,49.36,41.19,41.19,0.5164,0.4181,7,1,0.0381,3.51,harden + temper,zinc,175,170,2025-12-06,8.72,False
Q04342,bushing,rotational,C45,STEEL,forging + machining,54.67,51.34,51.34,0.8883,0.5587,14,1,0.0204,6.3,harden + temper,zinc,64,54,2024-11-16,28.55,False
Q03279,bracket,prismatic,Ti-6Al-4V,TITANIUM,forging + machining,50.72,36.73,6.45,0.0532,0.0373,12,6,0.0087,3.09,harden + temper,passivate,4095,1017,2024-08-07,12.92,False
Q01727,bracket,prismatic,Ti-6Al-4V,TITANIUM,forging + machining,46.61,36.29,6.44,0.0482,0.0391,9,5,0.0057,2.76,harden + temper,passivate,20448,5000,2023-03-19,8.71,False
Q02654,bracket,prismatic,Ti-6Al-4V,TITANIUM,forging + machining,63.76,48.58,7.95,0.1091,0.066,9,5,0.0151,3.43,harden + temper,passivate,4682,2431,2025-03-12,27.1,False
Q04264,bracket,prismatic,Ti-6Al-4V,TITANIUM,forging + machining,57.79,45.09,7.91,0.0913,0.0621,3,6,0.0057,2.6,harden + temper,passivate,4639,681,2026-03-21,19.22,True
Q01570,manifold,prismatic,16MnCr5,STEEL,3-axis mill,194.49,71.56,65.28,7.1325,2.6816,3,6,0.0345,1.5,harden + temper,anodise,12685,1953,2026-03-21,129.91,False
Q00573,manifold,prismatic,16MnCr5,STEEL,forging + machining,192.43,72.7,69.82,7.6684,5.2934,6,6,0.0345,1.53,harden + temper,passivate,11604,5000,2025-12-17,135.42,False
Q00832,manifold,prismatic,16MnCr5,STEEL,3-axis mill,164.69,67.04,59.62,5.1675,1.7974,7,6,0.0345,1.02,harden + temper,none,20633,5000,2024-03-17,79.82,True
Q03273,manifold,prismatic,16MnCr5,STEEL,3-axis mill,231.77,84.4,83.44,12.8134,10.0244,3,5,0.0345,1.68,harden + temper,none,32485,5000,2026-05-11,98.68,False
Q02071,gear blank,rotational,440C,STAINLESS,turn-mill,719.32,196.31,196.31,167.2046,109.0007,4,3,0.0095,4.37,solution + age,none,831,249,2025-03-24,9368.43,False
Q03146,gear blank,rotational,15-5PH H1025,STAINLESS,turn-mill,558.36,185.6,185.6,117.8239,91.3477,3,5,0.0095,4.46,solution + age,passivate,841,319,2025-03-28,4688.92,False
Q00431,gear blank,rotational,13-8Mo H1000,STAINLESS,turn-mill,714.23,190.67,190.67,158.2529,40.8234,10,5,0.0154,4.04,solution + age,passivate,1207,634,2025-05-18,16360.86,False
Q03477,gear blank,rotational,17-4PH H1025,STAINLESS,turn-mill,878.94,253.05,253.05,344.7828,248.4968,3,3,0.0096,3.73,solution + age,passivate,1208,1129,2025-04-22,10508.92,False
Q04807,flange,prismatic,6061-T6,ALUMINIUM,forging + machining,201.62,191.62,42.86,4.4705,3.4523,30,5,0.011,0.74,none,passivate,12,1,2022-09-06,857.51,False
Q02761,flange,prismatic,6082-T6,ALUMINIUM,forging + machining,215.68,181.79,42.05,4.4516,3.4589,21,5,0.0131,0.55,none,passivate,10,6,2026-03-29,227.16,True
Q02231,flange,prismatic,6061-T6,ALUMINIUM,forging + machining,175.03,203.29,43.34,4.1637,2.9901,30,6,0.0231,0.78,none,passivate,10,1,2026-05-04,899.86,False
Q02682,flange,prismatic,7075-T6,ALUMINIUM,forging + machining,131.99,136.46,29.46,1.4911,1.0509,20,5,0.0094,0.8,none,nitride,14,1,2024-09-06,624.95,False
Q03082,manifold,prismatic,Ti-6Al-4V,TITANIUM,turn-mill,198.42,148.18,45.54,5.9317,1.7422,3,1,0.0365,5.35,solution + age,nitride,3700,3131,2026-04-14,1097.99,True
Q01085,manifold,prismatic,Ti-6Al-4V,TITANIUM,turn-mill,188.78,133.03,42.49,4.7267,3.5542,3,1,0.0345,6.3,solution + age,none,3869,1157,2022-10-01,347.64,True
Q01996,manifold,prismatic,Ti-6Al-4V,TITANIUM,turn-mill,190.04,150.94,46.43,5.9006,1.2898,10,2,0.0477,6.3,solution + age,none,1249,283,2023-10-05,1368.46,True
Q00183,manifold,prismatic,Ti-6Al-4V,TITANIUM,turn-mill,185.64,134.87,40.76,4.5209,1.2938,8,1,0.0477,6.3,solution + age,nitride,3772,2070,2021-04-28,707.56,True
Q02934,gear blank,rotational,4140,STEEL,turn-mill,661.55,332.57,332.57,451.1161,291.9662,4,3,0.0973,4.93,harden + temper,paint,19,9,2026-06-14,5288.71,False
Q04178,gear blank,rotational,42CrMo4,STEEL,turn-mill,715.84,340.52,340.52,511.7586,159.0252,11,3,0.0941,4.65,harden + temper,paint,117,53,2024-04-18,12682.91,False
Q04105,gear blank,rotational,42CrMo4,STEEL,turn-mill,722.16,370.22,370.22,610.2476,352.065,9,5,0.0914,3.59,harden + temper,paint,132,64,2022-04-24,9259.09,True
Q03190,gear blank,rotational,42CrMo4,STEEL,turn-mill,617.01,293.36,293.36,327.3928,111.672,7,5,0.1074,4.4,harden + temper,paint,49,6,2026-03-31,7161.69,True
Q03355,plate,prismatic,16MnCr5,STEEL,forging + machining,475.87,430.09,185.88,298.6455,220.472,20,4,0.0356,6.3,stress relieve,none,42151,5000,2021-07-09,4604.58,False
Q04207,plate,prismatic,4140,STEEL,forging + machining,441.51,416.66,181.43,261.9998,172.3683,18,4,0.0356,6.12,stress relieve,none,12980,5000,2022-05-15,6490.48,True
Q01549,plate,prismatic,S355JR,STEEL,forging + machining,481.33,416.83,185.86,292.726,182.4587,12,4,0.0356,6.3,stress relieve,none,13039,5000,2023-01-10,4349.37,False
Q04732,plate,prismatic,16MnCr5,STEEL,forging + machining,389.25,450.98,152.58,210.2586,170.6783,12,4,0.0196,4.86,stress relieve,none,6104,5000,2025-10-22,2847.87,False
Q00418,bracket,prismatic,6026-T9,ALUMINIUM,5-axis mill,195.23,164.04,69.42,6.0026,4.5896,10,5,0.0142,1.01,solution + age,passivate,41,13,2026-06-22,256.48,True
Q04088,bracket,prismatic,6026-T9,ALUMINIUM,5-axis mill,205.27,202.54,77.24,8.6708,2.0187,10,6,0.0108,0.98,solution + age,passivate,10,2,2024-08-03,1003.37,True
Q03141,bracket,prismatic,6026-T9,ALUMINIUM,5-axis mill,156.38,145.98,56.98,3.512,2.7072,12,6,0.0184,0.7,solution + age,passivate,10,4,2025-12-10,445.3,False
Q03185,bracket,prismatic,5083-H111,ALUMINIUM,5-axis mill,180.47,173.58,67.99,5.6655,3.2766,13,6,0.0108,0.85,solution + age,passivate,20,9,2021-06-26,638.59,False
Q03807,fitting,rotational,304L,STAINLESS,turn-mill,96.15,74.84,74.84,3.3835,1.0798,32,5,0.0747,4.59,none,zinc,147,145,2026-05-20,133.3,False
Q02860,fitting,rotational,304L,STAINLESS,turn-mill,104.54,72.98,72.98,3.4984,0.7,28,6,0.0975,3.03,none,zinc,476,323,2023-09-03,101.68,True
Q03302,fitting,rotational,13-8Mo H1000,STAINLESS,turn-mill,121.99,81.55,81.55,4.9447,2.5474,27,6,0.0633,5.92,none,zinc,436,164,2026-04-12,363.5,False
Q02334,fitting,rotational,13-8Mo H1000,STAINLESS,turn-mill,94.28,64.28,64.28,2.3743,1.6943,35,6,0.173,5.16,none,zinc,1057,819,2023-12-05,106.33,False
Q04182,manifold,prismatic,Ti-6Al-4V ELI,TITANIUM,turn-mill,249.72,270.45,79.68,23.8394,12.2449,10,3,0.1162,4.81,solution + age,nitride,534,342,2025-08-22,2275.3,True
Q04895,manifold,prismatic,Ti-6Al-4V,TITANIUM,turn-mill,258.09,276.39,87.29,27.5839,8.4971,11,3,0.1162,3.24,solution + age,nitride,774,54,2021-12-25,4012.93,True
Q03786,manifold,prismatic,Ti-6Al-4V ELI,TITANIUM,turn-mill,242.88,266.7,77.79,22.3213,6.2577,6,3,0.1162,4.78,solution + age,paint,409,398,2023-04-12,4061.85,False
Q02544,manifold,prismatic,Ti-6Al-4V ELI,TITANIUM,turn-mill,287.58,293.89,87.57,32.787,11.0646,7,3,0.0743,6.02,solution + age,nitride,516,47,2024-01-04,5119.83,True
Q01437,bushing,rotational,POM-C,POLYMER,5-axis mill,39.9,18.27,18.27,0.0147,0.0034,8,5,0.1038,1.32,solution + age,paint,10,8,2025-08-13,174.65,False
Q03167,bushing,rotational,POM-C,POLYMER,5-axis mill,29.49,15.83,15.83,0.0082,0.0058,4,4,0.1078,2.14,solution + age,none,12,5,2022-07-03,115.23,True
Q01292,bushing,rotational,POM-C,POLYMER,5-axis mill,34.25,18.2,18.2,0.0126,0.0095,3,6,0.1078,3.32,solution + age,none,14,12,2026-02-07,84.76,False
Q01706,bushing,rotational,POM-C,POLYMER,5-axis mill,32.91,15.6,15.6,0.0089,0.0033,3,6,0.1078,2.96,solution + age,none,13,6,2021-04-15,149.23,True
Q04365,gear blank,rotational,1.2312,STEEL,turn-mill,434.3,255.93,255.93,175.3881,131.1232,18,1,0.005,6.3,stress relieve,zinc,67,29,2021-04-12,5882.84,False
Q02172,gear blank,rotational,16MnCr5,STEEL,turn-mill,298.61,214.03,214.03,84.3354,47.4782,26,1,0.005,6.29,stress relieve,passivate,55,40,2023-08-18,3861.28,False
Q03987,gear blank,rotational,42CrMo4,STEEL,turn-mill,391.93,217.5,217.5,114.3127,24.5509,18,2,0.005,4.36,stress relieve,passivate,114,112,2024-06-22,7718.83,True
Q03384,gear blank,rotational,16MnCr5,STEEL,turn-mill,480.55,306.93,306.93,279.1095,158.0799,17,1,0.005,6.13,stress relieve,anodise,80,45,2026-04-14,11518.41,False
Q00513,bushing,rotational,C63000,COPPER,5-axis mill,80.7,46.09,46.09,1.0207,0.3575,52,2,0.0487,1.49,stress relieve,none,376,229,2022-12-08,91.29,False
Q03518,bushing,rotational,C63000,COPPER,5-axis mill,82.63,41.89,41.89,0.8631,0.6148,52,2,0.0487,1.39,stress relieve,none,337,238,2023-05-08,40.47,True
Q00751,bushing,rotational,CuZn39Pb3,COPPER,5-axis mill,82.2,43.14,43.14,1.0178,0.2828,49,2,0.0487,1.28,stress relieve,none,200,25,2022-10-13,41.68,False
Q02883,bushing,rotational,C101,COPPER,5-axis mill,93.12,51.03,51.03,1.7028,1.1714,45,2,0.0487,1.11,stress relieve,none,101,29,2021-08-09,66.03,False
Q00257,bushing,rotational,C63000,COPPER,forging + machining,40.79,18.11,18.11,0.0796,0.0547,28,2,0.0152,2.67,solution + age,nitride,200,36,2023-01-24,16.2,False
Q03352,bushing,rotational,C101,COPPER,forging + machining,36.8,13.94,13.94,0.0502,0.0412,33,1,0.0104,4.61,solution + age,anodise,137,39,2025-04-26,7.18,False
Q01557,bushing,rotational,C63000,COPPER,forging + machining,34.84,15.22,15.22,0.048,0.0372,27,2,0.0106,4.22,solution + age,zinc,611,235,2024-06-16,4.28,False
Q03981,bushing,rotational,C63000,COPPER,forging + machining,41.92,16.57,16.57,0.0685,0.0428,30,2,0.0168,4.48,solution + age,anodise,135,111,2021-08-28,7.74,False
Q04168,bracket,prismatic,Ti-6Al-4V ELI,TITANIUM,5-axis mill,57.73,38.27,30.09,0.2945,0.1137,7,4,0.0209,5.09,none,nitride,473,241,2024-10-11,82.42,False
Q03651,bracket,prismatic,Ti-6Al-4V ELI,TITANIUM,5-axis mill,80.22,53.04,39.19,0.7387,0.5434,9,2,0.0209,4.16,none,nitride,345,285,2026-02-15,152.7,False
Q04644,bracket,prismatic,Ti-6Al-4V ELI,TITANIUM,5-axis mill,62.9,39.87,35.38,0.3931,0.2839,4,2,0.0125,4.81,none,nitride,1395,93,2024-04-29,80.39,True
Q03984,bracket,prismatic,Ti-10V-2Fe-3Al,TITANIUM,5-axis mill,67.7,43.0,35.71,0.4834,0.3775,9,2,0.0209,4.27,none,nitride,852,372,2024-10-17,70.05,True
Q01511,shaft,rotational,42CrMo4,STEEL,forging + machining,943.16,79.77,79.77,37.0009,30.3572,3,5,0.2,6.3,none,anodise,25,8,2022-11-19,355.44,True
Q03871,shaft,rotational,42CrMo4,STEEL,forging + machining,783.89,74.34,74.34,26.7112,19.8634,8,5,0.1483,5.44,none,zinc,22,7,2025-09-10,382.96,False
Q02083,shaft,rotational,42CrMo4,STEEL,forging + machining,749.04,74.03,74.03,25.3082,19.4074,10,6,0.1483,6.19,none,paint,18,12,2022-03-18,312.22,True
Q01151,shaft,rotational,42CrMo4,STEEL,forging + machining,712.67,69.8,69.8,21.4101,15.0879,5,6,0.1483,5.76,none,anodise,14,11,2025-12-10,341.55,False
Q00966,shaft,rotational,4140,STEEL,turn-mill,218.98,18.43,18.43,0.4588,0.1981,3,1,0.0181,1.47,harden + temper,nitride,17,10,2024-10-10,25.74,True
Q00423,shaft,rotational,1.2312,STEEL,turn-mill,269.68,23.48,23.48,0.9168,0.2759,3,1,0.0181,1.62,harden + temper,zinc,13,11,2024-10-25,57.37,False
Q01871,shaft,rotational,1.2312,STEEL,turn-mill,266.87,23.76,23.76,0.9292,0.4088,5,1,0.0087,1.08,harden + temper,passivate,27,14,2025-06-26,70.57,False
Q03553,shaft,rotational,1.2312,STEEL,turn-mill,322.92,25.95,25.95,1.3408,1.0205,8,1,0.0181,1.72,harden + temper,passivate,30,11,2021-09-22,37.93,True
Q04701,fitting,rotational,5083-H111,ALUMINIUM,turning,26.05,23.6,23.6,0.0303,0.0128,6,1,0.1265,5.99,solution + age,nitride,2306,762,2024-06-10,6.72,False
Q03746,fitting,rotational,5083-H111,ALUMINIUM,turning,25.21,22.83,22.83,0.0274,0.0056,9,2,0.1265,5.06,solution + age,nitride,4340,410,2024-03-15,6.9,False
Q01361,fitting,rotational,5083-H111,ALUMINIUM,turning,24.67,24.62,24.62,0.0312,0.0065,4,1,0.1528,5.68,solution + age,nitride,11956,5000,2021-11-04,4.67,False
Q03982,fitting,rotational,5083-H111,ALUMINIUM,turning,27.83,26.32,26.32,0.0403,0.0299,8,1,0.1265,4.16,solution + age,nitride,2693,1585,2026-04-05,4.16,True
Q02143,shaft,rotational,15-5PH H1025,STAINLESS,turning,446.92,126.04,126.04,43.492,33.9971,3,2,0.0649,0.69,harden + temper,passivate,28,13,2025-01-30,1046.57,False
Q04552,shaft,rotational,15-5PH H1025,STAINLESS,turning,499.59,133.63,133.63,54.6487,17.4005,3,2,0.0649,2.14,harden + temper,zinc,76,50,2023-07-07,1713.74,False
Q00852,shaft,rotational,15-5PH H1025,STAINLESS,turning,511.35,125.81,125.81,49.5851,16.5258,7,1,0.1133,1.46,harden + temper,passivate,16,1,2025-04-30,1464.39,False
Q04539,shaft,rotational,15-5PH H1025,STAINLESS,turning,435.62,116.09,116.09,35.9643,20.0654,3,3,0.062,1.45,harden + temper,zinc,21,19,2022-08-18,802.54,True
Q01938,gear blank,rotational,17-4PH H1025,STAINLESS,turn-mill,400.82,94.85,94.85,22.0893,12.1208,10,6,0.0167,5.67,stress relieve,none,47,28,2025-04-24,1203.23,False
Q00246,gear blank,rotational,17-4PH H1025,STAINLESS,turn-mill,325.39,77.46,77.46,11.9599,8.3664,3,5,0.0403,6.3,stress relieve,none,30,25,2021-03-30,321.17,True
Q02470,gear blank,rotational,17-4PH H1025,STAINLESS,turn-mill,356.34,80.93,80.93,14.2981,6.264,6,6,0.0167,6.3,stress relieve,none,44,7,2021-01-23,905.25,False
Q03947,gear blank,rotational,316L,STAINLESS,turn-mill,406.59,96.76,96.76,23.918,6.3258,9,5,0.0098,6.3,stress relieve,none,24,9,2021-07-22,1367.45,False
Q02211,gear blank,rotational,1.2312,STEEL,5-axis mill,299.67,71.54,71.54,9.4547,2.8261,3,2,0.2,4.27,solution + age,none,3226,1657,2026-04-10,311.78,False
Q03125,gear blank,rotational,16MnCr5,STEEL,turn-mill,388.25,95.64,95.64,21.8961,12.2364,3,4,0.2,2.48,solution + age,none,2362,1025,2026-05-03,207.51,True
Q00160,gear blank,rotational,16MnCr5,STEEL,5-axis mill,315.09,74.17,74.17,10.6877,6.2893,3,3,0.2,3.41,solution + age,none,2824,1063,2023-09-02,120.68,False
Q01278,gear blank,rotational,4140,STEEL,5-axis mill,267.91,77.69,77.69,9.9707,3.211,8,4,0.2,4.27,solution + age,none,2593,715,2021-05-14,206.87,False
Q04352,gear blank,rotational,C45,STEEL,forging + machining,567.17,243.52,243.52,207.3677,154.7733,14,5,0.006,5.25,solution + age,none,8436,3078,2024-07-08,3821.68,True
Q02593,gear blank,rotational,42CrMo4,STEEL,forging + machining,460.45,240.39,240.39,164.0463,106.9106,11,5,0.005,4.4,solution + age,none,2250,2161,2025-02-21,7115.73,False
Q03990,gear blank,rotational,C45,STEEL,turn-mill,590.27,298.46,298.46,324.1812,118.7423,20,5,0.005,6.3,solution + age,none,7952,5000,2021-08-23,20114.91,False
Q00529,gear blank,rotational,S355JR,STEEL,forging + machining,571.43,289.26,289.26,294.7732,216.4195,12,6,0.005,5.68,solution + age,none,829,283,2022-10-04,5967.26,False
Q03491,gear blank,rotational,1.2312,STEEL,5-axis mill,674.29,172.12,172.12,123.1608,28.0506,10,4,0.0436,6.3,stress relieve,passivate,24225,4136,2022-12-02,6886.89,True
Q03908,gear blank,rotational,1.2312,STEEL,5-axis mill,535.85,159.02,159.02,83.547,49.3707,13,5,0.0436,6.3,stress relieve,passivate,50000,5000,2024-03-04,2476.96,False
Q04598,gear blank,rotational,1.2312,STEEL,5-axis mill,498.72,149.6,149.6,68.8115,38.8079,13,4,0.0265,5.75,stress relieve,passivate,7464,2681,2026-04-10,2353.19,True
Q04969,gear blank,rotational,1.2312,STEEL,5-axis mill,532.0,181.9,181.9,108.5268,65.7931,8,4,0.0564,6.3,stress relieve,passivate,50000,5000,2025-04-27,3245.58,False
Q04239,fitting,rotational,Waspaloy,NICKEL,turning,220.67,150.43,150.43,32.1181,18.8325,4,3,0.1043,1.01,solution + age,paint,16868,5000,2023-09-15,5139.88,False
Q03870,fitting,rotational,Waspaloy,NICKEL,turning,186.2,136.93,136.93,22.4574,8.0257,12,5,0.1043,0.85,solution + age,paint,16359,845,2025-06-18,3494.48,True
Q00849,fitting,rotational,Waspaloy,NICKEL,turning,236.64,157.82,157.82,37.9114,22.2189,5,5,0.1777,0.69,solution + age,nitride,10506,5000,2021-12-08,3146.24,False
Q01839,fitting,rotational,Inconel 718,NICKEL,turning,219.68,146.56,146.56,30.3538,9.3484,6,4,0.088,0.93,solution + age,paint,10255,5000,2025-05-17,2624.35,True
Q04452,housing,prismatic,16MnCr5,STEEL,5-axis mill,1345.07,717.96,554.49,4203.4628,1452.2989,9,3,0.0581,2.55,stress relieve,zinc,81,32,2023-04-24,118409.28,False
Q03851,housing,prismatic,4140,STEEL,5-axis mill,1352.42,822.27,630.07,5500.306,3395.7749,5,2,0.0422,2.75,stress relieve,nitride,87,23,2025-02-14,132521.66,False
Q00774,housing,prismatic,4140,STEEL,5-axis mill,804.18,616.86,364.56,1419.6167,786.8119,3,3,0.0684,2.35,stress relieve,nitride,312,280,2025-10-25,31211.21,True
Q00384,housing,prismatic,1.2312,STEEL,5-axis mill,1095.0,592.69,478.5,2437.7534,1165.5569,5,3,0.0684,1.96,stress relieve,nitride,54,8,2021-06-15,67531.01,True
Q00666,fitting,rotational,Ti-6Al-4V ELI,TITANIUM,turn-mill,60.4,44.12,44.12,0.4092,0.1433,9,2,0.052,1.97,solution + age,none,23,17,2022-10-25,80.38,True
Q04476,fitting,rotational,Ti-6Al-4V ELI,TITANIUM,turn-mill,51.76,34.1,34.1,0.2094,0.1079,12,2,0.1726,1.69,solution + age,zinc,78,29,2022-01-21,25.93,True
Q02712,fitting,rotational,Ti-10V-2Fe-3Al,TITANIUM,turn-mill,59.55,41.02,41.02,0.3659,0.0919,14,1,0.0568,1.54,solution + age,none,34,3,2025-01-13,124.21,True
Q03425,fitting,rotational,Ti-6Al-4V ELI,TITANIUM,turn-mill,58.9,41.84,41.84,0.3587,0.1113,11,2,0.0568,1.57,solution + age,none,42,9,2025-03-08,96.99,False
Q04734,plate,prismatic,16MnCr5,STEEL,forging + machining,198.62,178.12,110.1,30.5782,24.9182,14,4,0.0489,3.54,harden + temper,passivate,39782,5000,2025-10-21,406.23,False
Q00388,plate,prismatic,16MnCr5,STEEL,forging + machining,217.71,214.84,117.74,43.2289,30.677,17,6,0.0489,2.08,harden + temper,passivate,37567,5000,2025-04-01,805.5,False
Q01964,plate,prismatic,16MnCr5,STEEL,forging + machining,303.85,258.39,137.5,84.745,66.8494,14,5,0.0489,2.59,harden + temper,passivate,11183,1476,2025-07-05,1226.34,False
Q01536,plate,prismatic,16MnCr5,STEEL,5-axis mill,297.08,225.07,124.65,65.4269,37.2111,20,5,0.0489,3.18,harden + temper,passivate,14577,5000,2021-09-08,1839.86,True
Q03387,fitting,rotational,Ti-6Al-4V,TITANIUM,forging + machining,195.86,154.26,154.26,16.2156,12.959,3,1,0.0087,4.47,harden + temper,passivate,46,18,2023-04-21,2216.18,False
Q00752,fitting,rotational,Ti-10V-2Fe-3Al,TITANIUM,forging + machining,204.38,155.05,155.05,17.9453,14.4719,9,1,0.0087,6.09,harden + temper,passivate,134,118,2024-09-22,3745.93,False
Q02963,fitting,rotational,Ti-6Al-4V,TITANIUM,turn-mill,199.85,128.77,128.77,11.5297,3.9496,3,1,0.0087,5.46,harden + temper,passivate,186,175,2021-03-09,2628.24,True
Q03157,fitting,rotational,Ti-10V-2Fe-3Al,TITANIUM,forging + machining,196.66,134.64,134.64,13.019,8.6682,7,3,0.0087,6.3,harden + temper,passivate,867,540,2021-05-25,2601.22,False
Q00182,fitting,rotational,17-4PH H1025,STAINLESS,5-axis mill,140.15,79.41,79.41,5.4145,1.1317,35,5,0.0077,3.27,solution + age,zinc,54,13,2023-05-24,1122.6,False
Q04987,fitting,rotational,17-4PH H1025,STAINLESS,turning,144.84,95.23,95.23,8.0463,6.2576,45,5,0.0072,4.44,solution + age,zinc,49,40,2026-05-03,331.19,False
Q01888,fitting,rotational,17-4PH H1025,STAINLESS,5-axis mill,142.55,79.21,79.21,5.4792,3.7133,44,6,0.0072,3.69,solution + age,zinc,85,20,2023-03-10,611.67,True
Q04620,fitting,rotational,17-4PH H1025,STAINLESS,5-axis mill,155.97,101.14,101.14,9.7747,2.1363,35,4,0.0133,3.91,solution + age,zinc,177,62,2021-12-15,1470.18,False
Q01578,fitting,rotational,6026-T9,ALUMINIUM,turning,21.65,22.1,22.1,0.0224,0.0152,9,1,0.0883,3.39,harden + temper,nitride,220,42,2024-08-21,6.35,True
Q00567,fitting,rotational,5083-H111,ALUMINIUM,5-axis mill,25.76,24.19,24.19,0.0315,0.0128,13,2,0.0965,5.25,harden + temper,zinc,436,34,2021-07-06,13.77,False
Q04177,fitting,rotational,6082-T6,ALUMINIUM,turning,18.79,20.82,20.82,0.0173,0.0046,13,2,0.0965,4.39,harden + temper,zinc,234,112,2022-02-09,2.84,False
Q03036,fitting,rotational,6082-T6,ALUMINIUM,turning,26.05,25.77,25.77,0.0367,0.0114,9,2,0.0952,3.63,harden + temper,zinc,676,147,2021-07-08,2.74,True
Q01320,bushing,rotational,42CrMo4,STEEL,turning,29.1,15.3,15.3,0.042,0.0321,18,1,0.0112,2.89,none,zinc,49,45,2022-07-01,2.1,False
Q00882,bushing,rotational,42CrMo4,STEEL,turning,27.07,14.18,14.18,0.0336,0.008,11,3,0.0419,2.23,none,zinc,15,13,2023-07-16,11.17,False
Q02746,bushing,rotational,42CrMo4,STEEL,turn-mill,25.92,13.36,13.36,0.0285,0.0158,7,2,0.0196,2.84,none,zinc,12,7,2021-12-05,34.63,False
Q04422,bushing,rotational,1.2312,STEEL,turning,22.01,11.03,11.03,0.0165,0.0053,12,1,0.0142,3.28,none,zinc,36,15,2026-01-22,4.74,True
Q03047,gear blank,rotational,C101,COPPER,5-axis mill,313.03,91.19,91.19,18.2753,9.8227,11,4,0.1542,6.3,stress relieve,paint,18363,5000,2021-12-11,378.03,True
Q00371,gear blank,rotational,C101,COPPER,5-axis mill,327.6,91.57,91.57,19.2859,13.5346,3,4,0.1542,5.9,stress relieve,paint,30756,4884,2025-01-11,376.3,True
Q01302,gear blank,rotational,C101,COPPER,turn-mill,372.45,108.91,108.91,31.0196,14.0769,9,6,0.1542,2.68,stress relieve,paint,50000,4465,2025-06-16,795.77,True
Q04347,gear blank,rotational,C101,COPPER,5-axis mill,315.59,87.53,87.53,16.9753,11.9015,9,6,0.1542,5.89,stress relieve,paint,21177,5000,2024-09-16,379.07,False
Q04057,pin,rotational,42CrMo4,STEEL,5-axis mill,8.65,4.43,4.43,0.001,0.0006,25,6,0.0662,3.58,none,anodise,27056,5000,2024-05-28,1.45,False
Q00972,pin,rotational,1.2312,STEEL,5-axis mill,10.5,5.42,5.42,0.0019,0.0009,31,6,0.0662,3.54,none,anodise,41526,5000,2026-04-15,1.46,False
Q04297,pin,rotational,1.2312,STEEL,5-axis mill,10.38,5.57,5.57,0.002,0.001,28,5,0.0618,2.76,none,anodise,15805,5000,2023-04-06,1.1,True
Q03189,pin,rotational,1.2312,STEEL,5-axis mill,8.97,4.66,4.66,0.0012,0.0005,33,5,0.0662,3.57,none,anodise,19538,5000,2025-06-04,1.77,True
Q02622,housing,prismatic,17-4PH H1025,STAINLESS,5-axis mill,397.02,281.72,120.43,105.0636,40.3651,6,6,0.0856,5.61,stress relieve,anodise,21,6,2021-11-13,4724.02,True
Q03709,housing,prismatic,17-4PH H1025,STAINLESS,5-axis mill,271.38,201.51,92.64,39.5169,29.495,5,5,0.0856,5.39,stress relieve,none,10,5,2024-09-05,1193.76,False
Q04740,housing,prismatic,304L,STAINLESS,5-axis mill,385.11,257.27,129.33,102.5121,79.3456,3,5,0.0856,5.46,stress relieve,none,14,6,2022-07-06,1647.22,False
Q01805,housing,prismatic,440C,STAINLESS,5-axis mill,471.78,322.79,148.85,174.0951,76.6346,3,5,0.0618,4.08,stress relieve,anodise,29,17,2021-02-12,7211.66,False
Q02675,housing,prismatic,5083-H111,ALUMINIUM,turn-mill,205.94,163.23,71.29,6.374,4.7489,4,6,0.1214,6.3,solution + age,paint,11075,794,2022-05-02,146.56,False
Q02210,housing,prismatic,6061-T6,ALUMINIUM,turn-mill,312.44,206.87,113.72,19.846,14.6755,11,4,0.1245,6.3,solution + age,paint,6039,1321,2023-03-15,267.26,True
Q01255,housing,prismatic,6061-T6,ALUMINIUM,turn-mill,239.76,172.84,81.81,9.1543,5.8701,10,6,0.1865,4.42,solution + age,none,8296,5000,2023-05-02,194.33,False
Q02079,housing,prismatic,6061-T6,ALUMINIUM,turn-mill,254.19,182.84,82.02,10.2921,4.7571,11,4,0.1865,5.93,solution + age,paint,3560,2358,2022-04-29,238.39,False
Q00648,housing,prismatic,1.2312,STEEL,5-axis mill,439.5,334.4,238.54,275.2011,138.7513,3,2,0.0343,2.51,solution + age,anodise,23,2,2024-02-10,9797.52,False
Q04844,housing,prismatic,1.2312,STEEL,5-axis mill,321.5,254.58,185.57,119.2279,36.1646,12,2,0.0343,3.44,solution + age,nitride,36,21,2022-09-19,4678.62,True
Q03311,housing,prismatic,1.2312,STEEL,turn-mill,248.95,179.74,140.67,49.4107,32.9633,5,1,0.0343,2.85,solution + age,nitride,19,11,2025-08-15,1185.6,False
Q04321,housing,prismatic,1.2312,STEEL,5-axis mill,335.45,239.54,169.24,106.7523,46.6114,9,1,0.0343,2.79,solution + age,nitride,18,6,2022-04-16,3967.81,True
Q03277,flange,prismatic,13-8Mo H1000,STAINLESS,5-axis mill,431.24,342.03,261.64,299.4688,179.2002,4,6,0.0277,3.48,harden + temper,paint,5691,4456,2022-11-18,18321.07,True
Q00662,flange,prismatic,13-8Mo H1000,STAINLESS,5-axis mill,367.5,290.6,193.05,159.9892,44.0738,3,6,0.0292,3.97,harden + temper,paint,4603,3519,2021-02-08,14169.63,False
Q04433,flange,prismatic,316L,STAINLESS,5-axis mill,413.98,322.19,205.76,219.5535,63.9406,3,6,0.0277,2.89,harden + temper,paint,6659,5000,2023-08-01,11341.62,True
Q04679,flange,prismatic,13-8Mo H1000,STAINLESS,5-axis mill,349.62,286.37,203.26,157.9155,123.5348,5,5,0.0277,3.77,harden + temper,nitride,4193,2039,2021-10-14,7762.28,False
Q04632,housing,prismatic,5083-H111,ALUMINIUM,3-axis mill,260.21,211.63,153.4,22.4703,11.5582,44,5,0.0215,2.45,solution + age,paint,5403,4761,2022-11-17,1729.0,False
Q02531,housing,prismatic,6026-T9,ALUMINIUM,3-axis mill,186.09,134.59,111.65,7.5499,3.6391,43,5,0.0215,4.51,solution + age,paint,21583,5000,2022-02-25,250.83,False
Q04396,housing,prismatic,5083-H111,ALUMINIUM,3-axis mill,278.8,224.76,156.37,26.0645,5.5267,45,4,0.0215,2.8,solution + age,anodise,9633,2203,2024-05-26,3329.09,False
Q04130,housing,prismatic,6026-T9,ALUMINIUM,3-axis mill,194.31,171.69,115.05,10.3627,5.4159,50,4,0.0109,2.41,solution + age,paint,12989,5000,2026-01-19,548.72,False
Q02942,gear blank,rotational,13-8Mo H1000,STAINLESS,turning,124.09,64.93,64.93,3.1881,0.8543,5,3,0.005,4.76,stress relieve,paint,68,44,2022-04-06,244.44,True
Q03493,gear blank,rotational,13-8Mo H1000,STAINLESS,turning,137.17,76.3,76.3,4.867,3.2449,6,2,0.0066,4.67,stress relieve,paint,129,124,2024-02-07,266.27,True
Q04148,gear blank,rotational,13-8Mo H1000,STAINLESS,turning,111.51,68.71,68.71,3.2082,2.542,3,3,0.0066,5.07,stress relieve,paint,45,2,2025-09-13,250.34,False
Q04413,gear blank,rotational,13-8Mo H1000,STAINLESS,turning,146.03,80.77,80.77,5.8063,4.5017,3,2,0.0066,4.39,stress relieve,paint,238,169,2023-03-08,246.89,False
Q02656,housing,prismatic,42CrMo4,STEEL,forging + machining,86.61,60.36,53.45,2.1935,1.6918,16,1,0.0148,2.49,solution + age,paint,5702,3727,2023-09-02,40.42,False
Q01892,housing,prismatic,16MnCr5,STEEL,forging + machining,70.31,54.01,45.25,1.3489,0.9389,27,1,0.0148,4.55,solution + age,paint,2514,2130,2025-12-07,36.77,True
Q00069,housing,prismatic,16MnCr5,STEEL,forging + machining,69.11,49.03,41.85,1.1132,0.9053,15,2,0.0148,3.47,solution + age,passivate,1582,1133,2024-01-17,19.65,False
Q00686,housing,prismatic,16MnCr5,STEEL,5-axis mill,67.35,52.89,44.03,1.2313,0.4691,26,2,0.0053,4.25,solution + age,paint,2086,612,2025-04-23,107.03,True
Q01256,housing,prismatic,6026-T9,ALUMINIUM,turn-mill,73.34,35.82,24.82,0.176,0.0873,15,6,0.0127,3.71,harden + temper,passivate,33916,5000,2022-07-11,8.24,True
Q00381,housing,prismatic,6026-T9,ALUMINIUM,turn-mill,109.22,48.18,29.65,0.4214,0.2542,19,6,0.0127,4.73,harden + temper,passivate,50000,5000,2022-03-27,14.1,True
Q02949,housing,prismatic,7075-T6,ALUMINIUM,turn-mill,107.51,47.81,35.0,0.5055,0.3233,22,6,0.0127,4.67,harden + temper,passivate,25723,5000,2025-06-24,27.33,True
Q04693,housing,prismatic,6026-T9,ALUMINIUM,turn-mill,98.56,46.53,34.08,0.4219,0.1863,22,6,0.0385,3.84,harden + temper,zinc,35742,5000,2023-05-12,15.57,False
Q00509,shaft,rotational,4140,STEEL,turning,45.83,5.17,5.17,0.0076,0.0049,6,6,0.005,1.93,stress relieve,passivate,285,153,2025-03-28,2.94,True
Q02943,shaft,rotational,4140,STEEL,turning,47.12,5.08,5.08,0.0075,0.0018,9,4,0.005,1.59,stress relieve,nitride,438,364,2022-03-23,4.67,True
Q03809,shaft,rotational,16MnCr5,STEEL,turning,39.04,5.05,5.05,0.0061,0.0038,3,4,0.005,2.05,stress relieve,passivate,1078,162,2026-01-22,2.98,False
Q04070,shaft,rotational,C45,STEEL,turning,38.42,4.19,4.19,0.0042,0.0029,4,5,0.005,1.74,stress relieve,passivate,533,409,2022-05-27,2.32,True
Q03596,bracket,prismatic,Ti-6Al-4V,TITANIUM,5-axis mill,32.79,20.55,18.95,0.0566,0.039,19,4,0.0532,6.3,solution + age,anodise,164,152,2026-02-19,12.0,False
Q02244,bracket,prismatic,Ti-6Al-4V,TITANIUM,5-axis mill,33.52,21.4,18.8,0.0598,0.0383,15,5,0.0442,4.57,solution + age,anodise,357,139,2023-11-20,15.28,False
Q00851,bracket,prismatic,Ti-6Al-4V,TITANIUM,5-axis mill,39.69,23.04,24.78,0.1004,0.0491,19,6,0.0442,5.7,solution + age,anodise,152,35,2021-01-05,51.97,False
Q02453,bracket,prismatic,Ti-6Al-4V ELI,TITANIUM,5-axis mill,37.64,25.71,23.57,0.101,0.0591,18,6,0.0442,4.96,solution + age,anodise,118,59,2025-10-20,37.49,True
Q01555,housing,prismatic,303,STAINLESS,3-axis mill,283.65,131.62,36.15,10.7979,5.5694,7,4,0.2,6.3,none,passivate,10,6,2024-02-01,229.72,False
Q02767,housing,prismatic,303,STAINLESS,3-axis mill,235.88,128.02,32.15,7.768,2.4748,3,6,0.1824,6.3,none,passivate,11,10,2025-01-09,116.11,True
Q03372,housing,prismatic,304L,STAINLESS,3-axis mill,268.98,150.27,32.93,10.6493,5.4179,7,5,0.1541,6.3,none,passivate,10,4,2024-04-15,203.44,True
Q03551,housing,prismatic,303,STAINLESS,3-axis mill,272.42,158.26,37.53,12.9432,7.6309,9,5,0.1214,6.3,none,passivate,10,3,2025-02-18,241.44,True
Q03452,fitting,rotational,Ti-10V-2Fe-3Al,TITANIUM,turning,38.77,24.71,24.71,0.0865,0.0587,3,6,0.0604,1.07,none,passivate,11,9,2026-02-02,48.1,False
Q04023,fitting,rotational,Ti-10V-2Fe-3Al,TITANIUM,turn-mill,42.7,26.78,26.78,0.1118,0.0326,3,6,0.0604,1.41,none,passivate,10,2,2025-01-04,420.18,False
Q01773,fitting,rotational,Ti-10V-2Fe-3Al,TITANIUM,turn-mill,47.55,30.44,30.44,0.1609,0.046,3,5,0.0604,1.74,none,passivate,10,4,2026-06-20,214.0,False
Q02418,fitting,rotational,Ti-6Al-4V ELI,TITANIUM,turn-mill,46.31,25.84,25.84,0.1076,0.0444,4,5,0.0604,1.93,none,passivate,10,2,2021-12-13,320.82,False
Q03097,fitting,rotational,17-4PH H1025,STAINLESS,5-axis mill,121.52,58.98,58.98,2.5899,0.9583,21,2,0.0206,6.3,stress relieve,none,48,17,2025-07-29,229.65,False
Q03194,fitting,rotational,17-4PH H1025,STAINLESS,5-axis mill,121.73,54.04,54.04,2.1778,1.5259,15,1,0.035,5.76,stress relieve,none,16,13,2022-11-24,91.33,False
Q01230,fitting,rotational,17-4PH H1025,STAINLESS,5-axis mill,118.26,54.43,54.43,2.1461,1.0631,24,1,0.025,6.0,stress relieve,paint,86,22,2025-05-07,187.62,False
Q04304,fitting,rotational,17-4PH H1025,STAINLESS,5-axis mill,127.1,53.61,53.61,2.2378,1.3002,14,3,0.035,6.3,stress relieve,none,23,21,2022-02-12,120.97,False
Q03702,bushing,rotational,C45,STEEL,turn-mill,25.25,17.94,17.94,0.0501,0.0223,19,3,0.0246,6.06,none,passivate,608,256,2025-02-09,3.73,False
Q02424,bushing,rotational,C45,STEEL,turn-mill,42.98,29.41,29.41,0.2292,0.1069,24,5,0.0246,5.61,none,passivate,662,456,2024-10-12,10.32,False
Q04193,bushing,rotational,C45,STEEL,turn-mill,42.4,30.1,30.1,0.2368,0.1824,18,4,0.0246,4.77,none,passivate,336,161,2026-01-07,10.14,False
Q02778,bushing,rotational,C45,STEEL,turn-mill,41.61,27.57,27.57,0.1949,0.1296,24,4,0.0171,5.7,none,passivate,506,145,2025-11-02,10.78,False
Q00197,manifold,prismatic,5083-H111,ALUMINIUM,3-axis mill,79.62,51.54,45.25,0.494,0.2945,10,2,0.0718,2.26,none,paint,78,27,2022-06-10,24.35,False
Q04516,manifold,prismatic,2024-T3,ALUMINIUM,3-axis mill,60.49,39.55,36.46,0.2424,0.1183,3,3,0.03,2.51,none,paint,244,94,2024-07-08,10.93,True
Q02921,manifold,prismatic,2024-T3,ALUMINIUM,3-axis mill,85.12,59.18,50.71,0.7102,0.3155,3,2,0.0718,1.81,none,paint,127,88,2022-12-05,21.3,False
Q01821,manifold,prismatic,6026-T9,ALUMINIUM,3-axis mill,80.77,55.57,46.88,0.5681,0.3208,8,2,0.0718,2.03,none,paint,105,69,2025-12-18,14.34,True
Q04720,gear blank,rotational,316L,STAINLESS,turn-mill,1505.96,261.6,261.6,647.5272,189.1785,5,1,0.01,6.22,harden + temper,nitride,6497,1525,2023-12-25,48641.77,False
Q00033,gear blank,rotational,316L,STAINLESS,turn-mill,1363.46,247.66,247.66,525.4453,371.6047,12,2,0.0052,5.37,harden + temper,none,6754,2350,2026-03-30,19421.0,False
Q01020,gear blank,rotational,316L,STAINLESS,turn-mill,1079.14,239.93,239.93,390.3137,306.3344,9,1,0.005,4.58,harden + temper,nitride,3747,2380,2025-07-17,17281.81,False
Q01354,gear blank,rotational,316L,STAINLESS,turn-mill,1304.63,262.93,262.93,566.6784,239.6953,9,2,0.0052,6.3,harden + temper,nitride,5033,450,2026-04-12,64233.71,False
Q04945,housing,prismatic,304L,STAINLESS,turn-mill,80.07,43.96,9.37,0.2638,0.1623,9,1,0.0141,6.3,stress relieve,passivate,21,2,2024-05-14,60.35,False
Q00579,housing,prismatic,440C,STAINLESS,turn-mill,86.09,48.69,11.06,0.356,0.2604,3,1,0.0141,3.77,stress relieve,anodise,20,1,2024-02-07,148.79,True
Q02474,housing,prismatic,316L,STAINLESS,turn-mill,70.9,44.31,9.27,0.2329,0.0561,5,2,0.0141,5.44,stress relieve,nitride,92,89,2021-10-16,15.94,False
Q01712,housing,prismatic,440C,STAINLESS,turn-mill,68.94,40.33,9.35,0.1996,0.0615,10,2,0.0141,5.56,stress relieve,passivate,47,5,2025-06-24,72.86,False
Q03760,bushing,rotational,CuZn39Pb3,COPPER,5-axis mill,102.55,43.06,43.06,1.2647,0.7446,19,5,0.1269,1.59,stress relieve,nitride,46611,5000,2025-06-07,34.39,False
Q03948,bushing,rotational,C101,COPPER,5-axis mill,104.74,56.14,56.14,2.3179,0.7856,24,6,0.124,1.82,stress relieve,none,30070,5000,2021-12-10,67.67,False
Q03775,bushing,rotational,C63000,COPPER,5-axis mill,96.41,56.95,56.95,1.8614,0.9065,23,6,0.1269,1.19,stress relieve,nitride,13866,2377,2023-05-18,121.38,False
Q00386,bushing,rotational,CuZn39Pb3,COPPER,5-axis mill,102.6,50.5,50.5,1.7404,0.5029,20,5,0.0629,1.86,stress relieve,nitride,47695,5000,2021-09-10,40.17,False
Q00496,fitting,rotational,15-5PH H1025,STAINLESS,5-axis mill,138.29,94.41,94.41,7.551,2.3839,32,6,0.005,3.89,harden + temper,passivate,2333,1310,2022-05-28,1108.12,True
Q01317,fitting,rotational,13-8Mo H1000,STAINLESS,5-axis mill,136.45,107.22,107.22,9.5605,3.6627,36,4,0.005,6.3,harden + temper,passivate,2335,2221,2025-11-29,1871.58,False
Q01571,fitting,rotational,13-8Mo H1000,STAINLESS,5-axis mill,121.6,84.86,84.86,5.3375,1.4476,28,6,0.005,5.91,harden + temper,passivate,592,87,2025-07-31,1276.6,False
Q02890,fitting,rotational,316L,STAINLESS,5-axis mill,96.95,81.47,81.47,4.0434,2.3101,38,4,0.005,4.15,harden + temper,passivate,1358,132,2023-12-07,419.03,False
Q02558,bracket,prismatic,C45,STEEL,forging + machining,71.96,46.03,45.39,1.1802,0.8036,13,5,0.0347,0.7,harden + temper,nitride,331,191,2021-01-03,27.68,False
Q01232,bracket,prismatic,16MnCr5,STEEL,5-axis mill,68.64,43.67,45.48,1.0701,0.7706,8,5,0.0347,0.84,harden + temper,nitride,1795,429,2022-05-06,19.58,True
Q04663,bracket,prismatic,C45,STEEL,5-axis mill,55.08,38.23,37.46,0.6192,0.4731,12,4,0.0377,1.4,harden + temper,nitride,363,37,2021-08-01,37.69,False
Q00326,bracket,prismatic,4140,STEEL,5-axis mill,62.33,43.15,39.24,0.8284,0.3073,5,3,0.0347,1.02,harden + temper,nitride,460,151,2021-09-09,27.41,False
Q02214,gear blank,rotational,1.2312,STEEL,turn-mill,712.18,321.98,321.98,455.1986,111.1012,30,1,0.0063,6.3,harden + temper,nitride,12,10,2024-05-15,52594.29,False
Q04916,gear blank,rotational,C45,STEEL,turn-mill,636.62,291.68,291.68,333.9262,187.6803,19,1,0.0063,6.3,harden + temper,paint,14,5,2021-02-04,10043.79,False
Q02530,gear blank,rotational,C45,STEEL,turn-mill,578.74,237.33,237.33,200.9863,118.0386,31,1,0.005,5.14,harden + temper,nitride,13,2,2023-12-27,10637.02,False
Q04699,gear blank,rotational,42CrMo4,STEEL,turn-mill,717.73,293.0,293.0,379.8824,264.0611,23,1,0.0063,5.92,harden + temper,nitride,22,21,2021-01-15,11618.78,True
Q02395,bracket,prismatic,Ti-6Al-4V,TITANIUM,forging + machining,46.22,40.39,4.71,0.0389,0.0256,18,5,0.0077,1.95,stress relieve,anodise,70,54,2024-10-26,24.79,False
Q00749,bracket,prismatic,Ti-6Al-4V,TITANIUM,forging + machining,43.39,43.95,4.42,0.0373,0.0276,13,3,0.005,2.53,stress relieve,nitride,192,62,2022-07-13,17.76,False
Q03525,bracket,prismatic,Ti-6Al-4V ELI,TITANIUM,forging + machining,49.07,43.22,5.11,0.048,0.0359,17,4,0.005,2.23,stress relieve,nitride,93,89,2022-07-03,21.91,False
Q03218,bracket,prismatic,Ti-6Al-4V ELI,TITANIUM,5-axis mill,43.03,33.69,4.34,0.0279,0.0203,9,4,0.005,2.47,stress relieve,nitride,121,15,2024-06-27,67.54,False
Q03826,fitting,rotational,17-4PH H1025,STAINLESS,turning,79.67,45.9,45.9,1.0283,0.7467,9,4,0.1076,0.87,harden + temper,anodise,21226,4843,2022-02-03,21.32,True
Q04914,fitting,rotational,17-4PH H1025,STAINLESS,forging + machining,83.34,41.91,41.91,0.8966,0.6394,14,2,0.1076,1.18,harden + temper,none,5878,5000,2024-04-30,32.18,False
Q02741,fitting,rotational,17-4PH H1025,STAINLESS,turning,82.7,46.51,46.51,1.096,0.5708,13,3,0.1076,0.77,harden + temper,anodise,3018,813,2026-07-01,35.57,False
Q02429,fitting,rotational,17-4PH H1025,STAINLESS,turning,102.8,52.82,52.82,1.7569,1.2056,6,3,0.1076,0.73,harden + temper,anodise,13772,4451,2022-09-06,30.51,False
Q03400,gear blank,rotational,4140,STEEL,forging + machining,285.74,243.79,243.79,104.6994,67.4744,10,3,0.0452,1.27,harden + temper,none,875,835,2023-07-01,2519.74,False
Q00527,gear blank,rotational,16MnCr5,STEEL,forging + machining,281.39,286.29,286.29,142.1902,95.3088,3,3,0.0479,1.12,harden + temper,none,884,118,2021-10-25,1965.35,False
Q04484,gear blank,rotational,C45,STEEL,forging + machining,303.1,258.63,258.63,124.9979,85.2068,8,3,0.0452,1.23,harden + temper,none,794,201,2025-03-07,1403.73,True
Q00673,gear blank,rotational,16MnCr5,STEEL,forging + machining,253.55,175.77,175.77,48.2956,37.7981,3,3,0.0218,0.84,harden + temper,nitride,950,493,2026-02-20,766.4,False
Q01272,fitting,rotational,303,STAINLESS,turn-mill,79.89,63.18,63.18,2.0038,1.1096,13,3,0.0287,2.44,stress relieve,zinc,3379,2118,2024-03-21,47.62,False
Q00397,fitting,rotational,17-4PH H1025,STAINLESS,turn-mill,77.13,60.89,60.89,1.7521,0.7181,11,1,0.0287,3.72,stress relieve,zinc,1743,958,2021-08-24,97.52,False
Q01408,fitting,rotational,17-4PH H1025,STAINLESS,turn-mill,87.77,77.42,77.42,3.2224,1.203,20,1,0.0287,3.11,stress relieve,zinc,7574,4730,2023-04-21,178.2,True
Q01729,fitting,rotational,17-4PH H1025,STAINLESS,turn-mill,81.61,70.75,70.75,2.5028,0.5524,18,3,0.0287,2.71,stress relieve,zinc,4876,2966,2022-10-05,186.29,True
Q03849,housing,prismatic,316L,STAINLESS,turn-mill,238.35,83.13,51.59,8.1772,5.0991,28,2,0.0083,3.38,harden + temper,passivate,435,307,2025-10-13,515.52,False
Q03264,housing,prismatic,17-4PH H1025,STAINLESS,turn-mill,181.12,59.94,33.47,2.8345,1.7201,32,2,0.0095,4.4,harden + temper,zinc,2072,999,2021-12-21,158.93,False
Q00168,housing,prismatic,17-4PH H1025,STAINLESS,turn-mill,237.72,72.14,45.83,6.1307,2.2418,25,1,0.0113,4.65,harden + temper,passivate,1146,246,2024-03-04,550.76,True
Q00651,housing,prismatic,17-4PH H1025,STAINLESS,turn-mill,270.89,70.83,46.26,6.9235,4.9199,30,1,0.0126,3.95,harden + temper,passivate,1009,860,2024-03-23,360.91,False
Q02666,manifold,prismatic,Ti-6Al-4V ELI,TITANIUM,turn-mill,156.61,190.92,43.77,5.7977,2.1821,10,2,0.0284,4.76,solution + age,passivate,1844,1566,2025-08-29,1324.49,False
Q02087,manifold,prismatic,Ti-6Al-4V ELI,TITANIUM,turn-mill,178.01,197.2,50.44,7.8434,4.8089,6,1,0.0284,3.65,solution + age,nitride,2745,1755,2024-11-21,1420.93,False
Q03966,manifold,prismatic,Ti-6Al-4V ELI,TITANIUM,turn-mill,179.62,179.93,47.64,6.8203,4.8173,9,2,0.0284,3.38,solution + age,passivate,1586,839,2023-01-20,912.51,False
Q03502,manifold,prismatic,Ti-6Al-4V ELI,TITANIUM,turn-mill,162.08,162.7,38.61,4.5109,1.4458,8,1,0.035,6.1,solution + age,passivate,5115,3059,2024-08-23,829.6,False
Q01176,shaft,rotational,13-8Mo H1000,STAINLESS,forging + machining,382.19,118.04,118.04,32.4557,25.9536,4,6,0.016,1.65,stress relieve,nitride,143,104,2021-02-22,1640.38,True
Q03772,shaft,rotational,440C,STAINLESS,forging + machining,435.72,128.61,128.61,43.4742,32.0143,14,6,0.0137,1.25,stress relieve,nitride,45,24,2021-02-01,2078.5,True
Q03834,shaft,rotational,13-8Mo H1000,STAINLESS,forging + machining,391.26,114.61,114.61,31.3251,24.2629,11,6,0.0137,1.76,stress relieve,nitride,134,21,2021-06-13,1881.84,True
Q04164,shaft,rotational,13-8Mo H1000,STAINLESS,turn-mill,411.85,118.72,118.72,35.3762,13.7761,6,6,0.0137,1.09,stress relieve,nitride,43,38,2023-09-13,2955.89,False
Q01410,bushing,rotational,16MnCr5,STEEL,turn-mill,24.96,23.15,23.15,0.0825,0.0263,36,6,0.0068,4.17,solution + age,passivate,28,26,2024-03-22,41.47,False
Q04197,bushing,rotational,S355JR,STEEL,turn-mill,22.36,23.76,23.76,0.0778,0.0518,34,6,0.0068,6.3,solution + age,passivate,33,26,2026-03-14,27.08,True
Q03031,bushing,rotational,16MnCr5,STEEL,turn-mill,22.33,22.61,22.61,0.0704,0.0371,33,5,0.0068,5.54,solution + age,passivate,12,7,2026-02-20,99.69,True
Q04892,bushing,rotational,4140,STEEL,turn-mill,24.63,22.73,22.73,0.0785,0.0329,36,5,0.005,6.3,solution + age,passivate,10,3,2024-04-29,177.05,False
Q03368,shaft,rotational,303,STAINLESS,forging + machining,418.95,92.34,92.34,22.4432,15.5472,3,5,0.026,1.54,harden + temper,passivate,82,57,2022-03-27,496.95,False
Q02561,shaft,rotational,304L,STAINLESS,forging + machining,310.7,74.65,74.65,10.8776,6.888,3,4,0.026,1.43,harden + temper,passivate,27,18,2024-11-01,321.99,False
Q03645,shaft,rotational,440C,STAINLESS,forging + machining,375.03,87.88,87.88,17.4718,13.0323,4,3,0.026,2.04,harden + temper,passivate,22,11,2024-04-29,690.88,False
Q04535,shaft,rotational,303,STAINLESS,turn-mill,397.42,102.43,102.43,26.1984,15.9836,7,4,0.089,1.98,harden + temper,passivate,27,9,2023-05-27,524.35,False
Q02057,gear blank,rotational,4140,STEEL,5-axis mill,399.78,94.95,94.95,22.2215,13.5383,17,4,0.0324,2.25,solution + age,zinc,35,34,2021-09-24,565.53,True
Q01475,gear blank,rotational,4140,STEEL,5-axis mill,451.27,113.0,113.0,35.5248,12.5057,21,5,0.0324,4.38,solution + age,nitride,10,1,2021-05-17,2163.61,False
Q00287,gear blank,rotational,4140,STEEL,turning,541.73,148.14,148.14,73.3004,36.5729,19,3,0.0324,3.07,solution + age,nitride,19,12,2022-03-29,1278.31,False
Q04624,gear blank,rotational,4140,STEEL,5-axis mill,482.25,149.0,149.0,66.0076,29.8138,11,5,0.0324,2.15,solution + age,nitride,37,7,2025-12-12,2983.85,False
Q04549,bushing,rotational,16MnCr5,STEEL,turning,131.62,45.22,45.22,1.6589,0.6712,18,1,0.0075,3.1,stress relieve,zinc,11140,5000,2022-02-20,45.11,True
Q04489,bushing,rotational,16MnCr5,STEEL,turning,125.19,44.19,44.19,1.5071,0.8421,24,1,0.005,2.44,stress relieve,zinc,10982,5000,2024-07-25,38.21,True
Q02080,bushing,rotational,16MnCr5,STEEL,turning,122.59,42.88,42.88,1.3895,1.0829,15,1,0.0064,3.29,stress relieve,zinc,3923,987,2023-07-10,18.31,False
Q01547,bushing,rotational,1.2312,STEEL,turning,116.71,43.45,43.45,1.3584,0.8619,17,3,0.0064,3.43,stress relieve,zinc,10687,5000,2024-10-19,40.98,True
Q02958,shaft,rotational,Ti-10V-2Fe-3Al,TITANIUM,turning,604.02,34.37,34.37,2.6057,1.5421,60,5,0.0113,6.3,solution + age,anodise,1073,851,2023-02-15,518.98,True
Q02011,shaft,rotational,Ti-6Al-4V ELI,TITANIUM,turn-mill,395.23,24.93,24.93,0.8544,0.1881,56,4,0.0177,5.91,solution + age,anodise,4506,2324,2024-10-22,487.12,False
Q01594,shaft,rotational,Ti-6Al-4V ELI,TITANIUM,turning,421.56,23.38,23.38,0.8017,0.4762,51,5,0.021,6.3,solution + age,anodise,775,242,2025-10-16,151.82,False
Q03713,shaft,rotational,Ti-6Al-4V ELI,TITANIUM,5-axis mill,574.54,33.33,33.33,2.221,1.7025,57,4,0.021,6.3,solution + age,anodise,1323,1302,2023-12-21,442.21,False
Q02304,shaft,rotational,42CrMo4,STEEL,turning,665.15,111.04,111.04,50.5647,25.2373,17,5,0.023,3.22,solution + age,none,13480,3064,2022-06-25,853.89,True
Q03523,shaft,rotational,C45,STEEL,turning,633.58,128.25,128.25,64.255,21.9667,13,6,0.023,4.56,solution + age,none,8463,3083,2021-05-24,827.6,False
Q02413,shaft,rotational,S355JR,STEEL,turning,658.35,119.59,119.59,58.0481,40.0646,13,6,0.023,3.09,solution + age,none,19927,5000,2021-11-05,523.61,False
Q00136,shaft,rotational,16MnCr5,STEEL,turning,728.17,128.11,128.11,73.6844,37.3595,12,6,0.023,3.76,solution + age,none,15579,5000,2026-06-03,1332.11,False
Q03212,bushing,rotational,4140,STEEL,turning,14.02,7.95,7.95,0.0055,0.0039,16,2,0.0253,3.49,stress relieve,anodise,359,256,2021-08-21,2.16,False
Q00297,bushing,rotational,4140,STEEL,turning,15.51,9.95,9.95,0.0095,0.0069,12,2,0.0253,3.18,stress relieve,anodise,337,285,2021-06-12,1.5,True
Q04705,bushing,rotational,1.2312,STEEL,turning,13.05,7.68,7.68,0.0047,0.003,9,2,0.0155,4.73,stress relieve,anodise,133,62,2021-01-16,3.48,False
Q02502,bushing,rotational,4140,STEEL,turning,14.64,8.63,8.63,0.0067,0.0042,8,2,0.0321,3.01,stress relieve,anodise,143,51,2024-08-25,3.17,True
Q02437,fitting,rotational,303,STAINLESS,5-axis mill,127.29,79.88,79.88,5.1038,1.2701,16,1,0.005,3.93,solution + age,nitride,170,100,2024-06-01,380.28,False
Q03558,fitting,rotational,303,STAINLESS,5-axis mill,152.01,80.07,80.07,6.1237,2.4196,23,1,0.005,3.94,solution + age,paint,199,40,2023-11-09,442.99,False
Q04626,fitting,rotational,303,STAINLESS,turning,134.74,78.04,78.04,5.1559,3.0669,16,3,0.005,3.25,solution + age,paint,117,25,2025-10-28,126.58,False
Q00290,fitting,rotational,303,STAINLESS,5-axis mill,139.61,82.19,82.19,5.9253,2.2181,20,2,0.005,3.65,solution + age,paint,80,74,2021-04-04,326.62,False
Q02909,fitting,rotational,Ti-6Al-4V ELI,TITANIUM,forging + machining,122.95,119.08,119.08,6.0663,3.9312,3,3,0.0406,2.57,stress relieve,paint,96,68,2024-05-12,910.39,False
Q00912,fitting,rotational,Ti-6Al-4V ELI,TITANIUM,turning,70.93,84.98,84.98,1.782,0.5501,4,3,0.0448,2.72,stress relieve,paint,79,67,2023-02-25,197.0,False
Q03633,fitting,rotational,Ti-10V-2Fe-3Al,TITANIUM,forging + machining,93.07,100.78,100.78,3.4523,2.2275,9,2,0.0406,2.96,stress relieve,paint,128,113,2021-09-12,529.71,True
Q00067,fitting,rotational,Ti-10V-2Fe-3Al,TITANIUM,forging + machining,98.68,108.39,108.39,4.2337,3.0549,4,2,0.0406,2.75,stress relieve,paint,80,70,2024-04-20,882.8,False
Q01927,shaft,rotational,16MnCr5,STEEL,turn-mill,295.72,26.48,26.48,1.2786,1.01,4,1,0.1033,2.82,none,zinc,49321,5000,2021-01-19,13.07,False
Q03506,shaft,rotational,16MnCr5,STEEL,5-axis mill,310.33,27.38,27.38,1.434,1.0858,5,1,0.1033,3.52,none,zinc,24596,5000,2025-12-05,14.56,True
Q02877,shaft,rotational,16MnCr5,STEEL,turn-mill,326.3,24.54,24.54,1.2117,0.7907,3,1,0.1033,4.91,none,zinc,33818,5000,2023-11-27,12.58,False
Q01960,shaft,rotational,16MnCr5,STEEL,5-axis mill,306.23,25.16,25.16,1.1953,0.4571,10,2,0.1033,4.3,none,zinc,33083,5000,2025-01-25,27.81,False
Q00949,pin,rotational,1.2312,STEEL,5-axis mill,14.13,5.3,5.3,0.0024,0.0019,16,5,0.1225,2.27,solution + age,anodise,17,7,2023-05-11,148.89,False
Q03754,pin,rotational,42CrMo4,STEEL,turning,14.09,5.33,5.33,0.0025,0.001,13,5,0.1225,3.37,solution + age,anodise,11,8,2024-03-21,25.76,False
Q01747,pin,rotational,4140,STEEL,5-axis mill,12.26,4.15,4.15,0.0013,0.0008,16,6,0.1504,4.11,solution + age,anodise,10,8,2021-02-13,133.22,False
Q00897,pin,rotational,1.2312,STEEL,turning,12.18,4.31,4.31,0.0014,0.0005,12,5,0.1225,3.44,solution + age,anodise,16,4,2021-09-05,44.78,False
Q04244,bracket,prismatic,1.2312,STEEL,5-axis mill,126.07,64.12,57.06,3.6212,0.7523,5,5,0.1797,0.82,solution + age,none,15024,5000,2025-08-19,107.57,True
Q04704,bracket,prismatic,4140,STEEL,5-axis mill,146.12,72.8,64.78,5.4093,3.133,9,5,0.099,0.69,solution + age,nitride,7744,4201,2024-07-12,111.47,False
Q04006,bracket,prismatic,4140,STEEL,5-axis mill,104.92,58.95,49.77,2.4163,1.5328,12,4,0.099,0.82,solution + age,nitride,4186,3427,2025-11-24,54.36,False
Q04522,bracket,prismatic,1.2312,STEEL,5-axis mill,127.59,69.42,63.44,4.4112,2.9291,12,5,0.099,0.9,solution + age,nitride,7257,3351,2025-01-13,121.25,False
Q02626,gear blank,rotational,4140,STEEL,turn-mill,632.95,244.57,244.57,233.4272,149.7246,13,6,0.2,6.3,harden + temper,passivate,4027,3180,2025-03-20,3210.89,False
Q01697,gear blank,rotational,S355JR,STEEL,turn-mill,748.24,301.85,301.85,420.3307,275.9151,15,6,0.1575,6.3,harden + temper,none,2657,1064,2024-08-29,3582.9,False
Q01974,gear blank,rotational,4140,STEEL,turn-mill,617.09,250.03,250.03,237.8426,61.4213,5,5,0.2,6.3,harden + temper,none,1096,849,2021-11-03,3384.75,False
Q00151,gear blank,rotational,1.2312,STEEL,turn-mill,670.09,280.23,280.23,324.4377,236.3839,9,5,0.2,4.92,harden + temper,none,3419,1356,2025-07-24,3726.99,False
Q01433,fitting,rotational,Ti-6Al-4V,TITANIUM,forging + machining,157.05,170.4,170.4,15.8658,13.0121,9,3,0.0234,4.35,solution + age,anodise,914,324,2026-07-01,1683.89,False
Q01181,fitting,rotational,Ti-6Al-4V,TITANIUM,forging + machining,152.45,170.04,170.04,15.3361,10.0099,3,2,0.0234,4.09,solution + age,anodise,298,79,2022-04-09,2088.05,False
Q04796,fitting,rotational,Ti-6Al-4V,TITANIUM,forging + machining,130.77,148.08,148.08,9.9772,6.3305,6,3,0.0558,3.74,solution + age,anodise,1028,333,2023-03-09,1463.22,False
Q02804,fitting,rotational,Ti-6Al-4V,TITANIUM,5-axis mill,134.5,136.01,136.01,8.6564,3.637,3,1,0.0234,4.19,solution + age,anodise,895,459,2023-04-16,1703.73,False
Q02463,fitting,rotational,Waspaloy,NICKEL,forging + machining,69.53,34.16,34.16,0.5218,0.3293,6,2,0.0287,6.3,solution + age,none,4890,816,2023-07-01,111.05,False
Q03931,fitting,rotational,Waspaloy,NICKEL,forging + machining,76.26,39.57,39.57,0.768,0.5548,8,2,0.0211,6.3,solution + age,none,1360,1288,2024-01-16,173.57,False
Q01350,fitting,rotational,Waspaloy,NICKEL,forging + machining,93.57,45.02,45.02,1.22,1.0065,7,1,0.0211,6.3,solution + age,none,2053,615,2025-12-13,241.2,False
Q04665,fitting,rotational,Waspaloy,NICKEL,forging + machining,72.18,36.8,36.8,0.6288,0.5051,5,2,0.0176,6.22,solution + age,none,3851,2943,2024-06-22,134.96,False
Q04467,bushing,rotational,C63000,COPPER,forging + machining,44.26,17.92,17.92,0.0846,0.0557,17,3,0.0177,5.88,harden + temper,anodise,3455,2194,2026-01-27,7.62,True
Q03381,bushing,rotational,C63000,COPPER,forging + machining,30.2,13.64,13.64,0.0334,0.0262,22,4,0.0177,4.21,harden + temper,paint,43219,5000,2021-05-12,2.71,True
Q02027,bushing,rotational,C63000,COPPER,turn-mill,28.89,13.84,13.84,0.0329,0.0086,23,4,0.0226,5.82,harden + temper,anodise,30728,5000,2022-04-05,4.51,False
Q01470,bushing,rotational,C63000,COPPER,forging + machining,36.81,17.43,17.43,0.0666,0.0514,17,4,0.0177,5.06,harden + temper,anodise,11006,4377,2025-09-04,5.72,False
Q00653,flange,prismatic,1.2312,STEEL,5-axis mill,63.22,29.9,9.67,0.1435,0.0556,19,1,0.0723,6.3,none,paint,166,138,2022-05-29,8.23,False
Q00606,flange,prismatic,1.2312,STEEL,5-axis mill,43.61,21.45,7.34,0.0539,0.0161,9,3,0.041,6.3,none,paint,448,105,2024-03-19,7.37,True
Q00778,flange,prismatic,C45,STEEL,5-axis mill,52.13,24.83,8.21,0.0834,0.0343,9,3,0.0941,6.3,none,paint,195,75,2021-03-03,9.92,False
Q03765,flange,prismatic,4140,STEEL,5-axis mill,38.74,18.97,5.66,0.0327,0.0174,11,3,0.0589,6.3,none,paint,58,7,2025-03-22,94.67,False
Q00890,flange,prismatic,S355JR,STEEL,3-axis mill,35.78,16.65,9.06,0.0423,0.028,20,3,0.0468,2.93,stress relieve,zinc,13,1,2026-06-26,256.86,True
Q03945,flange,prismatic,16MnCr5,STEEL,5-axis mill,38.65,19.09,8.48,0.0491,0.0377,22,5,0.0539,4.79,stress relieve,zinc,10,7,2023-06-16,143.32,False
Q04098,flange,prismatic,42CrMo4,STEEL,5-axis mill,32.16,17.86,7.23,0.0326,0.0235,20,3,0.0985,5.37,stress relieve,zinc,10,2,2024-06-28,292.52,True
Q01002,flange,prismatic,16MnCr5,STEEL,5-axis mill,40.03,19.01,8.15,0.0486,0.0212,27,3,0.0985,2.66,stress relieve,zinc,14,4,2025-04-14,104.88,True
Q02076,housing,prismatic,1.2312,STEEL,5-axis mill,282.51,211.45,128.4,60.2143,12.4149,3,6,0.0671,3.85,solution + age,paint,29,9,2024-03-02,2229.29,False
Q00285,housing,prismatic,1.2312,STEEL,5-axis mill,205.7,172.37,109.53,30.4856,7.6808,3,6,0.0671,2.57,solution + age,anodise,386,166,2023-05-23,1095.4,False
Q03042,housing,prismatic,4140,STEEL,5-axis mill,255.82,183.55,114.18,42.0875,11.8962,6,6,0.0414,4.03,solution + age,none,43,10,2021-09-04,1485.31,True
Q00416,housing,prismatic,1.2312,STEEL,5-axis mill,235.17,177.65,112.77,36.9842,8.4152,4,4,0.0671,4.45,solution + age,none,102,50,2025-01-09,1385.97,False
Q04683,shaft,rotational,17-4PH H1025,STAINLESS,forging + machining,356.96,94.97,94.97,19.7241,15.9298,6,4,0.0078,1.48,harden + temper,zinc,13,4,2022-06-19,727.61,True
Q04831,shaft,rotational,440C,STAINLESS,forging + machining,374.53,86.04,86.04,16.722,11.6596,3,2,0.0078,1.55,harden + temper,zinc,21,1,2022-04-20,1251.28,False
Q00298,shaft,rotational,440C,STAINLESS,forging + machining,449.98,122.5,122.5,40.7323,25.6899,3,2,0.0078,1.36,harden + temper,zinc,21,1,2022-07-01,2056.42,False
Q03296,shaft,rotational,17-4PH H1025,STAINLESS,forging + machining,385.95,103.1,103.1,25.1324,20.8057,3,2,0.0078,1.01,harden + temper,zinc,26,16,2023-02-11,916.0,False
Q04424,manifold,prismatic,Ti-10V-2Fe-3Al,TITANIUM,turn-mill,198.66,310.61,50.46,14.4777,3.5801,3,6,0.0162,6.3,none,nitride,5090,1838,2023-02-13,4009.02,False
Q04918,manifold,prismatic,Ti-6Al-4V,TITANIUM,turn-mill,234.67,301.2,54.28,16.9979,9.5063,4,6,0.021,6.3,none,nitride,1829,896,2025-11-13,2131.53,False
Q04494,manifold,prismatic,Ti-6Al-4V,TITANIUM,turn-mill,166.96,223.53,39.89,6.5958,2.8595,6,6,0.021,6.3,none,nitride,1089,814,2022-12-07,1283.88,False
Q01196,manifold,prismatic,Ti-6Al-4V,TITANIUM,turn-mill,242.93,309.92,54.89,18.3071,5.6074,3,4,0.021,6.3,none,nitride,6753,2691,2022-01-16,3395.73,False
Q02482,gear blank,rotational,316L,STAINLESS,turning,2403.89,632.95,632.95,6051.1495,3210.5164,5,6,0.0173,3.19,stress relieve,paint,15,9,2022-12-25,158180.79,False
Q04261,gear blank,rotational,15-5PH H1025,STAINLESS,turning,2323.25,608.27,608.27,5265.9772,2727.0216,5,6,0.0362,3.75,stress relieve,paint,30,25,2021-05-28,148598.72,True
Q03343,gear blank,rotational,15-5PH H1025,STAINLESS,forging + machining,2453.29,592.48,592.48,5275.635,3462.4832,8,5,0.0716,3.26,stress relieve,passivate,10,7,2025-04-24,248936.46,False
Q00927,gear blank,rotational,17-4PH H1025,STAINLESS,turn-mill,1736.91,428.15,428.15,1950.5353,1008.0462,15,6,0.0362,4.98,stress relieve,paint,35,4,2023-12-15,83694.07,False
Q02496,shaft,rotational,1.2312,STEEL,turning,627.82,85.52,85.52,28.3123,13.6137,19,3,0.005,4.75,none,none,27448,5000,2021-01-14,1188.77,False
Q04118,shaft,rotational,16MnCr5,STEEL,turning,495.96,66.23,66.23,13.4118,4.585,19,5,0.005,5.57,none,none,25343,5000,2025-11-25,464.6,False
Q00186,shaft,rotational,16MnCr5,STEEL,turning,654.87,88.32,88.32,31.4954,11.6078,17,4,0.005,4.56,none,none,45643,5000,2026-05-07,1060.68,True
Q01250,shaft,rotational,4140,STEEL,turning,569.29,88.19,88.19,27.2981,19.985,20,3,0.005,5.18,none,anodise,17139,5000,2023-12-05,499.22,False
Q01651,manifold,prismatic,4140,STEEL,3-axis mill,198.73,79.46,68.4,8.4797,5.7082,3,1,0.0226,1.58,none,paint,975,247,2021-06-23,140.58,False
Q01692,manifold,prismatic,4140,STEEL,3-axis mill,257.69,98.29,87.71,17.4397,10.2124,9,1,0.0202,1.92,none,paint,837,205,2021-01-10,291.58,False
Q04839,manifold,prismatic,4140,STEEL,3-axis mill,224.19,95.55,87.67,14.7423,8.5858,3,2,0.0226,1.16,none,paint,807,463,2023-10-27,279.52,False
Q04430,manifold,prismatic,4140,STEEL,3-axis mill,233.48,91.82,83.95,14.1289,7.1651,3,2,0.0226,1.33,none,anodise,7322,5000,2021-10-27,221.61,False
Q02535,bushing,rotational,42CrMo4,STEEL,turn-mill,69.25,57.91,57.91,1.4317,1.0241,11,4,0.0092,3.81,stress relieve,nitride,1729,1081,2022-04-13,46.43,False
Q03251,bushing,rotational,42CrMo4,STEEL,forging + machining,75.36,72.86,72.86,2.4667,2.026,12,2,0.0092,6.08,stress relieve,nitride,1675,1291,2025-11-25,51.93,False
Q02421,bushing,rotational,16MnCr5,STEEL,forging + machining,67.3,65.69,65.69,1.7904,1.1207,15,2,0.0158,6.3,stress relieve,nitride,912,65,2023-11-29,70.71,False
Q04021,bushing,rotational,42CrMo4,STEEL,forging + machining,80.31,75.15,75.15,2.7965,2.2581,19,3,0.0129,6.3,stress relieve,nitride,862,426,2024-11-11,75.47,False
Q02497,gear blank,rotational,4140,STEEL,forging + machining,190.37,135.35,135.35,21.5018,15.8368,14,4,0.0055,3.38,harden + temper,none,30,21,2022-11-29,806.46,False
Q04036,gear blank,rotational,1.2312,STEEL,forging + machining,233.05,166.53,166.53,39.8446,26.4046,18,4,0.005,4.24,harden + temper,none,10,9,2026-04-08,2710.01,False
Q03570,gear blank,rotational,42CrMo4,STEEL,forging + machining,137.71,121.19,121.19,12.4696,7.9893,8,4,0.0055,5.08,harden + temper,none,11,8,2021-12-17,442.85,True
Q04087,gear blank,rotational,C45,STEEL,5-axis mill,195.28,140.68,140.68,23.8284,12.3938,18,3,0.0085,4.06,harden + temper,none,11,9,2021-07-08,1182.11,False
Q03956,bushing,rotational,4140,STEEL,forging + machining,40.7,38.23,38.23,0.3666,0.2486,8,4,0.0128,3.9,none,zinc,786,521,2022-02-25,8.82,False
Q04760,bushing,rotational,4140,STEEL,forging + machining,37.75,35.92,35.92,0.3004,0.1858,6,5,0.0128,4.06,none,passivate,716,379,2024-11-25,9.7,True
Q04748,bushing,rotational,42CrMo4,STEEL,forging + machining,30.05,23.16,23.16,0.0994,0.0763,10,3,0.0128,4.05,none,passivate,433,430,2022-04-16,3.57,False
Q02685,bushing,rotational,4140,STEEL,forging + machining,33.88,29.08,29.08,0.1766,0.1266,14,4,0.0128,2.83,none,passivate,412,272,2023-10-11,7.97,False
Q00404,flange,prismatic,316L,STAINLESS,5-axis mill,209.28,188.8,99.76,31.5313,15.6833,5,1,0.0404,5.59,harden + temper,nitride,484,245,2021-12-24,863.49,True
Q02875,flange,prismatic,316L,STAINLESS,5-axis mill,156.91,163.22,104.72,21.4547,9.1157,3,2,0.0404,4.23,harden + temper,nitride,1286,317,2024-04-15,916.03,False
Q01830,flange,prismatic,316L,STAINLESS,5-axis mill,192.97,188.58,113.32,32.9909,17.1035,3,1,0.0409,5.06,harden + temper,nitride,409,59,2023-02-02,1053.93,False
Q01627,flange,prismatic,316L,STAINLESS,5-axis mill,187.89,194.77,102.44,29.9901,11.0198,6,1,0.0404,3.44,harden + temper,nitride,449,76,2026-06-30,2212.22,False
Q02248,bracket,prismatic,1.2312,STEEL,5-axis mill,109.81,69.96,71.73,4.326,3.2156,14,3,0.0218,0.63,harden + temper,zinc,14003,5000,2022-12-22,116.19,False
Q02835,bracket,prismatic,16MnCr5,STEEL,5-axis mill,124.78,81.81,75.36,6.0391,1.645,12,3,0.0156,0.96,harden + temper,zinc,27372,4371,2021-01-11,407.35,False
Q01333,bracket,prismatic,16MnCr5,STEEL,5-axis mill,131.76,90.47,81.33,7.6107,5.7243,12,1,0.0218,0.69,harden + temper,zinc,23001,5000,2023-02-24,126.67,False
Q02206,bracket,prismatic,4140,STEEL,5-axis mill,146.86,90.36,79.0,8.229,5.7364,14,1,0.0378,1.11,harden + temper,zinc,9822,3638,2023-06-28,134.04,False
Q01202,gear blank,rotational,316L,STAINLESS,turning,1304.83,357.76,357.76,1049.3684,597.9022,3,1,0.0409,6.3,stress relieve,none,2053,511,2022-04-03,15677.38,True
Q02291,gear blank,rotational,17-4PH H1025,STAINLESS,turning,1373.83,301.44,301.44,764.7273,373.7351,11,2,0.0409,3.42,stress relieve,paint,1959,966,2024-07-07,22432.9,True
Q03686,gear blank,rotational,13-8Mo H1000,STAINLESS,turning,1353.8,322.07,322.07,855.8705,677.1896,4,1,0.0409,6.3,stress relieve,none,3357,693,2021-05-05,29512.37,False
Q04867,gear blank,rotational,440C,STAINLESS,turning,1412.07,350.66,350.66,1047.3239,684.9475,11,1,0.0409,6.11,stress relieve,none,2824,2598,2022-07-05,23259.74,True
Q00446,gear blank,rotational,42CrMo4,STEEL,forging + machining,241.79,140.84,140.84,29.5678,22.4242,11,1,0.0064,4.53,solution + age,paint,5134,1628,2021-03-29,614.27,False
Q02350,gear blank,rotational,C45,STEEL,forging + machining,194.93,144.17,144.17,24.979,15.9324,19,1,0.0064,2.6,solution + age,none,3135,776,2022-02-12,747.5,True
Q03162,gear blank,rotational,42CrMo4,STEEL,forging + machining,258.2,174.53,174.53,48.4928,29.3603,11,1,0.0064,2.28,solution + age,passivate,2673,1230,2022-08-14,1814.58,False
Q04188,gear blank,rotational,S355JR,STEEL,forging + machining,270.89,209.57,209.57,73.355,56.9293,7,2,0.0064,4.7,solution + age,passivate,9417,1943,2022-02-15,1179.54,False
Q02029,bushing,rotational,POM-C,POLYMER,5-axis mill,16.27,17.3,17.3,0.0054,0.0013,9,3,0.0114,0.98,none,none,2953,754,2023-05-14,1.83,False
Q04944,bushing,rotational,PA66,POLYMER,5-axis mill,18.9,21.37,21.37,0.0077,0.0025,18,3,0.0212,1.13,none,passivate,7167,1765,2022-10-07,1.74,True
Q02781,bushing,rotational,PEEK,POLYMER,5-axis mill,15.43,18.84,18.84,0.0056,0.0022,16,5,0.0179,1.89,none,passivate,3527,378,2026-04-21,4.83,False
Q02131,bushing,rotational,PEEK,POLYMER,5-axis mill,18.47,21.43,21.43,0.0087,0.0065,6,3,0.0179,1.6,none,none,1563,539,2023-04-01,2.99,True
Q04394,plate,prismatic,5083-H111,ALUMINIUM,turn-mill,403.68,307.87,186.31,61.5919,43.215,27,5,0.065,2.04,solution + age,zinc,11,8,2024-09-10,2451.02,False
Q04664,plate,prismatic,2024-T3,ALUMINIUM,3-axis mill,554.45,358.63,261.66,144.6391,102.9614,29,6,0.065,1.57,solution + age,zinc,46,15,2021-04-28,3097.99,False
Q04554,plate,prismatic,6082-T6,ALUMINIUM,turn-mill,433.19,276.03,177.16,57.1942,33.2628,31,5,0.065,1.3,solution + age,passivate,17,10,2022-02-15,1538.03,True
Q00502,plate,prismatic,6026-T9,ALUMINIUM,turn-mill,494.29,305.75,228.51,93.2396,37.0833,33,6,0.065,1.99,solution + age,passivate,24,19,2026-02-20,4207.94,False
Q04353,fitting,rotational,Inconel 625,NICKEL,turning,80.46,66.25,66.25,2.3412,1.1075,19,2,0.1362,1.04,stress relieve,passivate,8076,5000,2025-09-05,190.41,False
Q02198,fitting,rotational,Inconel 625,NICKEL,turning,115.14,98.31,98.31,7.3769,3.7732,20,2,0.1362,1.42,stress relieve,passivate,2104,451,2021-05-03,506.63,False
Q00965,fitting,rotational,Inconel 718,NICKEL,turning,123.28,96.06,96.06,7.3174,3.4559,10,1,0.1362,0.95,stress relieve,passivate,1262,935,2024-06-02,667.11,False
Q00743,fitting,rotational,Waspaloy,NICKEL,turning,97.91,79.8,79.8,4.0108,2.2742,12,1,0.1384,1.05,stress relieve,passivate,1072,423,2025-02-04,441.18,False
Q01745,shaft,rotational,4140,STEEL,turning,65.7,5.83,5.83,0.0138,0.008,3,4,0.0069,0.4,stress relieve,paint,13299,1069,2023-05-27,2.11,False
Q00640,shaft,rotational,4140,STEEL,turning,55.26,5.7,5.7,0.0111,0.0051,7,2,0.005,1.41,stress relieve,zinc,11757,5000,2024-06-09,1.41,False
Q03388,shaft,rotational,4140,STEEL,turning,55.38,5.37,5.37,0.0098,0.0061,3,3,0.0075,1.6,stress relieve,paint,8284,5000,2025-08-28,2.13,False
Q03757,shaft,rotational,C45,STEEL,turning,57.84,6.09,6.09,0.0132,0.004,3,2,0.0069,1.66,stress relieve,paint,15207,5000,2023-06-15,1.69,True
Q04101,gear blank,rotational,4140,STEEL,forging + machining,640.87,356.79,356.79,502.9687,317.8155,3,5,0.1144,1.18,stress relieve,none,37,22,2023-03-14,7713.84,False
Q00553,gear blank,rotational,4140,STEEL,forging + machining,692.13,425.91,425.91,774.0691,468.1223,3,5,0.0715,1.91,stress relieve,anodise,10,9,2025-06-28,12736.38,False
Q00268,gear blank,rotational,4140,STEEL,forging + machining,607.78,340.27,340.27,433.8664,336.4647,7,5,0.0715,2.3,stress relieve,paint,42,40,2023-06-03,4954.37,True
Q00712,gear blank,rotational,4140,STEEL,forging + machining,603.04,347.41,347.41,448.7395,323.6822,9,4,0.1228,2.07,stress relieve,none,30,23,2021-03-04,5202.03,False
Q02927,fitting,rotational,Ti-6Al-4V,TITANIUM,forging + machining,385.98,508.61,508.61,347.3945,258.9576,3,4,0.0551,4.54,solution + age,anodise,18,10,2021-12-26,35948.47,False
Q01701,fitting,rotational,Ti-6Al-4V,TITANIUM,forging + machining,338.34,494.76,494.76,288.163,180.1568,9,6,0.0461,5.29,solution + age,anodise,10,5,2021-12-18,39462.78,True
Q01658,fitting,rotational,Ti-6Al-4V,TITANIUM,turn-mill,282.37,394.9,394.9,153.21,108.0311,3,6,0.0525,3.25,solution + age,anodise,16,9,2025-07-24,14572.51,False
Q03924,fitting,rotational,Ti-6Al-4V ELI,TITANIUM,forging + machining,454.93,543.26,543.26,467.1529,361.6231,5,5,0.0551,4.85,solution + age,anodise,10,3,2021-02-17,55944.01,True
Q02168,gear blank,rotational,42CrMo4,STEEL,turn-mill,161.27,104.15,104.15,10.7862,8.2244,30,2,0.0267,0.73,solution + age,none,9603,5000,2023-07-06,209.47,False
Q02645,gear blank,rotational,42CrMo4,STEEL,turn-mill,169.18,118.48,118.48,14.6418,10.2828,41,2,0.0372,0.69,solution + age,none,12645,1480,2021-11-03,334.49,False
Q02203,gear blank,rotational,1.2312,STEEL,turn-mill,219.79,143.98,143.98,28.0925,15.5728,32,1,0.0192,0.72,solution + age,paint,6680,457,2025-11-09,1358.72,False
Q01132,gear blank,rotational,S355JR,STEEL,turn-mill,234.03,148.04,148.04,31.6213,13.8949,38,3,0.0261,0.76,solution + age,paint,20684,5000,2021-10-12,844.6,True
Q02882,housing,prismatic,304L,STAINLESS,turn-mill,89.71,46.96,10.19,0.3435,0.1306,11,3,0.0139,3.54,none,zinc,256,198,2021-01-08,16.75,False
Q00175,housing,prismatic,13-8Mo H1000,STAINLESS,turn-mill,97.96,59.7,12.52,0.5681,0.447,8,3,0.01,3.36,none,zinc,348,338,2025-02-09,32.94,False
Q03967,housing,prismatic,303,STAINLESS,turn-mill,66.14,40.08,8.95,0.1899,0.1191,13,3,0.0137,4.2,none,zinc,402,116,2023-10-03,10.27,False
Q03751,housing,prismatic,13-8Mo H1000,STAINLESS,turn-mill,85.22,50.37,9.65,0.3215,0.1763,17,1,0.0394,3.55,none,zinc,289,166,2023-09-08,18.67,False
Q03582,housing,prismatic,C45,STEEL,forging + machining,113.12,97.59,70.64,6.1219,3.8523,3,4,0.0422,3.69,harden + temper,passivate,33,24,2022-03-08,105.43,True
Q04290,housing,prismatic,C45,STEEL,5-axis mill,89.32,92.96,63.45,4.1355,2.7338,7,5,0.0381,2.32,harden + temper,passivate,19,14,2023-11-06,146.77,False
Q00811,housing,prismatic,42CrMo4,STEEL,3-axis mill,110.74,106.57,82.15,7.6107,2.6129,3,5,0.0742,2.44,harden + temper,passivate,15,12,2023-04-27,138.15,True
Q03914,housing,prismatic,1.2312,STEEL,forging + machining,113.11,110.04,88.23,8.6209,5.9782,4,4,0.115,2.97,harden + temper,passivate,31,7,2021-01-17,219.54,False
Q01029,bushing,rotational,16MnCr5,STEEL,forging + machining,64.05,63.74,63.74,1.6043,1.2354,3,5,0.0115,3.45,none,anodise,12596,5000,2025-06-03,27.88,False
Q01218,bushing,rotational,16MnCr5,STEEL,turning,43.96,43.76,43.76,0.5189,0.2661,9,3,0.0075,4.94,none,none,33143,2863,2021-07-22,8.9,False
Q01890,bushing,rotational,S355JR,STEEL,5-axis mill,53.75,59.93,59.93,1.1904,0.4593,13,4,0.0075,3.37,none,anodise,21891,4628,2021-01-11,53.01,False
Q04825,bushing,rotational,16MnCr5,STEEL,forging + machining,55.85,57.49,57.49,1.138,0.7715,8,3,0.0072,3.85,none,none,5338,4229,2024-12-28,31.03,False
Q00415,fitting,rotational,6082-T6,ALUMINIUM,turning,19.21,21.1,21.1,0.0181,0.0142,13,3,0.0955,1.95,harden + temper,paint,64,40,2024-12-19,5.77,False
Q00320,fitting,rotational,2024-T3,ALUMINIUM,turning,22.55,24.15,24.15,0.0287,0.0147,11,2,0.1938,2.09,harden + temper,zinc,317,278,2024-08-30,2.28,True
Q00432,fitting,rotational,6026-T9,ALUMINIUM,turning,29.57,29.77,29.77,0.0556,0.0169,8,4,0.1518,1.93,harden + temper,passivate,99,73,2024-01-22,4.93,True
Q03326,fitting,rotational,5083-H111,ALUMINIUM,turning,24.7,28.96,28.96,0.0433,0.0336,13,3,0.1938,2.1,harden + temper,nitride,217,199,2024-07-09,5.55,True
Q02226,plate,prismatic,15-5PH H1025,STAINLESS,forging + machining,106.24,99.38,44.98,3.7047,2.9687,3,5,0.0127,1.04,harden + temper,paint,10,2,2022-08-29,401.92,False
Q02443,plate,prismatic,17-4PH H1025,STAINLESS,forging + machining,83.33,93.25,36.26,2.1977,1.4739,3,3,0.0127,0.77,harden + temper,paint,19,10,2025-05-25,142.13,False
Q04053,plate,prismatic,15-5PH H1025,STAINLESS,forging + machining,86.04,72.08,31.74,1.5355,1.1423,3,3,0.0127,1.33,harden + temper,paint,10,1,2023-09-08,483.13,False
Q03200,plate,prismatic,15-5PH H1025,STAINLESS,forging + machining,75.59,69.71,33.76,1.3876,0.9273,8,3,0.0127,1.05,harden + temper,nitride,12,3,2026-05-25,194.43,True
Q03070,shaft,rotational,4140,STEEL,turning,79.7,4.94,4.94,0.012,0.0048,12,1,0.112,4.37,solution + age,paint,1202,272,2021-08-27,1.87,False
Q04054,shaft,rotational,S355JR,STEEL,turning,71.05,5.08,5.08,0.0113,0.0048,19,1,0.108,4.71,solution + age,paint,1956,521,2025-05-28,2.16,False
Q01875,shaft,rotational,S355JR,STEEL,turning,69.69,4.93,4.93,0.0105,0.0022,18,1,0.112,3.83,solution + age,paint,418,328,2024-08-29,1.78,False
Q01687,shaft,rotational,S355JR,STEEL,turning,76.34,5.97,5.97,0.0168,0.004,14,1,0.112,4.82,solution + age,paint,5773,5000,2022-06-07,1.75,True
Q03926,pin,rotational,16MnCr5,STEEL,5-axis mill,19.14,4.73,4.73,0.0026,0.001,14,2,0.0489,2.76,stress relieve,passivate,238,96,2022-03-18,5.18,False
Q00616,pin,rotational,S355JR,STEEL,turning,20.12,4.67,4.67,0.0027,0.0015,22,4,0.0489,2.8,stress relieve,passivate,91,32,2026-06-16,7.58,False
Q03034,pin,rotational,S355JR,STEEL,5-axis mill,22.47,6.05,6.05,0.0051,0.0027,11,3,0.0474,1.9,stress relieve,passivate,727,332,2023-11-07,3.02,False
Q00699,pin,rotational,S355JR,STEEL,5-axis mill,17.48,4.09,4.09,0.0018,0.0014,17,3,0.0431,2.57,stress relieve,passivate,451,254,2026-01-19,4.31,False
Q04156,gear blank,rotational,303,STAINLESS,turn-mill,289.2,61.36,61.36,6.8413,3.2942,4,6,0.0116,4.58,stress relieve,zinc,25630,5000,2023-09-16,210.6,False
Q02822,gear blank,rotational,15-5PH H1025,STAINLESS,turn-mill,316.62,79.63,79.63,12.2989,6.8222,3,4,0.0126,4.65,stress relieve,zinc,15310,5000,2021-11-30,527.96,False
Q02756,gear blank,rotational,303,STAINLESS,turn-mill,300.15,72.72,72.72,9.972,7.1433,3,5,0.0119,5.05,stress relieve,zinc,13055,5000,2022-09-12,202.46,False
Q01707,gear blank,rotational,316L,STAINLESS,turn-mill,331.45,86.4,86.4,15.5475,9.0729,8,4,0.0107,4.31,stress relieve,none,17780,5000,2023-01-20,666.95,False
Q01123,bushing,rotational,PEEK,POLYMER,5-axis mill,13.79,10.52,10.52,0.0016,0.0005,13,6,0.0521,1.11,solution + age,passivate,350,150,2022-08-20,11.67,False
Q02612,bushing,rotational,PEEK,POLYMER,5-axis mill,26.57,19.2,19.2,0.01,0.0079,18,6,0.0326,0.98,solution + age,passivate,273,114,2024-11-26,12.93,False
Q00870,bushing,rotational,PEEK,POLYMER,5-axis mill,21.06,13.19,13.19,0.0037,0.0026,8,6,0.0326,1.1,solution + age,passivate,80,68,2021-08-29,14.58,False
Q03083,bushing,rotational,PEEK,POLYMER,5-axis mill,23.02,15.35,15.35,0.0055,0.0015,11,5,0.0326,0.73,solution + age,passivate,385,115,2026-07-02,11.53,False
Q00767,flange,prismatic,16MnCr5,STEEL,5-axis mill,26.78,16.62,5.91,0.0207,0.0164,4,3,0.0512,5.36,stress relieve,zinc,10,8,2025-09-06,87.42,False
Q00986,flange,prismatic,16MnCr5,STEEL,5-axis mill,29.05,18.81,6.87,0.0295,0.0122,7,1,0.0512,3.82,stress relieve,zinc,14,13,2022-11-17,18.19,False
Q04579,flange,prismatic,S355JR,STEEL,forging + machining,27.93,16.68,5.23,0.0191,0.0151,8,3,0.0513,4.91,stress relieve,zinc,14,4,2025-06-19,97.46,True
Q02661,flange,prismatic,16MnCr5,STEEL,5-axis mill,29.17,16.52,5.6,0.0212,0.0107,12,3,0.0512,5.56,stress relieve,zinc,10,5,2023-03-20,98.65,False
Q00554,manifold,prismatic,4140,STEEL,3-axis mill,252.93,135.87,102.68,27.6997,15.9347,4,5,0.0116,1.66,solution + age,passivate,7601,419,2024-10-16,729.12,False
Q04026,manifold,prismatic,4140,STEEL,3-axis mill,253.52,145.6,125.5,36.365,16.9828,8,5,0.0078,1.04,solution + age,passivate,3695,3263,2025-12-15,1155.43,False
Q02399,manifold,prismatic,4140,STEEL,3-axis mill,228.15,134.24,102.48,24.6374,7.5851,8,4,0.0078,1.7,solution + age,passivate,13316,3211,2024-04-19,863.71,True
Q04059,manifold,prismatic,4140,STEEL,3-axis mill,241.58,136.08,119.89,30.9385,9.9907,3,4,0.0078,1.36,solution + age,passivate,3835,275,2024-03-29,1064.21,False
Q04191,housing,prismatic,C45,STEEL,forging + machining,79.32,56.58,52.07,1.8346,1.2319,14,5,0.0196,4.86,stress relieve,none,22,15,2023-09-12,69.44,False
Q03985,housing,prismatic,42CrMo4,STEEL,forging + machining,73.24,48.67,53.57,1.499,0.925,12,5,0.0194,4.43,stress relieve,none,10,5,2022-03-16,132.29,False
Q01523,housing,prismatic,C45,STEEL,forging + machining,69.36,47.19,55.99,1.4386,1.1174,7,4,0.031,3.83,stress relieve,none,23,9,2026-06-20,75.38,False
Q02162,housing,prismatic,C45,STEEL,forging + machining,63.58,44.8,49.65,1.1102,0.8186,17,5,0.0267,3.69,stress relieve,none,10,7,2025-10-19,89.61,True
Q02542,manifold,prismatic,13-8Mo H1000,STAINLESS,forging + machining,283.43,117.01,52.27,13.4518,9.9408,3,3,0.0246,0.53,none,nitride,1208,623,2023-03-29,880.15,True
Q01950,manifold,prismatic,303,STAINLESS,forging + machining,297.68,135.31,50.44,16.2546,13.7224,11,2,0.0341,0.42,none,nitride,2349,1680,2022-01-16,232.77,True
Q04041,manifold,prismatic,303,STAINLESS,forging + machining,326.33,153.49,57.23,22.9346,13.8336,3,1,0.0246,0.49,none,nitride,834,599,2024-11-15,641.52,True
Q02614,manifold,prismatic,17-4PH H1025,STAINLESS,forging + machining,264.29,135.38,55.61,15.5213,11.8197,3,1,0.0096,0.4,none,paint,1264,822,2023-03-08,615.98,True
Q04703,flange,prismatic,316L,STAINLESS,5-axis mill,176.24,199.26,116.06,32.6047,9.5773,5,2,0.0544,4.95,stress relieve,nitride,10,5,2024-08-15,2021.06,False
Q02419,flange,prismatic,13-8Mo H1000,STAINLESS,5-axis mill,188.27,228.9,137.21,45.8826,12.4472,13,3,0.0711,5.62,stress relieve,nitride,10,6,2025-03-23,3661.82,True
Q01881,flange,prismatic,17-4PH H1025,STAINLESS,5-axis mill,188.95,260.12,148.96,57.1092,44.6603,13,1,0.0544,3.21,stress relieve,nitride,13,6,2025-02-09,1593.72,False
Q03444,flange,prismatic,303,STAINLESS,5-axis mill,190.52,229.48,144.39,50.5016,19.6269,8,1,0.0544,6.3,stress relieve,nitride,10,6,2024-10-12,1518.31,False
Q02318,shaft,rotational,42CrMo4,STEEL,forging + machining,930.21,97.13,97.13,54.1028,37.7599,8,6,0.1264,6.3,stress relieve,paint,1013,404,2021-12-11,522.49,False
Q03048,shaft,rotational,42CrMo4,STEEL,forging + machining,748.75,96.87,96.87,43.3164,34.248,3,6,0.1264,6.3,stress relieve,paint,1567,231,2021-05-09,393.38,True
Q02584,shaft,rotational,42CrMo4,STEEL,5-axis mill,769.63,97.21,97.21,44.8366,31.2278,3,6,0.0914,6.3,stress relieve,paint,737,244,2024-03-17,755.88,False
Q02853,shaft,rotational,42CrMo4,STEEL,turning,695.41,95.28,95.28,38.9203,24.7014,11,6,0.1264,6.3,stress relieve,paint,1570,989,2021-07-24,326.16,False
Q01397,shaft,rotational,304L,STAINLESS,turning,358.21,105.6,105.6,25.0977,15.6243,4,4,0.0785,1.73,solution + age,zinc,162,149,2022-10-18,210.1,True
Q00128,shaft,rotational,316L,STAINLESS,turning,338.66,117.08,117.08,29.1703,18.1101,9,3,0.0785,1.63,solution + age,zinc,111,9,2022-07-04,451.88,False
Q04389,shaft,rotational,17-4PH H1025,STAINLESS,turning,402.5,124.69,124.69,38.3367,15.6098,5,2,0.0785,1.58,solution + age,zinc,40,22,2021-09-09,897.7,True
Q03672,shaft,rotational,316L,STAINLESS,turning,369.2,129.26,129.26,38.7572,30.7518,13,3,0.0785,2.11,solution + age,zinc,149,132,2022-02-18,490.49,True
Q01089,gear blank,rotational,S355JR,STEEL,forging + machining,298.41,157.33,157.33,45.543,32.8001,11,3,0.0059,5.14,none,none,7225,3367,2024-03-29,890.4,False
Q00950,gear blank,rotational,4140,STEEL,forging + machining,250.79,119.89,119.89,22.2243,15.74,10,3,0.005,5.2,none,none,7668,5000,2022-01-23,688.6,False
Q00863,gear blank,rotational,42CrMo4,STEEL,5-axis mill,243.68,148.56,148.56,33.1562,16.1206,8,3,0.0059,6.19,none,none,3248,1316,2021-06-06,1411.94,True
Q01584,gear blank,rotational,4140,STEEL,turning,269.11,137.32,137.32,31.2881,22.4593,17,2,0.0052,5.4,none,none,22077,5000,2023-04-17,653.16,True
Q00864,bushing,rotational,PEEK,POLYMER,5-axis mill,30.99,21.24,21.24,0.0143,0.0036,4,5,0.079,3.84,stress relieve,anodise,17712,5000,2023-08-03,5.94,False
Q04121,bushing,rotational,POM-C,POLYMER,5-axis mill,20.66,16.95,16.95,0.0066,0.003,5,5,0.1302,3.43,stress relieve,anodise,27401,5000,2021-12-25,1.6,False
Q03067,bushing,rotational,POM-C,POLYMER,turn-mill,24.14,17.34,17.34,0.008,0.0041,9,6,0.1302,2.86,stress relieve,paint,37438,5000,2024-09-11,1.63,True
Q01298,bushing,rotational,PEEK,POLYMER,turn-mill,25.81,17.16,17.16,0.0078,0.0061,3,5,0.1302,4.43,stress relieve,anodise,11765,5000,2024-11-12,3.3,False
Q00035,flange,prismatic,13-8Mo H1000,STAINLESS,5-axis mill,245.16,252.17,176.71,84.7758,29.2948,3,5,0.0123,3.35,none,zinc,20166,5000,2026-01-19,8855.12,False
Q02299,flange,prismatic,303,STAINLESS,5-axis mill,196.54,234.72,142.43,52.5659,38.3209,8,3,0.0115,4.18,none,zinc,11591,5000,2026-05-11,1499.96,True
Q03521,flange,prismatic,440C,STAINLESS,5-axis mill,293.09,301.98,192.66,130.9622,74.5514,10,3,0.0115,5.04,none,passivate,6276,1837,2025-05-03,8239.79,False
Q03406,flange,prismatic,303,STAINLESS,5-axis mill,214.61,217.3,140.2,52.3065,14.24,10,5,0.0115,4.35,none,zinc,11125,4807,2021-09-13,2497.11,False
Q03895,gear blank,rotational,316L,STAINLESS,turn-mill,75.96,28.88,28.88,0.3981,0.1525,10,5,0.005,3.64,stress relieve,zinc,842,85,2023-10-15,35.69,True
Q04247,gear blank,rotational,316L,STAINLESS,turning,75.03,33.76,33.76,0.5374,0.3247,3,4,0.0052,3.15,stress relieve,zinc,2184,2016,2021-04-29,13.92,True
Q04506,gear blank,rotational,304L,STAINLESS,turning,74.02,28.41,28.41,0.3755,0.2466,4,5,0.0052,3.57,stress relieve,zinc,887,139,2024-03-15,15.26,False
Q01765,gear blank,rotational,13-8Mo H1000,STAINLESS,5-axis mill,79.96,32.23,32.23,0.5062,0.2588,3,6,0.0052,3.99,stress relieve,zinc,2008,1543,2025-09-10,69.27,False
Q04733,fitting,rotational,Waspaloy,NICKEL,turning,194.18,108.64,108.64,14.7411,11.6065,17,2,0.1232,0.96,stress relieve,zinc,11,1,2021-08-12,1913.24,False
Q01583,fitting,rotational,Inconel 718,NICKEL,turning,243.13,135.67,135.67,28.7853,7.4392,19,3,0.1232,1.09,stress relieve,zinc,53,44,2022-07-08,2608.62,False
Q00093,fitting,rotational,Waspaloy,NICKEL,turning,223.93,133.86,133.86,25.8107,8.9952,18,4,0.1644,0.9,stress relieve,zinc,16,8,2022-04-16,2973.22,False
Q01882,fitting,rotational,Waspaloy,NICKEL,turning,205.55,128.38,128.38,21.7916,7.0781,12,3,0.1808,0.66,stress relieve,none,16,15,2023-10-29,2911.04,False
Q01515,flange,prismatic,Inconel 625,NICKEL,5-axis mill,220.92,58.64,33.28,3.6391,1.3017,28,6,0.0076,4.35,none,zinc,17698,5000,2021-03-22,1063.53,False
Q04577,flange,prismatic,Inconel 625,NICKEL,3-axis mill,197.37,41.08,25.18,1.7233,1.2599,33,4,0.0073,4.28,none,paint,11168,614,2025-10-30,211.12,False
Q00124,flange,prismatic,Inconel 625,NICKEL,3-axis mill,242.88,53.59,29.19,3.2064,1.6109,33,6,0.0097,3.21,none,zinc,17534,5000,2021-09-14,518.99,False
Q03513,flange,prismatic,Waspaloy,NICKEL,3-axis mill,239.82,62.85,32.64,4.0291,2.906,33,6,0.0097,2.75,none,zinc,2786,2636,2021-06-10,696.71,False
Q00088,pin,rotational,C45,STEEL,5-axis mill,31.11,4.66,4.66,0.0042,0.0022,15,3,0.1187,1.18,stress relieve,anodise,30,3,2025-08-09,201.93,False
Q04324,pin,rotational,4140,STEEL,5-axis mill,26.42,4.31,4.31,0.003,0.0023,7,3,0.1187,1.09,stress relieve,anodise,10,3,2022-03-13,175.65,False
Q04575,pin,rotational,C45,STEEL,5-axis mill,30.82,5.01,5.01,0.0048,0.0012,15,4,0.1187,1.8,stress relieve,anodise,10,3,2022-10-20,233.98,False
Q00172,pin,rotational,16MnCr5,STEEL,5-axis mill,29.61,5.19,5.19,0.0049,0.0027,13,2,0.1187,1.13,stress relieve,anodise,10,3,2022-11-02,106.74,False
Q03673,pin,rotational,S355JR,STEEL,5-axis mill,27.77,5.01,5.01,0.0043,0.0023,13,4,0.1294,1.59,stress relieve,nitride,467,319,2025-04-26,5.5,False
Q00477,pin,rotational,S355JR,STEEL,5-axis mill,28.13,5.17,5.17,0.0046,0.002,9,3,0.0915,1.05,stress relieve,nitride,496,229,2021-11-20,6.27,False
Q01979,pin,rotational,4140,STEEL,5-axis mill,28.29,5.23,5.23,0.0048,0.001,12,4,0.0694,1.69,stress relieve,nitride,302,301,2025-05-05,6.18,False
Q04348,pin,rotational,S355JR,STEEL,5-axis mill,23.74,4.14,4.14,0.0025,0.0008,13,5,0.0754,1.85,stress relieve,nitride,276,152,2024-09-04,9.1,False
Q02094,housing,prismatic,42CrMo4,STEEL,forging + machining,107.27,76.55,57.74,3.7221,3.0518,14,4,0.0336,5.97,none,nitride,135,68,2024-06-12,57.55,True
Q02512,housing,prismatic,16MnCr5,STEEL,forging + machining,108.64,80.47,59.01,4.0495,2.6218,12,4,0.0256,4.94,none,nitride,528,125,2022-04-03,91.59,False
Q04952,housing,prismatic,16MnCr5,STEEL,forging + machining,111.25,89.9,58.05,4.5581,3.4081,18,6,0.0174,6.3,none,nitride,336,78,2023-07-11,103.48,False
Q01493,housing,prismatic,4140,STEEL,5-axis mill,98.87,79.74,52.11,3.2253,1.4227,21,5,0.044,5.04,none,nitride,77,18,2023-07-04,155.64,False
Q00374,fitting,rotational,Inconel 718,NICKEL,turning,73.71,65.67,65.67,2.0451,1.4147,26,1,0.005,3.04,stress relieve,anodise,246,168,2022-12-04,220.66,False
Q02532,fitting,rotational,Waspaloy,NICKEL,turning,85.84,62.34,62.34,2.1458,0.9059,28,2,0.0241,2.77,stress relieve,anodise,342,64,2023-02-27,378.98,False
Q01653,fitting,rotational,Inconel 718,NICKEL,forging + machining,81.6,66.84,66.84,2.3449,1.7665,24,1,0.005,3.1,stress relieve,anodise,755,286,2025-05-25,479.6,False
Q02133,fitting,rotational,Inconel 718,NICKEL,turn-mill,92.19,66.57,66.57,2.6276,0.7415,26,1,0.0059,3.54,stress relieve,anodise,233,50,2025-12-31,825.69,False
Q00445,bushing,rotational,15-5PH H1025,STAINLESS,5-axis mill,62.35,37.63,37.63,0.5409,0.3058,10,1,0.2,5.59,none,none,50000,5000,2023-06-11,15.89,False
Q04142,bushing,rotational,303,STAINLESS,forging + machining,55.53,38.38,38.38,0.514,0.3965,6,2,0.2,6.3,none,none,43101,5000,2022-11-14,5.55,True
Q00408,bushing,rotational,303,STAINLESS,forging + machining,77.13,46.8,46.8,1.0614,0.7803,11,1,0.2,6.19,none,paint,36321,5000,2021-02-13,12.38,True
Q00704,bushing,rotational,303,STAINLESS,forging + machining,66.9,39.04,39.04,0.6407,0.4666,5,1,0.1408,4.43,none,none,40347,5000,2022-06-09,7.15,True
Q00321,plate,prismatic,5083-H111,ALUMINIUM,turn-mill,352.04,309.99,196.67,57.0907,12.681,38,5,0.052,1.83,none,zinc,74,37,2021-02-18,6314.86,False
Q01053,plate,prismatic,5083-H111,ALUMINIUM,turn-mill,286.71,219.92,178.48,29.9349,11.6036,36,6,0.0647,1.98,none,zinc,440,425,2024-03-28,2553.53,False
Q01754,plate,prismatic,5083-H111,ALUMINIUM,turn-mill,351.43,313.15,201.72,59.0509,28.7438,36,4,0.0358,1.97,none,nitride,176,71,2023-03-21,4209.49,False
Q04675,plate,prismatic,6082-T6,ALUMINIUM,turn-mill,335.8,301.6,177.66,48.5825,29.3019,32,5,0.052,2.1,none,anodise,72,34,2025-04-24,1367.35,False
Q01282,flange,prismatic,C45,STEEL,forging + machining,60.24,52.28,5.98,0.1478,0.1018,18,2,0.0268,6.3,solution + age,nitride,859,537,2021-03-26,7.66,False
Q03163,flange,prismatic,42CrMo4,STEEL,forging + machining,54.93,52.08,5.2,0.1168,0.0825,18,3,0.0185,5.78,solution + age,nitride,353,258,2024-02-11,8.52,False
Q00373,flange,prismatic,4140,STEEL,forging + machining,61.55,54.5,5.9,0.1553,0.1198,24,1,0.0268,6.3,solution + age,nitride,307,93,2025-10-14,8.49,False
Q04931,flange,prismatic,4140,STEEL,forging + machining,60.66,57.33,5.41,0.1476,0.1007,16,3,0.0268,5.4,solution + age,nitride,361,226,2021-01-05,10.24,True
Q00398,fitting,rotational,Ti-10V-2Fe-3Al,TITANIUM,turn-mill,46.47,33.98,33.98,0.1959,0.1041,18,6,0.0697,2.21,harden + temper,paint,69,36,2025-11-12,70.47,False
Q01411,fitting,rotational,Ti-6Al-4V ELI,TITANIUM,turn-mill,40.22,28.71,28.71,0.1153,0.0832,17,5,0.0697,1.35,harden + temper,passivate,13,7,2025-07-03,121.92,False
Q02639,fitting,rotational,Ti-6Al-4V ELI,TITANIUM,turn-mill,45.96,30.9,30.9,0.1526,0.0891,13,4,0.0697,1.89,harden + temper,passivate,21,10,2021-10-11,78.65,False
Q04958,fitting,rotational,Ti-6Al-4V ELI,TITANIUM,turn-mill,40.15,28.35,28.35,0.1123,0.0357,8,6,0.1561,1.85,harden + temper,passivate,18,2,2023-12-15,371.27,False
Q04150,manifold,prismatic,15-5PH H1025,STAINLESS,forging + machining,73.71,44.73,35.88,0.9227,0.7842,8,4,0.0389,2.32,harden + temper,nitride,13964,2183,2023-07-31,32.86,False
Q02936,manifold,prismatic,13-8Mo H1000,STAINLESS,3-axis mill,74.53,54.22,36.88,1.1566,0.538,10,5,0.0389,1.54,harden + temper,zinc,16699,2739,2025-01-19,71.6,False
Q03045,manifold,prismatic,316L,STAINLESS,3-axis mill,55.12,36.18,27.97,0.4462,0.3058,14,5,0.0411,2.48,harden + temper,nitride,23974,5000,2026-02-20,17.33,True
Q00968,manifold,prismatic,440C,STAINLESS,3-axis mill,81.22,52.02,38.14,1.2375,0.569,6,4,0.0389,0.78,harden + temper,nitride,21944,5000,2024-10-30,45.99,False
Q00475,bushing,rotational,S355JR,STEEL,turn-mill,57.03,38.72,38.72,0.5271,0.3295,32,4,0.0109,5.67,solution + age,anodise,736,398,2021-07-15,17.53,False
Q03498,bushing,rotational,4140,STEEL,turn-mill,57.54,39.26,39.26,0.5469,0.3751,30,4,0.0197,6.3,solution + age,anodise,304,78,2024-08-22,22.52,False
Q02084,bushing,rotational,42CrMo4,STEEL,turn-mill,57.26,41.95,41.95,0.6213,0.3436,23,3,0.011,6.23,solution + age,none,2168,1559,2024-02-07,22.57,False
Q04766,bushing,rotational,42CrMo4,STEEL,turn-mill,41.41,29.9,29.9,0.2282,0.1701,26,5,0.0076,6.3,solution + age,anodise,417,381,2024-03-30,11.88,False
Q00694,shaft,rotational,440C,STAINLESS,forging + machining,419.84,128.51,128.51,41.8219,29.6917,3,4,0.0131,1.4,harden + temper,anodise,31855,5000,2021-03-18,1605.48,True
Q03649,shaft,rotational,17-4PH H1025,STAINLESS,forging + machining,354.88,107.42,107.42,25.086,17.854,3,2,0.0131,1.4,harden + temper,anodise,32936,2223,2022-07-22,964.05,False
Q04293,shaft,rotational,17-4PH H1025,STAINLESS,forging + machining,288.38,96.78,96.78,16.548,10.1542,9,2,0.0131,1.64,harden + temper,paint,9212,3200,2023-08-17,1016.19,False
Q03587,shaft,rotational,17-4PH H1025,STAINLESS,forging + machining,367.71,111.26,111.26,27.8838,21.869,3,2,0.0131,1.95,harden + temper,none,42969,5000,2026-03-28,1047.99,True
Q02780,flange,prismatic,42CrMo4,STEEL,5-axis mill,49.29,52.62,5.01,0.1019,0.0501,11,4,0.0298,5.33,stress relieve,passivate,50000,5000,2021-03-26,4.68,True
Q00734,flange,prismatic,42CrMo4,STEEL,forging + machining,42.34,46.85,4.46,0.0695,0.0469,10,3,0.0458,6.3,stress relieve,passivate,28363,5000,2025-11-30,3.41,False
Q02040,flange,prismatic,1.2312,STEEL,forging + machining,45.87,55.04,4.6,0.0912,0.0766,15,4,0.0276,6.21,stress relieve,passivate,19963,5000,2023-11-05,3.11,False
Q02471,flange,prismatic,S355JR,STEEL,forging + machining,45.78,60.8,5.22,0.1141,0.0735,15,4,0.0674,6.15,stress relieve,passivate,40308,5000,2021-07-19,3.04,False
Q00274,gear blank,rotational,4140,STEEL,5-axis mill,327.61,223.93,223.93,101.2815,51.4244,3,4,0.0422,0.67,none,paint,956,343,2023-11-05,2525.2,False
Q02721,gear blank,rotational,4140,STEEL,forging + machining,250.16,166.22,166.22,42.6133,28.6946,3,4,0.0422,1.15,none,paint,1286,326,2025-10-27,697.7,False
Q01308,gear blank,rotational,4140,STEEL,forging + machining,328.34,217.24,217.24,95.5377,69.4635,11,6,0.0422,1.44,none,paint,509,167,2022-09-05,1466.37,False
Q01735,gear blank,rotational,42CrMo4,STEEL,forging + machining,285.05,186.99,186.99,61.4479,46.5742,3,6,0.0633,1.5,none,paint,283,102,2023-12-29,719.84,False
Q03784,shaft,rotational,440C,STAINLESS,turning,467.49,83.9,83.9,19.8497,8.3406,3,6,0.1376,2.74,solution + age,nitride,209,166,2021-04-11,438.22,False
Q02606,shaft,rotational,17-4PH H1025,STAINLESS,turning,343.71,51.13,51.13,5.5044,2.939,6,6,0.0404,2.3,solution + age,nitride,281,210,2023-06-20,159.36,False
Q01241,shaft,rotational,17-4PH H1025,STAINLESS,turning,372.61,67.07,67.07,10.2696,7.0406,10,5,0.1098,1.63,solution + age,nitride,380,31,2025-12-20,295.86,True
Q00325,shaft,rotational,17-4PH H1025,STAINLESS,turning,400.76,64.1,64.1,10.0881,6.0758,3,6,0.0404,2.81,solution + age,zinc,553,399,2022-12-09,363.75,False
Q02336,bracket,prismatic,7075-T6,ALUMINIUM,5-axis mill,37.48,39.12,21.85,0.09,0.0406,14,3,0.0194,1.03,stress relieve,paint,15128,5000,2022-05-05,8.77,False
Q03024,bracket,prismatic,6026-T9,ALUMINIUM,5-axis mill,38.66,43.49,21.97,0.0997,0.0321,3,2,0.0183,1.32,stress relieve,paint,9168,3103,2022-06-09,7.35,False
Q00520,bracket,prismatic,6026-T9,ALUMINIUM,5-axis mill,54.93,54.91,32.6,0.2655,0.209,15,3,0.0282,1.27,stress relieve,paint,4635,3312,2024-09-04,8.42,False
Q02145,bracket,prismatic,6026-T9,ALUMINIUM,forging + machining,48.45,53.12,26.84,0.1865,0.1206,15,3,0.0282,1.27,stress relieve,zinc,4056,2920,2022-06-12,7.17,False
Q04206,plate,prismatic,316L,STAINLESS,forging + machining,173.86,131.74,95.63,17.5238,14.4243,22,5,0.0714,3.93,harden + temper,zinc,305,65,2022-10-13,392.46,True
Q02589,plate,prismatic,17-4PH H1025,STAINLESS,forging + machining,158.09,128.17,88.69,14.0171,9.8798,22,6,0.0714,4.09,harden + temper,zinc,157,145,2024-06-24,582.1,False
Q02975,plate,prismatic,17-4PH H1025,STAINLESS,forging + machining,182.94,139.03,101.93,20.2222,12.2638,22,4,0.0948,3.6,harden + temper,zinc,284,143,2021-11-14,598.5,True
Q00608,plate,prismatic,17-4PH H1025,STAINLESS,forging + machining,157.36,118.43,89.52,13.0121,8.2179,10,4,0.1381,3.34,harden + temper,zinc,481,372,2022-10-07,333.36,False
Q04671,plate,prismatic,17-4PH H1025,STAINLESS,turn-mill,234.43,92.24,112.18,18.9205,9.9458,19,5,0.05,2.53,none,nitride,2787,1919,2025-04-07,889.82,True
Q03798,plate,prismatic,13-8Mo H1000,STAINLESS,forging + machining,153.07,50.55,63.61,3.8198,2.5379,12,4,0.0587,1.92,none,nitride,10273,3531,2021-11-01,178.65,False
Q02511,plate,prismatic,17-4PH H1025,STAINLESS,5-axis mill,241.23,86.54,108.35,17.6422,9.0285,21,5,0.0587,2.2,none,zinc,6037,5000,2026-01-23,955.48,False
Q02308,plate,prismatic,13-8Mo H1000,STAINLESS,5-axis mill,217.72,80.0,93.46,12.6316,6.0832,20,6,0.0402,2.72,none,nitride,11828,4067,2021-10-19,914.95,False
Q04723,housing,prismatic,304L,STAINLESS,turn-mill,179.72,56.54,32.79,2.6656,1.636,24,4,0.0573,2.95,stress relieve,nitride,2502,533,2021-06-02,80.92,False
Q04894,housing,prismatic,316L,STAINLESS,turn-mill,217.32,68.47,36.62,4.3594,3.4367,34,5,0.0573,3.21,stress relieve,nitride,1165,104,2023-11-18,102.91,True
Q00642,housing,prismatic,316L,STAINLESS,turn-mill,203.44,69.45,33.04,3.7348,2.1485,29,6,0.0573,3.45,stress relieve,nitride,2217,1290,2025-08-16,162.6,False
Q01427,housing,prismatic,316L,STAINLESS,turn-mill,202.58,58.21,29.93,2.8241,1.1033,28,4,0.0573,4.44,stress relieve,nitride,975,181,2022-02-17,151.78,False
Q04240,bracket,prismatic,316L,STAINLESS,5-axis mill,26.46,20.65,10.67,0.0466,0.0177,9,1,0.064,1.04,stress relieve,zinc,33071,5000,2026-03-23,3.5,True
Q02876,bracket,prismatic,304L,STAINLESS,5-axis mill,29.9,28.05,15.98,0.1072,0.0562,10,3,0.064,1.44,stress relieve,zinc,10242,5000,2023-08-07,4.92,False
Q03666,bracket,prismatic,13-8Mo H1000,STAINLESS,5-axis mill,38.79,31.67,20.19,0.1924,0.1065,7,3,0.0423,1.29,stress relieve,zinc,8576,1905,2022-03-29,13.57,False
Q04655,bracket,prismatic,13-8Mo H1000,STAINLESS,forging + machining,34.9,32.44,17.73,0.1558,0.1005,3,1,0.064,1.26,stress relieve,zinc,50000,5000,2024-10-24,10.45,False
Q00367,shaft,rotational,Ti-6Al-4V,TITANIUM,turn-mill,254.61,18.36,18.36,0.2985,0.2161,60,5,0.0695,4.73,solution + age,nitride,176,54,2025-11-16,54.59,False
Q04878,shaft,rotational,Ti-6Al-4V,TITANIUM,turn-mill,345.82,26.3,26.3,0.8324,0.6193,57,6,0.112,4.62,solution + age,none,248,24,2024-08-13,133.43,False
Q03812,shaft,rotational,Ti-6Al-4V,TITANIUM,turn-mill,363.1,25.98,25.98,0.8525,0.1725,59,5,0.0695,3.1,solution + age,none,55,40,2022-08-25,250.77,False
Q00351,shaft,rotational,Ti-6Al-4V,TITANIUM,turn-mill,294.84,24.4,24.4,0.6108,0.3823,60,6,0.0695,4.8,solution + age,zinc,261,97,2024-04-01,104.16,True
Q00083,shaft,rotational,C45,STEEL,turning,679.38,105.28,105.28,46.4259,29.4568,23,3,0.0083,2.24,harden + temper,passivate,784,734,2022-01-14,785.93,False
Q00009,shaft,rotational,1.2312,STEEL,turning,692.46,105.05,105.05,47.1138,18.2799,23,4,0.005,4.03,harden + temper,passivate,4752,3077,2025-09-19,1917.5,False
Q01942,shaft,rotational,42CrMo4,STEEL,turning,580.75,100.81,100.81,36.39,15.0272,20,2,0.0065,2.58,harden + temper,passivate,2110,1716,2021-03-04,1006.54,False
Q00161,shaft,rotational,42CrMo4,STEEL,turning,611.86,90.06,90.06,30.5973,17.9593,14,4,0.0083,3.22,harden + temper,none,2642,1177,2026-06-25,626.44,True
Q03271,plate,prismatic,316L,STAINLESS,3-axis mill,94.14,71.63,48.3,2.6057,1.5094,34,1,0.075,3.62,stress relieve,passivate,3876,1719,2026-03-31,75.79,False
Q02115,plate,prismatic,13-8Mo H1000,STAINLESS,forging + machining,52.68,52.12,29.18,0.6217,0.4468,30,1,0.0807,4.46,stress relieve,paint,858,589,2025-10-23,37.22,True
Q00900,plate,prismatic,316L,STAINLESS,forging + machining,66.08,51.32,35.48,0.9625,0.7466,34,3,0.075,3.56,stress relieve,passivate,808,414,2022-09-27,26.52,False
Q01654,plate,prismatic,316L,STAINLESS,forging + machining,108.51,76.89,48.96,3.2674,2.2496,28,1,0.075,3.18,stress relieve,anodise,723,230,2023-10-17,102.84,False
Q01388,flange,prismatic,304L,STAINLESS,5-axis mill,135.18,161.56,108.4,18.9379,5.5154,3,4,0.036,4.43,harden + temper,nitride,3574,2754,2025-09-22,699.16,True
Q00596,flange,prismatic,304L,STAINLESS,5-axis mill,162.99,189.93,144.33,35.7424,20.4982,4,3,0.0264,5.14,harden + temper,zinc,2846,2566,2024-11-05,1115.38,True
Q03315,flange,prismatic,316L,STAINLESS,5-axis mill,166.78,171.58,136.32,31.2085,8.3545,6,5,0.0264,3.42,harden + temper,zinc,3829,1130,2025-12-23,2148.51,False
Q01121,flange,prismatic,304L,STAINLESS,5-axis mill,195.37,189.51,167.16,49.5145,36.6441,7,3,0.0198,4.57,harden + temper,zinc,3055,2185,2022-03-30,1088.83,False
Q04576,fitting,rotational,316L,STAINLESS,5-axis mill,108.42,40.71,40.71,1.1293,0.5661,27,5,0.0167,4.05,stress relieve,nitride,23883,5000,2026-04-15,84.04,False
Q04362,fitting,rotational,13-8Mo H1000,STAINLESS,5-axis mill,114.45,33.38,33.38,0.7772,0.3534,31,6,0.0167,5.4,stress relieve,nitride,13978,5000,2021-07-17,107.04,False
Q03058,fitting,rotational,13-8Mo H1000,STAINLESS,5-axis mill,111.62,33.39,33.39,0.7585,0.3573,28,6,0.0167,6.3,stress relieve,nitride,23567,5000,2021-12-20,72.69,False
Q03078,fitting,rotational,13-8Mo H1000,STAINLESS,5-axis mill,102.74,33.0,33.0,0.6819,0.2375,35,5,0.0167,3.75,stress relieve,nitride,16114,5000,2023-10-09,99.17,False
Q04248,housing,prismatic,6026-T9,ALUMINIUM,3-axis mill,177.11,131.5,83.52,5.2522,3.3167,5,6,0.2,3.77,solution + age,zinc,385,279,2022-08-28,85.13,False
Q04434,housing,prismatic,6082-T6,ALUMINIUM,turn-mill,190.14,169.4,76.74,6.6742,1.9805,3,6,0.2,3.59,solution + age,zinc,144,138,2025-08-19,164.32,False
Q04338,housing,prismatic,6082-T6,ALUMINIUM,turn-mill,247.6,196.33,97.2,12.757,2.964,6,5,0.2,3.62,solution + age,zinc,403,53,2024-05-02,328.53,True
Q00917,housing,prismatic,7075-T6,ALUMINIUM,forging + machining,229.63,166.72,94.88,10.2064,7.3628,3,5,0.1774,5.25,solution + age,passivate,319,71,2021-07-06,224.83,True
Q02845,bracket,prismatic,15-5PH H1025,STAINLESS,5-axis mill,54.09,34.16,26.96,0.3885,0.2532,8,4,0.0596,1.54,solution + age,nitride,6879,1695,2024-01-10,20.7,False
Q02874,bracket,prismatic,440C,STAINLESS,5-axis mill,54.81,29.11,24.91,0.3053,0.1936,4,5,0.0596,1.52,solution + age,passivate,28835,5000,2023-11-26,11.07,True
Q04891,bracket,prismatic,13-8Mo H1000,STAINLESS,5-axis mill,48.61,29.39,24.8,0.2749,0.1402,3,6,0.0438,1.49,solution + age,nitride,9474,4315,2025-12-03,27.26,False
Q03401,bracket,prismatic,440C,STAINLESS,forging + machining,50.62,29.85,24.3,0.282,0.1855,3,5,0.0888,1.29,solution + age,nitride,40502,5000,2022-04-30,13.08,False
Q01409,bracket,prismatic,Ti-10V-2Fe-3Al,TITANIUM,3-axis mill,282.37,159.79,139.33,29.2327,11.1124,7,4,0.0376,3.05,solution + age,zinc,60,8,2025-05-24,5317.06,False
Q02658,bracket,prismatic,Ti-6Al-4V ELI,TITANIUM,forging + machining,288.86,176.71,155.94,35.2633,27.7901,8,4,0.0376,1.95,solution + age,zinc,188,88,2023-03-16,4845.16,False
Q01852,bracket,prismatic,Ti-6Al-4V,TITANIUM,3-axis mill,249.78,140.37,113.14,17.5733,4.3677,4,6,0.0376,2.55,solution + age,zinc,92,55,2025-05-23,2466.17,False
Q04547,bracket,prismatic,Ti-6Al-4V ELI,TITANIUM,3-axis mill,264.13,161.49,128.86,24.349,9.4611,3,6,0.0376,1.92,solution + age,zinc,87,66,2023-10-27,3742.96,False
Q04435,bracket,prismatic,42CrMo4,STEEL,5-axis mill,177.46,106.63,89.76,13.3325,10.0863,3,4,0.0553,0.69,stress relieve,passivate,13,1,2023-06-14,1088.59,True
Q01324,bracket,prismatic,1.2312,STEEL,5-axis mill,135.4,81.64,70.85,6.1481,3.3328,6,4,0.0553,1.1,stress relieve,passivate,10,9,2025-09-16,205.19,True
Q01899,bracket,prismatic,C45,STEEL,5-axis mill,163.57,82.7,78.22,8.3061,6.3423,5,4,0.0403,0.85,stress relieve,passivate,10,9,2021-08-29,184.89,False
Q04046,bracket,prismatic,C45,STEEL,5-axis mill,126.95,68.54,62.97,4.3016,3.344,5,5,0.1202,0.89,stress relieve,passivate,13,1,2025-08-29,1019.64,False
Q00977,manifold,prismatic,15-5PH H1025,STAINLESS,3-axis mill,159.18,111.93,74.65,10.3747,6.6343,28,6,0.1232,1.62,harden + temper,nitride,16,3,2021-02-11,506.96,True
Q04395,manifold,prismatic,17-4PH H1025,STAINLESS,3-axis mill,159.28,128.82,79.39,12.7061,5.553,27,6,0.0604,2.0,harden + temper,nitride,10,8,2023-08-14,534.05,False
Q03593,manifold,prismatic,17-4PH H1025,STAINLESS,3-axis mill,187.0,153.21,100.64,22.4911,7.9462,24,5,0.0604,2.0,harden + temper,nitride,15,2,2022-07-10,1026.67,False
Q00427,manifold,prismatic,17-4PH H1025,STAINLESS,3-axis mill,159.47,128.16,89.39,14.2506,4.6707,21,5,0.0604,1.59,harden + temper,zinc,20,2,2023-06-13,914.13,False
Q04251,bracket,prismatic,6026-T9,ALUMINIUM,5-axis mill,251.57,151.66,96.12,9.9023,2.411,17,5,0.2,4.19,solution + age,passivate,665,278,2025-01-10,384.17,False
Q04817,bracket,prismatic,5083-H111,ALUMINIUM,5-axis mill,207.76,135.66,86.49,6.4845,4.3113,21,5,0.2,6.3,solution + age,passivate,784,118,2021-02-27,205.29,False
Q02078,bracket,prismatic,6026-T9,ALUMINIUM,5-axis mill,193.18,124.44,76.38,4.9573,1.4184,14,5,0.2,6.3,solution + age,passivate,280,16,2025-01-21,197.91,False
Q02701,bracket,prismatic,6026-T9,ALUMINIUM,5-axis mill,221.65,130.41,85.72,6.6898,4.1939,12,4,0.2,2.98,solution + age,passivate,1014,60,2023-09-09,134.95,True
Q01405,fitting,rotational,Inconel 625,NICKEL,turning,40.24,42.74,42.74,0.4873,0.2291,3,6,0.005,2.02,none,nitride,27913,5000,2022-01-07,80.01,False
Q02572,fitting,rotational,Inconel 625,NICKEL,turning,45.65,51.7,51.7,0.8088,0.392,8,6,0.005,1.89,none,nitride,3828,2428,2024-09-04,127.83,False
Q01791,fitting,rotational,Inconel 718,NICKEL,turning,39.14,42.28,42.28,0.4501,0.1568,7,6,0.005,2.45,none,nitride,24050,4252,2025-11-11,91.66,True
Q01726,fitting,rotational,Inconel 718,NICKEL,5-axis mill,33.53,39.45,39.45,0.3358,0.1175,3,5,0.005,1.72,none,nitride,7001,1191,2024-07-01,128.26,False
Q03877,housing,prismatic,6082-T6,ALUMINIUM,turn-mill,143.0,96.54,59.27,2.2094,1.1472,6,5,0.2,6.27,stress relieve,paint,462,295,2021-05-02,43.18,False
Q02081,housing,prismatic,7075-T6,ALUMINIUM,turn-mill,151.76,101.6,65.12,2.8213,1.1312,8,5,0.2,4.61,stress relieve,paint,229,198,2021-03-04,97.36,False
Q00123,housing,prismatic,6082-T6,ALUMINIUM,turn-mill,131.98,96.73,62.16,2.1427,0.9225,8,4,0.2,6.3,stress relieve,paint,312,177,2023-08-26,58.15,False
Q01507,housing,prismatic,6082-T6,ALUMINIUM,turn-mill,162.49,116.71,72.15,3.6944,2.2555,3,3,0.2,6.3,stress relieve,paint,218,77,2024-08-17,72.71,False
Q04497,bushing,rotational,CuZn39Pb3,COPPER,turning,67.69,32.71,32.71,0.4819,0.1593,48,2,0.1274,0.7,harden + temper,passivate,18851,5000,2021-12-16,7.85,False
Q03402,bushing,rotational,CuZn39Pb3,COPPER,5-axis mill,53.24,26.35,26.35,0.2459,0.1673,50,2,0.1274,0.44,harden + temper,passivate,17695,3696,2022-05-10,4.31,False
Q01293,bushing,rotational,C63000,COPPER,5-axis mill,55.22,27.51,27.51,0.2488,0.1631,51,1,0.0586,0.62,harden + temper,passivate,28096,5000,2022-09-15,15.58,False
Q00813,bushing,rotational,CuZn39Pb3,COPPER,5-axis mill,68.48,27.2,27.2,0.3371,0.1525,46,1,0.1274,0.72,harden + temper,passivate,20842,5000,2025-03-15,7.94,False
Q03755,bushing,rotational,16MnCr5,STEEL,turning,99.53,39.17,39.17,0.9417,0.2571,15,6,0.0119,4.72,harden + temper,nitride,44570,5000,2021-08-20,30.74,False
Q00061,bushing,rotational,C45,STEEL,turning,95.02,42.23,42.23,1.0448,0.2191,25,6,0.0073,5.65,harden + temper,nitride,12595,1380,2021-08-16,36.5,True
Q01005,bushing,rotational,C45,STEEL,5-axis mill,99.14,38.51,38.51,0.9065,0.7165,26,5,0.0071,4.58,harden + temper,nitride,19806,5000,2024-12-17,30.56,False
Q01577,bushing,rotational,C45,STEEL,turning,107.9,44.17,44.17,1.2981,0.8105,26,4,0.0071,5.0,harden + temper,nitride,30272,4181,2026-05-07,34.39,True
Q03196,bushing,rotational,C101,COPPER,forging + machining,43.01,26.9,26.9,0.2185,0.1514,41,4,0.0158,4.41,stress relieve,paint,3131,936,2024-05-23,12.42,False
Q00281,bushing,rotational,CuZn39Pb3,COPPER,forging + machining,48.9,30.93,30.93,0.3113,0.2233,40,5,0.0093,2.91,stress relieve,nitride,2699,1237,2025-02-07,12.99,False
Q04195,bushing,rotational,C63000,COPPER,forging + machining,52.99,30.1,30.1,0.2858,0.229,33,4,0.0158,3.23,stress relieve,paint,2483,1017,2023-01-09,15.1,True
Q00589,bushing,rotational,CuZn39Pb3,COPPER,forging + machining,48.17,26.68,26.68,0.2281,0.1936,39,6,0.0278,2.19,stress relieve,paint,1729,432,2026-01-22,7.86,False
Q01190,fitting,rotational,Inconel 625,NICKEL,turning,257.23,207.18,207.18,73.194,42.2493,9,6,0.0783,1.16,harden + temper,paint,126,14,2024-01-25,5555.3,False
Q04641,fitting,rotational,Inconel 625,NICKEL,turning,295.49,213.71,213.71,89.4547,60.1417,3,5,0.0801,1.57,harden + temper,paint,13,5,2025-12-31,6539.79,False
Q03767,fitting,rotational,Inconel 625,NICKEL,5-axis mill,258.51,211.1,211.1,76.3615,59.8063,7,6,0.0783,1.25,harden + temper,paint,19,4,2024-03-01,7555.12,False
Q01030,fitting,rotational,Inconel 625,NICKEL,turning,226.97,160.72,160.72,38.8643,29.2854,3,5,0.0783,1.24,harden + temper,paint,51,37,2023-11-30,3194.74,False
Q04487,gear blank,rotational,C45,STEEL,turn-mill,185.26,137.95,137.95,21.735,16.7815,13,5,0.0483,3.95,none,none,17,10,2023-08-25,301.62,False
Q00229,gear blank,rotational,C45,STEEL,turn-mill,194.31,140.34,140.34,23.5955,6.8469,3,3,0.0376,5.31,none,nitride,10,3,2024-02-19,750.97,False
Q01810,gear blank,rotational,C45,STEEL,turn-mill,266.08,196.18,196.18,63.1331,44.2854,11,4,0.0789,2.67,none,none,11,2,2026-01-16,1026.26,False
Q00220,gear blank,rotational,C45,STEEL,turning,150.24,113.38,113.38,11.9063,4.9176,10,5,0.0483,5.09,none,none,29,21,2025-08-19,166.48,True
Q01664,fitting,rotational,304L,STAINLESS,5-axis mill,107.04,56.73,56.73,2.1642,1.4661,12,2,0.005,5.76,harden + temper,passivate,344,279,2024-02-15,133.75,False
Q01088,fitting,rotational,17-4PH H1025,STAINLESS,5-axis mill,111.0,64.79,64.79,2.8546,0.8421,4,1,0.008,6.3,harden + temper,nitride,143,139,2024-03-29,385.76,False
Q03554,fitting,rotational,303,STAINLESS,5-axis mill,146.87,93.83,93.83,8.1238,4.7065,3,1,0.005,5.72,harden + temper,passivate,311,91,2025-04-28,322.15,False
Q01560,fitting,rotational,17-4PH H1025,STAINLESS,5-axis mill,135.12,71.26,71.26,4.2037,2.6855,3,3,0.0089,5.46,harden + temper,passivate,313,183,2024-03-12,280.52,False
Q01038,housing,prismatic,1.2312,STEEL,turn-mill,37.39,29.28,28.34,0.2435,0.0979,12,3,0.0137,2.82,solution + age,zinc,50000,5000,2025-01-26,16.03,False
Q00771,housing,prismatic,16MnCr5,STEEL,forging + machining,47.04,39.6,34.9,0.5103,0.3959,12,3,0.0082,4.08,solution + age,zinc,6880,2893,2023-07-06,10.41,True
Q00081,housing,prismatic,16MnCr5,STEEL,forging + machining,42.36,33.18,29.43,0.3247,0.266,7,3,0.0137,3.67,solution + age,zinc,15416,5000,2021-08-18,5.32,True
Q00920,housing,prismatic,16MnCr5,STEEL,forging + machining,36.55,30.32,28.84,0.2509,0.2121,14,4,0.005,3.92,solution + age,zinc,16698,4906,2023-09-09,5.46,True
Q02895,fitting,rotational,304L,STAINLESS,turning,42.71,33.08,33.08,0.2937,0.0914,19,5,0.0277,4.34,harden + temper,paint,6802,3775,2024-10-01,8.91,False
Q00493,fitting,rotational,304L,STAINLESS,turn-mill,56.73,42.3,42.3,0.6379,0.2664,18,5,0.0277,4.72,harden + temper,paint,1039,354,2024-12-07,27.44,False
Q04415,fitting,rotational,304L,STAINLESS,turn-mill,37.49,34.05,34.05,0.2731,0.1052,23,6,0.0277,5.53,harden + temper,paint,1766,206,2025-05-17,17.41,False
Q01148,fitting,rotational,304L,STAINLESS,turning,48.86,37.11,37.11,0.4229,0.217,19,6,0.0277,4.29,harden + temper,paint,1530,614,2024-01-25,8.91,False
Q00073,housing,prismatic,1.2312,STEEL,forging + machining,548.14,533.0,227.93,522.7311,425.1325,10,2,0.0438,3.33,harden + temper,nitride,5244,2002,2024-02-13,10450.14,False
Q02358,housing,prismatic,1.2312,STEEL,5-axis mill,664.74,568.22,262.53,778.4157,594.1293,8,1,0.0314,3.43,harden + temper,nitride,3677,685,2022-03-10,17203.21,False
Q02872,housing,prismatic,1.2312,STEEL,5-axis mill,561.12,568.52,229.63,575.0353,240.1868,4,1,0.0314,3.76,harden + temper,zinc,6959,4325,2024-02-10,20434.28,True
Q03310,housing,prismatic,1.2312,STEEL,5-axis mill,476.66,462.54,186.5,322.7685,169.4695,10,1,0.019,2.87,harden + temper,nitride,2806,365,2024-04-29,16548.45,False
Q04833,flange,prismatic,4140,STEEL,forging + machining,23.71,21.11,4.0,0.0157,0.013,9,1,0.1008,6.3,stress relieve,passivate,2397,121,2021-08-13,2.32,True
Q01462,flange,prismatic,4140,STEEL,forging + machining,18.02,14.37,4.0,0.0081,0.0055,16,2,0.1008,6.06,stress relieve,passivate,820,536,2024-06-30,1.74,False
Q01364,flange,prismatic,4140,STEEL,forging + machining,22.35,17.29,4.0,0.0121,0.0087,10,1,0.0567,6.3,stress relieve,zinc,2218,1123,2023-04-11,1.54,True
Q04222,flange,prismatic,4140,STEEL,3-axis mill,28.14,22.01,5.01,0.0243,0.0052,21,1,0.095,6.07,stress relieve,passivate,1396,251,2024-01-17,1.91,True
Q01370,bushing,rotational,15-5PH H1025,STAINLESS,forging + machining,70.58,37.76,37.76,0.6166,0.4628,11,4,0.2,3.94,none,zinc,74,10,2022-07-03,60.45,False
Q03822,bushing,rotational,440C,STAINLESS,forging + machining,76.42,38.5,38.5,0.6831,0.5316,8,4,0.2,3.23,none,zinc,134,126,2025-06-19,23.09,False
Q00075,bushing,rotational,440C,STAINLESS,forging + machining,66.37,34.8,34.8,0.4849,0.2952,8,4,0.1846,5.16,none,zinc,211,205,2021-04-23,15.07,True
Q03130,bushing,rotational,440C,STAINLESS,forging + machining,77.61,38.19,38.19,0.6827,0.4693,3,3,0.1597,5.2,none,zinc,127,110,2025-01-30,34.32,False
Q04357,bushing,rotational,POM-C,POLYMER,5-axis mill,33.55,31.83,31.83,0.0376,0.013,20,5,0.0167,1.12,solution + age,paint,400,218,2024-12-20,10.97,False
Q00291,bushing,rotational,POM-C,POLYMER,5-axis mill,33.55,30.39,30.39,0.0343,0.0088,14,6,0.0141,1.42,solution + age,zinc,159,140,2025-05-20,11.92,False
Q01522,bushing,rotational,POM-C,POLYMER,5-axis mill,26.52,27.2,27.2,0.0217,0.0092,17,6,0.0167,1.1,solution + age,zinc,91,47,2022-05-17,22.66,True
Q04368,bushing,rotational,PA66,POLYMER,turn-mill,30.47,29.85,29.85,0.0243,0.0135,14,5,0.0167,1.03,solution + age,zinc,139,19,2024-10-16,30.58,False
Q03164,manifold,prismatic,5083-H111,ALUMINIUM,forging + machining,60.69,39.05,23.08,0.1455,0.1083,3,3,0.0854,3.6,stress relieve,passivate,10118,2348,2023-07-18,6.28,False
Q00169,manifold,prismatic,7075-T6,ALUMINIUM,3-axis mill,75.19,49.61,22.07,0.2314,0.1365,7,3,0.0335,5.92,stress relieve,passivate,6648,4940,2025-08-03,8.35,False
Q00936,manifold,prismatic,7075-T6,ALUMINIUM,3-axis mill,78.68,54.11,28.55,0.3415,0.1495,7,4,0.0335,6.3,stress relieve,paint,7316,2680,2021-03-13,13.46,True
Q00189,manifold,prismatic,6026-T9,ALUMINIUM,3-axis mill,79.73,49.71,25.44,0.2723,0.1024,7,2,0.0335,6.17,stress relieve,passivate,4550,689,2022-07-25,8.22,True
Q02888,housing,prismatic,6026-T9,ALUMINIUM,5-axis mill,68.95,36.08,20.07,0.1348,0.0369,31,5,0.0064,3.86,harden + temper,none,508,344,2025-03-20,21.19,False
Q01003,housing,prismatic,6026-T9,ALUMINIUM,forging + machining,70.61,33.48,22.95,0.1465,0.0935,21,5,0.0058,4.63,harden + temper,none,286,235,2022-08-25,10.54,True
Q00878,housing,prismatic,6026-T9,ALUMINIUM,turn-mill,88.45,41.83,25.19,0.2516,0.1894,24,6,0.0064,3.75,harden + temper,none,225,83,2025-03-27,19.38,False
Q00412,housing,prismatic,6061-T6,ALUMINIUM,turn-mill,59.23,29.44,21.03,0.099,0.0695,25,5,0.0056,3.08,harden + temper,none,144,101,2024-04-28,8.62,False
Q00001,fitting,rotational,Inconel 625,NICKEL,turning,72.61,45.51,45.51,0.9969,0.4489,3,6,0.0054,1.29,harden + temper,none,8469,5000,2026-02-26,157.9,False
Q02322,fitting,rotational,Inconel 625,NICKEL,turning,71.13,39.59,39.59,0.7389,0.574,3,6,0.0079,1.12,harden + temper,none,8853,3298,2024-02-13,50.88,True
Q00221,fitting,rotational,Inconel 625,NICKEL,turning,76.86,37.18,37.18,0.7042,0.399,3,6,0.0054,1.84,harden + temper,none,34747,5000,2022-03-28,74.01,False
Q01863,fitting,rotational,Inconel 625,NICKEL,turning,80.31,54.88,54.88,1.6035,0.372,7,5,0.0054,1.35,harden + temper,none,6775,5000,2023-06-16,276.19,False
Q04296,shaft,rotational,6061-T6,ALUMINIUM,5-axis mill,48.1,5.87,5.87,0.0035,0.0008,20,6,0.0081,1.02,none,passivate,35,4,2024-09-24,291.54,True
Q02125,shaft,rotational,6061-T6,ALUMINIUM,5-axis mill,43.2,4.42,4.42,0.0018,0.0008,15,5,0.0058,1.09,none,passivate,40,14,2021-01-26,58.69,False
Q01667,shaft,rotational,5083-H111,ALUMINIUM,5-axis mill,48.87,5.03,5.03,0.0026,0.0021,15,6,0.0081,0.99,none,anodise,16,13,2024-07-18,98.84,False
Q04097,shaft,rotational,2024-T3,ALUMINIUM,5-axis mill,45.82,4.83,4.83,0.0023,0.0016,14,6,0.0081,1.08,none,passivate,33,8,2022-11-16,140.2,False
Q00366,fitting,rotational,Ti-10V-2Fe-3Al,TITANIUM,turn-mill,50.11,40.55,40.55,0.3009,0.132,3,3,0.1509,2.63,solution + age,anodise,1047,331,2021-10-12,44.11,False
Q04128,fitting,rotational,Ti-10V-2Fe-3Al,TITANIUM,turn-mill,54.73,43.23,43.23,0.3735,0.088,3,3,0.1509,2.39,solution + age,anodise,685,128,2025-11-09,79.73,True
Q03280,fitting,rotational,Ti-6Al-4V ELI,TITANIUM,turn-mill,53.5,38.05,38.05,0.2695,0.1597,3,2,0.1196,1.35,solution + age,anodise,1402,879,2025-05-30,42.02,False
Q02303,fitting,rotational,Ti-10V-2Fe-3Al,TITANIUM,forging + machining,52.91,35.51,35.51,0.2437,0.1927,4,2,0.1509,2.94,solution + age,anodise,572,381,2026-04-18,35.4,False
Q01504,housing,prismatic,304L,STAINLESS,turn-mill,285.04,122.27,73.54,20.5049,16.18,16,5,0.0385,2.41,none,nitride,181,26,2022-01-31,405.64,False
Q01850,housing,prismatic,303,STAINLESS,turn-mill,259.93,100.39,59.2,12.3587,2.7658,15,3,0.0385,3.47,none,passivate,89,66,2023-07-27,359.29,True
Q02223,housing,prismatic,17-4PH H1025,STAINLESS,forging + machining,310.55,117.22,76.69,21.7756,14.3167,21,5,0.0075,2.85,none,passivate,181,80,2023-10-04,1624.93,False
Q02124,housing,prismatic,17-4PH H1025,STAINLESS,turn-mill,337.54,133.33,75.91,26.647,8.1094,24,3,0.0799,2.84,none,passivate,51,18,2023-10-24,1128.61,True
Q02448,bushing,rotational,PEEK,POLYMER,5-axis mill,35.28,16.75,16.75,0.0101,0.004,9,1,0.1863,3.52,harden + temper,paint,18,12,2024-09-14,19.4,False
Q00017,bushing,rotational,POM-C,POLYMER,5-axis mill,30.59,14.12,14.12,0.0068,0.0015,3,2,0.1863,3.24,harden + temper,paint,75,27,2021-01-21,13.14,True
Q03442,bushing,rotational,POM-C,POLYMER,5-axis mill,25.4,12.98,12.98,0.0047,0.0011,10,3,0.1526,3.57,harden + temper,paint,40,39,2026-05-01,18.24,False
Q04667,bushing,rotational,PA66,POLYMER,5-axis mill,19.45,10.39,10.39,0.0019,0.0014,5,3,0.2,4.12,harden + temper,paint,68,59,2022-09-02,11.45,False
Q01524,gear blank,rotational,16MnCr5,STEEL,turn-mill,1240.8,445.47,445.47,1518.1016,846.6251,4,3,0.1752,5.08,none,anodise,12465,3487,2023-12-17,15641.63,False
Q04815,gear blank,rotational,C45,STEEL,turn-mill,1311.16,501.13,501.13,2030.0785,873.8001,8,4,0.1916,3.6,none,anodise,21354,3035,2021-01-01,17267.74,True
Q02309,gear blank,rotational,C45,STEEL,turn-mill,1319.27,436.31,436.31,1548.3753,1136.9021,4,5,0.1929,4.36,none,anodise,29979,5000,2021-10-20,11114.21,False
Q02985,gear blank,rotational,C45,STEEL,turn-mill,1492.48,549.6,549.6,2779.4156,1184.0882,3,5,0.2,3.08,none,anodise,23397,2231,2023-10-15,37207.92,False
Q01831,shaft,rotational,16MnCr5,STEEL,turn-mill,84.44,14.85,14.85,0.1148,0.0861,21,1,0.0096,1.24,harden + temper,anodise,8808,4158,2023-10-03,4.37,False
Q04132,shaft,rotational,1.2312,STEEL,5-axis mill,88.33,13.72,13.72,0.1025,0.0756,22,2,0.0052,1.27,harden + temper,anodise,8362,1564,2023-04-07,6.91,False
Q04403,shaft,rotational,1.2312,STEEL,turn-mill,79.49,15.3,15.3,0.1147,0.0657,21,1,0.0055,1.73,harden + temper,anodise,21326,4036,2021-12-21,8.03,False
Q02344,shaft,rotational,1.2312,STEEL,turn-mill,83.68,14.2,14.2,0.104,0.0529,32,2,0.005,1.08,harden + temper,anodise,6756,1054,2023-01-24,9.27,False
Q02649,flange,prismatic,440C,STAINLESS,turn-mill,219.27,220.73,155.96,57.9729,31.3777,4,6,0.014,4.27,solution + age,anodise,12,9,2024-12-05,2812.47,True
Q02694,flange,prismatic,304L,STAINLESS,5-axis mill,228.35,230.68,162.07,68.297,31.9404,7,6,0.0267,6.29,solution + age,anodise,16,6,2025-09-16,3276.32,True
Q03471,flange,prismatic,440C,STAINLESS,5-axis mill,227.34,265.04,180.34,83.453,62.201,3,6,0.0204,4.62,solution + age,passivate,29,9,2026-01-29,3144.55,True
Q00875,flange,prismatic,304L,STAINLESS,5-axis mill,168.15,170.32,118.39,27.1246,11.5834,7,6,0.0183,5.7,solution + age,zinc,42,10,2023-11-26,1300.97,False
Q03563,plate,prismatic,13-8Mo H1000,STAINLESS,forging + machining,79.82,70.35,55.95,2.4378,1.5706,23,5,0.1049,3.93,solution + age,zinc,3093,1533,2022-03-02,148.81,False
Q03845,plate,prismatic,304L,STAINLESS,forging + machining,79.55,66.02,49.58,2.0829,1.4434,16,5,0.1049,3.82,solution + age,passivate,2824,2530,2022-09-18,31.84,False
Q02137,plate,prismatic,15-5PH H1025,STAINLESS,forging + machining,88.18,81.6,54.51,3.0597,2.0562,25,5,0.0451,5.12,solution + age,anodise,1372,806,2023-12-09,130.27,True
Q02864,plate,prismatic,440C,STAINLESS,forging + machining,90.62,80.97,55.29,3.1156,2.6477,19,3,0.1049,4.04,solution + age,anodise,1800,1131,2025-04-24,62.48,True
Q03044,fitting,rotational,304L,STAINLESS,turn-mill,123.58,80.99,80.99,5.0932,1.4774,33,3,0.0397,6.3,harden + temper,passivate,413,145,2025-05-22,256.73,False
Q00212,fitting,rotational,316L,STAINLESS,turn-mill,118.75,70.79,70.79,3.7391,2.4037,39,3,0.0397,6.3,harden + temper,passivate,556,137,2021-08-08,125.48,False
Q03026,fitting,rotational,304L,STAINLESS,turn-mill,120.57,74.2,74.2,4.1706,2.191,34,2,0.0397,6.08,harden + temper,zinc,231,223,2025-09-30,128.36,False
Q00758,fitting,rotational,304L,STAINLESS,turn-mill,121.94,72.32,72.32,4.0068,2.9188,44,2,0.0397,6.08,harden + temper,zinc,1009,909,2026-01-06,106.99,False
Q04354,fitting,rotational,Waspaloy,NICKEL,turning,108.28,91.98,91.98,5.8927,2.161,9,2,0.2,0.59,harden + temper,zinc,48558,5000,2024-01-19,976.14,False
Q04116,fitting,rotational,Waspaloy,NICKEL,turning,99.37,78.47,78.47,3.9353,2.7617,18,2,0.1605,0.61,harden + temper,anodise,35945,3931,2024-07-03,559.0,False
Q01610,fitting,rotational,Waspaloy,NICKEL,turning,98.71,83.97,83.97,4.4768,0.9039,8,1,0.1328,0.48,harden + temper,zinc,50000,5000,2022-05-17,625.51,False
Q01291,fitting,rotational,Waspaloy,NICKEL,5-axis mill,103.62,84.22,84.22,4.7283,1.685,19,2,0.1328,0.59,harden + temper,none,28652,5000,2021-10-31,835.5,False
Q03181,bracket,prismatic,2024-T3,ALUMINIUM,5-axis mill,41.88,48.67,18.02,0.1021,0.0685,9,2,0.0443,0.99,harden + temper,zinc,1077,687,2025-06-26,6.32,False
Q01079,bracket,prismatic,2024-T3,ALUMINIUM,5-axis mill,52.44,44.95,19.44,0.1273,0.0404,8,3,0.0456,0.84,harden + temper,zinc,381,326,2025-10-02,11.47,False
Q04009,bracket,prismatic,7075-T6,ALUMINIUM,5-axis mill,51.12,47.98,18.57,0.128,0.0835,6,2,0.0578,1.1,harden + temper,zinc,663,505,2024-01-14,6.87,False
Q02114,bracket,prismatic,7075-T6,ALUMINIUM,5-axis mill,51.45,47.02,18.51,0.1258,0.0643,9,2,0.0233,0.98,harden + temper,zinc,361,29,2022-03-02,16.82,True
Q00745,pin,rotational,16MnCr5,STEEL,5-axis mill,19.33,5.01,5.01,0.003,0.0007,16,4,0.0184,5.23,stress relieve,nitride,50000,5000,2021-08-07,5.34,False
Q02940,pin,rotational,4140,STEEL,5-axis mill,20.16,5.44,5.44,0.0037,0.0027,11,4,0.0169,4.4,stress relieve,nitride,18486,1291,2021-01-15,4.43,True
Q00696,pin,rotational,16MnCr5,STEEL,5-axis mill,17.64,4.75,4.75,0.0025,0.0007,8,4,0.0218,6.3,stress relieve,nitride,50000,5000,2025-04-11,3.81,True
Q01958,pin,rotational,42CrMo4,STEEL,turning,17.76,4.88,4.88,0.0026,0.0013,17,3,0.0218,6.3,stress relieve,nitride,20764,2040,2025-01-22,4.88,False
Q04829,shaft,rotational,16MnCr5,STEEL,turning,78.14,6.78,6.78,0.0221,0.0052,18,5,0.0935,2.78,solution + age,passivate,457,427,2025-10-21,2.19,True
Q00586,shaft,rotational,S355JR,STEEL,turning,90.84,7.25,7.25,0.0295,0.0085,14,4,0.1056,3.75,solution + age,zinc,532,495,2022-03-29,2.41,False
Q00721,shaft,rotational,S355JR,STEEL,turning,103.35,8.16,8.16,0.0424,0.0273,13,6,0.1056,2.18,solution + age,zinc,459,165,2022-01-16,3.27,False
Q01931,shaft,rotational,S355JR,STEEL,turning,83.03,7.46,7.46,0.0285,0.0201,13,5,0.1056,3.1,solution + age,zinc,475,57,2021-09-16,4.97,True
Q00233,gear blank,rotational,C45,STEEL,turn-mill,326.19,173.61,173.61,60.6129,16.2501,9,2,0.0402,6.3,stress relieve,nitride,123,82,2025-05-10,1433.17,False
Q02759,gear blank,rotational,42CrMo4,STEEL,turn-mill,365.89,234.55,234.55,124.099,78.023,17,2,0.0375,6.3,stress relieve,nitride,322,50,2022-08-07,2670.58,True
Q00618,gear blank,rotational,C45,STEEL,turn-mill,283.3,164.58,164.58,47.3129,19.5696,9,2,0.0329,6.3,stress relieve,nitride,168,16,2025-12-30,1043.95,True
Q04215,gear blank,rotational,C45,STEEL,turn-mill,305.15,182.78,182.78,62.8535,22.8773,17,3,0.0433,6.3,stress relieve,nitride,160,129,2024-08-07,1563.62,False
Q04997,manifold,prismatic,2024-T3,ALUMINIUM,turn-mill,434.18,493.39,45.04,26.8245,19.2474,21,1,0.0302,2.42,none,zinc,54,49,2024-07-26,885.49,False
Q03325,manifold,prismatic,2024-T3,ALUMINIUM,turn-mill,519.39,529.43,50.48,38.5862,22.6867,13,3,0.0302,3.81,none,zinc,34,16,2025-08-08,1620.31,False
Q01677,manifold,prismatic,5083-H111,ALUMINIUM,5-axis mill,487.8,528.01,51.86,35.5273,14.4939,14,3,0.0302,4.12,none,zinc,15,1,2024-09-03,3656.18,True
Q03412,manifold,prismatic,6026-T9,ALUMINIUM,5-axis mill,393.1,426.4,37.18,16.8281,12.4195,13,3,0.0302,3.58,none,zinc,31,28,2022-02-14,398.47,True
Q03852,plate,prismatic,15-5PH H1025,STAINLESS,3-axis mill,248.83,116.96,126.28,28.6671,5.9106,17,2,0.0353,1.59,stress relieve,zinc,2931,1582,2022-02-04,1444.2,False
Q02193,plate,prismatic,13-8Mo H1000,STAINLESS,forging + machining,320.33,152.4,159.02,60.2431,41.298,25,1,0.0353,1.54,stress relieve,nitride,1156,127,2021-05-11,3474.22,False
Q04175,plate,prismatic,304L,STAINLESS,forging + machining,320.09,148.11,151.2,57.3457,36.7406,19,1,0.0353,2.33,stress relieve,nitride,1647,156,2021-07-03,1249.97,True
Q03820,plate,prismatic,304L,STAINLESS,forging + machining,309.26,157.5,168.68,65.731,42.0037,26,3,0.0353,2.11,stress relieve,nitride,2431,1546,2021-09-07,1516.58,True
Q01305,housing,prismatic,1.2312,STEEL,forging + machining,107.87,64.34,58.58,3.1917,2.1588,10,5,0.0563,2.79,harden + temper,paint,10,6,2025-02-19,176.47,True
Q03562,housing,prismatic,16MnCr5,STEEL,forging + machining,115.05,73.75,60.93,4.0584,3.0731,21,3,0.0297,2.9,harden + temper,nitride,42,29,2023-02-11,78.95,False
Q00906,housing,prismatic,42CrMo4,STEEL,3-axis mill,80.94,44.1,44.27,1.2404,0.5995,13,4,0.0307,4.31,harden + temper,nitride,27,22,2024-02-18,44.37,False
Q01276,housing,prismatic,16MnCr5,STEEL,forging + machining,101.18,61.8,48.53,2.3822,1.9064,14,4,0.0199,3.86,harden + temper,nitride,13,10,2025-02-19,98.4,False
Q00316,bracket,prismatic,5083-H111,ALUMINIUM,5-axis mill,65.68,62.13,30.87,0.3351,0.1779,9,1,0.0111,0.99,stress relieve,none,5935,852,2023-12-28,30.29,True
Q04995,bracket,prismatic,2024-T3,ALUMINIUM,5-axis mill,64.15,64.34,25.79,0.2959,0.216,6,1,0.0091,1.1,stress relieve,paint,11355,808,2024-08-26,14.1,True
Q01296,bracket,prismatic,2024-T3,ALUMINIUM,forging + machining,58.95,64.49,30.11,0.3183,0.2115,6,1,0.0111,1.01,stress relieve,none,6550,5000,2023-03-10,17.21,True
Q02726,bracket,prismatic,6026-T9,ALUMINIUM,5-axis mill,41.21,37.79,16.36,0.0688,0.0513,4,1,0.005,1.1,stress relieve,none,10131,851,2021-01-06,2.03,True
Q01975,fitting,rotational,15-5PH H1025,STAINLESS,5-axis mill,165.23,91.46,91.46,8.4664,3.4125,23,5,0.0306,2.33,stress relieve,paint,2372,177,2022-07-13,579.53,False
Q00353,fitting,rotational,303,STAINLESS,5-axis mill,150.67,68.82,68.82,4.4838,2.4542,23,5,0.0274,3.24,stress relieve,paint,2765,2683,2022-07-08,173.78,False
Q02271,fitting,rotational,304L,STAINLESS,5-axis mill,141.47,82.28,82.28,6.0176,4.2102,23,5,0.0333,2.63,stress relieve,paint,4245,3573,2025-12-26,200.02,True
Q02916,fitting,rotational,304L,STAINLESS,5-axis mill,155.31,86.13,86.13,7.2398,4.885,28,6,0.0333,2.36,stress relieve,paint,1915,1181,2024-09-03,252.66,True
Q00376,housing,prismatic,15-5PH H1025,STAINLESS,3-axis mill,196.15,97.35,24.88,3.7052,2.6774,9,5,0.16,6.3,stress relieve,nitride,30992,5000,2021-11-01,101.99,True
Q00341,housing,prismatic,15-5PH H1025,STAINLESS,3-axis mill,191.08,94.09,25.16,3.5282,1.5101,5,4,0.2,4.77,stress relieve,nitride,50000,5000,2022-02-07,100.91,False
Q01312,housing,prismatic,15-5PH H1025,STAINLESS,3-axis mill,170.34,79.26,18.9,1.9902,1.0988,6,4,0.16,5.66,stress relieve,nitride,48490,5000,2021-07-23,51.37,False
Q01530,housing,prismatic,15-5PH H1025,STAINLESS,3-axis mill,184.26,78.6,21.95,2.4798,1.8553,5,3,0.16,5.67,stress relieve,nitride,50000,5000,2024-10-24,78.58,False
Q02360,gear blank,rotational,S355JR,STEEL,turn-mill,620.03,281.93,281.93,303.845,77.0638,17,6,0.008,4.91,stress relieve,anodise,143,50,2021-06-25,16598.38,False
Q04953,gear blank,rotational,S355JR,STEEL,turn-mill,608.13,310.82,310.82,362.2157,119.8064,29,5,0.0059,5.58,stress relieve,anodise,221,189,2022-08-09,21535.83,False
Q01254,gear blank,rotational,C45,STEEL,turning,670.27,326.06,326.06,439.3368,309.4091,28,6,0.005,2.62,stress relieve,anodise,406,181,2022-11-04,7972.3,False
Q03949,gear blank,rotational,S355JR,STEEL,turn-mill,539.0,252.77,252.77,212.317,158.2804,17,5,0.005,4.33,stress relieve,anodise,657,645,2025-10-28,4358.87,True
Q04692,bracket,prismatic,15-5PH H1025,STAINLESS,3-axis mill,81.5,56.13,33.8,1.2061,0.7716,3,1,0.0146,3.04,none,none,1188,731,2024-03-25,40.1,False
Q04089,bracket,prismatic,304L,STAINLESS,3-axis mill,63.32,44.12,26.61,0.5947,0.1461,3,2,0.0146,2.41,none,nitride,2123,2115,2025-01-07,24.25,True
Q00703,bracket,prismatic,13-8Mo H1000,STAINLESS,3-axis mill,49.95,37.51,19.29,0.2804,0.2023,3,2,0.0146,3.45,none,anodise,751,295,2023-07-05,15.45,False
Q03109,bracket,prismatic,17-4PH H1025,STAINLESS,3-axis mill,60.4,38.1,25.0,0.4487,0.2887,3,1,0.0146,3.82,none,nitride,663,246,2025-12-13,19.37,False
Q03258,gear blank,rotational,CuZn39Pb3,COPPER,5-axis mill,236.32,54.41,54.41,4.6543,2.0377,12,2,0.1548,5.0,stress relieve,anodise,10,2,2022-07-30,270.31,False
Q02376,gear blank,rotational,CuZn39Pb3,COPPER,5-axis mill,322.28,91.04,91.04,17.7694,4.2647,6,3,0.2,5.47,stress relieve,anodise,13,2,2024-10-21,536.67,True
Q03531,gear blank,rotational,CuZn39Pb3,COPPER,5-axis mill,216.57,65.78,65.78,6.2331,4.7697,3,2,0.0755,4.04,stress relieve,anodise,18,11,2021-06-22,122.09,False
Q01077,gear blank,rotational,CuZn39Pb3,COPPER,5-axis mill,261.41,74.11,74.11,9.552,3.2125,5,4,0.1667,3.26,stress relieve,anodise,30,29,2023-11-26,190.44,False
Q01126,gear blank,rotational,C45,STEEL,turn-mill,63.04,36.34,36.34,0.5134,0.1425,23,4,0.1455,1.14,none,passivate,33,32,2023-07-21,24.73,False
Q03063,gear blank,rotational,C45,STEEL,turn-mill,64.81,35.15,35.15,0.4936,0.3751,31,4,0.0524,1.63,none,passivate,25,1,2025-11-22,645.02,False
Q04816,gear blank,rotational,C45,STEEL,turn-mill,70.18,38.64,38.64,0.6461,0.1293,24,5,0.1455,1.45,none,passivate,14,4,2025-06-15,152.43,False
Q03154,gear blank,rotational,S355JR,STEEL,turn-mill,73.97,42.24,42.24,0.8136,0.551,30,6,0.1965,1.37,none,passivate,16,9,2024-04-05,118.06,False
Q02189,gear blank,rotational,17-4PH H1025,STAINLESS,turning,108.85,39.36,39.36,1.0331,0.7463,10,2,0.008,4.07,harden + temper,zinc,394,333,2023-01-19,34.93,False
Q00473,gear blank,rotational,440C,STAINLESS,turning,93.8,31.03,31.03,0.5446,0.1841,3,2,0.005,1.79,harden + temper,zinc,1810,539,2023-01-05,34.66,False
Q02616,gear blank,rotational,17-4PH H1025,STAINLESS,turning,81.38,38.13,38.13,0.7249,0.3434,10,3,0.0151,2.93,harden + temper,zinc,1350,733,2024-06-01,29.51,False
Q02689,gear blank,rotational,17-4PH H1025,STAINLESS,turning,110.91,41.8,41.8,1.187,0.2578,5,2,0.0099,3.92,harden + temper,zinc,740,351,2021-01-12,45.97,True
Q04980,plate,prismatic,S355JR,STEEL,forging + machining,340.48,275.67,181.35,133.6197,100.6224,9,1,0.0496,4.65,harden + temper,nitride,28242,5000,2021-11-01,1275.01,True
Q02707,plate,prismatic,C45,STEEL,forging + machining,327.82,279.16,172.99,124.2703,101.732,8,2,0.0339,5.84,harden + temper,anodise,14467,5000,2024-05-09,1439.49,False
Q01495,plate,prismatic,S355JR,STEEL,forging + machining,252.3,246.88,151.7,74.1734,51.6983,10,1,0.0496,6.3,harden + temper,paint,13658,5000,2026-03-26,954.29,False
Q04311,plate,prismatic,1.2312,STEEL,forging + machining,398.14,338.15,201.55,213.0131,146.2665,8,1,0.0496,3.23,harden + temper,anodise,18917,5000,2022-07-16,5191.97,True
Q01322,fitting,rotational,Ti-6Al-4V ELI,TITANIUM,turn-mill,43.02,27.65,27.65,0.1144,0.0589,12,1,0.0233,3.11,none,passivate,21894,5000,2022-09-02,17.1,False
Q03700,fitting,rotational,Ti-6Al-4V ELI,TITANIUM,turn-mill,39.06,25.02,25.02,0.0851,0.0357,8,2,0.0219,3.86,none,paint,27035,5000,2024-03-11,16.6,False
Q04456,fitting,rotational,Ti-6Al-4V ELI,TITANIUM,turning,47.33,26.72,26.72,0.1176,0.0885,5,2,0.0303,3.79,none,nitride,14174,5000,2022-08-07,14.77,False
Q04587,fitting,rotational,Ti-6Al-4V ELI,TITANIUM,turn-mill,36.35,22.79,22.79,0.0657,0.0166,12,1,0.0303,3.53,none,passivate,14992,5000,2025-05-27,15.57,True
Q03935,housing,prismatic,303,STAINLESS,turn-mill,57.7,35.38,6.4,0.1045,0.0224,20,1,0.0252,2.5,none,paint,50000,5000,2022-10-02,4.79,True
Q01037,housing,prismatic,303,STAINLESS,turn-mill,58.95,37.31,6.21,0.1092,0.0644,17,2,0.0252,4.0,none,paint,23615,3249,2024-12-16,3.26,True
Q02848,housing,prismatic,440C,STAINLESS,turn-mill,66.35,42.48,7.3,0.158,0.1093,14,2,0.0142,4.27,none,paint,32021,5000,2021-12-28,7.75,False
Q00844,housing,prismatic,13-8Mo H1000,STAINLESS,turn-mill,50.06,31.44,5.12,0.0625,0.0214,11,3,0.0207,2.82,none,paint,24387,5000,2023-02-05,6.7,False
Q03971,fitting,rotational,304L,STAINLESS,5-axis mill,194.18,76.06,76.06,7.058,4.7061,26,3,0.0175,5.93,harden + temper,none,1650,584,2022-03-17,331.21,False
Q04803,fitting,rotational,316L,STAINLESS,5-axis mill,204.06,81.96,81.96,8.6136,1.7532,18,5,0.0358,6.3,harden + temper,none,662,430,2025-09-25,701.58,False
Q02744,fitting,rotational,13-8Mo H1000,STAINLESS,5-axis mill,202.7,94.59,94.59,11.0546,4.7855,17,5,0.0358,4.6,harden + temper,none,791,181,2021-11-14,847.75,True
Q01171,fitting,rotational,304L,STAINLESS,5-axis mill,206.02,80.72,80.72,8.4352,3.9573,21,3,0.0469,6.3,harden + temper,none,2996,2958,2021-11-03,332.14,False
Q01451,fitting,rotational,Inconel 625,NICKEL,turning,62.78,50.92,50.92,1.0789,0.2984,12,6,0.0119,3.33,stress relieve,none,20,2,2026-03-30,301.03,False
Q00916,fitting,rotational,Inconel 625,NICKEL,5-axis mill,72.53,61.52,61.52,1.8199,0.7515,9,5,0.0119,3.12,stress relieve,none,18,10,2025-09-11,656.14,False
Q03159,fitting,rotational,Inconel 625,NICKEL,turning,77.78,65.95,65.95,2.2428,1.1984,13,6,0.0119,2.68,stress relieve,none,19,3,2024-11-04,303.41,False
Q00396,fitting,rotational,Inconel 625,NICKEL,turning,60.75,48.38,48.38,0.9424,0.2138,20,6,0.012,2.14,stress relieve,none,11,1,2025-01-31,548.2,False
Q02295,housing,prismatic,304L,STAINLESS,turn-mill,443.16,166.01,82.52,48.5679,26.3921,25,6,0.063,1.3,none,anodise,421,263,2024-12-10,1162.68,False
Q01163,housing,prismatic,303,STAINLESS,turn-mill,360.91,134.27,80.49,31.2039,12.462,20,6,0.063,2.64,none,anodise,295,62,2021-04-13,693.36,False
Q00150,housing,prismatic,304L,STAINLESS,turn-mill,405.95,135.64,69.59,30.6536,22.8137,24,6,0.063,1.88,none,anodise,164,135,2023-04-04,503.25,True
Q02345,housing,prismatic,316L,STAINLESS,turn-mill,365.14,140.57,73.61,30.2248,23.1789,16,6,0.063,2.69,none,anodise,242,132,2023-01-12,487.51,False
Q00402,bushing,rotational,POM-C,POLYMER,5-axis mill,75.25,68.46,68.46,0.3905,0.193,16,5,0.0426,5.21,solution + age,nitride,537,515,2022-03-30,27.11,False
Q04143,bushing,rotational,PA66,POLYMER,5-axis mill,91.61,82.85,82.85,0.5631,0.2859,16,4,0.0465,6.3,solution + age,nitride,525,217,2022-11-02,34.08,False
Q04669,bushing,rotational,PA66,POLYMER,5-axis mill,72.37,65.74,65.74,0.2801,0.2026,6,5,0.0348,6.3,solution + age,nitride,488,413,2023-05-06,18.32,False
Q03057,bushing,rotational,PEEK,POLYMER,5-axis mill,69.28,63.84,63.84,0.2883,0.0617,14,6,0.0465,5.71,solution + age,nitride,1951,1264,2025-12-01,82.21,False
Q02488,flange,prismatic,Inconel 718,NICKEL,5-axis mill,159.69,44.19,18.6,1.0748,0.2596,13,1,0.0057,2.13,harden + temper,nitride,17,12,2024-08-15,565.66,False
Q00995,flange,prismatic,Waspaloy,NICKEL,3-axis mill,144.89,40.74,17.43,0.8426,0.553,6,2,0.0057,2.5,harden + temper,nitride,28,21,2021-07-02,198.75,False
Q03583,flange,prismatic,Waspaloy,NICKEL,3-axis mill,138.31,41.14,16.85,0.7853,0.5153,9,1,0.0115,2.16,harden + temper,paint,14,8,2021-08-29,172.66,False
Q01041,flange,prismatic,Waspaloy,NICKEL,3-axis mill,127.24,37.17,16.98,0.6579,0.4895,15,2,0.005,2.15,harden + temper,nitride,23,20,2024-04-07,127.4,False
Q01080,bushing,rotational,42CrMo4,STEEL,turning,20.14,6.83,6.83,0.0058,0.0041,17,5,0.0394,2.75,harden + temper,anodise,14,9,2024-09-04,27.89,False
Q00143,bushing,rotational,42CrMo4,STEEL,turning,21.71,8.23,8.23,0.0091,0.0042,18,3,0.0394,4.25,harden + temper,none,24,3,2022-10-02,52.42,False
Q00632,bushing,rotational,S355JR,STEEL,turning,19.95,7.65,7.65,0.0072,0.0051,13,3,0.0307,2.06,harden + temper,anodise,28,6,2023-03-19,23.28,False
Q03399,bushing,rotational,4140,STEEL,turn-mill,18.04,7.2,7.2,0.0058,0.0046,24,4,0.0405,3.02,harden + temper,anodise,10,3,2026-03-17,163.65,True
Q03909,fitting,rotational,304L,STAINLESS,turn-mill,96.44,76.36,76.36,3.5335,1.4048,10,1,0.0518,4.52,none,none,934,221,2024-04-08,118.92,False
Q02894,fitting,rotational,304L,STAINLESS,turn-mill,80.66,55.88,55.88,1.5825,0.6561,9,1,0.0877,3.84,none,none,405,350,2026-04-01,36.66,True
Q04050,fitting,rotational,17-4PH H1025,STAINLESS,turn-mill,91.31,59.92,59.92,2.0083,0.6454,3,2,0.0761,3.91,none,none,276,115,2023-08-26,79.36,False
Q01926,fitting,rotational,304L,STAINLESS,turn-mill,77.65,55.48,55.48,1.5016,0.4392,12,2,0.1162,4.79,none,anodise,167,136,2026-01-17,33.44,False
Q02096,flange,prismatic,C45,STEEL,5-axis mill,40.93,23.42,8.43,0.0634,0.0269,8,4,0.0363,4.11,solution + age,zinc,50000,5000,2022-09-29,2.6,False
Q02108,flange,prismatic,42CrMo4,STEEL,5-axis mill,26.79,16.96,5.03,0.018,0.0054,8,4,0.0363,4.66,solution + age,zinc,25988,5000,2021-12-17,2.08,False
Q04140,flange,prismatic,C45,STEEL,5-axis mill,44.41,27.48,9.51,0.0911,0.0721,14,6,0.054,3.1,solution + age,anodise,7807,2500,2021-02-08,3.42,False
Q02805,flange,prismatic,1.2312,STEEL,5-axis mill,33.5,18.44,6.81,0.033,0.0256,17,6,0.0412,3.15,solution + age,paint,50000,5000,2025-03-11,2.44,False
Q03233,housing,prismatic,5083-H111,ALUMINIUM,turn-mill,47.31,33.95,13.83,0.0591,0.0307,34,6,0.0053,3.28,solution + age,zinc,58,21,2021-11-22,42.99,True
Q02048,housing,prismatic,5083-H111,ALUMINIUM,turn-mill,50.82,33.17,17.83,0.0799,0.0388,35,5,0.0053,2.75,solution + age,paint,31,4,2021-04-09,154.33,False
Q04333,housing,prismatic,6026-T9,ALUMINIUM,turn-mill,51.54,40.38,18.7,0.1051,0.0626,41,5,0.0053,3.35,solution + age,paint,33,14,2022-05-14,58.19,False
Q00472,housing,prismatic,5083-H111,ALUMINIUM,turn-mill,41.72,34.46,15.96,0.0611,0.0158,35,5,0.0053,2.9,solution + age,zinc,27,3,2025-09-19,273.86,False
Q00828,bracket,prismatic,6061-T6,ALUMINIUM,5-axis mill,56.25,46.4,19.58,0.138,0.0524,9,1,0.0175,0.76,harden + temper,anodise,2198,732,2021-03-21,9.21,False
Q02326,bracket,prismatic,5083-H111,ALUMINIUM,5-axis mill,50.77,44.39,21.27,0.1275,0.0556,3,1,0.0171,0.75,harden + temper,anodise,2607,1200,2025-06-06,19.59,False
Q01643,bracket,prismatic,5083-H111,ALUMINIUM,5-axis mill,41.19,37.75,17.84,0.0738,0.0389,4,3,0.0242,0.68,harden + temper,anodise,687,130,2025-03-26,14.26,False
Q00779,bracket,prismatic,7075-T6,ALUMINIUM,turn-mill,43.97,42.74,19.37,0.1023,0.0754,3,2,0.0175,0.91,harden + temper,anodise,608,308,2022-10-07,5.72,True
