lei,legal_name,country,city,entity_status,group,group_from_name_only,group_confidence,group_basis,parent_checked,ultimate_parent_lei,ultimate_parent_name,ultimate_parent_country
549300EPWZBW4BOWF937,AAK (UK) LIMITED,GB,KINGSTON-UPON-HULL,ACTIVE,AAK,AAK,1.0,exact name match after normalisation,yes,549300GK4LGIDDWJWL07,AAK AB (PUBL),SE
213800J8S1973WZLE123,AAK BELGIUM,BE,ANTWERPEN,ACTIVE,AAK,AAK,1.0,exact name match after normalisation,yes,549300GK4LGIDDWJWL07,AAK AB (PUBL),SE
549300MR3HY76JY08S29,AAK DALBY AB,SE,DALBY,ACTIVE,AAK,,1.0,"reports AAK AB (PUBL) as ultimate parent, which belongs to this group",yes,549300GK4LGIDDWJWL07,AAK AB (PUBL),SE
5493003BJ2QAVE4OB592,AAK DENMARK A/S,DK,AARHUS,ACTIVE,AAK,,1.0,"reports AAK AB (PUBL) as ultimate parent, which belongs to this group",yes,549300GK4LGIDDWJWL07,AAK AB (PUBL),SE
549300DPP5IB3SD47N86,AAK DENMARK HOLDING A/S,DK,AARHUS C,ACTIVE,AAK,,1.0,"reports AAK AB (PUBL) as ultimate parent, which belongs to this group",yes,549300GK4LGIDDWJWL07,AAK AB (PUBL),SE
391200Q85KTJUN9RHU63,AAK GmbH,DE,Hanau,ACTIVE,AAK,AAK,1.0,exact name match after normalisation,yes,,,
335800WOKEGEWNCM6258,AAK INDIA PRIVATE LIMITED,IN,THANE,ACTIVE,AAK,,1.0,"reports AAK AB (PUBL) as ultimate parent, which belongs to this group",yes,549300GK4LGIDDWJWL07,AAK AB (PUBL),SE
213800U19ZSHKI6TUI86,AAK INTERNATIONAL AB,SE,MALMÖ,ACTIVE,AAK,AAK,1.0,exact name match after normalisation,yes,549300GK4LGIDDWJWL07,AAK AB (PUBL),SE
5493009DCRRVVLU39C70,AAK MALAYSIA SDN. BHD.,MY,KUALA LUMPUR,ACTIVE,AAK,,1.0,"reports AAK AB (PUBL) as ultimate parent, which belongs to this group",yes,549300GK4LGIDDWJWL07,AAK AB (PUBL),SE
549300QJVG8OHZAJ4917,AAK MÉXICO S.A. DE C.V.,MX,MORELIA,ACTIVE,AAK,,1.0,"reports AAK AB (PUBL) as ultimate parent, which belongs to this group",yes,549300GK4LGIDDWJWL07,AAK AB (PUBL),SE
549300KN5MOVKYIL6Q71,AAK NETHERLANDS B.V.,NL,ZAANDIJK,ACTIVE,AAK,,1.0,"reports AAK AB (PUBL) as ultimate parent, which belongs to this group",yes,549300GK4LGIDDWJWL07,AAK AB (PUBL),SE
54930045EOTR155N5Y05,AAK PTY LTD,AU,Sydney,INACTIVE,AAK,AAK,1.0,exact name match after normalisation,not yet queried,,,
5493005ICF9YGUIDQY33,AAK SWEDEN AB,SE,KARLSHAMN,ACTIVE,AAK,,1.0,"reports AAK AB (PUBL) as ultimate parent, which belongs to this group",yes,549300GK4LGIDDWJWL07,AAK AB (PUBL),SE
213800ZBLEXT2E3T9N90,AAK TURKEY GIDA SANAYİ VE TİCARET LİMİTED ŞİRKETİ,TR,UMRANIYE - ISTANBUL,ACTIVE,AAK,,1.0,"reports AAK AB (PUBL) as ultimate parent, which belongs to this group",yes,549300GK4LGIDDWJWL07,AAK AB (PUBL),SE
549300RRSWOYLJ6R6U72,AAK USA INC.,US,EDISON,ACTIVE,AAK,AAK,1.0,exact name match after normalisation,yes,549300GK4LGIDDWJWL07,AAK AB (PUBL),SE
529900FN7CB1EYWP9B10,AGRANA - STUDEN Sugar Trading GmbH,AT,Wien,ACTIVE,Agrana,Agrana,0.9,leading token matches group name,yes,,,
5299006C0EVA5LAYOR30,AGRANA Beteiligungs-Aktiengesellschaft,AT,Wien,ACTIVE,Agrana,Agrana,0.9,leading token matches group name,yes,,,
529900CWU1HTQWQX3X20,AGRANA BiH Holding GmbH,AT,Wien,ACTIVE,Agrana,Agrana,0.9,leading token matches group name,yes,5299006C0EVA5LAYOR30,AGRANA Beteiligungs-Aktiengesellschaft,AT
529900TURQMTCJ3X1S24,AGRANA Bioethanol GmbH,AT,Wien,INACTIVE,Agrana,Agrana,0.9,leading token matches group name,not yet queried,,,
259400K6MDCZ2H8YIX28,AGRANA FRUIT POLSKA SPÓŁKA Z OGRANICZONĄ ODPOWIEDZIALNOŚCIĄ,PL,Ławy,ACTIVE,Agrana,Agrana,0.9,leading token matches group name,yes,,,
4851008HORID0056DC69,"AGRANA Fruit Emba, proizvodnja hrane, d.o.o.",SI,LOGATEC,ACTIVE,Agrana,Agrana,0.9,leading token matches group name,yes,,,
529900DFLLECUV42TE48,AGRANA Fruit Services GmbH,AT,Wien,ACTIVE,Agrana,Agrana,0.9,leading token matches group name,yes,,,
529900XISF77KCGP1D54,AGRANA Group-Services GmbH,AT,Wien,ACTIVE,Agrana,Agrana,1.0,exact name match after normalisation,yes,5299006C0EVA5LAYOR30,AGRANA Beteiligungs-Aktiengesellschaft,AT
2549001P97B3GCUG7556,AGRANA ROMANIA SA,RO,Bucharest,ACTIVE,Agrana,Agrana,0.9,leading token matches group name,yes,5299006C0EVA5LAYOR30,AGRANA Beteiligungs-Aktiengesellschaft,AT
529900ETJZM4OJ2PYR12,AGRANA Sales & Marketing GmbH,AT,Wien,ACTIVE,Agrana,Agrana,0.9,leading token matches group name,yes,,,
52990089P2YLQK567W97,AGRANA Stärke GmbH,AT,Wien,ACTIVE,Agrana,Agrana,0.9,leading token matches group name,yes,,,
529900MD23Q825HY1R83,AGRANA Zucker GmbH,AT,Wien,ACTIVE,Agrana,Agrana,0.9,leading token matches group name,yes,,,
5299002GAZPID6W8C721,"AGRANA Zucker, Stärke und Frucht Holding AG",AT,Wien,ACTIVE,Agrana,Agrana,0.9,leading token matches group name,yes,,,
259400Z3BQ38AJ73AH04,Agrana Juice Poland Sp. z o.o.,PL,Białobrzegi,INACTIVE,Agrana,Agrana,0.9,leading token matches group name,not yet queried,,,
2138004DKU862QPWUF28,ALPRO,BE,WEVELGEM,ACTIVE,Alpro,Alpro,1.0,exact name match after normalisation,yes,,,
335800OXCPU5WJQF3Q95,ALPRO EXTRUSION PRIVATE LIMITED,IN,HOWRAH,ACTIVE,Alpro,Alpro,0.9,leading token matches group name,yes,,,
5493004TRUZ2IOQYVO92,ALPRO GROWTH FUND PUBLIC LIMITED COMPANY,IE,DUBLIN,INACTIVE,Alpro,Alpro,0.9,leading token matches group name,not yet queried,,,
529900ZL8LE39MINZF49,ALPRO MEDICAL GMBH,DE,St. Georgen im Schwarzwald,ACTIVE,Alpro,Alpro,0.9,leading token matches group name,yes,,,
984500D4AF6D988C4553,ALPRO POLYMER PRIVATE LIMITED,IN,Vishakhapatnam,ACTIVE,Alpro,Alpro,0.9,leading token matches group name,yes,,,
549300UVXW5QL6GJSP24,ALPRO SCA,BE,WEVELGEM,NULL,Alpro,Alpro,1.0,exact name match after normalisation,not yet queried,,,
315700WOZ6PBRPZ2T216,ALPRO Trgovsko podjetje d.o.o.,SI,Mengeš,ACTIVE,Alpro,Alpro,0.9,leading token matches group name,yes,,,
789000MFD7ICGPX2LY61,ALPRO İŞLEME MAKİNE PROFİL İTHALAT İHRACAT SANAYİ VE TİCARET LİMİTED ŞİRKETİ,TR,BURSA,ACTIVE,Alpro,Alpro,0.9,leading token matches group name,yes,,,
259400HWHFHBU1W3ER82,"MACIEJ MUSIAŁ ""ALPRO""",PL,Poznań,ACTIVE,Alpro,Alpro,0.7,group name appears in legal name,yes,,,
549300YYSHXSZ5L60L60,"""AMCOR FLEXIBLES REFLEX"" SPÓŁKA Z OGRANICZONĄ ODPOWIEDZIALNOŚCIĄ",PL,LÓDZ,ACTIVE,Amcor,Amcor,0.9,leading token matches group name,yes,549300GSODGFCDQ3DI89,AMCOR PLC,JE
549300N1R5QSRW1FEV50,"""AMCOR SPECIALTY CARTONS POLSKA"" SPÓŁKA Z OGRANICZONĄ ODPOWIEDZIALNOŚCIĄ",PL,LÓDZ,ACTIVE,Amcor,Amcor,0.9,leading token matches group name,yes,549300GSODGFCDQ3DI89,AMCOR PLC,JE
5493000ICUTE641SUI45,AMCOR ASIA HOLDINGS LIMITED,GB,BRISTOL,ACTIVE,Amcor,Amcor,0.9,leading token matches group name,yes,549300GSODGFCDQ3DI89,AMCOR PLC,JE
254900LNLHPJKEV3VC31,AMCOR CAPSULES CHILE LIMITADA,CL,LAMPA,ACTIVE,Amcor,Amcor,0.9,leading token matches group name,yes,549300GSODGFCDQ3DI89,AMCOR PLC,JE
549300TKI3J1HDAJYX77,AMCOR EUROPE GROUP MANAGEMENT,GB,BRISTOL,ACTIVE,Amcor,Amcor,0.9,leading token matches group name,yes,549300GSODGFCDQ3DI89,AMCOR PLC,JE
549300GG5GT3HROSNH21,AMCOR EUROPEAN CONSOLIDATED HOLDINGS LIMITED,CY,NICOSIA,INACTIVE,Amcor,Amcor,0.9,leading token matches group name,not yet queried,,,
213800G4PNDYNTRL4U52,AMCOR EUROPEAN INVESTMENT HOLDINGS LIMITED,GB,BRISTOL,INACTIVE,Amcor,Amcor,0.9,leading token matches group name,not yet queried,,,
549300FEBW8E98NYSH95,AMCOR EUROPEAN INVESTMENTS LIMITED,GB,BRISTOL,INACTIVE,Amcor,Amcor,0.9,leading token matches group name,not yet queried,,,
549300ZMT7FVT8R77U18,"AMCOR FINANCE (USA), INC.",US,WILMINGTON,ACTIVE,Amcor,Amcor,0.9,leading token matches group name,yes,,,
2138006E7GBHP9DZHW75,AMCOR FLEXIBLES (AUSTRALIA) PTY LTD,AU,SOUTHBANK,ACTIVE,Amcor,Amcor,0.9,leading token matches group name,yes,549300GSODGFCDQ3DI89,AMCOR PLC,JE
213800SNNXQLU3U9Z617,AMCOR FLEXIBLES (NEW ZEALAND) LIMITED,NZ,AIRPORT OAKS,ACTIVE,Amcor,Amcor,0.9,leading token matches group name,yes,,,
549300YPVSBQKHBXT928,AMCOR FLEXIBLES APS,DK,HORSENS,INACTIVE,Amcor,Amcor,0.9,leading token matches group name,not yet queried,,,
549300I3XWS5EJSB4107,AMCOR FLEXIBLES ARENZANO S.R.L.,IT,MILAN,ACTIVE,Amcor,Amcor,0.9,leading token matches group name,yes,549300GSODGFCDQ3DI89,AMCOR PLC,JE
5493000ICSP3XF16KA75,AMCOR FLEXIBLES ASIA-PACIFIC HOLDCO PTE. LIMITED,SG,SINGAPORE,ACTIVE,Amcor,Amcor,0.9,leading token matches group name,yes,549300GSODGFCDQ3DI89,AMCOR PLC,JE
967600ELVSTHCEH3E264,AMCOR FLEXIBLES BRUSSELS,BE,Braine L'Alleud,ACTIVE,Amcor,Amcor,0.9,leading token matches group name,yes,,,
549300UK5YSYH0I52O55,AMCOR FLEXIBLES BURGDORF GMBH,CH,BURGDORF,ACTIVE,Amcor,Amcor,0.9,leading token matches group name,yes,549300GSODGFCDQ3DI89,AMCOR PLC,JE
213800QK7Y8T4S3PRC78,AMCOR FLEXIBLES CAPSULES CANADA INC.,CA,SAINT-CÉSAIRE,ACTIVE,Amcor,Amcor,0.9,leading token matches group name,yes,549300GSODGFCDQ3DI89,AMCOR PLC,JE
5493000FKZ7CVY38QC70,AMCOR FLEXIBLES CAPSULES FRANCE,FR,COLOMBES,ACTIVE,Amcor,Amcor,0.9,leading token matches group name,yes,549300GSODGFCDQ3DI89,AMCOR PLC,JE
54930001SKQGBB381192,AMCOR FLEXIBLES CRAMLINGTON LIMITED,GB,BRISTOL,ACTIVE,Amcor,Amcor,0.9,leading token matches group name,yes,549300GSODGFCDQ3DI89,AMCOR PLC,JE
549300F5N5THR887MQ96,AMCOR FLEXIBLES DENMARK APS,DK,HORSENS,ACTIVE,Amcor,Amcor,0.9,leading token matches group name,yes,,,
213800S7FCZ99NKZ9133,AMCOR FLEXIBLES DISTRIBUTION UK LIMITED,GB,SWANSEA,ACTIVE,Amcor,Amcor,0.9,leading token matches group name,yes,549300GSODGFCDQ3DI89,AMCOR PLC,JE
2138004LUHMUHODSGJ47,AMCOR FLEXIBLES EQUIPMENT NZ LIMITED,NZ,SAINT JOHNS,ACTIVE,Amcor,Amcor,0.9,leading token matches group name,yes,,,
5493007Y7M9L3P6TX152,AMCOR FLEXIBLES ESPAÑA SL,ES,ALZIRA,ACTIVE,Amcor,Amcor,0.9,leading token matches group name,yes,549300GSODGFCDQ3DI89,AMCOR PLC,JE
213800NS26IEEIZF8I69,AMCOR FLEXIBLES FINANCE LIMITED,GB,BRISTOL,INACTIVE,Amcor,Amcor,0.9,leading token matches group name,not yet queried,,,
549300A30X6P25BWVR37,AMCOR FLEXIBLES FINLAND OY,FI,VALKEAKOSKI,ACTIVE,Amcor,Amcor,0.9,leading token matches group name,yes,,,
549300JDX261TFP3HY35,AMCOR FLEXIBLES FOOD FRANCE,FR,COLOMBES,ACTIVE,Amcor,Amcor,0.9,leading token matches group name,yes,549300GSODGFCDQ3DI89,AMCOR PLC,JE
549300MX2KN3IFZETP07,AMCOR FLEXIBLES FRANCE,FR,COLOMBES,ACTIVE,Amcor,Amcor,0.9,leading token matches group name,yes,549300GSODGFCDQ3DI89,AMCOR PLC,JE
335800754Q2HGRKUEE05,AMCOR FLEXIBLES INDIA PRIVATE LIMITED,IN,MUMBAI,ACTIVE,Amcor,Amcor,0.9,leading token matches group name,yes,,,
254900THSMV8RXBPNM21,"AMCOR FLEXIBLES INDONESIA, PT.",ID,Tangerang,ACTIVE,Amcor,Amcor,0.9,leading token matches group name,yes,,,
549300IFX3C8BNJDJL98,AMCOR FLEXIBLES ITALIA S.R.L.,IT,VICENZA,ACTIVE,Amcor,Amcor,0.9,leading token matches group name,yes,549300GSODGFCDQ3DI89,AMCOR PLC,JE
549300JHTPJVEUEEQT33,AMCOR FLEXIBLES KREUZLINGEN AG,CH,KREUZLINGEN,ACTIVE,Amcor,Amcor,0.9,leading token matches group name,yes,549300GSODGFCDQ3DI89,AMCOR PLC,JE
213800IS4CP6Z1BQ2880,AMCOR FLEXIBLES LATIN AMERICA HOLDING LIMITED,GB,BRISTOL,ACTIVE,Amcor,Amcor,0.9,leading token matches group name,yes,549300GSODGFCDQ3DI89,AMCOR PLC,JE
549300WK49U77H1VF643,"AMCOR FLEXIBLES LEADERPACK - EMBALAGENS, LDA",PT,ALCÁCER DO SAL,NULL,Amcor,Amcor,0.9,leading token matches group name,not yet queried,,,
9676004H883SBK756P64,AMCOR FLEXIBLES MONCEAU,BE,Monceau sur sambre,ACTIVE,Amcor,Amcor,0.9,leading token matches group name,yes,,,
549300JBC00F65NT1R17,"AMCOR FLEXIBLES NEOCEL - EMBALAGENS UNIPESSOAL, LDA",PT,SETUBAL,ACTIVE,Amcor,Amcor,0.9,leading token matches group name,yes,549300GSODGFCDQ3DI89,AMCOR PLC,JE
549300DNUMO4QMRU7J25,"AMCOR FLEXIBLES NOVÝ BYDŽOV, S.R.O.",CZ,NOVÝ BYDŽOV,ACTIVE,Amcor,Amcor,0.9,leading token matches group name,yes,549300GSODGFCDQ3DI89,AMCOR PLC,JE
549300FBL3LF26MWRL61,AMCOR FLEXIBLES PACKAGING FRANCE SAS,FR,COLOMBES,ACTIVE,Amcor,Amcor,0.9,leading token matches group name,yes,549300GSODGFCDQ3DI89,AMCOR PLC,JE
254900WZWKW7X55POZ05,AMCOR FLEXIBLES PHILIPPINES CORP.,PH,BATANGAS,ACTIVE,Amcor,Amcor,0.9,leading token matches group name,yes,,,
5493001IOWK2IEMWF140,AMCOR FLEXIBLES PIATRA NEAMŢ S.R.L.,RO,SAVINESTI,ACTIVE,Amcor,Amcor,0.9,leading token matches group name,yes,549300GSODGFCDQ3DI89,AMCOR PLC,JE
549300ZRMIQMVPBNW007,AMCOR FLEXIBLES PORTUGAL LDA,PT,VILA NOVA DE GAIA,ACTIVE,Amcor,Amcor,0.9,leading token matches group name,yes,549300GSODGFCDQ3DI89,AMCOR PLC,JE
213800LBNZAY8YL27833,AMCOR FLEXIBLES PROSTĚJOV S.R.O.,CZ,KRALICE NA HANÉ,ACTIVE,Amcor,Amcor,0.9,leading token matches group name,yes,549300GSODGFCDQ3DI89,AMCOR PLC,JE
549300PV1IT2B4L55G10,"AMCOR FLEXIBLES RORSCHACH AG, GOLDACH",CH,GOLDACH,ACTIVE,Amcor,Amcor,0.9,leading token matches group name,yes,549300GSODGFCDQ3DI89,AMCOR PLC,JE
549300L0MF3QKG08SK50,AMCOR FLEXIBLES SAINT MAUR SAS,FR,COLOMBES,ACTIVE,Amcor,Amcor,0.9,leading token matches group name,yes,549300GSODGFCDQ3DI89,AMCOR PLC,JE
549300HC2S7VB7ZT7P68,AMCOR FLEXIBLES SARREBOURG SAS,FR,COLOMBES,ACTIVE,Amcor,Amcor,0.9,leading token matches group name,yes,549300GSODGFCDQ3DI89,AMCOR PLC,JE
549300XW1YQS22NPNU75,AMCOR FLEXIBLES SELESTAT SAS,FR,COLOMBES,ACTIVE,Amcor,Amcor,0.9,leading token matches group name,yes,549300GSODGFCDQ3DI89,AMCOR PLC,JE
213800IUP18KLODIJ375,AMCOR FLEXIBLES SINGAPORE PTE. LTD.,SG,SINGAPORE,ACTIVE,Amcor,Amcor,0.9,leading token matches group name,yes,,,
549300FIFMOF59WP7G64,AMCOR FLEXIBLES SINGEN GMBH,DE,HOHENTWIEL,ACTIVE,Amcor,Amcor,0.9,leading token matches group name,yes,549300GSODGFCDQ3DI89,AMCOR PLC,JE
549300JAJ5JHV41KZV16,AMCOR FLEXIBLES SLIGO LIMITED,IE,SLIGO,ACTIVE,Amcor,Amcor,0.9,leading token matches group name,yes,549300GSODGFCDQ3DI89,AMCOR PLC,JE
549300D03BQY00S43U14,AMCOR FLEXIBLES SOLIERA S.R.L.,IT,SOLIERA,ACTIVE,Amcor,Amcor,0.9,leading token matches group name,yes,549300GSODGFCDQ3DI89,AMCOR PLC,JE
5493001YVFSJU1QN0G66,AMCOR FLEXIBLES SOUTH AFRICA,ZA,PINETOWN,ACTIVE,Amcor,Amcor,0.9,leading token matches group name,yes,549300GSODGFCDQ3DI89,AMCOR PLC,JE
549300PGHUSX0UWT3216,AMCOR FLEXIBLES SWANSEA LIMITED,GB,SWANSEA,ACTIVE,Amcor,Amcor,0.9,leading token matches group name,yes,549300GSODGFCDQ3DI89,AMCOR PLC,JE
549300PHVIL6PQDBOH48,AMCOR FLEXIBLES TENINGEN GMBH,DE,TENINGEN,ACTIVE,Amcor,Amcor,0.9,leading token matches group name,yes,549300GSODGFCDQ3DI89,AMCOR PLC,JE
54930033XZIGHULB0075,AMCOR FLEXIBLES TRANSPAC,BE,GENT,ACTIVE,Amcor,Amcor,0.9,leading token matches group name,yes,549300GSODGFCDQ3DI89,AMCOR PLC,JE
549300QH6V07IP30RM67,AMCOR FLEXIBLES UK HOLDING LIMITED,GB,BRISTOL,ACTIVE,Amcor,Amcor,0.9,leading token matches group name,yes,549300GSODGFCDQ3DI89,AMCOR PLC,JE
549300GVRVFOJ54T6P77,AMCOR FLEXIBLES UK LIMITED,GB,BRISTOL,ACTIVE,Amcor,Amcor,0.9,leading token matches group name,yes,549300GSODGFCDQ3DI89,AMCOR PLC,JE
549300JZ0B8O5M8SFW74,AMCOR FLEXIBLES VALKEAKOSKI OY,FI,VALKEAKOSKI,ACTIVE,Amcor,Amcor,0.9,leading token matches group name,yes,549300GSODGFCDQ3DI89,AMCOR PLC,JE
5493002W2Q3YB0NVY685,AMCOR FLEXIBLES VENTURINA S.R.L.,IT,CAMPIGLIA MARITTIMA,ACTIVE,Amcor,Amcor,0.9,leading token matches group name,yes,549300GSODGFCDQ3DI89,AMCOR PLC,JE
2138006RY5VR2JCS6C57,AMCOR FLEXIBLES WINTERBOURNE LIMITED,GB,BRISTOL,ACTIVE,Amcor,Amcor,0.9,leading token matches group name,yes,549300GSODGFCDQ3DI89,AMCOR PLC,JE
549300ZXM9AIHJVREH56,AMCOR FLEXIBLES ZUTPHEN B.V.,NL,ZUTPHEN,ACTIVE,Amcor,Amcor,0.9,leading token matches group name,yes,549300GSODGFCDQ3DI89,AMCOR PLC,JE
549300HTT5KHGZI4EV26,AMCOR FLEXIBLES ZŁOTÓW SPÓŁKA Z OGRANICZONĄ ODPOWIEDZIALNOŚCIĄ,PL,ZLOTÓW,ACTIVE,Amcor,Amcor,0.9,leading token matches group name,yes,549300GSODGFCDQ3DI89,AMCOR PLC,JE
549300UZ20PTYT1A5271,AMCOR FLEXIBLES İSTANBUL AMBALAJ SANAYİ VE TİCARET ANONİM ŞİRKETİ,TR,TUZLA,ACTIVE,Amcor,Amcor,0.9,leading token matches group name,yes,549300GSODGFCDQ3DI89,AMCOR PLC,JE
2549008XHB8M1L64J275,AMCOR GROUP FINANCE PLC,GB,Bristol,ACTIVE,Amcor,Amcor,0.9,leading token matches group name,yes,549300GSODGFCDQ3DI89,AMCOR PLC,JE
5493009G53O7GX0GLX44,AMCOR GROUP GMBH,CH,ZÜRICH,ACTIVE,Amcor,Amcor,1.0,exact name match after normalisation,yes,549300GSODGFCDQ3DI89,AMCOR PLC,JE
21380088MJUXP4PQHX46,AMCOR HOLDCO 3,GB,BRISTOL,ACTIVE,Amcor,Amcor,0.9,leading token matches group name,yes,549300GSODGFCDQ3DI89,AMCOR PLC,JE
549300MHU26181T1TS43,AMCOR HOLDING,GB,BRISTOL,ACTIVE,Amcor,Amcor,1.0,exact name match after normalisation,yes,549300GSODGFCDQ3DI89,AMCOR PLC,JE
213800EYTR2BHCPOJ798,AMCOR HOLDING NO.1 LIMITED,GB,BRISTOL,ACTIVE,Amcor,Amcor,0.9,leading token matches group name,yes,549300GSODGFCDQ3DI89,AMCOR PLC,JE
5493000HHNWCH3SUTP29,AMCOR INC.,US,WILMINGTON,ACTIVE,Amcor,Amcor,1.0,exact name match after normalisation,yes,,,
213800T39ZE26O6NBN04,AMCOR INSURANCE SERVICES LTD.,GG,ST. PETER PORT,ACTIVE,Amcor,Amcor,0.9,leading token matches group name,yes,549300GSODGFCDQ3DI89,AMCOR PLC,JE
254900THHLM9U5BMTO84,AMCOR INTERNATIONAL UK PLC,GB,Bristol,ACTIVE,Amcor,Amcor,1.0,exact name match after normalisation,yes,549300GSODGFCDQ3DI89,AMCOR PLC,JE
213800HS68O7TC85R564,AMCOR INVESTMENTS GERMANY,GB,BRISTOL,ACTIVE,Amcor,Amcor,0.9,leading token matches group name,yes,549300GSODGFCDQ3DI89,AMCOR PLC,JE
213800K76TNC4Y87A430,AMCOR INVESTMENTS LIMITED,BS,NASSAU,ACTIVE,Amcor,Amcor,0.9,leading token matches group name,yes,,,
213800BOT7JPKVR8A967,AMCOR INVESTMENTS PROPRIETARY LIMITED,AU,SOUTHBANK,ACTIVE,Amcor,Amcor,0.9,leading token matches group name,yes,549300GSODGFCDQ3DI89,AMCOR PLC,JE
2138001ISSG18AIV8B41,AMCOR MEDIFLEX LIMITED,GB,BRISTOL,ACTIVE,Amcor,Amcor,0.9,leading token matches group name,yes,549300GSODGFCDQ3DI89,AMCOR PLC,JE
213800XFFPFY6Z71IL21,AMCOR PACKAGING (ASIA) PTY LTD,AU,SOUTHBANK,ACTIVE,Amcor,Amcor,0.9,leading token matches group name,yes,549300GSODGFCDQ3DI89,AMCOR PLC,JE
549300KB9HXK8FVSE115,AMCOR PACKAGING UK LIMITED,GB,BRISTOL,ACTIVE,Amcor,Amcor,0.9,leading token matches group name,yes,549300GSODGFCDQ3DI89,AMCOR PLC,JE
549300GSODGFCDQ3DI89,AMCOR PLC,JE,ST HELIER,ACTIVE,Amcor,Amcor,1.0,exact name match after normalisation,yes,,,
213800HUV436WHVS8J15,AMCOR POLSKA HOLDING LIMITED,GB,BRISTOL,ACTIVE,Amcor,Amcor,0.9,leading token matches group name,yes,549300GSODGFCDQ3DI89,AMCOR PLC,JE
54930002QM8QVWM56E14,AMCOR PTY LTD,AU,MELBOURNE,ACTIVE,Amcor,Amcor,1.0,exact name match after normalisation,yes,549300GSODGFCDQ3DI89,AMCOR PLC,JE
98450036C5A6337F7A08,AMCOR RIGID PACKAGING DOMINICANA,DO,Santo Domingo,ACTIVE,Amcor,Amcor,0.9,leading token matches group name,yes,,,
5493002E2ZMYRX4B4Y61,AMCOR SINGAPORE PRIVATE LTD,SG,SINGAPORE,ACTIVE,Amcor,Amcor,0.9,leading token matches group name,yes,,,
5493005DYCYL36QWGS84,AMCOR SPECIALTY CARTONS BERLIN GMBH,DE,BERLIN,ACTIVE,Amcor,Amcor,0.9,leading token matches group name,yes,549300GSODGFCDQ3DI89,AMCOR PLC,JE
549300O45ZV0OPI77R91,AMCOR SPECIALTY CARTONS FRANCE SAS,FR,UNGERSHEIM,ACTIVE,Amcor,Amcor,0.9,leading token matches group name,yes,549300GSODGFCDQ3DI89,AMCOR PLC,JE
549300OSV4OBL5MA5V05,AMCOR SPECIALTY CARTONS HOLDINGS (ASIA) B.V.,GB,BRISTOL,ACTIVE,Amcor,Amcor,0.9,leading token matches group name,yes,549300GSODGFCDQ3DI89,AMCOR PLC,JE
2138009CHPU52ZMB1F23,AMCOR SPECIALTY CARTONS SINGAPORE PTE. LTD.,SG,SINGAPORE,ACTIVE,Amcor,Amcor,0.9,leading token matches group name,yes,,,
549300WPRQEMFB5X6C82,AMCOR SPECIALTY CARTONS SWITZERLAND GMBH,CH,RICKENBACH,INACTIVE,Amcor,Amcor,0.9,leading token matches group name,not yet queried,,,
549300UVN0WLHNDXHU54,AMCOR SPECIALTY CARTONS İZMİR BASKI SANAYİ VE TİCARET AS,TR,IZMIR,ACTIVE,Amcor,Amcor,0.9,leading token matches group name,yes,549300GSODGFCDQ3DI89,AMCOR PLC,JE
549300SIWT1ZUINPKY07,AMCOR SWITZERLAND HOLDINGS GMBH,CH,ZÜRICH,ACTIVE,Amcor,Amcor,0.9,leading token matches group name,yes,549300GSODGFCDQ3DI89,AMCOR PLC,JE
549300EVGK5S27WFLG85,AMCOR TOBACCO PACKAGING NEUMÜNSTER GMBH,DE,BERLIN,ACTIVE,Amcor,Amcor,0.9,leading token matches group name,yes,,,
549300DEUV6BE727FP17,AMCOR UK FINANCE PLC,GB,BRISTOL,ACTIVE,Amcor,Amcor,0.9,leading token matches group name,yes,549300GSODGFCDQ3DI89,AMCOR PLC,JE
213800HLUV61Y1MKXX60,AMCOR UK GROUP INTERNATIONAL LIMITED,GB,BRISTOL,ACTIVE,Amcor,Amcor,1.0,exact name match after normalisation,yes,549300GSODGFCDQ3DI89,AMCOR PLC,JE
2138005W88Z6I3NSJE62,AMCOR UK GROUP MANAGEMENT LIMITED,GB,BRISTOL,ACTIVE,Amcor,Amcor,0.9,leading token matches group name,yes,549300GSODGFCDQ3DI89,AMCOR PLC,JE
213800FI227BJ3EP4623,AMCOR UK INVESTMENTS LIMITED,GB,BRISTOL,ACTIVE,Amcor,Amcor,0.9,leading token matches group name,yes,549300GSODGFCDQ3DI89,AMCOR PLC,JE
213800K9V7X1HUYUAX14,AMCOR VENTURES LTD,GB,BRISTOL,ACTIVE,Amcor,Amcor,0.9,leading token matches group name,yes,549300GSODGFCDQ3DI89,AMCOR PLC,JE
PTVU09TE3QPJPL7K4E13,"Amcor Flexibles North America, Inc.",US,Jefferson City,ACTIVE,Amcor,Amcor,0.9,leading token matches group name,yes,549300GSODGFCDQ3DI89,AMCOR PLC,JE
875500T5PTZGF6I7PM12,Amcor Flexibles Packaging Europe,BE,Gent,ACTIVE,Amcor,Amcor,0.9,leading token matches group name,yes,,,
54930064CLR3S6JQV637,Amcor Realty LLC,US,Lawrenceville,ACTIVE,Amcor,Amcor,0.9,leading token matches group name,yes,,,
254900YQBA93BUFL6I05,Amcor Specialty Cartons Rizal Corp.,PH,Cainta,ACTIVE,Amcor,Amcor,0.9,leading token matches group name,yes,,,
391200WTZJLILHAMZK32,Amcor Steuerberatung GmbH,AT,Wien,ACTIVE,Amcor,Amcor,0.9,leading token matches group name,yes,,,
5493002MVVRQN6XBEY47,JTC EMPLOYER SOLUTIONS TRUSTEE (GUERNSEY) LIMITED AS TRUSTEE OF THE AMCOR EXECUTIVE SAVINGS PLAN,GG,SAINT PETER PORT,ACTIVE,Amcor,Amcor,0.7,group name appears in legal name,yes,,,
2549003DO8HH08TK2907,The Amcor Employee Share Plan Trust 2019,JE,St Helier,ACTIVE,Amcor,Amcor,0.7,group name appears in legal name,yes,,,
254900RUK9TV815I9884,The Amcor Non-Executive Director Share Plan Trust,JE,St Helier,ACTIVE,Amcor,Amcor,0.7,group name appears in legal name,yes,,,
5493006Z2SLIU72GMG78,"""ADM CZERNIN"" SPÓŁKA AKCYJNA",PL,SZAMOTUŁY,ACTIVE,Archer Daniels Midland,,1.0,"reports ARCHER-DANIELS-MIDLAND COMPANY as ultimate parent, which belongs to this group",yes,549300LO13MQ9HYSTR83,ARCHER-DANIELS-MIDLAND COMPANY,US
549300YWBI0Y8SKSRI96,"""ADM MALBORK"" SPÓŁKA AKCYJNA",PL,SZAMOTUŁY,ACTIVE,Archer Daniels Midland,,1.0,"reports ARCHER-DANIELS-MIDLAND COMPANY as ultimate parent, which belongs to this group",yes,549300LO13MQ9HYSTR83,ARCHER-DANIELS-MIDLAND COMPANY,US
5493001ORJJIBK31K522,"""ADM SZAMOTUŁY"" SPÓŁKA Z OGRANICZONĄ ODPOWIEDZIALNOŚCIĄ",PL,SZAMOTUŁY,ACTIVE,Archer Daniels Midland,,1.0,"reports ARCHER-DANIELS-MIDLAND COMPANY as ultimate parent, which belongs to this group",yes,549300LO13MQ9HYSTR83,ARCHER-DANIELS-MIDLAND COMPANY,US
969500L3D5QSDKHOPI27,ADM,FR,MARNES LA COQUETTE,ACTIVE,Archer Daniels Midland,Archer Daniels Midland,1.0,exact name match after normalisation,yes,,,
213800AZEYZ5CNU6M335,ADM (GROUP) LIMITED,GB,LONDON,ACTIVE,Archer Daniels Midland,Archer Daniels Midland,1.0,exact name match after normalisation,yes,,,
529900370VKD5KX7R188,ADM AGRICULTURE LIMITED,GB,Gainsborough,ACTIVE,Archer Daniels Midland,,1.0,"reports ARCHER-DANIELS-MIDLAND COMPANY as ultimate parent, which belongs to this group",yes,549300LO13MQ9HYSTR83,ARCHER-DANIELS-MIDLAND COMPANY,US
529900AXRRW98PJRDN14,ADM AGRO IBERICA SL,ES,MADRID,ACTIVE,Archer Daniels Midland,,1.0,"reports ARCHER-DANIELS-MIDLAND COMPANY as ultimate parent, which belongs to this group",yes,549300LO13MQ9HYSTR83,ARCHER-DANIELS-MIDLAND COMPANY,US
549300QIIDGXLOXSJI42,ADM AGRO INDUSTRIES INDIA PRIVATE LIMITED,IN,THANE,ACTIVE,Archer Daniels Midland,,1.0,"reports ARCHER-DANIELS-MIDLAND COMPANY as ultimate parent, which belongs to this group",yes,549300LO13MQ9HYSTR83,ARCHER-DANIELS-MIDLAND COMPANY,US
549300V3SIUWZKYOEQ80,ADM AGRO INDUSTRIES KOTA & AKOLA PRIVATE LIMITED,IN,Gurugram,ACTIVE,Archer Daniels Midland,,1.0,"reports ARCHER-DANIELS-MIDLAND COMPANY as ultimate parent, which belongs to this group",yes,549300LO13MQ9HYSTR83,ARCHER-DANIELS-MIDLAND COMPANY,US
549300FRKZIAB9LCON16,"ADM AMERICAS, S. DE R.L.",PA,Panama City,ACTIVE,Archer Daniels Midland,,1.0,"reports ARCHER-DANIELS-MIDLAND COMPANY as ultimate parent, which belongs to this group",yes,549300LO13MQ9HYSTR83,ARCHER-DANIELS-MIDLAND COMPANY,US
894500QVEYOFUSQGLQ96,ADM ANIMAL NUTRITION SPAIN SA,ES,RIVAS VACIAMADRID,ACTIVE,Archer Daniels Midland,,1.0,"reports ARCHER-DANIELS-MIDLAND COMPANY as ultimate parent, which belongs to this group",yes,549300LO13MQ9HYSTR83,ARCHER-DANIELS-MIDLAND COMPANY,US
549300BSPPJDY1KNLT76,ADM ANTWERP,BE,ANTWERPEN,ACTIVE,Archer Daniels Midland,,1.0,"reports ARCHER-DANIELS-MIDLAND COMPANY as ultimate parent, which belongs to this group",yes,549300LO13MQ9HYSTR83,ARCHER-DANIELS-MIDLAND COMPANY,US
529900I9FUXB0M78B565,ADM ARKADY IRELAND LIMITED,IE,Dublin,ACTIVE,Archer Daniels Midland,,1.0,"reports ARCHER-DANIELS-MIDLAND COMPANY as ultimate parent, which belongs to this group",yes,549300LO13MQ9HYSTR83,ARCHER-DANIELS-MIDLAND COMPANY,US
549300RIBYHDW0PXLC81,ADM ASIA-PACIFIC TRADING PTE. LTD.,SG,SINGAPORE,ACTIVE,Archer Daniels Midland,,1.0,"reports ARCHER-DANIELS-MIDLAND COMPANY as ultimate parent, which belongs to this group",yes,549300LO13MQ9HYSTR83,ARCHER-DANIELS-MIDLAND COMPANY,US
9695002W4WZSURJV4M54,ADM BAZANCOURT,FR,BAZANCOURT,ACTIVE,Archer Daniels Midland,,1.0,"reports ARCHER-DANIELS-MIDLAND COMPANY as ultimate parent, which belongs to this group",yes,549300LO13MQ9HYSTR83,ARCHER-DANIELS-MIDLAND COMPANY,US
789000O82SS2Q4QCHA38,ADM BESİN VE TARIM ANONİM ŞİRKETİ,TR,Adana,ACTIVE,Archer Daniels Midland,,1.0,"reports ARCHER-DANIELS-MIDLAND COMPANY as ultimate parent, which belongs to this group",yes,549300LO13MQ9HYSTR83,ARCHER-DANIELS-MIDLAND COMPANY,US
254900COTQ8VTOM9GA05,ADM CHILE COMERCIAL LIMITADA,CL,Santiago,ACTIVE,Archer Daniels Midland,,1.0,"reports ARCHER-DANIELS-MIDLAND COMPANY as ultimate parent, which belongs to this group",yes,549300LO13MQ9HYSTR83,ARCHER-DANIELS-MIDLAND COMPANY,US
549300DKPL77RSXLC031,ADM DIRECT POLSKA SPÓŁKA Z OGRANICZONĄ ODPOWIEDZIALNOŚCIĄ,PL,SZAMOTUŁY,ACTIVE,Archer Daniels Midland,,1.0,"reports ARCHER-DANIELS-MIDLAND COMPANY as ultimate parent, which belongs to this group",yes,549300LO13MQ9HYSTR83,ARCHER-DANIELS-MIDLAND COMPANY,US
549300C2IY57OSEFU835,ADM DO BRASIL LTDA,BR,RONDONOPOLIS,ACTIVE,Archer Daniels Midland,,1.0,"reports ARCHER-DANIELS-MIDLAND COMPANY as ultimate parent, which belongs to this group",yes,549300LO13MQ9HYSTR83,ARCHER-DANIELS-MIDLAND COMPANY,US
254900UL77ZYHUQ3EH69,"ADM DOMINICANA, S.A",DO,Santo Domingo,ACTIVE,Archer Daniels Midland,,1.0,"reports ARCHER-DANIELS-MIDLAND COMPANY as ultimate parent, which belongs to this group",yes,549300LO13MQ9HYSTR83,ARCHER-DANIELS-MIDLAND COMPANY,US
549300PJWGAKXBIPLF24,ADM Denmark A/S,DK,Hundested,ACTIVE,Archer Daniels Midland,,1.0,"reports ARCHER-DANIELS-MIDLAND COMPANY as ultimate parent, which belongs to this group",yes,549300LO13MQ9HYSTR83,ARCHER-DANIELS-MIDLAND COMPANY,US
5493001P90NQXX2ZJQ72,ADM EMEA Services B.V. & Co. KG,DE,Hamburg,ACTIVE,Archer Daniels Midland,,1.0,"reports ARCHER-DANIELS-MIDLAND COMPANY as ultimate parent, which belongs to this group",yes,549300LO13MQ9HYSTR83,ARCHER-DANIELS-MIDLAND COMPANY,US
549300MBUJGKIX5HZG21,ADM FRANCE S.A.S.,FR,Saint-Nolff,ACTIVE,Archer Daniels Midland,Archer Daniels Midland,1.0,exact name match after normalisation,yes,549300LO13MQ9HYSTR83,ARCHER-DANIELS-MIDLAND COMPANY,US
254900C6S0AHKUU7EG65,ADM GCC INDIA PRIVATE LIMITED,IN,Bangalore,ACTIVE,Archer Daniels Midland,,1.0,"reports ARCHER-DANIELS-MIDLAND COMPANY as ultimate parent, which belongs to this group",yes,549300LO13MQ9HYSTR83,ARCHER-DANIELS-MIDLAND COMPANY,US
5299000VS7NCTJMXOK66,ADM GERMANY GMBH,DE,HAMBURG,ACTIVE,Archer Daniels Midland,,1.0,"reports ARCHER-DANIELS-MIDLAND COMPANY as ultimate parent, which belongs to this group",yes,549300LO13MQ9HYSTR83,ARCHER-DANIELS-MIDLAND COMPANY,US
529900KYXTZA1AQZRR34,ADM GROUP S.R.L.,IT,Angri,ACTIVE,Archer Daniels Midland,Archer Daniels Midland,1.0,exact name match after normalisation,yes,,,
81560075BD55714C7A04,ADM GROUP SRL,IT,QUINTO DI TREVISO,ACTIVE,Archer Daniels Midland,Archer Daniels Midland,1.0,exact name match after normalisation,yes,,,
549300YG42LPE8ZHJE68,ADM HAMBURG AKTIENGESELLSCHAFT,DE,Hamburg,ACTIVE,Archer Daniels Midland,,1.0,"reports ARCHER-DANIELS-MIDLAND COMPANY as ultimate parent, which belongs to this group",yes,549300LO13MQ9HYSTR83,ARCHER-DANIELS-MIDLAND COMPANY,US
969500751ISKK1F3SD66,ADM HOLDING,FR,BORDEAUX,ACTIVE,Archer Daniels Midland,Archer Daniels Midland,1.0,exact name match after normalisation,yes,,,
254900FYE5QD379X7923,"ADM Holdings, LLC",US,Greenville,ACTIVE,Archer Daniels Midland,Archer Daniels Midland,1.0,exact name match after normalisation,yes,,,
2549004LT9YUBBXY0R20,ADM Hungary Korlátolt Felelősségű Társaság,HU,Komarom,ACTIVE,Archer Daniels Midland,,1.0,"reports ARCHER-DANIELS-MIDLAND COMPANY as ultimate parent, which belongs to this group",yes,549300LO13MQ9HYSTR83,ARCHER-DANIELS-MIDLAND COMPANY,US
5493007HF7CHW7QH3K83,ADM INTERNATIONAL SÀRL,CH,ROLLE,ACTIVE,Archer Daniels Midland,Archer Daniels Midland,1.0,exact name match after normalisation,yes,549300LO13MQ9HYSTR83,ARCHER-DANIELS-MIDLAND COMPANY,US
254900F9FYTK7ZOY3Y61,ADM INVESTMENT SINGAPORE PTE. LTD.,SG,Singapore,ACTIVE,Archer Daniels Midland,,1.0,"reports ARCHER-DANIELS-MIDLAND COMPANY as ultimate parent, which belongs to this group",yes,549300LO13MQ9HYSTR83,ARCHER-DANIELS-MIDLAND COMPANY,US
213800GNABQM2M887812,ADM INVESTOR SERVICES INTERNATIONAL LIMITED,GB,LONDON,ACTIVE,Archer Daniels Midland,,1.0,"reports ARCHER-DANIELS-MIDLAND COMPANY as ultimate parent, which belongs to this group",yes,549300LO13MQ9HYSTR83,ARCHER-DANIELS-MIDLAND COMPANY,US
I9O8MELCUVOTLJABOX92,"ADM INVESTOR SERVICES, INC.",US,WILMINGTON,ACTIVE,Archer Daniels Midland,,1.0,"reports ARCHER-DANIELS-MIDLAND COMPANY as ultimate parent, which belongs to this group",yes,549300LO13MQ9HYSTR83,ARCHER-DANIELS-MIDLAND COMPANY,US
549300QLDB72HCNB4F52,ADM IRELAND RECEIVABLES COMPANY LIMITED,IE,Dublin,ACTIVE,Archer Daniels Midland,,1.0,"reports ARCHER-DANIELS-MIDLAND COMPANY as ultimate parent, which belongs to this group",yes,549300LO13MQ9HYSTR83,ARCHER-DANIELS-MIDLAND COMPANY,US
254900BA9JKHOOGNKW71,ADM Italia S.R.L.,IT,Dalmine,ACTIVE,Archer Daniels Midland,Archer Daniels Midland,1.0,exact name match after normalisation,yes,549300LO13MQ9HYSTR83,ARCHER-DANIELS-MIDLAND COMPANY,US
549300Y74ONFWL0SDT21,ADM MEDSOFTS SÀRL,CH,ROLLE,ACTIVE,Archer Daniels Midland,,1.0,"reports ARCHER-DANIELS-MIDLAND COMPANY as ultimate parent, which belongs to this group",yes,549300LO13MQ9HYSTR83,ARCHER-DANIELS-MIDLAND COMPANY,US
254900LNQESK5S1A4V81,ADM MEXICO SA DE CV,MX,Mexico City,ACTIVE,Archer Daniels Midland,,1.0,"reports ARCHER-DANIELS-MIDLAND COMPANY as ultimate parent, which belongs to this group",yes,549300LO13MQ9HYSTR83,ARCHER-DANIELS-MIDLAND COMPANY,US
549300WHTHBDO120XJ46,ADM MILLING LIMITED,GB,London,ACTIVE,Archer Daniels Midland,,1.0,"reports ARCHER-DANIELS-MIDLAND COMPANY as ultimate parent, which belongs to this group",yes,549300LO13MQ9HYSTR83,ARCHER-DANIELS-MIDLAND COMPANY,US
549300YK0TSBNBOT3Q79,ADM OLOMOUC S.R.O.,CZ,HOLICE,ACTIVE,Archer Daniels Midland,,1.0,"reports ARCHER-DANIELS-MIDLAND COMPANY as ultimate parent, which belongs to this group",yes,549300LO13MQ9HYSTR83,ARCHER-DANIELS-MIDLAND COMPANY,US
549300A2C68GI7IQWO78,ADM Oilseeds Germany GmbH,DE,HAMBURG,ACTIVE,Archer Daniels Midland,,1.0,"reports ARCHER-DANIELS-MIDLAND COMPANY as ultimate parent, which belongs to this group",yes,549300LO13MQ9HYSTR83,ARCHER-DANIELS-MIDLAND COMPANY,US
2549009Y1PZ18G7LXU81,ADM PARAGUAY S.R.L,PY,Asuncion,ACTIVE,Archer Daniels Midland,,1.0,"reports ARCHER-DANIELS-MIDLAND COMPANY as ultimate parent, which belongs to this group",yes,549300LO13MQ9HYSTR83,ARCHER-DANIELS-MIDLAND COMPANY,US
549300LKYTHRPZH2I883,ADM POLAND SPÓŁKA Z OGRANICZONĄ ODPOWIEDZIALNOŚCIĄ,PL,SZAMOTUŁY,ACTIVE,Archer Daniels Midland,,1.0,"reports ARCHER-DANIELS-MIDLAND COMPANY as ultimate parent, which belongs to this group",yes,549300LO13MQ9HYSTR83,ARCHER-DANIELS-MIDLAND COMPANY,US
549300DOCF076VWFC261,"ADM PORTUGAL, S.A.",PT,Cantanhede,ACTIVE,Archer Daniels Midland,,1.0,"reports ARCHER-DANIELS-MIDLAND COMPANY as ultimate parent, which belongs to this group",yes,549300LO13MQ9HYSTR83,ARCHER-DANIELS-MIDLAND COMPANY,US
549300PBE3C30QWPET83,ADM PROTEXIN LIMITED,GB,Manchester,ACTIVE,Archer Daniels Midland,,1.0,"reports ARCHER-DANIELS-MIDLAND COMPANY as ultimate parent, which belongs to this group",yes,549300LO13MQ9HYSTR83,ARCHER-DANIELS-MIDLAND COMPANY,US
549300LDQF8AQWQFJ281,ADM RINGASKIDDY UNLIMITED COMPANY,IE,DUBLIN,ACTIVE,Archer Daniels Midland,,1.0,"reports ARCHER-DANIELS-MIDLAND COMPANY as ultimate parent, which belongs to this group",yes,549300LO13MQ9HYSTR83,ARCHER-DANIELS-MIDLAND COMPANY,US
549300DQQKICANLVC173,ADM ROMANIA TRADING S.R.L.,RO,BUCHAREST,ACTIVE,Archer Daniels Midland,,1.0,"reports ARCHER-DANIELS-MIDLAND COMPANY as ultimate parent, which belongs to this group",yes,549300LO13MQ9HYSTR83,ARCHER-DANIELS-MIDLAND COMPANY,US
8156008536182FD3F398,ADM S.R.L.,IT,ROMA,ACTIVE,Archer Daniels Midland,Archer Daniels Midland,1.0,exact name match after normalisation,yes,,,
8156006FF2DCC2415D69,ADM S.R.L.,IT,ROMA,ACTIVE,Archer Daniels Midland,Archer Daniels Midland,1.0,exact name match after normalisation,yes,,,
549300SEOQ20GSBMNE90,ADM SERVICES B.V.,NL,AMSTERDAM,ACTIVE,Archer Daniels Midland,Archer Daniels Midland,1.0,exact name match after normalisation,yes,549300LO13MQ9HYSTR83,ARCHER-DANIELS-MIDLAND COMPANY,US
549300XLJRI4KFRGYV51,ADM SPECIALTY INGREDIENTS (EUROPE) B.V.,NL,AMSTERDAM,ACTIVE,Archer Daniels Midland,,1.0,"reports ARCHER-DANIELS-MIDLAND COMPANY as ultimate parent, which belongs to this group",yes,549300LO13MQ9HYSTR83,ARCHER-DANIELS-MIDLAND COMPANY,US
815600D6EEEA4C673869,ADM SRL,IT,CURTAROLO,ACTIVE,Archer Daniels Midland,Archer Daniels Midland,1.0,exact name match after normalisation,yes,,,
549300QVM81IWTA2P920,ADM STF PTE. LTD.,SG,SINGAPORE,ACTIVE,Archer Daniels Midland,,1.0,"reports ARCHER-DANIELS-MIDLAND COMPANY as ultimate parent, which belongs to this group",yes,549300LO13MQ9HYSTR83,ARCHER-DANIELS-MIDLAND COMPANY,US
549300KOWH2NECOKGQ59,"ADM Slovakia, s. r. o.",SK,TRNAVA,ACTIVE,Archer Daniels Midland,,1.0,"reports ARCHER-DANIELS-MIDLAND COMPANY as ultimate parent, which belongs to this group",yes,549300LO13MQ9HYSTR83,ARCHER-DANIELS-MIDLAND COMPANY,US
5493008RUNCY3FL7X416,ADM TRADING (UK) LIMITED,GB,ERITH,INACTIVE,Archer Daniels Midland,Archer Daniels Midland,1.0,exact name match after normalisation,not yet queried,,,
549300IIN104Z3LH1081,ADM TRADING AUSTRALIA PTY LTD,AU,Adelaide,ACTIVE,Archer Daniels Midland,,1.0,"reports ARCHER-DANIELS-MIDLAND COMPANY as ultimate parent, which belongs to this group",yes,549300LO13MQ9HYSTR83,ARCHER-DANIELS-MIDLAND COMPANY,US
5493002M28G5SHSJ4Y29,ADM TRADING COMPANY,US,Wilmington,ACTIVE,Archer Daniels Midland,Archer Daniels Midland,1.0,exact name match after normalisation,yes,549300LO13MQ9HYSTR83,ARCHER-DANIELS-MIDLAND COMPANY,US
2549002QCP1BJ60DGK57,ADM TURKEY TARIM TİCARET ANONİM ŞİRKETİ,TR,Istanbul,ACTIVE,Archer Daniels Midland,,1.0,"reports ARCHER-DANIELS-MIDLAND COMPANY as ultimate parent, which belongs to this group",yes,549300LO13MQ9HYSTR83,ARCHER-DANIELS-MIDLAND COMPANY,US
984500CBUBA037EDA421,ADM URUGUAY SOCIEDAD EN COMANDITA POR ACCIONES,UY,MONTEVIDEO,ACTIVE,Archer Daniels Midland,,1.0,"reports ARCHER-DANIELS-MIDLAND COMPANY as ultimate parent, which belongs to this group",yes,549300LO13MQ9HYSTR83,ARCHER-DANIELS-MIDLAND COMPANY,US
529900PA2Q89K023LG55,ADM WILD EUROPE GMBH & CO. KG,DE,EPPELHEIM,ACTIVE,Archer Daniels Midland,,1.0,"reports ARCHER-DANIELS-MIDLAND COMPANY as ultimate parent, which belongs to this group",yes,549300LO13MQ9HYSTR83,ARCHER-DANIELS-MIDLAND COMPANY,US
549300UW8KTWDWIVXH40,ADM WILD NAUEN GMBH,DE,NAUEN,ACTIVE,Archer Daniels Midland,,1.0,"reports ARCHER-DANIELS-MIDLAND COMPANY as ultimate parent, which belongs to this group",yes,549300LO13MQ9HYSTR83,ARCHER-DANIELS-MIDLAND COMPANY,US
549300JS7TGMOTS5QF51,ADM WILD Netherlands B.V.,NL,AMSTERDAM,ACTIVE,Archer Daniels Midland,,1.0,"reports ARCHER-DANIELS-MIDLAND COMPANY as ultimate parent, which belongs to this group",yes,549300LO13MQ9HYSTR83,ARCHER-DANIELS-MIDLAND COMPANY,US
529900PQYLXY9GANST23,ADM WILD South-Eastern Europe Korlátolt Felelősségű Társaság,HU,BUDAPEST,ACTIVE,Archer Daniels Midland,,1.0,"reports ARCHER-DANIELS-MIDLAND COMPANY as ultimate parent, which belongs to this group",yes,549300LO13MQ9HYSTR83,ARCHER-DANIELS-MIDLAND COMPANY,US
213800UXM6VR4FN28Z39,ADM WILD UK LIMITED,GB,Manchester,ACTIVE,Archer Daniels Midland,,1.0,"reports ARCHER-DANIELS-MIDLAND COMPANY as ultimate parent, which belongs to this group",yes,549300LO13MQ9HYSTR83,ARCHER-DANIELS-MIDLAND COMPANY,US
549300DEW2NTYYLC8H78,ADM WILD VALENCIA S.A.U.,ES,VALENCIA,ACTIVE,Archer Daniels Midland,,1.0,"reports ARCHER-DANIELS-MIDLAND COMPANY as ultimate parent, which belongs to this group",yes,549300LO13MQ9HYSTR83,ARCHER-DANIELS-MIDLAND COMPANY,US
21380044NDLNH13WPD96,ADM WORLDWIDE HOLDINGS L.P.,KY,GEORGE TOWN,ACTIVE,Archer Daniels Midland,Archer Daniels Midland,1.0,exact name match after normalisation,yes,,,
254900WVR8HA23X0IG40,ADM WİLD GIDA SANAYİ VE TİCARET LİMİTED ŞİRKETİ,TR,Istanbul,ACTIVE,Archer Daniels Midland,,1.0,"reports ARCHER-DANIELS-MIDLAND COMPANY as ultimate parent, which belongs to this group",yes,549300LO13MQ9HYSTR83,ARCHER-DANIELS-MIDLAND COMPANY,US
21380066PUVUCL1RSO54,ADM ΕΝΕΡΓΕΙΑΚΑ ΚΑΙ ΠΕΡΙΒΑΛΛΟΝΤΙΚΑ ΣΥΣΤΗΜΑΤΑ ΑΝΩΝΥΜΗ ΕΜΠΟΡΙΚΗ ΕΤΑΙΡΕΙΑ,GR,MOSCHATO,ACTIVE,Archer Daniels Midland,Archer Daniels Midland,1.0,exact name match after normalisation,yes,,,
5493003UK3DBNRS7F717,ARCHER DANIELS MIDLAND (UK) LIMITED,GB,London,ACTIVE,Archer Daniels Midland,Archer Daniels Midland,1.0,exact name match after normalisation,yes,549300LO13MQ9HYSTR83,ARCHER-DANIELS-MIDLAND COMPANY,US
549300CLL5K59ILSVL64,ARCHER DANIELS MIDLAND ERITH LIMITED,GB,London,ACTIVE,Archer Daniels Midland,,1.0,"reports ARCHER-DANIELS-MIDLAND COMPANY as ultimate parent, which belongs to this group",yes,549300LO13MQ9HYSTR83,ARCHER-DANIELS-MIDLAND COMPANY,US
549300S9X67RZJU7FN96,ARCHER DANIELS MIDLAND EUROPE B.V.,NL,AMSTERDAM,ACTIVE,Archer Daniels Midland,,1.0,"reports ARCHER-DANIELS-MIDLAND COMPANY as ultimate parent, which belongs to this group",yes,549300LO13MQ9HYSTR83,ARCHER-DANIELS-MIDLAND COMPANY,US
549300SXE7K5OJ70WY13,ARCHER DANIELS MIDLAND NEDERLAND B.V.,NL,AMSTERDAM,INACTIVE,Archer Daniels Midland,Archer Daniels Midland,1.0,exact name match after normalisation,not yet queried,,,
549300MHSAMZSY803690,"ARCHER DANIELS MIDLAND SINGAPORE, PTE. LTD.",SG,SINGAPORE,ACTIVE,Archer Daniels Midland,,1.0,"reports ARCHER-DANIELS-MIDLAND COMPANY as ultimate parent, which belongs to this group",yes,549300LO13MQ9HYSTR83,ARCHER-DANIELS-MIDLAND COMPANY,US
549300LO13MQ9HYSTR83,ARCHER-DANIELS-MIDLAND COMPANY,US,WILMINGTON,ACTIVE,Archer Daniels Midland,Archer Daniels Midland,1.0,exact name match after normalisation,yes,,,
549300EZPX8NWSISAK56,"ARCHER-DANIELS-MIDLAND PHILIPPINES, INC.",PH,CITY OF MAKATI,ACTIVE,Archer Daniels Midland,,1.0,"reports ARCHER-DANIELS-MIDLAND COMPANY as ultimate parent, which belongs to this group",yes,549300LO13MQ9HYSTR83,ARCHER-DANIELS-MIDLAND COMPANY,US
2549001XK0WXH7EE1J79,Archer Daniels Midland Asia-Pacific Limited,HK,Hong Kong,ACTIVE,Archer Daniels Midland,,1.0,"reports ARCHER-DANIELS-MIDLAND COMPANY as ultimate parent, which belongs to this group",yes,549300LO13MQ9HYSTR83,ARCHER-DANIELS-MIDLAND COMPANY,US
549300HVP0O2MBHYJ877,Archer Daniels Midland Europoort B.V.,NL,ROTTERDAM,ACTIVE,Archer Daniels Midland,,1.0,"reports ARCHER-DANIELS-MIDLAND COMPANY as ultimate parent, which belongs to this group",yes,549300LO13MQ9HYSTR83,ARCHER-DANIELS-MIDLAND COMPANY,US
549300H67HO022NZSR46,CÔNG TY TNHH ARCHER DANIELS MIDLAND VIỆT NAM,VN,Thành phố Hồ Chí Minh,ACTIVE,Archer Daniels Midland,,1.0,"reports ARCHER-DANIELS-MIDLAND COMPANY as ultimate parent, which belongs to this group",yes,549300LO13MQ9HYSTR83,ARCHER-DANIELS-MIDLAND COMPANY,US
549300KDUEM5IEU30490,Công ty TNHH Archer Daniels Midland VN,VN,Thành phố Hồ Chí Minh,ACTIVE,Archer Daniels Midland,,1.0,"reports ARCHER-DANIELS-MIDLAND COMPANY as ultimate parent, which belongs to this group",yes,549300LO13MQ9HYSTR83,ARCHER-DANIELS-MIDLAND COMPANY,US
2549007Y16F7JQCUOR08,PT ADM Animal Nutrition Indonesia,ID,BEKASI,ACTIVE,Archer Daniels Midland,,1.0,"reports ARCHER-DANIELS-MIDLAND COMPANY as ultimate parent, which belongs to this group",yes,549300LO13MQ9HYSTR83,ARCHER-DANIELS-MIDLAND COMPANY,US
549300FSSFFHFJY6N267,PT ADM INDONESIA TRADING AND LOGISTICS,ID,Jakarta,ACTIVE,Archer Daniels Midland,,1.0,"reports ARCHER-DANIELS-MIDLAND COMPANY as ultimate parent, which belongs to this group",yes,549300LO13MQ9HYSTR83,ARCHER-DANIELS-MIDLAND COMPANY,US
96950042V55QPDZYIU70,SARL ADM,FR,SAINT-MEDARD-EN-JALLES,ACTIVE,Archer Daniels Midland,Archer Daniels Midland,1.0,exact name match after normalisation,yes,,,
875500DS94XPQMLPAQ83,ARLA FOODS ENERGY A/S,DK,Viby J,ACTIVE,Arla Foods,,1.0,"reports ARLA FOODS AMBA as ultimate parent, which belongs to this group",yes,529900IJ6T4P1O10R377,ARLA FOODS AMBA,DK
5299009NKLBAQK6ILY46,ARLA FOODS FINANCE A/S,DK,Viby J,ACTIVE,Arla Foods,,1.0,"reports ARLA FOODS AMBA as ultimate parent, which belongs to this group",yes,529900IJ6T4P1O10R377,ARLA FOODS AMBA,DK
5299002CZVX5AQ3TG480,ARLA FOODS LIMITED,GB,Leeds,ACTIVE,Arla Foods,Arla Foods,1.0,exact name match after normalisation,yes,,,
213800JWBUWGPUN8N789,ARLA FOODS PENSION PLAN TRUSTEES LIMITED,GB,LEEDS,ACTIVE,Arla Foods,,1.0,"reports ARLA FOODS AMBA as ultimate parent, which belongs to this group",yes,529900IJ6T4P1O10R377,ARLA FOODS AMBA,DK
5299003334FON1FRIK97,ARLA FOODS UK PLC,GB,Leeds,ACTIVE,Arla Foods,Arla Foods,1.0,exact name match after normalisation,yes,529900IJ6T4P1O10R377,ARLA FOODS AMBA,DK
549300ZP33UQBPON6X64,Arla Foods AB,SE,SOLNA,ACTIVE,Arla Foods,Arla Foods,1.0,exact name match after normalisation,yes,,,
529900KADBOOLCZSUH91,Arla Foods B.V.,NL,Nijkerk,ACTIVE,Arla Foods,Arla Foods,1.0,exact name match after normalisation,yes,529900IJ6T4P1O10R377,ARLA FOODS AMBA,DK
529900DRN3RE91GVUK52,Arla Foods Deutschland GmbH,DE,Düsseldorf,ACTIVE,Arla Foods,Arla Foods,1.0,exact name match after normalisation,yes,529900IJ6T4P1O10R377,ARLA FOODS AMBA,DK
894500LWHRAS4YCX9W08,AUTOCARROZZERIA F.LLI BARILLA' S.R.L.,IT,REGGIO CALABRIA,ACTIVE,Barilla,Barilla,0.7,group name appears in legal name,yes,,,
529900DH8GJIM32CTV48,BARILLA AMERICA INC.,US,Chicago,ACTIVE,Barilla,Barilla,0.9,leading token matches group name,yes,,,
529900LQM0R7HCCC1676,BARILLA FRANCE,FR,Boulogne-Billancourt,ACTIVE,Barilla,Barilla,1.0,exact name match after normalisation,yes,,,
529900HWBYCO8M2UN457,BARILLA G. E R. FRATELLI - SOCIETA' PER AZIONI,IT,Parma,ACTIVE,Barilla,Barilla,0.9,leading token matches group name,yes,,,
894500SZ0LAEANR6VJ82,BARILLA HOLDING SRL,IT,PARMA,ACTIVE,Barilla,Barilla,1.0,exact name match after normalisation,yes,,,
529900RRESEDV68K0S54,BARILLA INIZIATIVE S.P.A.,IT,Parma,ACTIVE,Barilla,Barilla,0.9,leading token matches group name,yes,,,
5299006ULPORX5EM9S44,BARILLA INTERNATIONAL B.V.,NL,AMSTERDAM,ACTIVE,Barilla,Barilla,1.0,exact name match after normalisation,yes,,,
529900K0VP9YO5QICF90,BARILLA INTERNATIONAL LIMITED,GB,London,ACTIVE,Barilla,Barilla,1.0,exact name match after normalisation,yes,,,
529900IO3EEZZXGLSX33,BARILLA SINGAPORE PTE. LTD.,SG,Singapore,ACTIVE,Barilla,Barilla,0.9,leading token matches group name,yes,,,
529900O0G65ABXSB6R14,Barilla Deutschland GmbH,DE,Köln,ACTIVE,Barilla,Barilla,1.0,exact name match after normalisation,yes,,,
5299009XYJXIAVOIW261,Barilla Netherlands B.V.,NL,Amsterdam,ACTIVE,Barilla,Barilla,0.9,leading token matches group name,yes,,,
529900NLWNENHCUWJU15,Barilla Sverige AB,SE,STOCKHOLM,ACTIVE,Barilla,Barilla,0.9,leading token matches group name,yes,,,
815600A9F11035191D21,COFFEE & DRINK DI BARILLA' ANTONINO,IT,MESSINA,ACTIVE,Barilla,Barilla,0.7,group name appears in legal name,yes,,,
81560001D4BFD5E79655,SOCIETA' AGRICOLA FONDO BARILLA DI ZILOCCHI CORRADO & C. S.S.,IT,CAMPAGNOLA EMILIA,ACTIVE,Barilla,Barilla,0.7,group name appears in legal name,yes,,,
213800FH9A55UNPTD120,"""BARRY CALLEBAUT MANUFACTURING POLSKA"" SPÓŁKA Z OGRANICZONĄ ODPOWIEDZIALNOŚCIĄ",PL,LODZ,ACTIVE,Barry Callebaut,,1.0,"reports BARRY CALLEBAUT AG as ultimate parent, which belongs to this group",yes,213800Y5RWKLDPUTT265,BARRY CALLEBAUT AG,CH
213800M7CJMJU691JY55,"""BARRY CALLEBAUT POLSKA"" SPÓŁKA Z OGRANICZONA ODPOWIEDZIALNOSCIA",PL,LÓDZ,ACTIVE,Barry Callebaut,,1.0,"reports BARRY CALLEBAUT AG as ultimate parent, which belongs to this group",yes,213800Y5RWKLDPUTT265,BARRY CALLEBAUT AG,CH
213800Z4KOFVX9JCD479,"""BARRY CALLEBAUT SSC EUROPE"" SPÓŁKA Z OGRANICZONĄ ODPOWIEDZIALNOŚCIĄ",PL,LODZ,ACTIVE,Barry Callebaut,,1.0,"reports BARRY CALLEBAUT AG as ultimate parent, which belongs to this group",yes,213800Y5RWKLDPUTT265,BARRY CALLEBAUT AG,CH
213800TJTPAWMRACD334,BARRY CALLEBAUT (GHANA) LIMITED,GH,ACCRA,ACTIVE,Barry Callebaut,,1.0,"reports BARRY CALLEBAUT AG as ultimate parent, which belongs to this group",yes,213800Y5RWKLDPUTT265,BARRY CALLEBAUT AG,CH
21380092WF53ANCNUS90,BARRY CALLEBAUT (UK) LIMITED,GB,BANBURY,ACTIVE,Barry Callebaut,Barry Callebaut,1.0,exact name match after normalisation,yes,213800Y5RWKLDPUTT265,BARRY CALLEBAUT AG,CH
213800Y5RWKLDPUTT265,BARRY CALLEBAUT AG,CH,ZURICH,ACTIVE,Barry Callebaut,Barry Callebaut,1.0,exact name match after normalisation,yes,,,
213800X2SHTF86B86P72,BARRY CALLEBAUT AUSTRALIA PTY LTD,AU,CAMPBELLFIELD,ACTIVE,Barry Callebaut,,1.0,"reports BARRY CALLEBAUT AG as ultimate parent, which belongs to this group",yes,213800Y5RWKLDPUTT265,BARRY CALLEBAUT AG,CH
213800TH3MY31UUX5B79,BARRY CALLEBAUT BELGIUM NV,BE,LEBBEKE,ACTIVE,Barry Callebaut,Barry Callebaut,1.0,exact name match after normalisation,yes,213800Y5RWKLDPUTT265,BARRY CALLEBAUT AG,CH
213800KN1B4MWSL7ZF73,BARRY CALLEBAUT BRASIL INDUSTRIA E COMERCIO DE PRODUTOS ALIMENTICIOS LTDA,BR,SAO PAOLO,ACTIVE,Barry Callebaut,,1.0,"reports BARRY CALLEBAUT AG as ultimate parent, which belongs to this group",yes,213800Y5RWKLDPUTT265,BARRY CALLEBAUT AG,CH
2138008A9W5YHJCN9D15,BARRY CALLEBAUT CANADA INC.,CA,SAINT-HYACINTHE,ACTIVE,Barry Callebaut,,1.0,"reports BARRY CALLEBAUT AG as ultimate parent, which belongs to this group",yes,213800Y5RWKLDPUTT265,BARRY CALLEBAUT AG,CH
213800P44WTA2C9PDJ68,BARRY CALLEBAUT CHOCOLATE ASIA PACIFIC PTE. LTD.,SG,SINGAPORE,ACTIVE,Barry Callebaut,,1.0,"reports BARRY CALLEBAUT AG as ultimate parent, which belongs to this group",yes,213800Y5RWKLDPUTT265,BARRY CALLEBAUT AG,CH
213800YTH6L4T6UY9B76,BARRY CALLEBAUT COCOA AG,CH,ZURICH,ACTIVE,Barry Callebaut,,1.0,"reports BARRY CALLEBAUT AG as ultimate parent, which belongs to this group",yes,213800Y5RWKLDPUTT265,BARRY CALLEBAUT AG,CH
213800Q1UYH8XBQOPT48,BARRY CALLEBAUT COCOA ASIA PACIFIC PTE. LTD,SG,SINGAPORE,ACTIVE,Barry Callebaut,,1.0,"reports BARRY CALLEBAUT AG as ultimate parent, which belongs to this group",yes,213800Y5RWKLDPUTT265,BARRY CALLEBAUT AG,CH
2138003NZU1WOO9VVO86,BARRY CALLEBAUT COCOA GERMANY GMBH,DE,HAMBURG,ACTIVE,Barry Callebaut,,1.0,"reports BARRY CALLEBAUT AG as ultimate parent, which belongs to this group",yes,213800Y5RWKLDPUTT265,BARRY CALLEBAUT AG,CH
2138005TQKGY4I3OMJ71,"BARRY CALLEBAUT COCOA MANAGEMENT SERVICES, S.A. DE C.V.",MX,MONTERREY,ACTIVE,Barry Callebaut,,1.0,"reports BARRY CALLEBAUT AG as ultimate parent, which belongs to this group",yes,213800Y5RWKLDPUTT265,BARRY CALLEBAUT AG,CH
2138003O7A6DKYOEQL66,BARRY CALLEBAUT COCOA NETHERLANDS B.V.,NL,ZUNDERT,ACTIVE,Barry Callebaut,,1.0,"reports BARRY CALLEBAUT AG as ultimate parent, which belongs to this group",yes,213800Y5RWKLDPUTT265,BARRY CALLEBAUT AG,CH
213800GTXNQXLKY9AS73,BARRY CALLEBAUT DECORATIONS B.V.,NL,ZUNDERT,ACTIVE,Barry Callebaut,,1.0,"reports BARRY CALLEBAUT AG as ultimate parent, which belongs to this group",yes,213800Y5RWKLDPUTT265,BARRY CALLEBAUT AG,CH
213800EUTY6VKDT1T596,BARRY CALLEBAUT DENMARK APS,DK,HOLSTEBRO,ACTIVE,Barry Callebaut,,1.0,"reports BARRY CALLEBAUT AG as ultimate parent, which belongs to this group",yes,213800Y5RWKLDPUTT265,BARRY CALLEBAUT AG,CH
213800J1JSWF3BIHHV43,BARRY CALLEBAUT EURASIA GIDA SANAYI VE TICARET LTD.STI.,TR,ISTANBUL,ACTIVE,Barry Callebaut,,1.0,"reports BARRY CALLEBAUT AG as ultimate parent, which belongs to this group",yes,213800Y5RWKLDPUTT265,BARRY CALLEBAUT AG,CH
213800CL6PEMLYIK2M55,BARRY CALLEBAUT FRANCE,FR,HARDRICOURT,ACTIVE,Barry Callebaut,Barry Callebaut,1.0,exact name match after normalisation,yes,213800Y5RWKLDPUTT265,BARRY CALLEBAUT AG,CH
213800PJKZKS4I8SZC29,BARRY CALLEBAUT GBS MEXICO S. DE R.L. DE C.V.,MX,NUEVO LEON,ACTIVE,Barry Callebaut,,1.0,"reports BARRY CALLEBAUT AG as ultimate parent, which belongs to this group",yes,213800Y5RWKLDPUTT265,BARRY CALLEBAUT AG,CH
213800NK37LUF9E9KA29,BARRY CALLEBAUT MALAYSIA SDN. BHD.,MY,PETALING JAYA,ACTIVE,Barry Callebaut,,1.0,"reports BARRY CALLEBAUT AG as ultimate parent, which belongs to this group",yes,213800Y5RWKLDPUTT265,BARRY CALLEBAUT AG,CH
213800L1DLA4YVA71V10,BARRY CALLEBAUT MANAGEMENT SERVICES AG,CH,ZURICH,ACTIVE,Barry Callebaut,,1.0,"reports BARRY CALLEBAUT AG as ultimate parent, which belongs to this group",yes,213800Y5RWKLDPUTT265,BARRY CALLEBAUT AG,CH
213800K6L8JKS6R44G65,BARRY CALLEBAUT MANUFACTURING (UK) LIMITED,GB,BANBURY,ACTIVE,Barry Callebaut,,1.0,"reports BARRY CALLEBAUT AG as ultimate parent, which belongs to this group",yes,213800Y5RWKLDPUTT265,BARRY CALLEBAUT AG,CH
213800JSZMGIAN5XOE95,BARRY CALLEBAUT MANUFACTURING FRANCE,FR,HARDRICOURT,ACTIVE,Barry Callebaut,,1.0,"reports BARRY CALLEBAUT AG as ultimate parent, which belongs to this group",yes,213800Y5RWKLDPUTT265,BARRY CALLEBAUT AG,CH
2138004Q8APY6CBKAT56,BARRY CALLEBAUT MANUFACTURING HALLE,BE,HALLE,ACTIVE,Barry Callebaut,,1.0,"reports BARRY CALLEBAUT AG as ultimate parent, which belongs to this group",yes,213800Y5RWKLDPUTT265,BARRY CALLEBAUT AG,CH
213800MIF8SS1H19FB05,BARRY CALLEBAUT MANUFACTURING IBERICA SA,ES,BARCELONA,ACTIVE,Barry Callebaut,,1.0,"reports BARRY CALLEBAUT AG as ultimate parent, which belongs to this group",yes,213800Y5RWKLDPUTT265,BARRY CALLEBAUT AG,CH
213800WZEJ48UHCJVC31,BARRY CALLEBAUT MANUFACTURING ITALIA S.P.A.,IT,MILANO,ACTIVE,Barry Callebaut,,1.0,"reports BARRY CALLEBAUT AG as ultimate parent, which belongs to this group",yes,213800Y5RWKLDPUTT265,BARRY CALLEBAUT AG,CH
213800XUTK6YFIL6WO29,BARRY CALLEBAUT MANUFACTURING MALAYSIA SDN BHD,MY,JOHOR BAHRU,ACTIVE,Barry Callebaut,,1.0,"reports BARRY CALLEBAUT AG as ultimate parent, which belongs to this group",yes,213800Y5RWKLDPUTT265,BARRY CALLEBAUT AG,CH
213800KWD4R3476LW409,BARRY CALLEBAUT MANUFACTURING NORDERSTEDT GMBH & CO. KG,DE,NORDERSTEDT,ACTIVE,Barry Callebaut,,1.0,"reports BARRY CALLEBAUT AG as ultimate parent, which belongs to this group",yes,213800Y5RWKLDPUTT265,BARRY CALLEBAUT AG,CH
213800IDCFM5DDT34952,BARRY CALLEBAUT MEXICO DISTRIBUTORS SA DE CV,MX,NUEVO LEÓN,ACTIVE,Barry Callebaut,,1.0,"reports BARRY CALLEBAUT AG as ultimate parent, which belongs to this group",yes,213800Y5RWKLDPUTT265,BARRY CALLEBAUT AG,CH
213800VEMZRLG43FIA90,BARRY CALLEBAUT MEXICO S DE RL DE CV,MX,NUEVO LEÓN,ACTIVE,Barry Callebaut,,1.0,"reports BARRY CALLEBAUT AG as ultimate parent, which belongs to this group",yes,213800Y5RWKLDPUTT265,BARRY CALLEBAUT AG,CH
2138006L98NPG8ZCS264,BARRY CALLEBAUT NEDERLAND B.V.,NL,ZUNDERT,ACTIVE,Barry Callebaut,Barry Callebaut,1.0,exact name match after normalisation,yes,213800Y5RWKLDPUTT265,BARRY CALLEBAUT AG,CH
213800665HX2MPSFOH03,BARRY CALLEBAUT SCHWEIZ AG,CH,DÜBENDORF,ACTIVE,Barry Callebaut,Barry Callebaut,1.0,exact name match after normalisation,yes,213800Y5RWKLDPUTT265,BARRY CALLEBAUT AG,CH
213800R1F1EJYM4ICO85,BARRY CALLEBAUT SERVICES,BE,LEBBEKE,ACTIVE,Barry Callebaut,Barry Callebaut,1.0,exact name match after normalisation,yes,213800Y5RWKLDPUTT265,BARRY CALLEBAUT AG,CH
213800ZFM29Z69QFOO15,BARRY CALLEBAUT SERVICES ASIA PACIFIC SDN. BHD.,MY,PETALING JAYA,ACTIVE,Barry Callebaut,,1.0,"reports BARRY CALLEBAUT AG as ultimate parent, which belongs to this group",yes,213800Y5RWKLDPUTT265,BARRY CALLEBAUT AG,CH
213800H6AW8KQH23MS96,BARRY CALLEBAUT SOURCING AG,CH,ZURICH,ACTIVE,Barry Callebaut,,1.0,"reports BARRY CALLEBAUT AG as ultimate parent, which belongs to this group",yes,213800Y5RWKLDPUTT265,BARRY CALLEBAUT AG,CH
213800BDAXWMTPARSD58,BARRY CALLEBAUT SOUTH AFRICA,ZA,JOHANNESBURG,ACTIVE,Barry Callebaut,,1.0,"reports BARRY CALLEBAUT AG as ultimate parent, which belongs to this group",yes,213800Y5RWKLDPUTT265,BARRY CALLEBAUT AG,CH
213800WTPC76V6ABUO48,BARRY CALLEBAUT SWEDEN AB,SE,KÅGERÖD,ACTIVE,Barry Callebaut,,1.0,"reports BARRY CALLEBAUT AG as ultimate parent, which belongs to this group",yes,213800Y5RWKLDPUTT265,BARRY CALLEBAUT AG,CH
549300NJPM1WWOQIDG61,BARRY CALLEBAUT U.S.A. LLC,US,WILMINGTON,ACTIVE,Barry Callebaut,Barry Callebaut,1.0,exact name match after normalisation,yes,213800Y5RWKLDPUTT265,BARRY CALLEBAUT AG,CH
213800GF4MEUTT4LDS92,PT. BARRY CALLEBAUT COMEXTRA INDONESIA,ID,MAKASSAR,ACTIVE,Barry Callebaut,,1.0,"reports BARRY CALLEBAUT AG as ultimate parent, which belongs to this group",yes,213800Y5RWKLDPUTT265,BARRY CALLEBAUT AG,CH
213800ABJ6PEFZ19RR30,PT. BARRY CALLEBAUT INDONESIA,ID,BANDUNG,ACTIVE,Barry Callebaut,,1.0,"reports BARRY CALLEBAUT AG as ultimate parent, which belongs to this group",yes,213800Y5RWKLDPUTT265,BARRY CALLEBAUT AG,CH
54930028T23V2TTIMI54,"Ad Bel, Ltd.",US,Matthews,ACTIVE,Bel,Bel,1.0,exact name match after normalisation,yes,,,
5493005GNGE7UFJCIL03,BEL,FR,SURESNES,ACTIVE,Bel,Bel,1.0,exact name match after normalisation,yes,,,
549300SBM5ZUCLLI7C82,BEL BELGIUM,BE,Braine-l'Alleud,ACTIVE,Bel,Bel,1.0,exact name match after normalisation,yes,,,
549300P6WPYMCWUG5415,"BEL BRANDS USA, INC.",US,MADISON,ACTIVE,Bel,Bel,1.0,exact name match after normalisation,yes,,,
969500225I8A1CWK9S67,BEL GROUP HOLDING,FR,FERRIERE-SUR-BEAULIEU,ACTIVE,Bel,Bel,1.0,exact name match after normalisation,yes,,,
894500WMCLCPWBAF0785,BEL HOLDING,FR,Paris,ACTIVE,Bel,Bel,1.0,exact name match after normalisation,yes,,,
894500UMR30Q1YUJQV09,BEL HOLDING,FR,BOULOGNE BILLANCOURT,ACTIVE,Bel,Bel,1.0,exact name match after normalisation,yes,,,
549300Z6CJ2R2VM9B837,BEL HOLDING ApS,DK,Skovlunde,ACTIVE,Bel,Bel,1.0,exact name match after normalisation,yes,,,
213800LD6UQVFUDT5816,BEL HOLDINGS LIMITED,NZ,AUCKLAND,INACTIVE,Bel,Bel,1.0,exact name match after normalisation,not yet queried,,,
549300NP92OIU03CDG68,BEL POLSKA SPÓŁKA Z OGRANICZONĄ ODPOWIEDZIALNOŚCIĄ,PL,CHORZELE,ACTIVE,Bel,,1.0,"reports UNIBEL as ultimate parent, which belongs to this group",yes,969500DCGMF1DNOXFH76,UNIBEL,FR
815600935A572E546B11,BEL S.P.A.,IT,MILANO,ACTIVE,Bel,Bel,1.0,exact name match after normalisation,yes,,,
815600EF83CB2E35F159,BEL S.R.L.,IT,PADOVA,ACTIVE,Bel,Bel,1.0,exact name match after normalisation,yes,,,
549300U0W2L5COHDEX51,BEL SÝRY ČESKO A.S.,CZ,ŽELETAVA,ACTIVE,Bel,,1.0,"reports UNIBEL as ultimate parent, which belongs to this group",yes,969500DCGMF1DNOXFH76,UNIBEL,FR
549300G2SD0STPD8T823,BEL UK LIMITED,GB,SEVENOAKS,ACTIVE,Bel,Bel,1.0,exact name match after normalisation,yes,969500DCGMF1DNOXFH76,UNIBEL,FR
549300LW52VR8KV3RE10,BEL USA LLC,US,WILMINGTON,ACTIVE,Bel,Bel,1.0,exact name match after normalisation,yes,969500DCGMF1DNOXFH76,UNIBEL,FR
391200UGG27NHZSFC965,Bel Brands Deutschland GmbH,DE,Aschheim,ACTIVE,Bel,Bel,1.0,exact name match after normalisation,yes,,,
724500WZIJG0X9225J80,Bel Holding B.V.,NL,Oss,ACTIVE,Bel,Bel,1.0,exact name match after normalisation,yes,,,
875500AQ6HTOS2ZUFU63,Bel V,BE,Brussel,ACTIVE,Bel,Bel,1.0,exact name match after normalisation,yes,,,
724500JXL3W409STS808,F-Bel Holding B.V.,NL,Lisse,ACTIVE,Bel,Bel,1.0,exact name match after normalisation,yes,,,
5493007B0HZU5CY0JB56,FROMAGERIES BEL PRODUCTION FRANCE EN ABRÉGÉ F.B.P.F,FR,SURESNES,ACTIVE,Bel,,1.0,"reports UNIBEL as ultimate parent, which belongs to this group",yes,969500DCGMF1DNOXFH76,UNIBEL,FR
969500GRH54EA7YS1F77,K-BEL,FR,CONCARNEAU,ACTIVE,Bel,Bel,1.0,exact name match after normalisation,yes,,,
549300Z8OL5RY504Y670,ROYAL BEL LEERDAMMER B.V.,NL,LEERDAM,ACTIVE,Bel,,1.0,"reports UNIBEL as ultimate parent, which belongs to this group",yes,969500DCGMF1DNOXFH76,UNIBEL,FR
967600UMG5NKUKHRTZ73,V.D. BEL,BE,DEERLIJK,INACTIVE,Bel,Bel,1.0,exact name match after normalisation,not yet queried,,,
549300XQ946NCE51DR09,"BEYOND MEAT, INC.",US,DOVER,ACTIVE,Beyond Meat,Beyond Meat,1.0,exact name match after normalisation,yes,,,
254900B0BV5UFAV9BB16,AUGUSTEA BUNGE MARITIME LIMITED,MT,Floriana,ACTIVE,Bunge,Bunge,0.7,group name appears in legal name,yes,815600058D993AF48927,META S.R.L. - HOLDING DI PARTECIPAZIONE,IT
549300AFIC6U5OG5ZR42,BP Bunge Montevideo S.A.,UY,Montevideo,ACTIVE,Bunge,Bunge,0.7,group name appears in legal name,yes,,,
549300BP740S0NBYUS08,BUNGE ACUCAR E BIOENERGIA S.A.,BR,Orindiuva,ACTIVE,Bunge,Bunge,0.9,leading token matches group name,yes,,,
254900L9DNQ2NT71SY67,BUNGE AGRIBUSINESS (M) SDN. BHD.,MY,KUALA LUMPUR,ACTIVE,Bunge,Bunge,0.9,leading token matches group name,yes,254900IVXSV9K0B7PO26,Bunge Global SA,CH
549300PMM8X1VNPEHT48,BUNGE AGRIBUSINESS AUSTRALIA PTY LTD,AU,Melbourne,ACTIVE,Bunge,Bunge,0.9,leading token matches group name,yes,254900IVXSV9K0B7PO26,Bunge Global SA,CH
254900QHAFGSTFVSOE93,BUNGE AGRIBUSINESS IBERICA S.L.,ES,SANT JUST DESVERN,ACTIVE,Bunge,Bunge,0.9,leading token matches group name,yes,254900IVXSV9K0B7PO26,Bunge Global SA,CH
254900J7PNZASJY5AE13,BUNGE AGRIBUSINESS PHILS. I,PH,Pasig City,ACTIVE,Bunge,Bunge,0.9,leading token matches group name,yes,254900IVXSV9K0B7PO26,Bunge Global SA,CH
5493008TSMB27HBZFN17,BUNGE ALIMENTOS S/A,BR,Gaspar,ACTIVE,Bunge,Bunge,0.9,leading token matches group name,yes,254900IVXSV9K0B7PO26,Bunge Global SA,CH
549300DTJ8SU7C3DCV35,BUNGE ARGENTINA S A,AR,TANCACHA,ACTIVE,Bunge,Bunge,0.9,leading token matches group name,yes,254900IVXSV9K0B7PO26,Bunge Global SA,CH
5493000DM1JNU1X8WN78,BUNGE ASIA PTE. LTD.,SG,Singapore,ACTIVE,Bunge,Bunge,0.9,leading token matches group name,yes,254900IVXSV9K0B7PO26,Bunge Global SA,CH
5493006ESTXKQIJVR133,BUNGE ASSET FUNDING CORP.,US,WILMINGTON,ACTIVE,Bunge,Bunge,0.9,leading token matches group name,yes,,,
2549003VNK3BKJ5Q1J81,BUNGE AUSTRALIA PTY LTD,AU,Adelaide,ACTIVE,Bunge,Bunge,0.9,leading token matches group name,yes,254900IVXSV9K0B7PO26,Bunge Global SA,CH
5299003KMI5HK3ZCX910,BUNGE AUSTRIA GMBH,AT,BRUCK AN DER LEITHA,ACTIVE,Bunge,Bunge,0.9,leading token matches group name,yes,254900IVXSV9K0B7PO26,Bunge Global SA,CH
549300C56HU2HG786G69,BUNGE BIOCOMBUSTIBIL S.R.L.,RO,BUCHAREST,ACTIVE,Bunge,Bunge,0.9,leading token matches group name,yes,254900IVXSV9K0B7PO26,Bunge Global SA,CH
549300LF1VNPPCC86I95,BUNGE BRASIL HOLDINGS B.V.,NL,Rotterdam,ACTIVE,Bunge,Bunge,0.9,leading token matches group name,yes,254900IVXSV9K0B7PO26,Bunge Global SA,CH
5493005C3MRGJI6ZZF14,BUNGE CANADA,CA,REGINA,ACTIVE,Bunge,Bunge,0.9,leading token matches group name,yes,254900IVXSV9K0B7PO26,Bunge Global SA,CH
254900K1UQYCN92UZG52,BUNGE CANADA HOLDINGS I INC.,CA,Vancouver,ACTIVE,Bunge,Bunge,0.9,leading token matches group name,yes,254900IVXSV9K0B7PO26,Bunge Global SA,CH
254900UM4P453O5THV76,BUNGE CANADA HOLDINGS IV INC.,CA,Vancouver,ACTIVE,Bunge,Bunge,0.9,leading token matches group name,yes,254900IVXSV9K0B7PO26,Bunge Global SA,CH
549300SV3STYNZNBQQ50,BUNGE CANADA HOLDINGS IV INC.,CA,VANCOUVER,INACTIVE,Bunge,Bunge,0.9,leading token matches group name,not yet queried,,,
2549001HU8KVNH5ZR611,"BUNGE CENTRAL AMERICA, LLC",US,WILMINGTON,ACTIVE,Bunge,Bunge,0.9,leading token matches group name,yes,254900IVXSV9K0B7PO26,Bunge Global SA,CH
254900T9SWNB9L0L6O90,BUNGE CHEVRON AG RENEWABLES LLC,US,Wilmington,ACTIVE,Bunge,Bunge,0.9,leading token matches group name,yes,,,
549300J8QL1EE3OW6702,"BUNGE CHICAGO, LLC",US,WILMINGTON,ACTIVE,Bunge,Bunge,0.9,leading token matches group name,yes,254900IVXSV9K0B7PO26,Bunge Global SA,CH
549300O4K876MGNO5216,BUNGE CHILE SPA,CL,Las Condes,ACTIVE,Bunge,Bunge,0.9,leading token matches group name,yes,,,
213800DL5JO2MEHVUF53,BUNGE CZECH S.R.O.,CZ,USTI NAD LABEM,ACTIVE,Bunge,Bunge,0.9,leading token matches group name,yes,254900IVXSV9K0B7PO26,Bunge Global SA,CH
549300NYSN4OHM5H1344,BUNGE DANUBE TRADING SRL,RO,BUZAU,ACTIVE,Bunge,Bunge,0.9,leading token matches group name,yes,,,
529900XADM9YTWQP6N50,BUNGE DEUTSCHLAND GMBH,DE,MANNHEIM,ACTIVE,Bunge,Bunge,1.0,exact name match after normalisation,yes,254900IVXSV9K0B7PO26,Bunge Global SA,CH
549300718NORNCO3SU13,BUNGE FERTILIZANTES S/A,BR,SAO PAULO,ACTIVE,Bunge,Bunge,0.9,leading token matches group name,yes,,,
549300Z8EGALRVL4PZ44,BUNGE FINANCE B.V.,NL,ROTTERDAM,INACTIVE,Bunge,Bunge,0.9,leading token matches group name,not yet queried,,,
549300BIPDLRC1B3OO64,BUNGE FINANCE EUROPE B.V.,US,CHESTERFIELD,ACTIVE,Bunge,Bunge,0.9,leading token matches group name,yes,254900IVXSV9K0B7PO26,Bunge Global SA,CH
549300WRWN35F7T50R73,BUNGE FINANCE LIMITED,BM,Hamilton,ACTIVE,Bunge,Bunge,0.9,leading token matches group name,yes,,,
969500DF9OGO60KBB354,BUNGE FRANCE,FR,SAINT-NAZAIRE,ACTIVE,Bunge,Bunge,1.0,exact name match after normalisation,yes,254900IVXSV9K0B7PO26,Bunge Global SA,CH
98450007755ADD986553,BUNGE GIDA SANAYİ VE TİCARET ANONİM ŞİRKETİ,TR,MALTEPE,ACTIVE,Bunge,Bunge,0.9,leading token matches group name,yes,,,
MFNNMTRSCP4CHL481782,"BUNGE GLOBAL MARKETS, LLC",US,Wilmington,ACTIVE,Bunge,Bunge,0.9,leading token matches group name,yes,254900IVXSV9K0B7PO26,Bunge Global SA,CH
549300M7W41ZJU535O80,"BUNGE GLOBAL MARKETS, LTD.",BM,Hamilton,ACTIVE,Bunge,Bunge,0.9,leading token matches group name,yes,,,
549300G186482YTWGX06,BUNGE GRAIN SERVICES (BUNBURY) PTY LTD,AU,MELBOURNE,ACTIVE,Bunge,Bunge,0.9,leading token matches group name,yes,,,
549300D23MDJ5FQIYW86,BUNGE HANDELSGESELLSCHAFT MBH,DE,HAMBURG,ACTIVE,Bunge,Bunge,0.9,leading token matches group name,yes,254900IVXSV9K0B7PO26,Bunge Global SA,CH
5493004QI86YEXICY964,BUNGE HOLDINGS B.V.,NL,Rotterdam,ACTIVE,Bunge,Bunge,1.0,exact name match after normalisation,yes,254900IVXSV9K0B7PO26,Bunge Global SA,CH
9695007GAUU2YLY67287,BUNGE HOLDINGS FRANCE,FR,SAINT NAZAIRE,ACTIVE,Bunge,Bunge,1.0,exact name match after normalisation,yes,254900IVXSV9K0B7PO26,Bunge Global SA,CH
959800C5TVW5Q9H0A051,BUNGE IBERICA FINANCE SL,ES,MADRID,ACTIVE,Bunge,Bunge,0.9,leading token matches group name,yes,254900IVXSV9K0B7PO26,Bunge Global SA,CH
549300T6PSWUES70SJ67,BUNGE IBERICA S.A.,ES,Sant Just Desvern,ACTIVE,Bunge,Bunge,0.9,leading token matches group name,yes,254900IVXSV9K0B7PO26,Bunge Global SA,CH
5493007SBPFYXZZK2M97,BUNGE INDIA PRIVATE LIMITED,IN,MUMBAI,ACTIVE,Bunge,Bunge,0.9,leading token matches group name,yes,254900IVXSV9K0B7PO26,Bunge Global SA,CH
5493004OGOEZV5DNES90,BUNGE INDIA TRADING PRIVATE LIMITED,IN,MUMBAI,ACTIVE,Bunge,Bunge,0.9,leading token matches group name,yes,,,
549300JI3QFK7QPVJN57,BUNGE INVERSIONES SA,AR,TANCACHA,ACTIVE,Bunge,Bunge,0.9,leading token matches group name,yes,,,
959800BN1XT4STBWKT77,BUNGE INVESTMENT IBERICA SL,ES,MADRID,ACTIVE,Bunge,Bunge,0.9,leading token matches group name,yes,254900IVXSV9K0B7PO26,Bunge Global SA,CH
549300NY48ZUYMVOEX65,BUNGE ITALIA S.P.A.,IT,RAVENNA,ACTIVE,Bunge,Bunge,1.0,exact name match after normalisation,yes,254900IVXSV9K0B7PO26,Bunge Global SA,CH
549300FGY2PTQ6TV1J06,"BUNGE LATIN AMERICA, LLC",US,TALLAHASSEE,ACTIVE,Bunge,Bunge,0.9,leading token matches group name,yes,254900IVXSV9K0B7PO26,Bunge Global SA,CH
5493007M0RIN8HY3MM77,BUNGE LIMITED,BM,Hamilton,INACTIVE,Bunge,Bunge,1.0,exact name match after normalisation,not yet queried,,,
549300QHC068L40NNM71,BUNGE LIMITED FINANCE CORP.,US,WILMINGTON,ACTIVE,Bunge,Bunge,0.9,leading token matches group name,yes,254900IVXSV9K0B7PO26,Bunge Global SA,CH
254900LLP60TFTJ9RZ48,BUNGE LIPID ENZYMTEC SDN. BHD.,MY,Johor Bahru,ACTIVE,Bunge,Bunge,0.9,leading token matches group name,yes,,,
724500BK1S4GEH4FV180,BUNGE LODERS CROKLAAN B.V.,NL,Wormerveer,ACTIVE,Bunge,Bunge,0.9,leading token matches group name,yes,254900IVXSV9K0B7PO26,Bunge Global SA,CH
7245000E02Y7S40C2S50,BUNGE LODERS CROKLAAN GROUP B.V.,NL,ZAANSTAD,ACTIVE,Bunge,Bunge,0.9,leading token matches group name,yes,254900IVXSV9K0B7PO26,Bunge Global SA,CH
254900MPNJGDHJIWCL52,BUNGE LODERS CROKLAAN OILS SDN. BHD.,MY,Johor Bahru,ACTIVE,Bunge,Bunge,0.9,leading token matches group name,yes,,,
549300ISQIWNE484KW82,"BUNGE LODERS CROKLAAN USA, LLC",US,SPRINGFIELD,ACTIVE,Bunge,Bunge,0.9,leading token matches group name,yes,254900IVXSV9K0B7PO26,Bunge Global SA,CH
549300ANEF51VSAQ4L34,BUNGE LONDON LIMITED,GB,LONDON,INACTIVE,Bunge,Bunge,0.9,leading token matches group name,not yet queried,,,
549300KYB8ITCJ6KAA60,BUNGE MANAGEMENT SERVICES INC.,US,WILMINGTON,ACTIVE,Bunge,Bunge,0.9,leading token matches group name,yes,254900IVXSV9K0B7PO26,Bunge Global SA,CH
54930015VSTBRG5T0Y80,"BUNGE MILLING, INC.",US,Springfield,ACTIVE,Bunge,Bunge,0.9,leading token matches group name,yes,,,
254900BXCGBVFYXXNW64,"BUNGE N.A. HOLDINGS, INC.",US,WILMINGTON,ACTIVE,Bunge,Bunge,1.0,exact name match after normalisation,yes,254900IVXSV9K0B7PO26,Bunge Global SA,CH
213800189Z4MRVS36C14,BUNGE NETHERLANDS AGRI B.V.,NL,ROTTERDAM,ACTIVE,Bunge,Bunge,0.9,leading token matches group name,yes,,,
549300K1WK0OJH01TK05,BUNGE NETHERLANDS B.V.,NL,AMSTERDAM,ACTIVE,Bunge,Bunge,0.9,leading token matches group name,yes,254900IVXSV9K0B7PO26,Bunge Global SA,CH
984500C2BYC8EEC0DD78,BUNGE NEW ZEALAND LIMITED,NZ,Auckland,ACTIVE,Bunge,Bunge,0.9,leading token matches group name,yes,254900IVXSV9K0B7PO26,Bunge Global SA,CH
549300P7PBIOHKHSWV50,"BUNGE NORTH AMERICA, INC.",US,NEW YORK,ACTIVE,Bunge,Bunge,0.9,leading token matches group name,yes,254900IVXSV9K0B7PO26,Bunge Global SA,CH
5493004C3L6NTIZJP440,BUNGE NÖVÉNYOLAJIPARI ZÁRTKÖRŰEN MŰKÖDŐ RÉSZVÉNYTÁRSASÁG,HU,BUDAPEST,ACTIVE,Bunge,Bunge,0.9,leading token matches group name,yes,254900IVXSV9K0B7PO26,Bunge Global SA,CH
5493003RHIFUEESY4X44,BUNGE PARAGUAY SA,PY,Asuncion,ACTIVE,Bunge,Bunge,0.9,leading token matches group name,yes,,,
5493000LOQ1UOP1ZHG16,BUNGE PERU S.A.C.,PE,LIMA,ACTIVE,Bunge,Bunge,0.9,leading token matches group name,yes,254900IVXSV9K0B7PO26,Bunge Global SA,CH
549300L7HH4ZN00YPM93,BUNGE POLSKA SPÓŁKA Z OGRANICZONĄ ODPOWIEDZIALNOŚCIĄ,PL,KARCZEW,NULL,Bunge,Bunge,0.9,leading token matches group name,not yet queried,,,
549300TXEXWLA14UTG66,BUNGE POLSKA SPÓŁKA Z OGRANICZONĄ ODPOWIEDZIALNOŚCIĄ,PL,KRUSZWICA,ACTIVE,Bunge,Bunge,0.9,leading token matches group name,yes,254900IVXSV9K0B7PO26,Bunge Global SA,CH
549300C9US4UJ2V2FD88,BUNGE ROMANIA SRL,RO,BUZAU,ACTIVE,Bunge,Bunge,0.9,leading token matches group name,yes,254900IVXSV9K0B7PO26,Bunge Global SA,CH
549300PC872I5Y7SZX87,BUNGE SA,CH,GENEVA,ACTIVE,Bunge,Bunge,1.0,exact name match after normalisation,yes,254900IVXSV9K0B7PO26,Bunge Global SA,CH
549300SFHESZCYXZLK12,BUNGE SOUTH AFRICA,ZA,JOHANNESBURG,INACTIVE,Bunge,Bunge,0.9,leading token matches group name,not yet queried,,,
549300LJXN7KEH4L9462,BUNGE UK LIMITED,GB,LONDON,ACTIVE,Bunge,Bunge,1.0,exact name match after normalisation,yes,,,
213800GJJ2RXUYE8U554,BUNGE UK LIMITED,GB,THAME,ACTIVE,Bunge,Bunge,1.0,exact name match after normalisation,yes,,,
549300EMROU75ELRUZ19,"BUNGE USA AG HOLDINGS, LLC",US,DOVER,ACTIVE,Bunge,Bunge,1.0,exact name match after normalisation,yes,254900IVXSV9K0B7PO26,Bunge Global SA,CH
54930083S9RHF3AOS448,BUNGE USA AGRICULTURE LLC,US,WILMINGTON,ACTIVE,Bunge,Bunge,0.9,leading token matches group name,yes,,,
549300EUM3F2JSJ6QS07,"BUNGE USA GRAIN, LLC",US,Dover,ACTIVE,Bunge,Bunge,0.9,leading token matches group name,yes,254900IVXSV9K0B7PO26,Bunge Global SA,CH
254900J6RDQHZJIJDY81,"BUNGE USA, INC.",US,DOVER,ACTIVE,Bunge,Bunge,1.0,exact name match after normalisation,yes,254900IVXSV9K0B7PO26,Bunge Global SA,CH
549300MNRURMFRIB3G52,BUNGE VENTURES B.V.,NL,Rotterdam,ACTIVE,Bunge,Bunge,0.9,leading token matches group name,yes,254900IVXSV9K0B7PO26,Bunge Global SA,CH
549300VJ2V2PTJQWTR10,BUNGE ZA,ZA,JOHANNESBURG,ACTIVE,Bunge,Bunge,0.9,leading token matches group name,yes,254900IVXSV9K0B7PO26,Bunge Global SA,CH
549300LC5IVHDGUY3Y46,"BUNGE-SCF GRAIN, LLC",US,WILMINGTON,ACTIVE,Bunge,Bunge,0.9,leading token matches group name,yes,,,
254900NWIFYHC9GNG959,Bahri Bunge Dry Bulk DMCC,AE,Dubai,ACTIVE,Bunge,Bunge,0.7,group name appears in legal name,yes,,,
254900MHAM3NT71GHU18,"Bunge (Guangdong) Trading Co., Ltd.",CN,Z虎還,ACTIVE,Bunge,Bunge,0.9,leading token matches group name,yes,254900IVXSV9K0B7PO26,Bunge Global SA,CH
254900IZW280402R7G94,"Bunge Agri, S.A. de C.V.",MX,Zapopan,ACTIVE,Bunge,Bunge,0.9,leading token matches group name,yes,254900IVXSV9K0B7PO26,Bunge Global SA,CH
549300J3BQQSLFONGC55,Bunge Agritrade SA,UY,Montevideo,ACTIVE,Bunge,Bunge,0.9,leading token matches group name,yes,,,
72450019WCYMZ0XYZ296,Bunge Beheer B.V.,NL,Amsterdam,INACTIVE,Bunge,Bunge,0.9,leading token matches group name,not yet queried,,,
894500IHM3X4W5H7JM37,Bunge Beratungsgesellschaft mbH,DE,Schwanewede,ACTIVE,Bunge,Bunge,0.9,leading token matches group name,yes,,,
254900X3FNU3PW3VWU76,Bunge Company for Trading,SA,Riyadh,ACTIVE,Bunge,Bunge,0.9,leading token matches group name,yes,254900IVXSV9K0B7PO26,Bunge Global SA,CH
21380051HYEKWYFEWK04,Bunge Emissions Limited,VG,Road Town,ACTIVE,Bunge,Bunge,0.9,leading token matches group name,yes,,,
254900DU8NRK81D7H357,"Bunge Finance North America, Inc.",US,WILMINGTON,ACTIVE,Bunge,Bunge,0.9,leading token matches group name,yes,254900IVXSV9K0B7PO26,Bunge Global SA,CH
7437008G5BINQ6XYY609,Bunge Finland Oy,FI,Raisio,ACTIVE,Bunge,Bunge,0.9,leading token matches group name,yes,254900IVXSV9K0B7PO26,Bunge Global SA,CH
254900IVXSV9K0B7PO26,Bunge Global SA,CH,Geneva,ACTIVE,Bunge,Bunge,1.0,exact name match after normalisation,yes,,,
984500C7C7OBN6B5K642,Bunge GmbH & Co. KG,DE,Bönningstedt,ACTIVE,Bunge,Bunge,1.0,exact name match after normalisation,yes,,,
72450095M1G2J775W487,Bunge Holding B.V.,NL,Zoelmond,ACTIVE,Bunge,Bunge,1.0,exact name match after normalisation,yes,,,
5493001XUFHPMFBYVD07,"Bunge Holdings North America, Inc.",US,Jefferson City,ACTIVE,Bunge,Bunge,0.9,leading token matches group name,yes,,,
549300OT8JUQVY7CFP83,Bunge Loders Croklaan Canada Inc.,CA,Toronto,ACTIVE,Bunge,Bunge,0.9,leading token matches group name,yes,254900IVXSV9K0B7PO26,Bunge Global SA,CH
549300Z6TG0EHYG8OE22,Bunge Master Trust,US,Wilmington,ACTIVE,Bunge,Bunge,0.9,leading token matches group name,yes,,,
529900NAF41UE66QYD90,Bunge Philanthropic Foundation,LI,Vaduz,ACTIVE,Bunge,Bunge,0.9,leading token matches group name,yes,,,
254900SSQ0T5FZ90FQ62,Bunge QFC LLC,QA,Doha,ACTIVE,Bunge,Bunge,0.9,leading token matches group name,yes,254900IVXSV9K0B7PO26,Bunge Global SA,CH
2549002W7DV83DGCWV80,Bunge Rostock GmbH,DE,Rostock,ACTIVE,Bunge,Bunge,0.9,leading token matches group name,yes,254900IVXSV9K0B7PO26,Bunge Global SA,CH
724500H2IFOKBGENKH73,Bunge Securitization B.V.,NL,Amsterdam,ACTIVE,Bunge,Bunge,0.9,leading token matches group name,yes,,,
549300C3T1SYHPI4W619,Bunge US Pension Plan,US,Chesterfield,ACTIVE,Bunge,Bunge,0.9,leading token matches group name,yes,,,
549300IBY3K3EZT3UZ90,"Bunge USA Holdings, LLC",US,Dover,ACTIVE,Bunge,Bunge,1.0,exact name match after normalisation,yes,,,
549300YK17Z0R2X7K871,Bunge kulturhistoriska muséum,SE,Fårösund,ACTIVE,Bunge,Bunge,0.9,leading token matches group name,yes,,,
549300LNMNY3II2LBO34,CONTROLADORA BUNGE SA DE CV,MX,Mexico City,INACTIVE,Bunge,Bunge,0.7,group name appears in legal name,not yet queried,,,
9676008EUYHV8DA0UR03,INSTITUUT BORN-BUNGE VOOR WETENSCHAPPELIJK ONDERZOEK,BE,Wilrijk,ACTIVE,Bunge,Bunge,0.7,group name appears in legal name,yes,,,
5493003RX8D7VLQ3QS84,KONINKLIJKE BUNGE B.V.,NL,Rotterdam,ACTIVE,Bunge,Bunge,0.7,group name appears in legal name,yes,254900IVXSV9K0B7PO26,Bunge Global SA,CH
549300ODF1N4KEQO3582,"Molinos Bunge de Mexico, S.A. de C.V.",MX,Mexico City,ACTIVE,Bunge,Bunge,0.7,group name appears in legal name,yes,,,
54930065JEDH9SNU8N09,"Molinos Bunge, S.A. de C.V.",MX,Mexico City,ACTIVE,Bunge,Bunge,0.7,group name appears in legal name,yes,,,
2549003RPOYZZN0RYF47,PT Bunge Agribusiness Indonesia,ID,Jakarta,ACTIVE,Bunge,Bunge,0.7,group name appears in legal name,yes,254900IVXSV9K0B7PO26,Bunge Global SA,CH
549300TW8F0I3FWV3G26,"Servicios Molinos Bunge de Mexico, S.A. De C.V.",MX,Mexico City,ACTIVE,Bunge,Bunge,0.7,group name appears in legal name,yes,,,
9845009FDE43BD593D30,T. N. T. Bunge GmbH & Co. KG,DE,Bönningstedt,ACTIVE,Bunge,Bunge,1.0,exact name match after normalisation,yes,,,
529900KGSYZZ59Z15F05,Werner Bunge GmbH & Co. KG,DE,Hamburg,ACTIVE,Bunge,Bunge,0.7,group name appears in legal name,yes,,,
529900JFX8B3JBI18M57,"""Verzinkerei Bühler"" GmbH",DE,Herbertingen,ACTIVE,Bühler,Bühler,0.7,group name appears in legal name,yes,,,
529900UPMU62SPV5LX22,Autohaus Bühler e.K.,DE,Sasbach,ACTIVE,Bühler,Bühler,0.7,group name appears in legal name,yes,,,
335800SKYFJSWB297H28,BUHLER & SCHERLER (INDIA) PRIVATE LIMITED,IN,BANGALORE,ACTIVE,Bühler,Bühler,0.9,leading token matches group name,yes,,,
335800KX4DH863ZGW374,BUHLER (INDIA) PRIVATE LIMITED,IN,BANGALORE,ACTIVE,Bühler,Bühler,0.9,leading token matches group name,yes,,,
549300QUXH00W3KQYN63,BUHLER CAPITAL CORP.,US,Hazlet,ACTIVE,Bühler,Bühler,0.9,leading token matches group name,yes,,,
549300TSJBM3HXLR0J47,BUHLER INDUSTRIES INC.,CA,Winnipeg,ACTIVE,Bühler,Bühler,0.9,leading token matches group name,yes,,,
529900TM8TKOQPFUOS22,BUHLER S.P.A.,IT,Segrate,ACTIVE,Bühler,Bühler,1.0,exact name match after normalisation,yes,5299000M3BE5NH1Q8Y07,Bühler Holding AG,CH
52990061U833RQW56A95,BUHLER SA,ES,Madrid,ACTIVE,Bühler,Bühler,1.0,exact name match after normalisation,yes,5299000M3BE5NH1Q8Y07,Bühler Holding AG,CH
52990075A6JORGGCEA10,BUHLER SARL,FR,Villepinte,INACTIVE,Bühler,Bühler,1.0,exact name match after normalisation,not yet queried,,,
529900HNMEXYWN8GIU78,Betten-Bühler GmbH,DE,Erlangen,ACTIVE,Bühler,Bühler,0.7,group name appears in legal name,yes,,,
506700XRYU432C3IO120,Bosshard-Bühler & Co Aktiengesellschaft,CH,Wetzikon ZH 1,ACTIVE,Bühler,Bühler,0.7,group name appears in legal name,yes,,,
549300V64JHKW25JR973,"Buhler & Bitter, Inc.",US,Hazlet,ACTIVE,Bühler,Bühler,0.9,leading token matches group name,yes,,,
984500B8B5D62F01AF35,Buhler & Buhler Enterprise,US,ONIDA,ACTIVE,Bühler,Bühler,0.9,leading token matches group name,yes,,,
378900457CBBDF957093,Buhler (Pty) Ltd,ZA,Johannesburg,ACTIVE,Bühler,Bühler,1.0,exact name match after normalisation,yes,5299000M3BE5NH1Q8Y07,Bühler Holding AG,CH
549300YCR4EXRB8AWO35,"Buhler Family, L.L.P.",US,Onida,ACTIVE,Bühler,Bühler,0.9,leading token matches group name,yes,,,
5493009F57Z0HW4VSJ44,"Buhler Ford, Inc.",US,Eatontown,ACTIVE,Bühler,Bühler,0.9,leading token matches group name,yes,,,
549300FHVXBKH8968E61,Buhler Inc.,US,Plymouth,ACTIVE,Bühler,Bühler,1.0,exact name match after normalisation,yes,,,
52990067ED9JD56TMO62,Buhler Limited,GB,London,INACTIVE,Bühler,Bühler,1.0,exact name match after normalisation,not yet queried,,,
529900IS744JRVGHCZ19,Buhler Pakistan (Private) Ltd.,PK,Lahore,ACTIVE,Bühler,Bühler,0.9,leading token matches group name,yes,,,
549300WMJENSPHTT3D63,Buhler Quality Yarns Corporation,US,Atlanta,ACTIVE,Bühler,Bühler,0.9,leading token matches group name,yes,,,
VK155OF6ZKZLVWW1LD51,Buhler Realty LLC,US,Eatontown,ACTIVE,Bühler,Bühler,0.9,leading token matches group name,yes,,,
529900WO4CFWLNFYDV27,Buhler und Sohn Grundstücksverwaltungs-GbR,DE,Kaiserslautern,ACTIVE,Bühler,Bühler,0.9,leading token matches group name,yes,,,
529900PJVPQ8OHKV5R95,BÜHLER,FR,Haguenau,ACTIVE,Bühler,Bühler,1.0,exact name match after normalisation,yes,,,
5299005WQRSNRBZQUA11,BÜHLER UK LIMITED,GB,London,ACTIVE,Bühler,Bühler,1.0,exact name match after normalisation,yes,5299000M3BE5NH1Q8Y07,Bühler Holding AG,CH
984500F45A94B1F86542,Bühler & Bechtler Concept GmbH,DE,Gießen,ACTIVE,Bühler,Bühler,0.9,leading token matches group name,yes,,,
3912004UESPRD7LFGR26,Bühler + Neumaier GmbH & Co. KG,DE,Hofstetten,ACTIVE,Bühler,Bühler,0.9,leading token matches group name,yes,,,
529900FWCO3A8V31KT12,Bühler AG,CH,Uzwil,ACTIVE,Bühler,Bühler,1.0,exact name match after normalisation,yes,5299000M3BE5NH1Q8Y07,Bühler Holding AG,CH
529900N8PIDOIEBJIU53,Bühler Almere B.V.,NL,Almere,ACTIVE,Bühler,Bühler,0.9,leading token matches group name,yes,,,
529900W3NQNXP897P788,Bühler Alzenau GmbH,DE,Alzenau,ACTIVE,Bühler,Bühler,0.9,leading token matches group name,yes,5299000M3BE5NH1Q8Y07,Bühler Holding AG,CH
5299006LWHXLQESQ3T68,Bühler Beratung & Beteiligungen GmbH,DE,Mainz,ACTIVE,Bühler,Bühler,0.9,leading token matches group name,yes,,,
391200P993U5H0ET7329,Bühler BürgerEnergiegenossenschaft eG,DE,Bühl,ACTIVE,Bühler,Bühler,0.9,leading token matches group name,yes,,,
52990023R4GAGSVSGP82,Bühler CZ s.r.o.,CZ,Zamberk,ACTIVE,Bühler,Bühler,0.9,leading token matches group name,yes,5299000M3BE5NH1Q8Y07,Bühler Holding AG,CH
5067000AU706Q52TY918,Bühler Electricité SA,CH,Monthey,ACTIVE,Bühler,Bühler,0.9,leading token matches group name,yes,,,
529900M1FUGANO9O3D53,Bühler Entsorgung Besitz GmbH,DE,Bopfingen,ACTIVE,Bühler,Bühler,0.9,leading token matches group name,yes,,,
529900M6KW5SRKU6YF61,Bühler Food Equipment GmbH,AT,Leobendorf,ACTIVE,Bühler,Bühler,0.9,leading token matches group name,yes,,,
39120016W94AS4XX8790,Bühler GmbH,DE,Langenargen,ACTIVE,Bühler,Bühler,1.0,exact name match after normalisation,yes,,,
529900E1D8NNRS8NNU59,Bühler GmbH,DE,Beilngries,ACTIVE,Bühler,Bühler,1.0,exact name match after normalisation,yes,5299000M3BE5NH1Q8Y07,Bühler Holding AG,CH
529900FV64WTOABCIT76,Bühler GmbH,DE,Braunschweig,ACTIVE,Bühler,Bühler,1.0,exact name match after normalisation,yes,5299000M3BE5NH1Q8Y07,Bühler Holding AG,CH
529900ULSR7HLG4WJS57,Bühler GmbH,DE,Reichshof,ACTIVE,Bühler,Bühler,1.0,exact name match after normalisation,yes,5299000M3BE5NH1Q8Y07,Bühler Holding AG,CH
9845007470CD2E9CBF38,Bühler Grundstücksverwaltung GbR,DE,Ulm,ACTIVE,Bühler,Bühler,0.9,leading token matches group name,yes,,,
875500NU55N2915OUE30,Bühler Grundstücksverwaltungs - GmbH & Co KG,DE,Altensteig,ACTIVE,Bühler,Bühler,0.9,leading token matches group name,yes,,,
5299000M3BE5NH1Q8Y07,Bühler Holding AG,CH,Uzwil,ACTIVE,Bühler,Bühler,1.0,exact name match after normalisation,yes,,,
875500E62EY6ZH050L71,Bühler Hydraulik GmbH,DE,Pforzheim,ACTIVE,Bühler,Bühler,0.9,leading token matches group name,yes,,,
529900LWZUQH4GG0LR61,Bühler Immobilien Aktiengesellschaft,LI,Mauren,ACTIVE,Bühler,Bühler,0.9,leading token matches group name,yes,,,
529900W2Z2Q3ZK8Q1M91,Bühler Immobilien GmbH & Co. KG,DE,Tübingen,ACTIVE,Bühler,Bühler,0.9,leading token matches group name,yes,,,
529900WQSJQZ3KBOSM29,Bühler Motor GmbH,DE,Nürnberg,ACTIVE,Bühler,Bühler,0.9,leading token matches group name,yes,,,
315700RUBWHZVWPJO393,Bühler Motor s.r.o.,CZ,Hradec Králové,ACTIVE,Bühler,Bühler,0.9,leading token matches group name,yes,,,
5299001QO4JEXO8KLY59,Bühler Praha s.r.o.,CZ,Praha 4,ACTIVE,Bühler,Bühler,0.9,leading token matches group name,yes,,,
5299001N2U27XF8CAA82,Bühler Redex GmbH,DE,Pforzheim,INACTIVE,Bühler,Bühler,0.9,leading token matches group name,not yet queried,,,
529900XE4750V8UA1F78,Bühler Stahl- und Metallservice GmbH & Co. KG,DE,Pforzheim,ACTIVE,Bühler,Bühler,0.9,leading token matches group name,yes,,,
5299007XKKNYLT2IUY09,Bühler Technologies GmbH,DE,Ratingen,ACTIVE,Bühler,Bühler,0.9,leading token matches group name,yes,,,
894500M9A1721VOPL696,Bühler Vermögensverwaltung AG,CH,Leissigen,ACTIVE,Bühler,Bühler,0.9,leading token matches group name,yes,,,
529900ET544OT0UYSE56,Bühler Verwaltungs GmbH,DE,Tübingen,ACTIVE,Bühler,Bühler,0.9,leading token matches group name,yes,,,
529900GRQ6DZ2B88LZ09,Bühler Wafer Solutions GmbH,AT,Leobendorf,ACTIVE,Bühler,Bühler,0.9,leading token matches group name,yes,5299000M3BE5NH1Q8Y07,Bühler Holding AG,CH
894500N0Z9IP7EL4S465,Bühler Zelt- und Bühnensysteme GmbH,DE,Großeibstadt,ACTIVE,Bühler,Bühler,0.9,leading token matches group name,yes,,,
3912001ONYC20WZXNX81,Bühler-Bolstorff-Stiftung Berlin,DE,Berlin,ACTIVE,Bühler,Bühler,0.9,leading token matches group name,yes,,,
391200N09HNKEN1KYR31,Dachdeckermeisterbetrieb Philipp Bühler e.K.,DE,Kornwestheim,ACTIVE,Bühler,Bühler,0.7,group name appears in legal name,yes,,,
984500D4D40EABD95V33,Dipl.-Ing. Dr. Hermann Bühler GmbH,AT,Mödling,ACTIVE,Bühler,Bühler,0.7,group name appears in legal name,yes,,,
391200SCEEAB4REBUR89,Dr. Bühler Immobilien GmbH,DE,Freiburg im Breisgau,ACTIVE,Bühler,Bühler,0.7,group name appears in legal name,yes,,,
529900XWTR81QRH2ON36,Dr. Ingolf Bühler,AT,Mittersill,ACTIVE,Bühler,Bühler,0.7,group name appears in legal name,yes,,,
529900LQX3ZA6LWNE507,Druckerei Bühler GmbH,DE,Ludwigsburg,ACTIVE,Bühler,Bühler,0.7,group name appears in legal name,yes,,,
5067000I28111R48VE71,Ed. Bühler Holding AG,CH,Feldbrunnen,ACTIVE,Bühler,Bühler,0.7,group name appears in legal name,yes,,,
984500F3E8F87I8CC971,Eugén Bühler Aktiebolag,SE,LERUM,ACTIVE,Bühler,Bühler,0.7,group name appears in legal name,yes,,,
529900WDLEFUHVDKI867,Friedrich Bühler GmbH & Co. KG.,DE,Altensteig,ACTIVE,Bühler,Bühler,0.7,group name appears in legal name,yes,,,
391200966VRZQ6ESFA32,GBG Gerüstbaugesellschaft Alexander Bühler mbH,DE,Friedrichsthal,ACTIVE,Bühler,Bühler,0.7,group name appears in legal name,yes,,,
335800THHW5EQBS1HW05,HANUMAN (BUHLER) RICE INDUSTRIES,IN,TUMAKURU,ACTIVE,Bühler,Bühler,0.7,group name appears in legal name,yes,,,
391200RDT9BXU5CML947,IMMOBILIENSACHVERSTAENDIGER.DE BÜHLER & REHKUGLER Gruppe Immobilienbewertung GmbH,DE,Langenargen,ACTIVE,Bühler,Bühler,0.7,group name appears in legal name,yes,,,
967600P2H66GFF6UIZ49,Ingenieurgesellschaft Bühler mbH,DE,Altensteig,ACTIVE,Bühler,Bühler,0.7,group name appears in legal name,yes,,,
529900N0A5FLWL7VIP97,Julius Bühler Stiftung,LI,Mauren,ACTIVE,Bühler,Bühler,0.7,group name appears in legal name,yes,,,
5493003ILYYEPCUQIU86,KURT BÜHLER BUSREISEN,CH,GLARUS,ACTIVE,Bühler,Bühler,0.7,group name appears in legal name,yes,,,
391200VTHITXBDTVRC05,Max-und Erni-Bühler-Stiftung,DE,Leinfelden-Echterdingen,ACTIVE,Bühler,Bühler,0.7,group name appears in legal name,yes,,,
549300F8MEDU7YVEFP68,Pensionskasse Attika der Bühler AG,CH,Uzwil,ACTIVE,Bühler,Bühler,0.7,group name appears in legal name,yes,,,
549300LBRFIGN3FMF088,Pensionskasse Bühler AG Uzwil,CH,Uzwil,ACTIVE,Bühler,Bühler,0.7,group name appears in legal name,yes,,,
724500E7NOPLDQDD4N89,Stichting Fonds Mejuffrouw Buhler,NL,Barendrecht,ACTIVE,Bühler,Bühler,0.7,group name appears in legal name,yes,,,
5299007KRBLX08AX9398,Thomas Bühler Vermögensverwaltungs GmbH,DE,Heroldsberg,ACTIVE,Bühler,Bühler,0.7,group name appears in legal name,yes,,,
549300FT9TL2CAHYJD96,"Unified School District No. 313, Reno County, Kansas (Buhler)",US,Buhler,ACTIVE,Bühler,Bühler,0.7,group name appears in legal name,yes,,,
506700R47IX199799Y69,Wohlfahrtsstiftung der Hermann Bühler AG in Liquidation,CH,Winterthur,INACTIVE,Bühler,Bühler,0.7,group name appears in legal name,not yet queried,,,
549300BNVAZSBXNO1M49,C.I. CARGILL DE COLOMBIA LTDA,CO,BOGOTA,ACTIVE,Cargill,Cargill,0.9,leading token matches group name,yes,,,
213800TFB7Z4Y1G6U923,C.W. & J. CARGILL LIMITED,GB,SAXMUNDHAM,ACTIVE,Cargill,Cargill,1.0,exact name match after normalisation,yes,,,
549300NZSXE6KGPUDV96,CARGILL (MALAYSIA) SDN. BHD.,MY,KUALA LUMPUR,ACTIVE,Cargill,Cargill,0.9,leading token matches group name,yes,QXZYQNMR4JZ5RIRN4T31,"CARGILL, INCORPORATED",US
5493006NUHDJ0PRYP584,CARGILL A/S,DK,GLADSAXE,INACTIVE,Cargill,Cargill,1.0,exact name match after normalisation,not yet queried,,,
549300U0OW7MTGABUC92,CARGILL AFRICA INVESTMENTS LIMITED,KY,GEORGE TOWN,ACTIVE,Cargill,Cargill,0.9,leading token matches group name,yes,,,
549300X9EO72T5MKYP77,CARGILL AGRICOLA S A,BR,SAO PAULO,ACTIVE,Cargill,Cargill,0.9,leading token matches group name,yes,,,
54930072C4KEKQZIYF97,CARGILL AGRICULTURA SRL,RO,BUCHAREST,ACTIVE,Cargill,Cargill,0.9,leading token matches group name,yes,QXZYQNMR4JZ5RIRN4T31,"CARGILL, INCORPORATED",US
549300WBZE38YLLUCM34,CARGILL AGROPECUARIA SACI,PY,MINGA GUAZU,ACTIVE,Cargill,Cargill,0.9,leading token matches group name,yes,,,
549300MGSVMQ2DY04740,CARGILL ALIMENTOS LTDA,BR,ITAPIRA,ACTIVE,Cargill,Cargill,0.9,leading token matches group name,yes,,,
549300OVGK1TVADUFD73,CARGILL AMERICAS PERU S.R.L.,PE,SAN ISIDRO,ACTIVE,Cargill,Cargill,0.9,leading token matches group name,yes,,,
549300E6DW7CY69EJP08,"CARGILL AMERICAS, INC.",US,WILMINGTON,ACTIVE,Cargill,Cargill,0.9,leading token matches group name,yes,,,
549300GG1D00QKTCWB53,CARGILL ANDEAN AGRIBUSINESS B.V.,NL,HAARLEMMERMEER,ACTIVE,Cargill,Cargill,0.9,leading token matches group name,yes,,,
549300I5T6JP94LWB389,CARGILL ANDEAN AGRIBUSINESS LUXEMBOURG S.A R.L.,LU,LUXEMBOURG,INACTIVE,Cargill,Cargill,0.9,leading token matches group name,not yet queried,,,
549300L3W4YX0EXYQN04,CARGILL ANDEAN HOLDING LUXEMBOURG S.A R.L.,LU,LUXEMBOURG,ACTIVE,Cargill,Cargill,0.9,leading token matches group name,yes,,,
549300EV3C2M21SKRB28,CARGILL AQUAFEED SPAIN SL,ES,BARCELONA,ACTIVE,Cargill,Cargill,0.9,leading token matches group name,yes,QXZYQNMR4JZ5RIRN4T31,"CARGILL, INCORPORATED",US
5493004XZPZSK8QE0X54,CARGILL AS,NO,BERGEN,ACTIVE,Cargill,Cargill,1.0,exact name match after normalisation,yes,,,
549300VZ2MEQNW4EVY13,CARGILL ASIA PACIFIC HOLDINGS PTE. LTD.,SG,SINGAPORE,ACTIVE,Cargill,Cargill,0.9,leading token matches group name,yes,QXZYQNMR4JZ5RIRN4T31,"CARGILL, INCORPORATED",US
549300ZFQNC527X1T232,CARGILL ASIA PACIFIC TREASURY LTD,SG,SINGAPORE,ACTIVE,Cargill,Cargill,0.9,leading token matches group name,yes,,,
5493001DLXSQ807GTQ97,CARGILL AUSTRALIA LIMITED,AU,MELBOURNE,ACTIVE,Cargill,Cargill,0.9,leading token matches group name,yes,,,
549300MFZDUYAITUMC39,CARGILL AUSTRIA HANDELSGESELLSCHAFT M.B.H.,AT,WELS,INACTIVE,Cargill,Cargill,0.9,leading token matches group name,not yet queried,,,
60JPPD3G1GUIPIJAI202,CARGILL B.V.,NL,ZAANSTAD,ACTIVE,Cargill,Cargill,1.0,exact name match after normalisation,yes,QXZYQNMR4JZ5RIRN4T31,"CARGILL, INCORPORATED",US
549300TI4NMD72BRJJ43,CARGILL BIOENERGIA LTDA.,BR,SAO PAULO,ACTIVE,Cargill,Cargill,0.9,leading token matches group name,yes,,,
549300B5ALGB4HZFWU97,CARGILL BIOINDUSTRIAL,NL,GOUDA,ACTIVE,Cargill,Cargill,0.9,leading token matches group name,yes,,,
549300XOVM3Z4FXDHG73,CARGILL BIOINDUSTRIAL GERMANY GMBH,DE,DUSSELDORF,ACTIVE,Cargill,Cargill,0.9,leading token matches group name,yes,,,
549300KJVNTYF9V0GX02,CARGILL BIOINDUSTRIAL ITALY S.R.L.,IT,MILAN,ACTIVE,Cargill,Cargill,0.9,leading token matches group name,yes,,,
549300N12R1JYHC2AQ45,CARGILL BIOINDUSTRIAL SINGAPORE PTE. LTD.,SG,SINGAPORE,ACTIVE,Cargill,Cargill,0.9,leading token matches group name,yes,,,
549300G1JCHENMRUJC72,CARGILL BIOINDUSTRIAL UK HOLDING LIMITED,GB,WEYBRIDGE,ACTIVE,Cargill,Cargill,0.9,leading token matches group name,yes,,,
549300KLFEQ1VIYXIX40,CARGILL BIOINDUSTRIAL UK LIMITED,GB,LONDON,ACTIVE,Cargill,Cargill,0.9,leading token matches group name,yes,,,
5493000V8MEVW33YZ660,CARGILL BRAZIL HOLDINGS B.V.,NL,HAARLEMMERMEER,INACTIVE,Cargill,Cargill,0.9,leading token matches group name,not yet queried,,,
549300MICPCCZ160RY49,CARGILL BRAZIL HOLDINGS II B.V.,NL,HAARLEMMERMEER,INACTIVE,Cargill,Cargill,0.9,leading token matches group name,not yet queried,,,
549300RW2B58GDFQKW56,CARGILL BUSINESS SERVICES INDIA PRIVATE LIMITED,IN,NEW DELHI,ACTIVE,Cargill,Cargill,0.9,leading token matches group name,yes,QXZYQNMR4JZ5RIRN4T31,"CARGILL, INCORPORATED",US
549300VWW4R7QBH24Q95,CARGILL BVBA,BE,GHENT,INACTIVE,Cargill,Cargill,0.9,leading token matches group name,not yet queried,,,
549300W2GHT23EY52J68,CARGILL CACAO ET CHOCOLAT FRANCE SAS,FR,PARIS,ACTIVE,Cargill,Cargill,0.9,leading token matches group name,yes,QXZYQNMR4JZ5RIRN4T31,"CARGILL, INCORPORATED",US
549300YORVFEYSF53593,CARGILL CARBON MARKETS B.V.,NL,SCHIPHO,ACTIVE,Cargill,Cargill,0.9,leading token matches group name,yes,,,
549300Q5W46J16XYH317,CARGILL CENTRAL AMERICAN HOLDINGS SL,ES,BARCELONA,INACTIVE,Cargill,Cargill,0.9,leading token matches group name,not yet queried,,,
549300QZ8URJ5LD6OT87,CARGILL CEREALE SRL,RO,BUCHAREST,ACTIVE,Cargill,Cargill,0.9,leading token matches group name,yes,QXZYQNMR4JZ5RIRN4T31,"CARGILL, INCORPORATED",US
5493006M7C5XVYQOC238,CARGILL CHILE HOLDINGS B.V.,NL,AMSTERDAM,ACTIVE,Cargill,Cargill,0.9,leading token matches group name,yes,,,
549300JM3EHZ1BLWOU08,CARGILL CHOCOLATE BELGIUM,BE,MOUSCRON,ACTIVE,Cargill,Cargill,0.9,leading token matches group name,yes,QXZYQNMR4JZ5RIRN4T31,"CARGILL, INCORPORATED",US
549300Y8K0U1B4DN6J90,CARGILL CHOCOLATE MANAGE,BE,MOUSCRON,ACTIVE,Cargill,Cargill,0.9,leading token matches group name,yes,QXZYQNMR4JZ5RIRN4T31,"CARGILL, INCORPORATED",US
549300597SHTMUFZOS79,CARGILL CHOCOLATE UK LIMITED,GB,BISHOP'S STORTFORD,INACTIVE,Cargill,Cargill,0.9,leading token matches group name,not yet queried,,,
54930045RD0Y9HS35516,"CARGILL COCOA & CHOCOLATE, INC.",US,WILMINGTON,ACTIVE,Cargill,Cargill,0.9,leading token matches group name,yes,,,
5493000ME5KF9L6OHB21,CARGILL COCOA VENTURES LIMITED,KY,GEORGE TOWN,ACTIVE,Cargill,Cargill,0.9,leading token matches group name,yes,,,
549300CZVJLBIKUG0W13,CARGILL COMMODITIES TRADING S.R.L.,UY,MONTEVIDEO,ACTIVE,Cargill,Cargill,0.9,leading token matches group name,yes,,,
549300SESLC4YZ3GLL87,CARGILL COMMODITY SERVICES INC.,US,WILMINGTON,ACTIVE,Cargill,Cargill,0.9,leading token matches group name,yes,,,
549300X917L1Q8UQBL89,CARGILL COMMODITY SERVICES SARL,CH,GENEVA,ACTIVE,Cargill,Cargill,0.9,leading token matches group name,yes,,,
5493002YH16CQQEKD863,"CARGILL COPPER, LLC",US,Wilmington,ACTIVE,Cargill,Cargill,0.9,leading token matches group name,yes,,,
5493002RUEWU0BNCZG09,CARGILL COTTON LIMITED,GB,WEYBRIDGE,ACTIVE,Cargill,Cargill,0.9,leading token matches group name,yes,QXZYQNMR4JZ5RIRN4T31,"CARGILL, INCORPORATED",US
5493002ZLQ4I50WD9Q68,"CARGILL DE HONDURAS, S. DE R.L.",HN,VILLANUEVA,ACTIVE,Cargill,Cargill,0.9,leading token matches group name,yes,,,
549300EOP3O3IFD6CE89,CARGILL DE MEXICO SA DE CV,MX,MEXICO,ACTIVE,Cargill,Cargill,0.9,leading token matches group name,yes,,,
549300XQQVQN8PM5PI03,CARGILL DE NICARAGUA S.A.,NI,MASAYA,ACTIVE,Cargill,Cargill,0.9,leading token matches group name,yes,,,
549300HLRA16UDQVWT18,CARGILL DEL ECUADOR CARGILLECUADOR CIA. LTDA.,EC,DURAN,ACTIVE,Cargill,Cargill,0.9,leading token matches group name,yes,,,
549300CKSNH5CD6Q0H42,CARGILL DEUTSCHLAND GMBH,DE,DUESSELDORF,ACTIVE,Cargill,Cargill,1.0,exact name match after normalisation,yes,QXZYQNMR4JZ5RIRN4T31,"CARGILL, INCORPORATED",US
549300OVV244QSLHRC15,CARGILL DONGGUAN HOLDINGS PTE. LTD,SG,SINGAPORE,ACTIVE,Cargill,Cargill,0.9,leading token matches group name,yes,,,
213800PP5R4QI9RLIV33,"CARGILL DRY CORN INGREDIENTS, INC.",US,WILMINGTON,ACTIVE,Cargill,Cargill,0.9,leading token matches group name,yes,,,
549300ENNNKHT4RQU533,CARGILL EGYPT HOLDING I B.V.,NL,HAARLEMMERMEER,ACTIVE,Cargill,Cargill,0.9,leading token matches group name,yes,QXZYQNMR4JZ5RIRN4T31,"CARGILL, INCORPORATED",US
549300K7617KV5XGWR58,"CARGILL ENERGY TRADING CANADA, INC.",US,WILMINGTON,ACTIVE,Cargill,Cargill,0.9,leading token matches group name,yes,QXZYQNMR4JZ5RIRN4T31,"CARGILL, INCORPORATED",US
549300JEN4XC5PBHQ163,CARGILL EURIT S.R.L.,IT,MILAN,ACTIVE,Cargill,Cargill,0.9,leading token matches group name,yes,QXZYQNMR4JZ5RIRN4T31,"CARGILL, INCORPORATED",US
549300QIILZ7QUDDH462,CARGILL EUROFINANCE B.V.,NL,HAARLEMMERMEER,ACTIVE,Cargill,Cargill,0.9,leading token matches group name,yes,,,
213800XIMIYOKRPTIQ71,CARGILL FERROUS TRADING NETHERLANDS B.V.,NL,SCHIPHOL,ACTIVE,Cargill,Cargill,0.9,leading token matches group name,yes,,,
5493001O13NG2S7OUX63,CARGILL FINANCIAL MARKETS LIMITED,GB,LONDON,ACTIVE,Cargill,Cargill,0.9,leading token matches group name,yes,QXZYQNMR4JZ5RIRN4T31,"CARGILL, INCORPORATED",US
549300B1DTDM4A26JQ51,CARGILL FINANCIAL SERVICES 2 CV,NL,HAARLEMMERMEER,ACTIVE,Cargill,Cargill,0.9,leading token matches group name,yes,QXZYQNMR4JZ5RIRN4T31,"CARGILL, INCORPORATED",US
549300ZTELXOFOOW6X63,CARGILL FINANCIAL SERVICES 3 CV,NL,HAARLEMMERMEER,ACTIVE,Cargill,Cargill,0.9,leading token matches group name,yes,QXZYQNMR4JZ5RIRN4T31,"CARGILL, INCORPORATED",US
5493002V6CQ2VCINUC95,CARGILL FINANCIAL SERVICES 4 CV,NL,HAARLEMMERMEER,INACTIVE,Cargill,Cargill,0.9,leading token matches group name,not yet queried,,,
TJMXPQ7MCONNKL7RVM67,CARGILL FINANCIAL SERVICES CORPORATION,US,WILMINGTON,ACTIVE,Cargill,Cargill,0.9,leading token matches group name,yes,,,
549300J7YP20WN7RHC28,CARGILL FINANCIAL SERVICES EUROPE B.V.,NL,HAARLEMMERMEER,ACTIVE,Cargill,Cargill,0.9,leading token matches group name,yes,QXZYQNMR4JZ5RIRN4T31,"CARGILL, INCORPORATED",US
5493009I2BLWUPVFNC67,CARGILL FINANCIAL SERVICES EUROPE LIMITED,GB,LONDON,ACTIVE,Cargill,Cargill,0.9,leading token matches group name,yes,QXZYQNMR4JZ5RIRN4T31,"CARGILL, INCORPORATED",US
EK36JSPFYM1OUH6SMN21,"CARGILL FINANCIAL SERVICES INTERNATIONAL, INC.",US,WILMINGTON,ACTIVE,Cargill,Cargill,0.9,leading token matches group name,yes,,,
549300ST2YOGZ1S5QM17,"CARGILL FINANCIAL SOLUTIONS, LLC",US,PARK RIDGE,ACTIVE,Cargill,Cargill,0.9,leading token matches group name,yes,,,
549300YXCBRT8JD6U859,CARGILL FOOD INGREDIENTS DEUTSCHLAND GMBH,DE,DUESSELDORF,ACTIVE,Cargill,Cargill,1.0,exact name match after normalisation,yes,QXZYQNMR4JZ5RIRN4T31,"CARGILL, INCORPORATED",US
5493006DCL0KBJGZ6K09,CARGILL FOOD INGREDIENTS SDN. BHD.,MY,KUALA LUMPUR,ACTIVE,Cargill,Cargill,0.9,leading token matches group name,yes,QXZYQNMR4JZ5RIRN4T31,"CARGILL, INCORPORATED",US
549300TS0UA0T8EE1N63,CARGILL FOOD SYSTEMS LIMITED,GB,WEYBRIDGE,INACTIVE,Cargill,Cargill,0.9,leading token matches group name,not yet queried,,,
549300MR4XVBD5MLF874,CARGILL FOODS FRANCE,FR,PARIS,ACTIVE,Cargill,Cargill,1.0,exact name match after normalisation,yes,QXZYQNMR4JZ5RIRN4T31,"CARGILL, INCORPORATED",US
549300DULXILUP46OS62,CARGILL FOODS LIMITED,GB,NORWICH,INACTIVE,Cargill,Cargill,1.0,exact name match after normalisation,not yet queried,,,
5493002OOWLD5XXX1X70,CARGILL FRANCE,FR,PARIS,ACTIVE,Cargill,Cargill,1.0,exact name match after normalisation,yes,QXZYQNMR4JZ5RIRN4T31,"CARGILL, INCORPORATED",US
5493000JULJFT3ARCI35,CARGILL GHANA LIMITED,GH,TEMA,ACTIVE,Cargill,Cargill,0.9,leading token matches group name,yes,QXZYQNMR4JZ5RIRN4T31,"CARGILL, INCORPORATED",US
QP3XKRKS0CX2T3O07L95,CARGILL GLOBAL FUNDING PLC,GB,LONDON,ACTIVE,Cargill,Cargill,0.9,leading token matches group name,yes,QXZYQNMR4JZ5RIRN4T31,"CARGILL, INCORPORATED",US
549300UAB2X1SP90FI48,CARGILL GLOBAL INVESTMENTS LIMITED,KY,GEORGE TOWN,ACTIVE,Cargill,Cargill,0.9,leading token matches group name,yes,,,
549300N7O62RSIW7YH50,CARGILL GLOBAL TRADING (GIBRALTAR) LIMITED,GI,GIBRALTAR,ACTIVE,Cargill,Cargill,0.9,leading token matches group name,yes,,,
549300L4TLK3D5Y02L91,CARGILL GLOBAL TRADING (UK) LIMITED,GB,LONDON,ACTIVE,Cargill,Cargill,1.0,exact name match after normalisation,yes,QXZYQNMR4JZ5RIRN4T31,"CARGILL, INCORPORATED",US
549300EMPRNFRH1S5T87,CARGILL GLOBAL TRADING INDIA PRIVATE LIMITED,IN,NEW DELHI,INACTIVE,Cargill,Cargill,0.9,leading token matches group name,not yet queried,,,
549300MIJEDL5AK1WP52,CARGILL GLOBAL VENTURES LIMITED,KY,GEORGE TOWN,ACTIVE,Cargill,Cargill,0.9,leading token matches group name,yes,,,
549300DFYDW3H1J5BO07,CARGILL GMBH,DE,DÜSSELDORF,ACTIVE,Cargill,Cargill,1.0,exact name match after normalisation,yes,QXZYQNMR4JZ5RIRN4T31,"CARGILL, INCORPORATED",US
549300FFFGGUOZ18UQ21,CARGILL HAUBOURDIN SAS,BE,VILVOORDE,ACTIVE,Cargill,Cargill,0.9,leading token matches group name,yes,,,
549300BRXVRTFR83ZO34,CARGILL HAUBOURDIN SAS,FR,HAUBOURDIN,ACTIVE,Cargill,Cargill,0.9,leading token matches group name,yes,QXZYQNMR4JZ5RIRN4T31,"CARGILL, INCORPORATED",US
549300ZL0JR4UKMAX047,CARGILL HOLDING (GERMANY) GMBH,DE,DÜSSELDORF,ACTIVE,Cargill,Cargill,0.9,leading token matches group name,yes,QXZYQNMR4JZ5RIRN4T31,"CARGILL, INCORPORATED",US
549300CIM2TMPFWM4434,CARGILL HOLDINGS,GB,LONDON,ACTIVE,Cargill,Cargill,1.0,exact name match after normalisation,yes,QXZYQNMR4JZ5RIRN4T31,"CARGILL, INCORPORATED",US
549300KVE561DZG2Z829,CARGILL HOLDINGS (MALAYSIA) SDN. BHD.,MY,KUALA LUMPUR,ACTIVE,Cargill,Cargill,0.9,leading token matches group name,yes,QXZYQNMR4JZ5RIRN4T31,"CARGILL, INCORPORATED",US
549300GBUPMGCJKX3180,CARGILL HOLDINGS B.V.,NL,HAARLEMMERMEER,ACTIVE,Cargill,Cargill,1.0,exact name match after normalisation,yes,QXZYQNMR4JZ5RIRN4T31,"CARGILL, INCORPORATED",US
5493005A6J27MD85Y831,CARGILL HOLDINGS II B.V.,NL,HAARLEMMERMEER,ACTIVE,Cargill,Cargill,0.9,leading token matches group name,yes,QXZYQNMR4JZ5RIRN4T31,"CARGILL, INCORPORATED",US
549300NFER5DWUFXFQ98,CARGILL IB LLC,US,WILMINGTON,ACTIVE,Cargill,Cargill,0.9,leading token matches group name,yes,QXZYQNMR4JZ5RIRN4T31,"CARGILL, INCORPORATED",US
5493005YHT8MUSVN3020,CARGILL INDIA PRIVATE LIMITED,IN,GURGAON,ACTIVE,Cargill,Cargill,0.9,leading token matches group name,yes,QXZYQNMR4JZ5RIRN4T31,"CARGILL, INCORPORATED",US
5493003QOK2JA6V2XZ97,CARGILL INTEGRA (IRELAND) LIMITED,IE,SWORDS,INACTIVE,Cargill,Cargill,0.9,leading token matches group name,not yet queried,,,
549300KF2VT7I5XLH711,CARGILL INTEGRA (UK) LIMITED,GB,NORWICH,INACTIVE,Cargill,Cargill,0.9,leading token matches group name,not yet queried,,,
549300L4TLJXBE4LGA31,CARGILL INTERNATIONAL AM S.À R.L.,LU,LUXEMBOURG,INACTIVE,Cargill,Cargill,0.9,leading token matches group name,not yet queried,,,
549300FMMW16O6Q4AA61,CARGILL INTERNATIONAL LUXEMBOURG 1 S.À R.L,LU,LUXEMBOURG,ACTIVE,Cargill,Cargill,0.9,leading token matches group name,yes,,,
549300WJ13Z1D0BP4L37,CARGILL INTERNATIONAL LUXEMBOURG 12 S. À R.L,LU,LUXEMBOURG,ACTIVE,Cargill,Cargill,0.9,leading token matches group name,yes,,,
549300CL4DFYHMJ9OQ58,CARGILL INTERNATIONAL LUXEMBOURG 14 S.À R.L.,LU,LUXEMBOURG,ACTIVE,Cargill,Cargill,0.9,leading token matches group name,yes,,,
5493004HXPLUIGRO6610,CARGILL INTERNATIONAL LUXEMBOURG 15 S.À R.L.,LU,LUXEMBOURG,ACTIVE,Cargill,Cargill,0.9,leading token matches group name,yes,,,
549300IYDTE3FU4IQI10,CARGILL INTERNATIONAL LUXEMBOURG 16 S.À R.L.,LU,LUXEMBOURG,ACTIVE,Cargill,Cargill,0.9,leading token matches group name,yes,,,
549300ELIJHEWEBNCH97,CARGILL INTERNATIONAL LUXEMBOURG 17 S.À R.L.,LU,LUXEMBOURG,ACTIVE,Cargill,Cargill,0.9,leading token matches group name,yes,QXZYQNMR4JZ5RIRN4T31,"CARGILL, INCORPORATED",US
549300JYBD82ZT4PKE81,CARGILL INTERNATIONAL LUXEMBOURG 19 S.À R.L.,LU,LUXEMBOURG,ACTIVE,Cargill,Cargill,0.9,leading token matches group name,yes,,,
549300AGWZ0YNE84EI44,CARGILL INTERNATIONAL LUXEMBOURG 2 S. À R.L,LU,LUXEMBOURG,ACTIVE,Cargill,Cargill,0.9,leading token matches group name,yes,QXZYQNMR4JZ5RIRN4T31,"CARGILL, INCORPORATED",US
5493007KJP30442XWV77,CARGILL INTERNATIONAL LUXEMBOURG 20 S.À R.L.,LU,LUXEMBOURG,INACTIVE,Cargill,Cargill,0.9,leading token matches group name,not yet queried,,,
549300L1JUUR12MIO282,CARGILL INTERNATIONAL LUXEMBOURG 22 S.À R.L.,LU,LUXEMBOURG,INACTIVE,Cargill,Cargill,0.9,leading token matches group name,not yet queried,,,
222100H89ZYHMH1K1M15,CARGILL INTERNATIONAL LUXEMBOURG 23 S. À R.L.,LU,LUXEMBOURG,ACTIVE,Cargill,Cargill,0.9,leading token matches group name,yes,,,
222100J202XBCG2MHC32,CARGILL INTERNATIONAL LUXEMBOURG 24 S. À R.L.,LU,LUXEMBOURG,ACTIVE,Cargill,Cargill,0.9,leading token matches group name,yes,,,
222100EC3HY9R0KFQT68,CARGILL INTERNATIONAL LUXEMBOURG 25 S. À R.L.,LU,LUXEMBOURG,ACTIVE,Cargill,Cargill,0.9,leading token matches group name,yes,,,
222100FLN0EZC2FN1681,CARGILL INTERNATIONAL LUXEMBOURG 26 S. À R.L.,LU,LUXEMBOURG,INACTIVE,Cargill,Cargill,0.9,leading token matches group name,not yet queried,,,
549300YT7S4Q7HHV6053,CARGILL INTERNATIONAL LUXEMBOURG 3 S. À R.L,LU,LUXEMBOURG,ACTIVE,Cargill,Cargill,0.9,leading token matches group name,yes,QXZYQNMR4JZ5RIRN4T31,"CARGILL, INCORPORATED",US
5493006WP14ZJ1SU7D46,CARGILL INTERNATIONAL LUXEMBOURG 4 S. À R.L.,LU,LUXEMBOURG,ACTIVE,Cargill,Cargill,0.9,leading token matches group name,yes,,,
549300RZQYHGCJSZUC19,CARGILL INTERNATIONAL LUXEMBOURG 6 S. A R.L,LU,LUXEMBOURG,ACTIVE,Cargill,Cargill,0.9,leading token matches group name,yes,,,
549300FHO106TBLC6396,CARGILL INTERNATIONAL LUXEMBOURG 8 S. À R.L,LU,LUXEMBOURG,ACTIVE,Cargill,Cargill,0.9,leading token matches group name,yes,,,
549300HM6YJ6RLOQ7U74,CARGILL INTERNATIONAL LUXEMBOURG 9 S. À R.L.,LU,LUXEMBOURG,ACTIVE,Cargill,Cargill,0.9,leading token matches group name,yes,,,
549300ESWO8858PS6911,CARGILL INTERNATIONAL SA,CH,LANCY,ACTIVE,Cargill,Cargill,1.0,exact name match after normalisation,yes,QXZYQNMR4JZ5RIRN4T31,"CARGILL, INCORPORATED",US
549300D1AH5PE8YNH131,CARGILL INTERNATIONAL TRADING PTE LTD,SG,SINGAPORE,ACTIVE,Cargill,Cargill,1.0,exact name match after normalisation,yes,,,
549300WMNWDBAWU1Y467,CARGILL INVESTMENTS,GB,NORWICH,ACTIVE,Cargill,Cargill,0.9,leading token matches group name,yes,QXZYQNMR4JZ5RIRN4T31,"CARGILL, INCORPORATED",US
549300JFVV77CBUCBL19,CARGILL INVESTMENTS SRL,AR,CIUDAD AUTONOMA DE BUENOS AIRES,ACTIVE,Cargill,Cargill,0.9,leading token matches group name,yes,,,
549300PEJCX09CIVSB10,CARGILL KENYA LIMITED,KE,MOMBASA,ACTIVE,Cargill,Cargill,0.9,leading token matches group name,yes,QXZYQNMR4JZ5RIRN4T31,"CARGILL, INCORPORATED",US
549300Q6NA60NR0B6D30,"CARGILL KITCHEN SOLUTIONS, INC.",US,WILMINGTON,ACTIVE,Cargill,Cargill,0.9,leading token matches group name,yes,,,
5493002HFCRVQT77PH25,CARGILL KOKOO SOURCING LIMITED,GH,ACCRA,ACTIVE,Cargill,Cargill,0.9,leading token matches group name,yes,,,
549300P106XO5XQU2A71,CARGILL LIMITED,CA,WINNIPEG,ACTIVE,Cargill,Cargill,1.0,exact name match after normalisation,yes,,,
549300FGGIWQEJPBZD18,CARGILL MAGYARORSZÁG KERESKEDELMI ZÁRTKÖRŰEN MŰKÖDŐ RÉSZVÉNYTÁRSASÁG,HU,BUDAPEST,ACTIVE,Cargill,Cargill,0.9,leading token matches group name,yes,QXZYQNMR4JZ5RIRN4T31,"CARGILL, INCORPORATED",US
549300JAGGJRG15NDK05,CARGILL MAGYARORSZÁG ZRT.,HU,BUDAPEST,NULL,Cargill,Cargill,0.9,leading token matches group name,not yet queried,,,
549300IXMZ315026JC81,CARGILL MAURITIUS LTD,MU,PORT LOUIS,ACTIVE,Cargill,Cargill,0.9,leading token matches group name,yes,QXZYQNMR4JZ5RIRN4T31,"CARGILL, INCORPORATED",US
549300NIZEFFWJ1QI053,CARGILL MEAT SOLUTIONS CORPORATION,US,WILMINGTON,ACTIVE,Cargill,Cargill,0.9,leading token matches group name,yes,,,
549300N1AODFVBMQIR80,CARGILL MEATS EUROPE 1 B.V.,NL,HAARLEMMERMEER,ACTIVE,Cargill,Cargill,0.9,leading token matches group name,yes,QXZYQNMR4JZ5RIRN4T31,"CARGILL, INCORPORATED",US
549300PQ8QEI6768Z054,CARGILL MEATS EUROPE 2 B.V.,NL,AMSTERDAM,INACTIVE,Cargill,Cargill,0.9,leading token matches group name,not yet queried,,,
549300349YP6SY08MO28,CARGILL MEATS HOLLAND B.V.,NL,HAARLEMMERMEER,ACTIVE,Cargill,Cargill,0.9,leading token matches group name,yes,QXZYQNMR4JZ5RIRN4T31,"CARGILL, INCORPORATED",US
549300WIT7MRWIBZ3987,CARGILL MIDDLE EAST FZCO,AE,DUBAI,ACTIVE,Cargill,Cargill,0.9,leading token matches group name,yes,QXZYQNMR4JZ5RIRN4T31,"CARGILL, INCORPORATED",US
549300R5GTSTUU6SRU96,CARGILL MOROCCO HOLDINGS B.V.,NL,HAARLEMMERMEER,ACTIVE,Cargill,Cargill,0.9,leading token matches group name,yes,QXZYQNMR4JZ5RIRN4T31,"CARGILL, INCORPORATED",US
549300HM0P0UCFDVZH36,CARGILL NORDIC A/S,DK,SOBORG,ACTIVE,Cargill,Cargill,0.9,leading token matches group name,yes,,,
549300N6EZCSFQOOUJ64,CARGILL NORDIC OY,FI,ESPOO,ACTIVE,Cargill,Cargill,0.9,leading token matches group name,yes,,,
549300AW4LAQSNWUVL91,CARGILL NORWAY AS,NO,BERGEN,ACTIVE,Cargill,Cargill,0.9,leading token matches group name,yes,,,
549300F9GOLEM3IDGV06,CARGILL NORWAY HOLDING AS,NO,BERGEN,ACTIVE,Cargill,Cargill,0.9,leading token matches group name,yes,,,
213800PILR563ZVT7L61,CARGILL NOVOS HORIZONTES LTDA,BR,SÃO PAULO,ACTIVE,Cargill,Cargill,0.9,leading token matches group name,yes,,,
5493007F1QYZZ6XRDJ02,CARGILL NUTRIŢIE ANIMALĂ SRL,RO,BUCHAREST,ACTIVE,Cargill,Cargill,0.9,leading token matches group name,yes,QXZYQNMR4JZ5RIRN4T31,"CARGILL, INCORPORATED",US
549300D2X85WHEH82V07,CARGILL NV,BE,MECHELEN,ACTIVE,Cargill,Cargill,1.0,exact name match after normalisation,yes,QXZYQNMR4JZ5RIRN4T31,"CARGILL, INCORPORATED",US
5493007ZJJTUKRKIGH29,CARGILL OCEAN TRANSPORTATION (SINGAPORE) PTE. LTD.,SG,SINGAPORE,ACTIVE,Cargill,Cargill,0.9,leading token matches group name,yes,,,
549300NEC760MV3RT251,"CARGILL OIL MILLS PHILIPPINES, INC.",PH,TAGUIG CITY,ACTIVE,Cargill,Cargill,0.9,leading token matches group name,yes,QXZYQNMR4JZ5RIRN4T31,"CARGILL, INCORPORATED",US
549300B4TN6N5FDJ0D94,CARGILL OIL PACKERS,BE,IZEGEM,ACTIVE,Cargill,Cargill,0.9,leading token matches group name,yes,QXZYQNMR4JZ5RIRN4T31,"CARGILL, INCORPORATED",US
549300MBP7B93KDUXG76,"CARGILL OIL PACKERS, S.L.",ES,SANT CUGAT DEL VALLÈS,ACTIVE,Cargill,Cargill,0.9,leading token matches group name,yes,,,
549300DYTOBVJP0NPF36,CARGILL OILS SA,RO,BUCHAREST,INACTIVE,Cargill,Cargill,0.9,leading token matches group name,not yet queried,,,
549300GQK2RKC79ZQ234,CARGILL PALM PRODUCTS SDN. BHD.,MY,KUALA LUMPUR,ACTIVE,Cargill,Cargill,0.9,leading token matches group name,yes,QXZYQNMR4JZ5RIRN4T31,"CARGILL, INCORPORATED",US
54930031PRI3VTSJ2743,CARGILL PARAGUAY HOLDINGS B.V.,NL,HAARLEMMERMEER,ACTIVE,Cargill,Cargill,0.9,leading token matches group name,yes,QXZYQNMR4JZ5RIRN4T31,"CARGILL, INCORPORATED",US
549300JQZB8L4TDNP890,CARGILL PECTIN ITALY S.R.L.,IT,PACE DEL MELA,ACTIVE,Cargill,Cargill,0.9,leading token matches group name,yes,QXZYQNMR4JZ5RIRN4T31,"CARGILL, INCORPORATED",US
213800K6FB71BJ35RJ23,CARGILL PENSION PLAN,GB,LONDON,ACTIVE,Cargill,Cargill,0.9,leading token matches group name,yes,,,
5493004R6UIGN5DLM233,CARGILL PENSION TRUSTEES LIMITED,GB,LONDON,ACTIVE,Cargill,Cargill,0.9,leading token matches group name,yes,QXZYQNMR4JZ5RIRN4T31,"CARGILL, INCORPORATED",US
5493001CQ1KBLU1LES39,"CARGILL PHILIPPINES, INC.",PH,TAGUIG CITY,ACTIVE,Cargill,Cargill,0.9,leading token matches group name,yes,QXZYQNMR4JZ5RIRN4T31,"CARGILL, INCORPORATED",US
5493001SR77TEYBNLO51,CARGILL PLC,GB,LONDON,ACTIVE,Cargill,Cargill,1.0,exact name match after normalisation,yes,QXZYQNMR4JZ5RIRN4T31,"CARGILL, INCORPORATED",US
549300N5ILLHMI8KC936,CARGILL POLAND SPÓŁKA Z OGRANICZONĄ ODPOWIEDZIALNOŚCIĄ,PL,WARSAW,ACTIVE,Cargill,Cargill,0.9,leading token matches group name,yes,QXZYQNMR4JZ5RIRN4T31,"CARGILL, INCORPORATED",US
5493002VI89EWOGW1I89,"CARGILL PORTUGAL - COMÉRCIO E INDÚSTRIA AGRO-ALIMENTAR, SOCIEDADE UNIPESSOAL LDA",PT,VILA FRANCA DE XIRA,ACTIVE,Cargill,Cargill,0.9,leading token matches group name,yes,QXZYQNMR4JZ5RIRN4T31,"CARGILL, INCORPORATED",US
LRMDN7CQT5WVKOVGB949,"CARGILL POWER MARKETS, LLC",US,MADISON,ACTIVE,Cargill,Cargill,0.9,leading token matches group name,yes,,,
259400SJ0YY2E7DEIW94,CARGILL PROTEIN POLAND SPÓŁKA Z OGRANICZONĄ ODPOWIEDZIALNOŚCIĄ,PL,SLUPCA,ACTIVE,Cargill,Cargill,0.9,leading token matches group name,yes,QXZYQNMR4JZ5RIRN4T31,"CARGILL, INCORPORATED",US
549300X84E0OK1ZIL404,CARGILL QATAR HOLDINGS B.V.,NL,HAARLEMMERMEER,INACTIVE,Cargill,Cargill,0.9,leading token matches group name,not yet queried,,,
549300PT7ZDWLD844815,CARGILL R&D CENTRE EUROPE,BE,VILVOORDE,ACTIVE,Cargill,Cargill,0.9,leading token matches group name,yes,,,
549300C1GHLQ4KLPR064,CARGILL RISK MANAGEMENT LLC,US,WILMINGTON,ACTIVE,Cargill,Cargill,0.9,leading token matches group name,yes,,,
549300CJTPFCDFPYOX56,CARGILL ROMANIA HOLDINGS I B.V.,NL,HAARLEMMERMEER,INACTIVE,Cargill,Cargill,0.9,leading token matches group name,not yet queried,,,
549300ZEJ3BTIXCDRK80,CARGILL ROMANIA HOLDINGS II B.V.,NL,AMSTERDAM,INACTIVE,Cargill,Cargill,0.9,leading token matches group name,not yet queried,,,
549300GE5LNJLKVFI609,CARGILL RSA,ZA,CENTURION,ACTIVE,Cargill,Cargill,0.9,leading token matches group name,yes,QXZYQNMR4JZ5RIRN4T31,"CARGILL, INCORPORATED",US
549300OHIYTS11J0VV42,CARGILL RUSSIA HOLDINGS I B.V.,NL,AMSTERDAM,INACTIVE,Cargill,Cargill,0.9,leading token matches group name,not yet queried,,,
549300IWOLUVI9ILL645,CARGILL RUSSIA HOLDINGS II B.V.,NL,AMSTERDAM,INACTIVE,Cargill,Cargill,0.9,leading token matches group name,not yet queried,,,
549300HT11AQFBNZAO69,CARGILL S.R.L.,IT,MILANO,ACTIVE,Cargill,Cargill,1.0,exact name match after normalisation,yes,QXZYQNMR4JZ5RIRN4T31,"CARGILL, INCORPORATED",US
549300Q7IOUIIK722Y27,"CARGILL SC TRADING, INC.",US,WILMINGTON,ACTIVE,Cargill,Cargill,0.9,leading token matches group name,yes,,,
549300C6TS5DJJ3DQE09,CARGILL SERVICIOS FINANCIEROS SA DE CV SOFOM ENR,MX,MEXICO CITY,ACTIVE,Cargill,Cargill,0.9,leading token matches group name,yes,,,
549300BC0EC78RW7ZK81,CARGILL SL,ES,BARCELONA,ACTIVE,Cargill,Cargill,1.0,exact name match after normalisation,yes,,,
549300FHIX586WOQNM79,CARGILL SLOVENSKO S.R.O.,SK,NITRA,INACTIVE,Cargill,Cargill,0.9,leading token matches group name,not yet queried,,,
549300MM2Q33GY9ZT665,CARGILL SOCIEDAD ANONIMA COMERCIAL E INDUSTRIAL,AR,CIUDAD AUTONOMA DE BUENOS AIRES,ACTIVE,Cargill,Cargill,0.9,leading token matches group name,yes,,,
5493008NLLH2GQV0O692,CARGILL SOLUCIONES EMPRESARIALES SA DE C V SOFOM ENR,MX,MEXICO CITY,ACTIVE,Cargill,Cargill,0.9,leading token matches group name,yes,,,
549300TFKCBZZ54EFJ03,CARGILL SOUTH AMERICAN HOLDINGS S.L.,ES,BARCELONA,ACTIVE,Cargill,Cargill,0.9,leading token matches group name,yes,QXZYQNMR4JZ5RIRN4T31,"CARGILL, INCORPORATED",US
549300XOHMSRQP42JK96,CARGILL SUPREMA HOLDINGS B.V.,NL,HAARLEMMERMEER,ACTIVE,Cargill,Cargill,0.9,leading token matches group name,yes,QXZYQNMR4JZ5RIRN4T31,"CARGILL, INCORPORATED",US
549300OHJ0KMYVPKCM69,CARGILL SUPREMA HOLDINGS II B.V.,NL,HAARLEMMERMEER,ACTIVE,Cargill,Cargill,0.9,leading token matches group name,yes,QXZYQNMR4JZ5RIRN4T31,"CARGILL, INCORPORATED",US
549300N7KM68XN0WXH48,CARGILL SUPREMA HOLDINGS S.À R.L.,LU,LUXEMBOURG,INACTIVE,Cargill,Cargill,0.9,leading token matches group name,not yet queried,,,
549300E5BOTCBG2K0493,CARGILL SWEETENERS HOLDING B.V.,NL,AMSTERDAM,ACTIVE,Cargill,Cargill,0.9,leading token matches group name,yes,QXZYQNMR4JZ5RIRN4T31,"CARGILL, INCORPORATED",US
549300TFWUGSQWZYXE34,CARGILL SWITZERLAND OT HOLDINGS SARL,CH,LANCY,ACTIVE,Cargill,Cargill,0.9,leading token matches group name,yes,QXZYQNMR4JZ5RIRN4T31,"CARGILL, INCORPORATED",US
549300P860N4PGTFOB33,CARGILL TAKARMÁNY ZÁRTKÖRŰEN MŰKÖDŐ RÉSZVÉNYTÁRSASÁG,HU,BUDAPEST,ACTIVE,Cargill,Cargill,0.9,leading token matches group name,yes,QXZYQNMR4JZ5RIRN4T31,"CARGILL, INCORPORATED",US
2138007JRD8X74OCD272,CARGILL TAKARMÁNY ZÁRTKÖRŰEN MŰKÖDŐ RÉSZVÉNYTÁRSASÁG,HU,BUDAPEST,INACTIVE,Cargill,Cargill,0.9,leading token matches group name,not yet queried,,,
5493000C2GDY46KL1J83,CARGILL TARIM VE GIDA SANAYI TICARET ANONIM ŞIRKETI,TR,ISTANBUL,ACTIVE,Cargill,Cargill,0.9,leading token matches group name,yes,QXZYQNMR4JZ5RIRN4T31,"CARGILL, INCORPORATED",US
5493007IJIPTWD7P3M78,CARGILL TCM SWITZERLAND SÀRL,CH,LANCY,ACTIVE,Cargill,Cargill,0.9,leading token matches group name,yes,QXZYQNMR4JZ5RIRN4T31,"CARGILL, INCORPORATED",US
549300ZEEUF8TH2E7S72,CARGILL TEXTURIZING SOLUTIONS DEUTSCHLAND GMBH & CO. KG,DE,DÜSSELDORF,ACTIVE,Cargill,Cargill,0.9,leading token matches group name,yes,QXZYQNMR4JZ5RIRN4T31,"CARGILL, INCORPORATED",US
549300NWSXO6S2OVQU21,"CARGILL TEXTURIZING SOLUTIONS PHILIPPINES, INC.",PH,TAGUIG CITY,ACTIVE,Cargill,Cargill,0.9,leading token matches group name,yes,QXZYQNMR4JZ5RIRN4T31,"CARGILL, INCORPORATED",US
549300B1HDRJDOLC1630,CARGILL THE NETHERLANDS HOLDING B.V.,NL,HAARLEMMERMEER,NULL,Cargill,Cargill,0.9,leading token matches group name,not yet queried,,,
549300JCVNXOZ820P314,CARGILL THE NETHERLANDS HOLDING B.V.,NL,HAARLEMMERMEER,ACTIVE,Cargill,Cargill,0.9,leading token matches group name,yes,QXZYQNMR4JZ5RIRN4T31,"CARGILL, INCORPORATED",US
213800N23F9TNTSXEB75,CARGILL THOMPSON EDUCATIONAL & CHARITABLE TRUST,GB,GLASGOW,ACTIVE,Cargill,Cargill,0.9,leading token matches group name,yes,,,
5493003JM69MG7KU4S70,CARGILL TROPICAL PALM HOLDINGS PTE. LTD.,SG,SINGAPORE,ACTIVE,Cargill,Cargill,0.9,leading token matches group name,yes,QXZYQNMR4JZ5RIRN4T31,"CARGILL, INCORPORATED",US
5493003UGDEXKOWYRN22,CARGILL TSF ASIA PTE. LTD.,SG,SINGAPORE,ACTIVE,Cargill,Cargill,0.9,leading token matches group name,yes,,,
5493007OZI5840PD5R66,"CARGILL TSF EUROPE, INC.",US,WILMINGTON,ACTIVE,Cargill,Cargill,0.9,leading token matches group name,yes,,,
549300UVN82ZBCE61D72,"CARGILL TURKEY PRODUCTION, LLC",US,WILMINGTON,ACTIVE,Cargill,Cargill,0.9,leading token matches group name,yes,,,
54930032SL88UESNI443,CARGILL URUGUAY S.A.,UY,MONTEVIDEO,ACTIVE,Cargill,Cargill,0.9,leading token matches group name,yes,,,
549300DRE9GBT6PKE380,CARGILL VELOCITY HOLDINGS LIMITED,GB,LONDON,ACTIVE,Cargill,Cargill,0.9,leading token matches group name,yes,QXZYQNMR4JZ5RIRN4T31,"CARGILL, INCORPORATED",US
549300KBKJPHIWJIEI29,CARGILL VENINVEST B.V.,NL,AMSTERDAM,ACTIVE,Cargill,Cargill,0.9,leading token matches group name,yes,,,
5493001T3BXA4WB8EG20,CARGILL WEYBRIDGE LIMITED,GB,BISHOP'S STORTFORD,INACTIVE,Cargill,Cargill,0.9,leading token matches group name,not yet queried,,,
QXZYQNMR4JZ5RIRN4T31,"CARGILL, INCORPORATED",US,WILMINGTON,ACTIVE,Cargill,Cargill,1.0,exact name match after normalisation,yes,,,
9XHUQ4XI7GXPSNNRMD92,"CARGILL, INCORPORATED & ASSOCIATED COMPANIES MASTER PENSION TRUST",US,Wayzata,ACTIVE,Cargill,Cargill,0.9,leading token matches group name,yes,,,
549300Z4ZXHC3MXQNQ19,Cargill Belgium Pensioenfonds,BE,Mechelen,ACTIVE,Cargill,Cargill,0.9,leading token matches group name,yes,,,
549300QMDTS33GQCWF89,"Cargill Cattle Feeders, LLC",US,Wilmington,ACTIVE,Cargill,Cargill,0.9,leading token matches group name,yes,,,
222100HDX4A4K37FZS17,Cargill International AM 2 S.à r.l.,LU,Luxembourg,ACTIVE,Cargill,Cargill,0.9,leading token matches group name,yes,QXZYQNMR4JZ5RIRN4T31,"CARGILL, INCORPORATED",US
549300OID7UPKWM33105,Cargill International Luxembourg 10 S.à r.l,LU,Luxembourg,INACTIVE,Cargill,Cargill,0.9,leading token matches group name,not yet queried,,,
549300ER1W5C7K3ZJY92,Cargill International Luxembourg 11 S. à r.l.,LU,Luxembourg,INACTIVE,Cargill,Cargill,0.9,leading token matches group name,not yet queried,,,
5493003VJPQVDR89G673,Cargill International Luxembourg 13 S.à r.l.,LU,Luxembourg,ACTIVE,Cargill,Cargill,0.9,leading token matches group name,yes,QXZYQNMR4JZ5RIRN4T31,"CARGILL, INCORPORATED",US
549300XL18SD0IILGO08,Cargill International Luxembourg 18 S.à r.l.,LU,Luxembourg,ACTIVE,Cargill,Cargill,0.9,leading token matches group name,yes,QXZYQNMR4JZ5RIRN4T31,"CARGILL, INCORPORATED",US
5493008BH4EYW7LU9152,Cargill International Luxembourg 5 S. à r.l.,LU,Luxembourg,ACTIVE,Cargill,Cargill,0.9,leading token matches group name,yes,QXZYQNMR4JZ5RIRN4T31,"CARGILL, INCORPORATED",US
549300PLHL60VKDHY754,"Cargill Polyols, LLC",US,Wilmington,INACTIVE,Cargill,Cargill,0.9,leading token matches group name,not yet queried,,,
5493000S4XJCIH5KC498,Cargill Trading Colombia Ltda,CO,Bogota,INACTIVE,Cargill,Cargill,0.9,leading token matches group name,not yet queried,,,
549300NIOC7IT2H18P10,Cargill VenInvest S.à r.l.,LU,Luxembourg,ACTIVE,Cargill,Cargill,0.9,leading token matches group name,yes,,,
549300FRY6FGT8TZP753,"Cargill de Venezuela, S.R.L.",VE,Caracas,ACTIVE,Cargill,Cargill,0.9,leading token matches group name,yes,QXZYQNMR4JZ5RIRN4T31,"CARGILL, INCORPORATED",US
5493007F5WB18YPIGY59,CÔNG TY TNHH CARGILL VIỆT NAM,VN,BIEN HOA,ACTIVE,Cargill,Cargill,0.7,group name appears in legal name,yes,QXZYQNMR4JZ5RIRN4T31,"CARGILL, INCORPORATED",US
213800Y48TQJNGC8KD73,DAVID CARGILL (FARMS) LIMITED,GB,SAXMUNDHAM,ACTIVE,Cargill,Cargill,0.7,group name appears in legal name,yes,,,
213800ETJSVUP5AOH565,DAVID WILLIAM TRAILL CARGILL FUND,GB,GLASGOW,ACTIVE,Cargill,Cargill,0.7,group name appears in legal name,yes,,,
506700M02J4U1JGH6R21,Fondation de Prévoyance du Personnel des Sociétés Cargill,CH,Grand-Lancy,ACTIVE,Cargill,Cargill,0.7,group name appears in legal name,yes,,,
2138001LPMJWY2D43L27,JAMES CARGILL (NORTON FARMS) LIMITED,GB,HALESWORTH,ACTIVE,Cargill,Cargill,0.7,group name appears in legal name,yes,,,
8156001E345634F5A893,LONDRA CARGILL PARENT S.R.L.,IT,ROMA,INACTIVE,Cargill,Cargill,0.7,group name appears in legal name,not yet queried,,,
5493006U7SZ1LY193454,Limited Liability Company Cargill Lipetsk,RU,Lipetsk,INACTIVE,Cargill,Cargill,0.7,group name appears in legal name,not yet queried,,,
549300013RVW76BQ3278,M.A. CARGILL TRADING LTD.,TW,TAIPEI,ACTIVE,Cargill,Cargill,1.0,exact name match after normalisation,yes,QXZYQNMR4JZ5RIRN4T31,"CARGILL, INCORPORATED",US
213800DP1JR6284YVY81,MR & MRS CARGILL THOMPSON I/V TRUST (DR HEC),GB,GLASGOW,ACTIVE,Cargill,Cargill,0.7,group name appears in legal name,yes,,,
5493002CRM4EFNOH6350,Margaret A. Cargill Foundation,US,Eden Prairie,ACTIVE,Cargill,Cargill,0.7,group name appears in legal name,yes,,,
5493007PTDVL4PA2RS32,Margaret A. Cargill Foundation,US,Eden Prairie,INACTIVE,Cargill,Cargill,0.7,group name appears in legal name,not yet queried,,,
549300CJO05UV84T0Q39,"North American Real Estate Partners II Cargill (PF), L.P.",US,Wilmington,ACTIVE,Cargill,Cargill,0.7,group name appears in legal name,yes,,,
2138006TGA95FFVZX202,PROF W D J CARGILL THOMPSON WILL TRUST,GB,GLASGOW,ACTIVE,Cargill,Cargill,0.7,group name appears in legal name,yes,,,
549300CM2QS0N56RZX28,PT CARGILL FOODS INDONESIA,ID,JAKARTA,ACTIVE,Cargill,Cargill,0.7,group name appears in legal name,yes,QXZYQNMR4JZ5RIRN4T31,"CARGILL, INCORPORATED",US
549300PPI5ZETPPVX540,PT CARGILL INDONESIA,ID,JAKARTA,ACTIVE,Cargill,Cargill,0.7,group name appears in legal name,yes,QXZYQNMR4JZ5RIRN4T31,"CARGILL, INCORPORATED",US
549300C4R6NR2T2ZSO19,PT CARGILL TRADING INDONESIA,ID,JAKARTA,ACTIVE,Cargill,Cargill,0.7,group name appears in legal name,yes,,,
5493000GMBI4EX1BR146,STICHTING HET NEDERLANDSE PENSIOENFONDS PENSIOENKRING CARGILL BIOINDUSTRIAL,NL,HAARLEMMERMEER,ACTIVE,Cargill,Cargill,0.7,group name appears in legal name,yes,,,
ZB67P3V8ZDW1X6C2PC66,Stichting Pensioenfonds Cargill B.V. in liquidatie,NL,Schiphol,ACTIVE,Cargill,Cargill,0.7,group name appears in legal name,yes,,,
213800CMZ3D1BFJY1A36,THE ALAN CARGILL PENSION TRUST,GB,LEICESTER,ACTIVE,Cargill,Cargill,0.7,group name appears in legal name,yes,,,
213800U6H52EG961O264,THE CARGILL 2011 DISCRETIONARY SETTLEMENT,GB,NORWICH,INACTIVE,Cargill,Cargill,0.7,group name appears in legal name,not yet queried,,,
213800CUSWUNROJ9C159,THE DR. HELEN CARGILL THOMPSON ENDOWMENT TRUST,GB,GLASGOW,ACTIVE,Cargill,Cargill,0.7,group name appears in legal name,yes,,,
213800KTO9UYOBST1C61,TRUST DISPOSITION AND SETTLEMENT BY WILLIAM DAVID JAMES CARGILL THOMPSON,GB,GLASGOW,ACTIVE,Cargill,Cargill,0.7,group name appears in legal name,yes,,,
254900PGTF4NGMM8RD37,The Cargill Foundation,US,SAINT PAUL,ACTIVE,Cargill,Cargill,0.7,group name appears in legal name,yes,,,
213800IFOOYGRSFENM52,W A CARGILL FUND,GB,GLASGOW,ACTIVE,Cargill,Cargill,0.9,leading token matches group name,yes,,,
213800OB75XCJRBZ7193,WILLIAM A CARGILL CHARITABLE TRUST,GB,GLASGOW,ACTIVE,Cargill,Cargill,0.7,group name appears in legal name,yes,,,
724500BKS1TSAVLTWG46,Corbion N.V.,NL,Amsterdam,ACTIVE,Corbion,Corbion,1.0,exact name match after normalisation,yes,,,
724500LQHUU9DYGKVO10,TotalEnergies Corbion B.V.,NL,Gorinchem,ACTIVE,Corbion,Corbion,0.7,group name appears in legal name,yes,724500BKS1TSAVLTWG46,Corbion N.V.,NL
21380063C9WS18D6WJ21,DANISH CROWN A/S,DK,Randers,ACTIVE,Danish Crown,Danish Crown,1.0,exact name match after normalisation,yes,,,
213800X5WHJ4ENMKBR68,DANISH CROWN FOODS A/S,DK,RANDERS SV,ACTIVE,Danish Crown,Danish Crown,1.0,exact name match after normalisation,yes,,,
969500YVX2O6KE0GOR64,DANISH CROWN FRANCE,FR,BONNETABLE,ACTIVE,Danish Crown,Danish Crown,1.0,exact name match after normalisation,yes,21380063C9WS18D6WJ21,DANISH CROWN A/S,DK
2138008W44RWVDSAPU84,AGUAS DANONE SA,ES,BARCELONA,ACTIVE,Danone,Danone,0.7,group name appears in legal name,yes,969500KMUQ2B6CBAF162,DANONE,FR
213800OVLCOV4SKH1W62,COMPAGNIE GERVAIS DANONE,FR,PARIS,ACTIVE,Danone,Danone,0.7,group name appears in legal name,yes,,,
25490098FD284IOXFH69,CÔNG TY TNHH DANONE VIỆT NAM,VN,Hồ Chí Minh,ACTIVE,Danone,Danone,0.7,group name appears in legal name,yes,969500KMUQ2B6CBAF162,DANONE,FR
969500KMUQ2B6CBAF162,DANONE,FR,PARIS,ACTIVE,Danone,Danone,1.0,exact name match after normalisation,yes,,,
21380035YLFFL86BZ353,DANONE - PRODUCTIE SI DISTRIBUTIE DE PRODUSE ALIMENTARE SRL,RO,BUCURESTI,ACTIVE,Danone,Danone,0.9,leading token matches group name,yes,969500KMUQ2B6CBAF162,DANONE,FR
213800GT37SNY6SHYQ67,DANONE A.S.,CZ,PRAHA,ACTIVE,Danone,Danone,1.0,exact name match after normalisation,yes,969500KMUQ2B6CBAF162,DANONE,FR
21380014E7T1VOHJ8N85,DANONE A/S,DK,NORDHAVN,ACTIVE,Danone,Danone,1.0,exact name match after normalisation,yes,,,
213800LUDZ3HKY1Q9W80,DANONE AB,SE,SOLNA,INACTIVE,Danone,Danone,1.0,exact name match after normalisation,not yet queried,,,
213800U8U23QO33EER24,DANONE AB,SE,SOLNA,ACTIVE,Danone,Danone,1.0,exact name match after normalisation,yes,969500KMUQ2B6CBAF162,DANONE,FR
213800UUP54WZ2819D42,DANONE AS,NO,OSLO,ACTIVE,Danone,Danone,1.0,exact name match after normalisation,yes,,,
213800K2N91HWW3XFB36,DANONE ASIA PTE LTD,SG,ANSON,ACTIVE,Danone,Danone,0.9,leading token matches group name,yes,969500KMUQ2B6CBAF162,DANONE,FR
549300FW76JPIQ4QMW74,DANONE BELUX,BE,BRUSSELS,ACTIVE,Danone,Danone,0.9,leading token matches group name,yes,969500KMUQ2B6CBAF162,DANONE,FR
969500SIMI2R8N963031,DANONE CORPORATE FINANCE SERVICES,FR,PARIS,ACTIVE,Danone,Danone,0.9,leading token matches group name,yes,969500KMUQ2B6CBAF162,DANONE,FR
5493003GID2QAM6OQZ35,DANONE D.O.O.,HR,ZAGREB,ACTIVE,Danone,Danone,1.0,exact name match after normalisation,yes,,,
213800XSBCM587K9K638,DANONE DAIRY ASIA,FR,PARIS,ACTIVE,Danone,Danone,0.9,leading token matches group name,yes,,,
9845008LD6F5D55AN647,"DANONE DE GUATEMALA, SOCIEDAD ANONIMA",GT,GUATEMALA CITY,ACTIVE,Danone,Danone,0.9,leading token matches group name,yes,,,
2138001ZZP25K3WV7T37,DANONE DEUTSCHLAND GMBH,DE,FRANKFURT AM MAIN,ACTIVE,Danone,Danone,1.0,exact name match after normalisation,yes,969500KMUQ2B6CBAF162,DANONE,FR
969500JN6C156IGKQ745,DANONE DYNAMIQUE,FR,PARIS 13,INACTIVE,Danone,Danone,0.9,leading token matches group name,not yet queried,,,
213800JY465UUQ3H6R13,DANONE EUROPE LIMITED,IE,DUBLIN,INACTIVE,Danone,Danone,0.9,leading token matches group name,not yet queried,,,
213800LVEF4Q8556C672,DANONE FINANCE COMPANY LIMITED,GB,LONDON,ACTIVE,Danone,Danone,0.9,leading token matches group name,yes,,,
5299000AKPN50675VA43,DANONE FINANCE INTERNATIONAL,FR,Paris,ACTIVE,Danone,Danone,0.9,leading token matches group name,yes,969500KMUQ2B6CBAF162,DANONE,FR
213800QA6R9VG1IVMA57,DANONE FINANCIAL SERVICES SA,CH,ZÜRICH,INACTIVE,Danone,Danone,0.9,leading token matches group name,not yet queried,,,
213800E9DL87QEJMY335,DANONE FINANCING UK LIMITED,GB,LONDON,INACTIVE,Danone,Danone,0.9,leading token matches group name,not yet queried,,,
2138004HG8MO8Q747L22,DANONE FINLAND OY,FI,HELSINKI,INACTIVE,Danone,Danone,0.9,leading token matches group name,not yet queried,,,
213800T3ELR3BJ1X7M45,DANONE GESELLSCHAFT M.B.H.,AT,WIEN,INACTIVE,Danone,Danone,0.9,leading token matches group name,not yet queried,,,
213800IU2R7QFEKUSP66,DANONE GLOBAL RESEARCH & INNOVATION CENTER,FR,GIF-SUR-YVETTE,ACTIVE,Danone,Danone,0.9,leading token matches group name,yes,969500KMUQ2B6CBAF162,DANONE,FR
213800MYRIIHSFIDAD76,DANONE GLOBAL RESEARCH & INNOVATION CENTER BV,NL,UTRECHT,ACTIVE,Danone,Danone,0.9,leading token matches group name,yes,,,
2138005B5WZN8QPVC946,DANONE GMBH,DE,HAAR,INACTIVE,Danone,Danone,1.0,exact name match after normalisation,not yet queried,,,
7890006WNN4JN6KX2Y80,DANONE HAYAT İÇECEK VE GIDA SANAYİ VE TİCARET ANONİM ŞİRKETİ,TR,ISTANBUL,INACTIVE,Danone,Danone,0.9,leading token matches group name,not yet queried,,,
213800BJFNZIKJ5IDZ06,DANONE HOLDINGS (UK),GB,LONDON,ACTIVE,Danone,Danone,1.0,exact name match after normalisation,yes,,,
984500C0CR4AC0D87076,DANONE IRELAND PENSION PLAN FOR OPERATIVES,IE,Dublin 18,ACTIVE,Danone,Danone,0.9,leading token matches group name,yes,,,
213800P9PSWULY8JD433,DANONE LIMITED,IE,DUBLIN,INACTIVE,Danone,Danone,1.0,exact name match after normalisation,not yet queried,,,
213800KHX6QZIXORTF05,DANONE LIMITED,GB,LONDON,ACTIVE,Danone,Danone,1.0,exact name match after normalisation,yes,,,
529900XAJVRXWMOBZN71,DANONE LTDA,BR,SAO PAULO,ACTIVE,Danone,Danone,0.9,leading token matches group name,yes,,,
2138002B4SNGP4BIF540,DANONE MAGYARORSZÁG KORLÁTOLT FELELŐSSÉGŰ TÁRSASÁG,HU,BUDAPEST,ACTIVE,Danone,Danone,0.9,leading token matches group name,yes,,,
969500LJH58TDSRNXM82,DANONE MONETAIRE,FR,PARIS 13,INACTIVE,Danone,Danone,0.9,leading token matches group name,not yet queried,,,
213800ZJTRT8F9GNOD73,DANONE NEDERLAND B.V.,NL,UTRECHT,INACTIVE,Danone,Danone,1.0,exact name match after normalisation,not yet queried,,,
213800BWC3K7JWPH7M17,DANONE NUTRICIA AFRICA & OVERSEAS,FR,LIMONEST,ACTIVE,Danone,Danone,0.9,leading token matches group name,yes,969500KMUQ2B6CBAF162,DANONE,FR
2138009CIGRGKTA87Q98,DANONE NUTRICIA NEDERLAND B.V.,NL,RIJSWIJK,ACTIVE,Danone,Danone,0.9,leading token matches group name,yes,969500KMUQ2B6CBAF162,DANONE,FR
213800OUQMN638IXC560,DANONE NUTRICIA SPA,IT,MILANO,ACTIVE,Danone,Danone,0.9,leading token matches group name,yes,969500KMUQ2B6CBAF162,DANONE,FR
2138009WALL12RQH4A74,DANONE NUTRICIA SPA SOCIETA' BENEFIT,IT,MILANO,ACTIVE,Danone,Danone,0.9,leading token matches group name,yes,969500KMUQ2B6CBAF162,DANONE,FR
213800G2SSJ7PCRLJV95,DANONE OY,FI,HELSINKI,ACTIVE,Danone,Danone,1.0,exact name match after normalisation,yes,969500KMUQ2B6CBAF162,DANONE,FR
213800X2Q2Y7F3A9P412,DANONE PENSION MANAGEMENT GMBH,DE,HAAR,ACTIVE,Danone,Danone,0.9,leading token matches group name,yes,969500KMUQ2B6CBAF162,DANONE,FR
213800FZFL4588HMEM49,DANONE PORTUGAL S.A.,PT,CASTELO BRANCO,ACTIVE,Danone,Danone,0.9,leading token matches group name,yes,,,
213800C4RNF5DQ78GO80,DANONE PROBIOTICS PTE. LTD.,SG,SINGAPORE,ACTIVE,Danone,Danone,0.9,leading token matches group name,yes,969500KMUQ2B6CBAF162,DANONE,FR
213800HP5JSJGLWD1V89,DANONE PRODUITS FRAIS FRANCE,FR,RUEIL-MALMAISON,ACTIVE,Danone,Danone,0.9,leading token matches group name,yes,969500KMUQ2B6CBAF162,DANONE,FR
2221006U54IBJST8U288,DANONE RE,LU,Luxembourg,ACTIVE,Danone,Danone,0.9,leading token matches group name,yes,969500KMUQ2B6CBAF162,DANONE,FR
213800TK6J92598JEM48,DANONE ROTSELAAR SP,BE,ROTSELAAR,ACTIVE,Danone,Danone,0.9,leading token matches group name,yes,,,
213800M6T9UKXB3L7G64,DANONE S.R.O.,SK,BRATISLAVA,ACTIVE,Danone,Danone,1.0,exact name match after normalisation,yes,969500KMUQ2B6CBAF162,DANONE,FR
213800S18Y5XNF6TLB35,DANONE SA,ES,BARCELONA,ACTIVE,Danone,Danone,1.0,exact name match after normalisation,yes,969500KMUQ2B6CBAF162,DANONE,FR
254900W5TFR91MRSNF73,DANONE SAPUTO DAIRY AUSTRALIA PTY LTD,AU,Melbourne,ACTIVE,Danone,Danone,0.9,leading token matches group name,yes,969500KMUQ2B6CBAF162,DANONE,FR
2138004ML5ATYET1W423,DANONE SCHWEIZ AG,CH,ZURICH,ACTIVE,Danone,Danone,1.0,exact name match after normalisation,yes,969500KMUQ2B6CBAF162,DANONE,FR
984500599067CBCB8F25,DANONE SOUTHERN AFRICA,ZA,BRYANSTON,ACTIVE,Danone,Danone,0.9,leading token matches group name,yes,,,
213800KG5XVXQ8FOLI15,DANONE SPÓŁKA Z OGRANICZONĄ ODPOWIEDZIALNOŚCIĄ,PL,WARSZAWA,ACTIVE,Danone,Danone,0.9,leading token matches group name,yes,969500KMUQ2B6CBAF162,DANONE,FR
213800E6RDD96TGHZ336,DANONE TRADING ELN B.V.,NL,HOOFDDORP,ACTIVE,Danone,Danone,0.9,leading token matches group name,yes,,,
789000NXU6YB4HUBEG77,DANONE TİKVEŞLİ GIDA VE İÇECEK SANAYİ VE TİCARET ANONİM ŞİRKETİ,TR,İSTANBUL,ACTIVE,Danone,Danone,0.9,leading token matches group name,yes,789000XL6QOQD0U7IV52,SIRMAGRUP İÇECEK SANAYİ VE TİCARET ANONİM ŞİRKETİ,TR
2138006ZOLTVVYHYGC09,DANONE WATERS (UK & IRELAND) LIMITED,GB,LONDON,ACTIVE,Danone,Danone,0.9,leading token matches group name,yes,,,
549300TU1ZMYCYMY3G02,DANONE WATERS BENELUX,BE,BRUSSELS,INACTIVE,Danone,Danone,0.9,leading token matches group name,not yet queried,,,
213800KX27RXC7IQBF65,DANONE ÖSTERREICH GMBH,AT,HALLEIN,ACTIVE,Danone,Danone,0.9,leading token matches group name,yes,,,
2138005AQILQVWII3E86,DANONE ΓΑΛΑΚΤΟΚΟΜΙΚΑ ΠΡΟΪΟΝΤΑ ΑΝΩΝΥΜΗ ΕΤΑΙΡΕΙΑ,GR,"NEA KIFISIA, ATHENS",INACTIVE,Danone,Danone,1.0,exact name match after normalisation,not yet queried,,,
635400MCTIHE4PQR2D05,Danone Share Participation Scheme,IE,Dublin,ACTIVE,Danone,Danone,0.9,leading token matches group name,yes,,,
3912006SUDQAEGKYO647,Danone Treuhand e.V.,DE,Haar,ACTIVE,Danone,Danone,0.9,leading token matches group name,yes,,,
969500OTHM57VAE3ID30,FCPE DANONE COMMUNITIES SOLIDAIRE,FR,PARIS,ACTIVE,Danone,Danone,0.7,group name appears in legal name,yes,,,
9695005QN0SFZZTEGT69,FONDS DANONE,FR,PARIS,ACTIVE,Danone,Danone,0.7,group name appears in legal name,yes,,,
9695001EBYSERQNW7D97,FONDS DANONE POUR L'ECOSYSTEME,FR,PARIS,INACTIVE,Danone,Danone,0.7,group name appears in legal name,not yet queried,,,
9695002BGLD7FAK5IB23,FONDS DANONE RELAIS 2014,FR,PARIS 9,INACTIVE,Danone,Danone,0.7,group name appears in legal name,not yet queried,,,
969500ENMGZN99NGDY36,FONDS DANONE RELAIS 2015,FR,PARIS 9,INACTIVE,Danone,Danone,0.7,group name appears in legal name,not yet queried,,,
969500I65W0ES3IRXP71,FONDS DANONE RELAIS 2016,FR,PARIS 9,INACTIVE,Danone,Danone,0.7,group name appears in legal name,not yet queried,,,
969500NM42ZVBV2QDF22,FONDS DANONE RELAIS 2017,FR,PARIS 9,INACTIVE,Danone,Danone,0.7,group name appears in legal name,not yet queried,,,
969500RU34K21GMD0A24,FONDS DANONE RELAIS 2018,FR,PARIS 9,INACTIVE,Danone,Danone,0.7,group name appears in legal name,not yet queried,,,
969500UW9UDN3UPAWS66,FONDS DANONE RELAIS 2019,FR,PARIS 9,INACTIVE,Danone,Danone,0.7,group name appears in legal name,not yet queried,,,
9695005ETAM0FK0EBO37,FONDS DANONE RELAIS 2020,FR,PARIS 9,INACTIVE,Danone,Danone,0.7,group name appears in legal name,not yet queried,,,
969500WL0C2G4AWMOZ80,FONDS DANONE RELAIS 2021,FR,PARIS 9,INACTIVE,Danone,Danone,0.7,group name appears in legal name,not yet queried,,,
969500G100AK6N2UD678,FONDS DANONE RELAIS 2022,FR,PARIS 9,INACTIVE,Danone,Danone,0.7,group name appears in legal name,not yet queried,,,
969500C9KL4X80W9GJ26,FONDS DANONE RELAIS 2023,FR,PARIS 9,INACTIVE,Danone,Danone,0.7,group name appears in legal name,not yet queried,,,
969500GY6XVXIE2MN376,FONDS DANONE RELAIS 2024,FR,PARIS,INACTIVE,Danone,Danone,0.7,group name appears in legal name,not yet queried,,,
969500GNRKOTR63AIJ26,FONDS DANONE RELAIS 2025,FR,PARIS,INACTIVE,Danone,Danone,0.7,group name appears in legal name,not yet queried,,,
9695004SBCCVXY7TVL51,FONDS DANONE RELAIS 2026,FR,PARIS,ACTIVE,Danone,Danone,0.7,group name appears in legal name,yes,,,
969500MNFEVXGBRJKR54,FPS DANONE COMMUNITIES,FR,PARIS,ACTIVE,Danone,Danone,0.7,group name appears in legal name,yes,,,
969500XPJP95DRRQ9W94,GROUPE DANONE DYNAMIQUE,FR,PARIS 13,INACTIVE,Danone,Danone,0.9,leading token matches group name,not yet queried,,,
98450055F1A3A7678D20,The Danone Ireland Pension Plan for Staff,IE,Dublin,ACTIVE,Danone,Danone,0.7,group name appears in legal name,yes,,,
335800OR17VICV5LNJ67,YAKULT DANONE INDIA PRIVATE LIMITED,IN,NEW DELHI,ACTIVE,Danone,Danone,0.7,group name appears in legal name,yes,,,
5299001NHS090ORFPW09,DOHLER (UK) LIMITED,GB,Milton Keynes,ACTIVE,Dohler,Dohler,1.0,exact name match after normalisation,yes,529900SGOMUXIEIOG241,Döhler Group SE,DE
789000RU3FMW3KBZE384,DÖHLER GIDA SANAYİ ANONİM ŞİRKETİ,TR,İSTANBUL,ACTIVE,Dohler,Dohler,0.9,leading token matches group name,yes,,,
529900JEF9EOZ1XFNF92,DÖHLER GmbH,DE,Darmstadt,ACTIVE,Dohler,Dohler,1.0,exact name match after normalisation,yes,529900SGOMUXIEIOG241,Döhler Group SE,DE
259400BEK5X30JDEBG66,DÖHLER Spółka z ograniczoną odpowiedzialnością,PL,Mogielnica,ACTIVE,Dohler,Dohler,0.9,leading token matches group name,yes,,,
894500W1KA82PTQPO283,DÖHLER UG (haftungsbeschränkt),DE,Siegen,ACTIVE,Dohler,Dohler,0.9,leading token matches group name,yes,,,
529900M8ZNJCI3ETR584,Döhler Denmark A/S,DK,Odense,ACTIVE,Dohler,Dohler,0.9,leading token matches group name,yes,529900SGOMUXIEIOG241,Döhler Group SE,DE
529900F1EXHAYUYJAE27,Döhler Deutschland GmbH,DE,Darmstadt,ACTIVE,Dohler,Dohler,1.0,exact name match after normalisation,yes,529900SGOMUXIEIOG241,Döhler Group SE,DE
5299002LFMLOLGVOVH21,Döhler Eisleben GmbH,DE,Lutherstadt Eisleben,NULL,Dohler,Dohler,0.9,leading token matches group name,not yet queried,,,
529900F7IF3XBXH7C448,Döhler Eisleben GmbH,DE,Lutherstadt Eisleben,ACTIVE,Dohler,Dohler,0.9,leading token matches group name,yes,,,
5299005E7Q238693U974,Döhler Finance Management B.V.,NL,Oosterhout,ACTIVE,Dohler,Dohler,0.9,leading token matches group name,yes,529900SGOMUXIEIOG241,Döhler Group SE,DE
529900SGOMUXIEIOG241,Döhler Group SE,DE,Darmstadt,ACTIVE,Dohler,Dohler,1.0,exact name match after normalisation,yes,,,
52990007H3HTMS64J929,Döhler Holland B.V.,NL,Oosterhout,ACTIVE,Dohler,Dohler,0.9,leading token matches group name,yes,529900SGOMUXIEIOG241,Döhler Group SE,DE
52990027JB7ZTJXX7S25,Döhler Hungary Korlátolt Felelősségű Társaság,HU,Vaja,ACTIVE,Dohler,Dohler,0.9,leading token matches group name,yes,529900SGOMUXIEIOG241,Döhler Group SE,DE
529900AIQ73QB3VYXP59,Döhler Neuenkirchen GmbH,DE,Neuenkirchen,ACTIVE,Dohler,Dohler,0.9,leading token matches group name,yes,529900SGOMUXIEIOG241,Döhler Group SE,DE
5299004G2A2SNSOYPB27,Döhler Ventures GmbH,DE,Darmstadt,ACTIVE,Dohler,Dohler,0.9,leading token matches group name,yes,529900SGOMUXIEIOG241,Döhler Group SE,DE
529900FJM8HBLJ95W375,DR OETKER SOUTH AFRICA,ZA,GAUTENG,ACTIVE,Dr Oetker,,1.0,"reports Dr. August Oetker KG as ultimate parent, which belongs to this group",yes,5299004W7VTLPROHR533,Dr. August Oetker KG,DE
529900YTK1O4YXKZLC88,DR. OETKER (UK) LIMITED,GB,Leeds,ACTIVE,Dr Oetker,Dr Oetker,1.0,exact name match after normalisation,yes,5299004W7VTLPROHR533,Dr. August Oetker KG,DE
529900ENK6AJTM3NQ222,DR. OETKER AUSTRALIA PTY LTD,AU,Alderley,ACTIVE,Dr Oetker,,1.0,"reports Dr. August Oetker KG as ultimate parent, which belongs to this group",yes,5299004W7VTLPROHR533,Dr. August Oetker KG,DE
5299009CUAW84CTQ5Q02,DR. OETKER CANADA LTD.,CA,Mississauga,ACTIVE,Dr Oetker,,1.0,"reports Dr. August Oetker KG as ultimate parent, which belongs to this group",yes,5299004W7VTLPROHR533,Dr. August Oetker KG,DE
529900WIY99YD11TWI53,DR. OETKER DANMARK A/S,DK,Vallensbæk Strand,ACTIVE,Dr Oetker,,1.0,"reports Dr. August Oetker KG as ultimate parent, which belongs to this group",yes,5299004W7VTLPROHR533,Dr. August Oetker KG,DE
529900POMI3EUSY4JD47,DR. OETKER DEKOR SPÓŁKA Z OGRANICZONA ODPOWIEDZIALNOŚCIĄ,PL,PŁOCK,ACTIVE,Dr Oetker,,1.0,"reports Dr. August Oetker KG as ultimate parent, which belongs to this group",yes,5299004W7VTLPROHR533,Dr. August Oetker KG,DE
529900TIL4CQF1W73P47,"DR. OETKER Družba za proizvodnjo in prodajo živil d.o.o., Trzin",SI,Trzin,ACTIVE,Dr Oetker,,1.0,"reports Dr. August Oetker KG as ultimate parent, which belongs to this group",yes,5299004W7VTLPROHR533,Dr. August Oetker KG,DE
5299005PA14UX88JX962,DR. OETKER GIDA SANAYİİ VE TİCARET ANONİM ŞİRKETİ,TR,Pancar-Torbali,ACTIVE,Dr Oetker,,1.0,"reports Dr. August Oetker KG as ultimate parent, which belongs to this group",yes,5299004W7VTLPROHR533,Dr. August Oetker KG,DE
335800BJEJLXPLZ48D45,DR. OETKER INDIA PRIVATE LIMITED,IN,NEW DELHI,ACTIVE,Dr Oetker,,1.0,"reports Dr. August Oetker KG as ultimate parent, which belongs to this group",yes,5299004W7VTLPROHR533,Dr. August Oetker KG,DE
529900O9K9V6CZJNWJ72,DR. OETKER IRELAND LIMITED,IE,Ballymount,ACTIVE,Dr Oetker,,1.0,"reports Dr. August Oetker KG as ultimate parent, which belongs to this group",yes,5299004W7VTLPROHR533,Dr. August Oetker KG,DE
529900UJDL2ZUHZ5HK27,DR. OETKER NORGE AS,NO,TROLLÅSEN,ACTIVE,Dr Oetker,,1.0,"reports Dr. August Oetker KG as ultimate parent, which belongs to this group",yes,5299004W7VTLPROHR533,Dr. August Oetker KG,DE
529900HGBI8V9LCVUH76,Dr. August Oetker Finanzierungs- und Beteiligungs-GmbH,DE,Bielefeld,ACTIVE,Dr Oetker,,1.0,"reports Dr. August Oetker KG as ultimate parent, which belongs to this group",yes,5299004W7VTLPROHR533,Dr. August Oetker KG,DE
529900PVV369S53P2L20,Dr. August Oetker Nahrungsmittel KG,DE,Bielefeld,ACTIVE,Dr Oetker,,1.0,"reports Dr. August Oetker KG as ultimate parent, which belongs to this group",yes,5299004W7VTLPROHR533,Dr. August Oetker KG,DE
5299002J58F8I9465C12,Dr. Oetker GmbH,AT,Villach,ACTIVE,Dr Oetker,Dr Oetker,1.0,exact name match after normalisation,yes,,,
529900WGWPTDIGL6GL50,Dr. Oetker Magyarország Élelmiszer Korlátolt Felelösségü Társaság,HU,Budapest,ACTIVE,Dr Oetker,,1.0,"reports Dr. August Oetker KG as ultimate parent, which belongs to this group",yes,5299004W7VTLPROHR533,Dr. August Oetker KG,DE
529900WJT5L7XG5TDW33,Dr. Oetker Queen Australia Pty. Ltd,AU,Alderley QLD,ACTIVE,Dr Oetker,,1.0,"reports Dr. August Oetker KG as ultimate parent, which belongs to this group",yes,5299004W7VTLPROHR533,Dr. August Oetker KG,DE
529900C0J8V7PCP7L566,Dr. Oetker RO SRL,RO,Curtea de Argeş,ACTIVE,Dr Oetker,,1.0,"reports Dr. August Oetker KG as ultimate parent, which belongs to this group",yes,5299004W7VTLPROHR533,Dr. August Oetker KG,DE
529900B7TN3ZZO920269,Dr. Oetker Sverige AB,SE,GÖTEBORG,ACTIVE,Dr Oetker,,1.0,"reports Dr. August Oetker KG as ultimate parent, which belongs to this group",yes,5299004W7VTLPROHR533,Dr. August Oetker KG,DE
529900Z70AWBCVEXW025,"Dr. Oetker USA, LLC",US,Wilmington,ACTIVE,Dr Oetker,Dr Oetker,1.0,exact name match after normalisation,yes,5299004W7VTLPROHR533,Dr. August Oetker KG,DE
529900I6L86H5IS73E92,Dr. Oetker d.o.o.,HR,Zagreb,ACTIVE,Dr Oetker,Dr Oetker,1.0,exact name match after normalisation,yes,5299004W7VTLPROHR533,Dr. August Oetker KG,DE
5299005WL61EKHE8OY44,"Dr. Oetker, spol. s r.o.",CZ,Kladno-Kročehlavy,ACTIVE,Dr Oetker,,1.0,"reports Dr. August Oetker KG as ultimate parent, which belongs to this group",yes,5299004W7VTLPROHR533,Dr. August Oetker KG,DE
529900AIJF06FZP8KV92,"Dr. Oetker, spol. s.r.o.",SK,Bratislava,ACTIVE,Dr Oetker,,1.0,"reports Dr. August Oetker KG as ultimate parent, which belongs to this group",yes,5299004W7VTLPROHR533,Dr. August Oetker KG,DE
959800667B3CKNMFN802,AGUDO FERRERO C.B.,ES,Arcicóllar,ACTIVE,Ferrero,Ferrero,0.7,group name appears in legal name,yes,,,
894500MPFUJ45GE8AF43,ATELIER DE PLOMBERIE FERRERO DAVID,FR,SAINT-LAURENT-DU-VAR,ACTIVE,Ferrero,Ferrero,0.7,group name appears in legal name,yes,,,
8156005CE4A9F3E2D925,AUDISIO POMPE FUNEBRI S.A.S DI BARDONE LUCA E FERRERO REGIS MICHELE,IT,TORINO,ACTIVE,Ferrero,Ferrero,0.7,group name appears in legal name,yes,,,
815600C5B3E679447129,"AZIENDA AGRICOLA CASCINA LANZAROTTI DI FERRERO CARLO E VITTORIO SOCIETA' SEMPLICE AGRICOLA SIGLABILE AZ. AGR. CASCINA LANZAROTTI S.S.A., CASCINA LANZAROTTI S.S.A., LANZAROTTI S.S.A., AZ. AGR. LANZAROTTI S.S.A. , AZ. AGR. FERRERO CARLO E VITTORIO S.S.A.",IT,MONTEU ROERO,ACTIVE,Ferrero,Ferrero,0.7,group name appears in legal name,yes,,,
815600E4787BA605F546,BARAGGIOLO E FERRERO S.R.L.,IT,VERCELLI,ACTIVE,Ferrero,Ferrero,0.7,group name appears in legal name,yes,,,
959800ZXKNAWGL9NL023,CANET FERRERO INVERSIONES SOCIEDAD LIMITADA,ES,"Olleria, l'",ACTIVE,Ferrero,Ferrero,0.7,group name appears in legal name,yes,,,
815600AE78BE2803AD89,CONCERIA FERRERO - S.P.A.,IT,CASTAGNETO PO,ACTIVE,Ferrero,Ferrero,0.7,group name appears in legal name,yes,,,
81560009F7EADF8AA090,D.F.G. TRASPORTI S.N.C. DI FERRERO MARGHERITA & C.,IT,CASALGRASSO,ACTIVE,Ferrero,Ferrero,0.7,group name appears in legal name,yes,,,
815600125B899C5EFF41,EDIL DOMPE' - FERRERO S.R.L.,IT,FOSSANO,ACTIVE,Ferrero,Ferrero,0.7,group name appears in legal name,yes,,,
815600858ED6C59A2979,ENO DRINK DI FERRERO ALBERTO & C. - S.N.C.,IT,SAN CARLO CANAVESE,ACTIVE,Ferrero,Ferrero,0.7,group name appears in legal name,yes,,,
815600C3010754E80010,F.T.S. S.P.A. - FERRERO TURBO SERVICE,IT,ALBA,ACTIVE,Ferrero,Ferrero,0.9,leading token matches group name,yes,,,
81560097FF9D4D0A8517,FERRERO & MARCIALIS S.P.A.,IT,MILANO,ACTIVE,Ferrero,Ferrero,0.9,leading token matches group name,yes,,,
815600B656E08C3C0E84,FERRERO - SOCIETA' PER AZIONI,IT,ALBA,ACTIVE,Ferrero,Ferrero,0.9,leading token matches group name,yes,529900BGTKMS0M5TCA40,FERRERO INTERNATIONAL S.A.,LU
335800VUTRLMPIXVY102,FERRERO 02 2026,IN,MUMBAI,ACTIVE,Ferrero,Ferrero,0.9,leading token matches group name,yes,,,
529900F3P8X0BSS55542,FERRERO ARDENNES,BE,Arlon,ACTIVE,Ferrero,Ferrero,0.9,leading token matches group name,yes,,,
529900MIZVQGM0ADJO46,FERRERO ASIA LIMITED,HK,Hong Kong,ACTIVE,Ferrero,Ferrero,0.9,leading token matches group name,yes,,,
815600AD4916E0792D56,FERRERO ASSOCIATI S.R.L.,IT,ROMA,ACTIVE,Ferrero,Ferrero,0.9,leading token matches group name,yes,,,
815600F1984DF8D3E173,FERRERO ATTILIO COSTRUZIONI S.R.L. IN LIQUIDAZIONE,IT,TORINO,ACTIVE,Ferrero,Ferrero,0.9,leading token matches group name,yes,,,
529900PTANQ33W33LC16,FERRERO AUSTRALIA PTY LTD,AU,Sydney,ACTIVE,Ferrero,Ferrero,0.9,leading token matches group name,yes,,,
959800UV6MCNC3R61Q55,FERRERO BARROS SA,ES,Oviedo,ACTIVE,Ferrero,Ferrero,0.9,leading token matches group name,yes,,,
8156008B7719D4EC6010,FERRERO CARLO,IT,FARIGLIANO,INACTIVE,Ferrero,Ferrero,0.9,leading token matches group name,not yet queried,,,
815600DC2093C69E9051,FERRERO E TOPPINO S.R.L.,IT,MILANO,ACTIVE,Ferrero,Ferrero,0.9,leading token matches group name,yes,,,
81560088DC0B832DA471,FERRERO ECOENERGIA S.R.L.,IT,COLLEGNO,INACTIVE,Ferrero,Ferrero,0.9,leading token matches group name,not yet queried,,,
815600F2D8332C988F42,FERRERO ELETTRA S.R.L.,IT,CUNEO,ACTIVE,Ferrero,Ferrero,0.9,leading token matches group name,yes,,,
81560041218003C64983,FERRERO FERDINANDO IMMOBILIARE DI FERRERO ELISA & C. S.A.S.,IT,ALBA,ACTIVE,Ferrero,Ferrero,0.9,leading token matches group name,yes,,,
815600946D548D8C0C64,FERRERO GIULIO - S.R.L.,IT,TORINO,ACTIVE,Ferrero,Ferrero,0.9,leading token matches group name,yes,,,
8156009BD657D12FCF03,FERRERO HOUSE S.R.L.,IT,TORINO,ACTIVE,Ferrero,Ferrero,0.9,leading token matches group name,yes,,,
959800LA206K1EFD4M59,FERRERO IBERICA RACKS S.L. (SOCIEDAD UNIPERSONAL),ES,Barcelona,ACTIVE,Ferrero,Ferrero,0.9,leading token matches group name,yes,,,
984500B7B4CBF4565B34,FERRERO IMMOBILIARE S.R.L. UNIPERSONALE,IT,Roma,ACTIVE,Ferrero,Ferrero,0.9,leading token matches group name,yes,,,
3358004P5OJU3I2MOS98,FERRERO INDIA PRIVATE LIMITED,IN,PUNE,ACTIVE,Ferrero,Ferrero,0.9,leading token matches group name,yes,,,
529900BGTKMS0M5TCA40,FERRERO INTERNATIONAL S.A.,LU,Senningerberg,ACTIVE,Ferrero,Ferrero,1.0,exact name match after normalisation,yes,,,
969500ONYIE30KS9HV63,FERRERO INVEST,FR,GAGNY,ACTIVE,Ferrero,Ferrero,0.9,leading token matches group name,yes,,,
529900N33ROSAZJ95E62,FERRERO MANAGEMENT SERVICES LUXEMBOURG SARL,LU,Senningerberg,ACTIVE,Ferrero,Ferrero,0.9,leading token matches group name,yes,,,
815600A6E37B9C4C3297,FERRERO MANGIMI S.P.A.,IT,FARIGLIANO,ACTIVE,Ferrero,Ferrero,0.9,leading token matches group name,yes,,,
81560095933867715F75,FERRERO MED S.R.L.,IT,VENARIA REALE,ACTIVE,Ferrero,Ferrero,0.9,leading token matches group name,yes,,,
391200RJPWUS6WZOHE80,FERRERO Middle and Eastern Europe GmbH,DE,Frankfurt am Main,ACTIVE,Ferrero,Ferrero,0.9,leading token matches group name,yes,529900BGTKMS0M5TCA40,FERRERO INTERNATIONAL S.A.,LU
815600732085F8996751,FERRERO PIERO,IT,TROFARELLO,INACTIVE,Ferrero,Ferrero,0.9,leading token matches group name,not yet queried,,,
815600F2BDC8FE8F4593,FERRERO S.P.A.,IT,CASALGRASSO,ACTIVE,Ferrero,Ferrero,1.0,exact name match after normalisation,yes,,,
8156008267E9E7B80F57,FERRERO TECHNICAL SERVICES S.R.L.,IT,ALBA,ACTIVE,Ferrero,Ferrero,0.9,leading token matches group name,yes,529900BGTKMS0M5TCA40,FERRERO INTERNATIONAL S.A.,LU
529900JNLDVBPRG4LV81,FERRERO TRADING LUX S.A.,LU,Senningerberg,ACTIVE,Ferrero,Ferrero,0.9,leading token matches group name,yes,529900BGTKMS0M5TCA40,FERRERO INTERNATIONAL S.A.,LU
254900SI3KQM7KMCES20,"FERRERO U.S.A., INC.",US,WILMINGTON,ACTIVE,Ferrero,Ferrero,1.0,exact name match after normalisation,yes,,,
529900513MN8SRKWRA76,FERRERO UK LIMITED,GB,Greenford,ACTIVE,Ferrero,Ferrero,1.0,exact name match after normalisation,yes,,,
8156003583D12FD42665,FERRERO VERCELLI S.A.S. DI FERRERO VERCELLI LUCA E DANIELE & C.,IT,BALDISSERO CANAVESE,ACTIVE,Ferrero,Ferrero,0.9,leading token matches group name,yes,,,
959800RNY4R7E8BA6435,FERRERO Y B-FAUSTMANN SL,ES,Madrid,ACTIVE,Ferrero,Ferrero,0.9,leading token matches group name,yes,,,
8156007567F0538C9F70,FONDAZIONE ARCHIVIO LORENZO FERRERO ETS,IT,TORINO,ACTIVE,Ferrero,Ferrero,0.7,group name appears in legal name,yes,,,
81560041B547E7426989,"FONDAZIONE PIERA,PIETRO E GIOVANNI FERRERO ONLUS",IT,ALBA,ACTIVE,Ferrero,Ferrero,0.7,group name appears in legal name,yes,,,
815600C3ED90BD8EA905,FRATELLI FERRERO S.R.L.,IT,VOLVERA,ACTIVE,Ferrero,Ferrero,0.7,group name appears in legal name,yes,,,
984500NF3FEM45065714,FUNDACION COMUNIDAD VALENCIA JUAN CARLOS FERRERO,ES,VILLENA,ACTIVE,Ferrero,Ferrero,0.7,group name appears in legal name,yes,,,
5299001CPEMWP96CDN60,Ferrero Asia Pacific Pte. Ltd.,SG,Singapore,ACTIVE,Ferrero,Ferrero,0.9,leading token matches group name,yes,529900BGTKMS0M5TCA40,FERRERO INTERNATIONAL S.A.,LU
549300M15C8DS5BVD594,Ferrero Canada Limited,CA,North York,ACTIVE,Ferrero,Ferrero,0.9,leading token matches group name,yes,,,
894500OJ6ESXWUQN3L37,Ferrero Industriale Italia S.R.L.,IT,alba,ACTIVE,Ferrero,Ferrero,0.9,leading token matches group name,yes,,,
391200031HINPPPJJS27,Ferrero OHG mbH,DE,Stadtallendorf,ACTIVE,Ferrero,Ferrero,1.0,exact name match after normalisation,yes,,,
894500KNJEA5NUXZ7Y47,Ferrero de Fierro AB,SE,Stockholm,ACTIVE,Ferrero,Ferrero,0.9,leading token matches group name,yes,,,
529900ELE90CZGB9WU77,Ferrero de México S.A. de C.V.,MX,"Guadalajara, Jalisco",ACTIVE,Ferrero,Ferrero,0.9,leading token matches group name,yes,529900BGTKMS0M5TCA40,FERRERO INTERNATIONAL S.A.,LU
8156003247AA1FC14784,GRUPPO FERRERO S.P.A.,IT,TORINO,ACTIVE,Ferrero,Ferrero,0.7,group name appears in legal name,yes,,,
95980020140005546637,GUILLEN FERRERO SOCIEDAD LIMITADA,ES,Agullent,ACTIVE,Ferrero,Ferrero,0.7,group name appears in legal name,yes,,,
815600B54C7487530663,L'EDILIZIA DI FERRERO GIUSEPPE & GUELFO CARLO S.A.S.,IT,CANALE,ACTIVE,Ferrero,Ferrero,0.7,group name appears in legal name,yes,,,
8945005ZEHNU81JZBI16,LUCINIO SAN JUAN FERRERO C.B.,ES,VALLADOLID,ACTIVE,Ferrero,Ferrero,0.7,group name appears in legal name,yes,,,
95980005N5G3K7873G21,"M.ROSA, ALEXANDRA I ISABEL FERRERO CB",ES,Alfarràs,ACTIVE,Ferrero,Ferrero,0.7,group name appears in legal name,yes,,,
959800ET4FRHJRR2MV28,MADERAS JOSE MARIA FERRERO VIDAL SOCIEDAD LIMITADA,ES,Valencia,ACTIVE,Ferrero,Ferrero,0.7,group name appears in legal name,yes,,,
815600A84592A8453314,OFFICINA ORTOPEDICA FERRERO S.R.L.,IT,VENARIA REALE,ACTIVE,Ferrero,Ferrero,0.7,group name appears in legal name,yes,,,
959800W9B390YAWYL128,SALMERON Y FERRERO S.A.,ES,Madrid,ACTIVE,Ferrero,Ferrero,0.7,group name appears in legal name,yes,,,
815600A5B57715345889,"STIRO FERRERO SOC. COOP. ""ABBREVIABILE STIRO FERRERO S. C.""",IT,MONTEU ROERO,INACTIVE,Ferrero,Ferrero,0.7,group name appears in legal name,not yet queried,,,
815600C960BC13B48665,STUDIO FERRERO SOCIETA' A RESPONSABILITA' LIMITATA,IT,PINEROLO,ACTIVE,Ferrero,Ferrero,0.7,group name appears in legal name,yes,,,
894500V6AXVS8F4Z9P14,VFC S.A.S. DI FERRERO FILIPPO WILLY SIGLABILE VFC SAS,IT,Settimo Torinese,ACTIVE,Ferrero,Ferrero,0.7,group name appears in legal name,yes,,,
894500PFINFPWEZ3IH56,VIDAL FERRERO SL,ES,León,ACTIVE,Ferrero,Ferrero,0.7,group name appears in legal name,yes,,,
254900F68KLUKNEJ3H71,DSM-FIRMENICH BRASIL LTDA,BR,Sao Paulo,ACTIVE,Firmenich,Firmenich,0.7,group name appears in legal name,yes,,,
506700G44V67MPM4BI12,DSM-Firmenich AG,CH,Kaiseraugst,ACTIVE,Firmenich,Firmenich,1.0,exact name match after normalisation,yes,,,
984500A7C7A85EBA9E20,FIRMENICH,ZA,MIDRAND,ACTIVE,Firmenich,Firmenich,1.0,exact name match after normalisation,yes,,,
3358006MAJZJW4668393,FIRMENICH AROMATICS PRODUCTION (INDIA) PRIVATE LIMITED,IN,MUMBAI,ACTIVE,Firmenich,Firmenich,0.9,leading token matches group name,yes,,,
549300G17UCT6JKW4X78,FIRMENICH BELGIUM,BE,OTTIGNIES-LOUVAIN-LA-NEUVE,ACTIVE,Firmenich,Firmenich,1.0,exact name match after normalisation,yes,506700G44V67MPM4BI12,DSM-Firmenich AG,CH
549300OGOPORYU1GG626,FIRMENICH BJORGE BIOMARIN AS,NO,ALESUND,ACTIVE,Firmenich,Firmenich,0.9,leading token matches group name,yes,,,
5493009WXRU8LFL7EE31,FIRMENICH ET CIE,FR,NEUILLY-SUR-SEINE,ACTIVE,Firmenich,Firmenich,0.9,leading token matches group name,yes,506700G44V67MPM4BI12,DSM-Firmenich AG,CH
549300A5ZJWEELB3WP43,FIRMENICH FINANCE SA,CH,SATIGNY,ACTIVE,Firmenich,Firmenich,0.9,leading token matches group name,yes,,,
549300KU8LDC1ZL9Q659,FIRMENICH GRASSE,FR,GRASSE,ACTIVE,Firmenich,Firmenich,0.9,leading token matches group name,yes,506700G44V67MPM4BI12,DSM-Firmenich AG,CH
254900CYL1SDIT1PJY33,FIRMENICH INCORPORATED,US,WILMINGTON,ACTIVE,Firmenich,Firmenich,1.0,exact name match after normalisation,yes,,,
5493004Q6ZQIC4MCNJ08,FIRMENICH INTERNATIONAL SÀRL,CH,SATIGNY,ACTIVE,Firmenich,Firmenich,1.0,exact name match after normalisation,yes,506700G44V67MPM4BI12,DSM-Firmenich AG,CH
635400DX7HXMEAP36T24,FIRMENICH PRODUCTIONS PARTICIPATIONS SAS,FR,Castets,ACTIVE,Firmenich,Firmenich,0.9,leading token matches group name,yes,506700G44V67MPM4BI12,DSM-Firmenich AG,CH
213800ACNPF319QL3X31,FIRMENICH SA,CH,SATIGNY,ACTIVE,Firmenich,Firmenich,1.0,exact name match after normalisation,yes,506700G44V67MPM4BI12,DSM-Firmenich AG,CH
9845004858EB84AGUD76,FIRMENICH SAIC Y F,AR,DON TORCUATO NORTE,ACTIVE,Firmenich,Firmenich,0.9,leading token matches group name,yes,,,
549300BVT3WAU1QQQM08,FIRMENICH UK LIMITED,GB,SOUTHALL,ACTIVE,Firmenich,Firmenich,1.0,exact name match after normalisation,yes,,,
506700552M566XRC9A87,Firmenich Trading Corporation SA,CH,Satigny,ACTIVE,Firmenich,Firmenich,1.0,exact name match after normalisation,yes,,,
549300FD4SZA86OHGD24,PT FIRMENICH AROMATICS INDONESIA,ID,KARAWANG,ACTIVE,Firmenich,Firmenich,0.7,group name appears in legal name,yes,506700G44V67MPM4BI12,DSM-Firmenich AG,CH
549300SYXIYB5NQM3H75,PT FIRMENICH INDONESIA,ID,JAKARTA,ACTIVE,Firmenich,Firmenich,0.7,group name appears in legal name,yes,,,
50670054O6HP54BOWB39,dsm-firmenich Switzerland AG,CH,Kaiseraugst,ACTIVE,Firmenich,Firmenich,0.7,group name appears in legal name,yes,506700G44V67MPM4BI12,DSM-Firmenich AG,CH
54930017Y4ZAHIVGZO75,FORMO AS,NO,Trondheim,ACTIVE,Formo,Formo,1.0,exact name match after normalisation,yes,,,
894500SFLUWO1CMCUL13,FORMO BOLIG 1 AS,NO,TRONDHEIM,ACTIVE,Formo,Formo,0.9,leading token matches group name,yes,,,
3358003CD57HT7ZGGG08,FORMO PLAST PRIVATE LIMITED,IN,INDORE,ACTIVE,Formo,Formo,0.9,leading token matches group name,yes,,,
9845007649F73A0ADE25,FORMO Projektentwicklung GmbH,AT,Innermanzing,ACTIVE,Formo,Formo,0.9,leading token matches group name,yes,,,
549300YJJB2ZUEYK3D31,FRIESLANDCAMPINA (THAILAND) PUBLIC COMPANY LIMITED,TH,BANGKOK,ACTIVE,FrieslandCampina,FrieslandCampina,0.9,leading token matches group name,yes,724500CDWM1CHYS8AP31,Koninklijke FrieslandCampina N.V.,NL
98450066D9CBCD7BF428,FRIESLANDCAMPINA ENGRO PAKISTAN LIMITED,PK,Karachi,ACTIVE,FrieslandCampina,FrieslandCampina,0.9,leading token matches group name,yes,,,
984500DCABD9F88FT819,FRIESLANDCAMPINA MIDDLE EAST DMCC,AE,Dubai,ACTIVE,FrieslandCampina,FrieslandCampina,0.9,leading token matches group name,yes,,,
549300UDBVGL24PK4Z05,FRIESLANDCAMPINA PROFESSIONAL NV,BE,LUMMEN,ACTIVE,FrieslandCampina,FrieslandCampina,0.9,leading token matches group name,yes,,,
549300JNIWWJ8P0M0575,FRIESLANDCAMPINA ROMÂNIA S.A.,RO,"BUCUREȘTI, SECTORUL 2",ACTIVE,FrieslandCampina,FrieslandCampina,0.9,leading token matches group name,yes,724500CDWM1CHYS8AP31,Koninklijke FrieslandCampina N.V.,NL
549300C6ETE7PIJO2K84,FRIESLANDCAMPINA UK LIMITED,GB,HORSHAM,ACTIVE,FrieslandCampina,FrieslandCampina,1.0,exact name match after normalisation,yes,724500CDWM1CHYS8AP31,Koninklijke FrieslandCampina N.V.,NL
0292004638B5N7I1F648,FRIESLANDCAMPINA WAMCO NIGERIA PLC,NG,LAGOS,ACTIVE,FrieslandCampina,FrieslandCampina,0.9,leading token matches group name,yes,,,
724500YUON1UZLCWKR94,FrieslandCampina CPI China Holding B.V.,NL,Amersfoort,ACTIVE,FrieslandCampina,FrieslandCampina,0.9,leading token matches group name,yes,724500CDWM1CHYS8AP31,Koninklijke FrieslandCampina N.V.,NL
7245006APF4E3PPCVD66,FrieslandCampina Cheese & Butter B.V.,NL,Amersfoort,INACTIVE,FrieslandCampina,FrieslandCampina,0.9,leading token matches group name,not yet queried,,,
724500CMQ60Z00USEA09,FrieslandCampina Cheese Trading USA B.V.,NL,Wolvega,ACTIVE,FrieslandCampina,FrieslandCampina,0.9,leading token matches group name,yes,724500CDWM1CHYS8AP31,Koninklijke FrieslandCampina N.V.,NL
724500AJN6GVXW665790,FrieslandCampina Consumer Dairy US B.V.,NL,Amersfoort,ACTIVE,FrieslandCampina,FrieslandCampina,0.9,leading token matches group name,yes,724500CDWM1CHYS8AP31,Koninklijke FrieslandCampina N.V.,NL
7245005NROMF0FKQLV52,FrieslandCampina Consumer Products Europe B.V.,NL,Amersfoort,INACTIVE,FrieslandCampina,FrieslandCampina,0.9,leading token matches group name,not yet queried,,,
7245002OD02YRPKUXK32,FrieslandCampina Consumer Products International B.V.,NL,Leeuwarden,INACTIVE,FrieslandCampina,FrieslandCampina,0.9,leading token matches group name,not yet queried,,,
724500CK80R51IQV0W04,FrieslandCampina Creamy Creation B.V.,NL,Rijkevoort,ACTIVE,FrieslandCampina,FrieslandCampina,0.9,leading token matches group name,yes,724500CDWM1CHYS8AP31,Koninklijke FrieslandCampina N.V.,NL
724500CGWYE802VWWL81,FrieslandCampina DMV B.V.,NL,Amersfoort,ACTIVE,FrieslandCampina,FrieslandCampina,0.9,leading token matches group name,yes,724500CDWM1CHYS8AP31,Koninklijke FrieslandCampina N.V.,NL
724500V1VRD2AGOJYA89,FrieslandCampina Domo B.V.,NL,Amersfoort,ACTIVE,FrieslandCampina,FrieslandCampina,0.9,leading token matches group name,yes,724500CDWM1CHYS8AP31,Koninklijke FrieslandCampina N.V.,NL
549300VLLXWGW3KBL392,FrieslandCampina Hungária Kereskedelmi és Termelő Zártkörűen Működő Részvénytársaság,HU,Budapest,ACTIVE,FrieslandCampina,FrieslandCampina,0.9,leading token matches group name,yes,,,
724500C0YRM76512FD68,FrieslandCampina International Holding B.V.,NL,Amersfoort,ACTIVE,FrieslandCampina,FrieslandCampina,1.0,exact name match after normalisation,yes,724500CDWM1CHYS8AP31,Koninklijke FrieslandCampina N.V.,NL
72450098P7RWKPCD6E05,FrieslandCampina Investments Holding B.V.,NL,Amersfoort,ACTIVE,FrieslandCampina,FrieslandCampina,0.9,leading token matches group name,yes,724500CDWM1CHYS8AP31,Koninklijke FrieslandCampina N.V.,NL
724500O1HXJOIYJDSP13,FrieslandCampina Kievit B.V.,NL,Amersfoort,ACTIVE,FrieslandCampina,FrieslandCampina,0.9,leading token matches group name,yes,724500CDWM1CHYS8AP31,Koninklijke FrieslandCampina N.V.,NL
72450065PR2IJJAIXB55,FrieslandCampina Nederland B.V.,NL,Amersfoort,ACTIVE,FrieslandCampina,FrieslandCampina,1.0,exact name match after normalisation,yes,724500CDWM1CHYS8AP31,Koninklijke FrieslandCampina N.V.,NL
724500CQORT8JT6FIK93,FrieslandCampina Nederland B.V.,NL,Amersfoort,INACTIVE,FrieslandCampina,FrieslandCampina,1.0,exact name match after normalisation,not yet queried,,,
724500228OZX4MYS2Y86,FrieslandCampina Nigeria Holding B.V.,NL,Amersfoort,ACTIVE,FrieslandCampina,FrieslandCampina,0.9,leading token matches group name,yes,724500CDWM1CHYS8AP31,Koninklijke FrieslandCampina N.V.,NL
894500XWJ6W1L2Q5PW78,FrieslandCampina Poland Sp. z o.o.,PL,Warszawa,ACTIVE,FrieslandCampina,FrieslandCampina,0.9,leading token matches group name,yes,724500CDWM1CHYS8AP31,Koninklijke FrieslandCampina N.V.,NL
724500R3GQSJJLLAW308,FrieslandCampina Rocket B.V.,NL,Amersfoort,INACTIVE,FrieslandCampina,FrieslandCampina,0.9,leading token matches group name,not yet queried,,,
724500CDWM1CHYS8AP31,Koninklijke FrieslandCampina N.V.,NL,Amersfoort,ACTIVE,FrieslandCampina,FrieslandCampina,0.7,group name appears in legal name,yes,,,
724500MF39L9B64C5O03,Zuivelcoöperatie FrieslandCampina U.A.,NL,Amersfoort,ACTIVE,FrieslandCampina,FrieslandCampina,0.7,group name appears in legal name,yes,,,
984500E39C3D00SE6F22,D.P. GEA SRL,IT,GUARDIAGRELE,ACTIVE,GEA Group,GEA Group,1.0,exact name match after normalisation,yes,,,
969500VIC9B0EAGGQE49,GEA,FR,PARIS,ACTIVE,GEA Group,GEA Group,1.0,exact name match after normalisation,yes,,,
969500FG63BUWS5JHI48,GEA,FR,OBERNAI,ACTIVE,GEA Group,GEA Group,1.0,exact name match after normalisation,yes,,,
8156009CD54D3C027D98,GEA - S.R.L.,IT,FIRENZE,ACTIVE,GEA Group,GEA Group,1.0,exact name match after normalisation,yes,,,
98450000ADCB4F589676,GEA 1 UK LTD,GB,London,ACTIVE,GEA Group,GEA Group,1.0,exact name match after normalisation,yes,,,
529900ISX276079G1J92,GEA AVAPAC LIMITED,NZ,Auckland,ACTIVE,GEA Group,,1.0,"reports GEA Group Aktiengesellschaft as ultimate parent, which belongs to this group",yes,549300PHUU0ZZWO8EO07,GEA Group Aktiengesellschaft,DE
5299006G860JWV9JKQ69,GEA AWP GmbH,DE,Prenzlau,ACTIVE,GEA Group,,1.0,"reports GEA Group Aktiengesellschaft as ultimate parent, which belongs to this group",yes,549300PHUU0ZZWO8EO07,GEA Group Aktiengesellschaft,DE
529900LD6JHMM6C5NC24,GEA Aseptomag AG,CH,Kirchberg BE,ACTIVE,GEA Group,,1.0,"reports GEA Group Aktiengesellschaft as ultimate parent, which belongs to this group",yes,549300PHUU0ZZWO8EO07,GEA Group Aktiengesellschaft,DE
529900HA5L0J79ZV0Y31,GEA BAKERY ITALIA SOCIETA' PER AZIONI,IT,Colognola Ai Colli,ACTIVE,GEA Group,,1.0,"reports GEA Group Aktiengesellschaft as ultimate parent, which belongs to this group",yes,549300PHUU0ZZWO8EO07,GEA Group Aktiengesellschaft,DE
52990059I16669F4KJ49,GEA Bischoff GmbH,DE,Essen,ACTIVE,GEA Group,,1.0,"reports GEA Group Aktiengesellschaft as ultimate parent, which belongs to this group",yes,549300PHUU0ZZWO8EO07,GEA Group Aktiengesellschaft,DE
52990036684MXUJ3TT98,GEA Bock GmbH,DE,Frickenhausen,ACTIVE,GEA Group,,1.0,"reports GEA Group Aktiengesellschaft as ultimate parent, which belongs to this group",yes,549300PHUU0ZZWO8EO07,GEA Group Aktiengesellschaft,DE
529900I23DUMBXTQK222,GEA COMAS S.P.A.,IT,Torrebelvicino,ACTIVE,GEA Group,,1.0,"reports GEA Group Aktiengesellschaft as ultimate parent, which belongs to this group",yes,549300PHUU0ZZWO8EO07,GEA Group Aktiengesellschaft,DE
529900NMM0WNG70FJJ38,GEA Canada Inc.,CA,SAINT JOHN,ACTIVE,GEA Group,,1.0,"reports GEA Group Aktiengesellschaft as ultimate parent, which belongs to this group",yes,549300PHUU0ZZWO8EO07,GEA Group Aktiengesellschaft,DE
529900STMTKCEUUN5R89,GEA EQUIPAMENTOS E SOLUCOES LTDA,BR,Jaguariúna,ACTIVE,GEA Group,,1.0,"reports GEA Group Aktiengesellschaft as ultimate parent, which belongs to this group",yes,549300PHUU0ZZWO8EO07,GEA Group Aktiengesellschaft,DE
529900QI5ZXQLXEDRY05,GEA FARM TECHNOLOGIES (UK) LTD,GB,Warminster,ACTIVE,GEA Group,,1.0,"reports GEA Group Aktiengesellschaft as ultimate parent, which belongs to this group",yes,549300PHUU0ZZWO8EO07,GEA Group Aktiengesellschaft,DE
52990016A4EI6MS80Y58,GEA FARM TECHNOLOGIES AUSTRALIA PTY LTD,AU,MELBOURNE AIRPORT,ACTIVE,GEA Group,,1.0,"reports GEA Group Aktiengesellschaft as ultimate parent, which belongs to this group",yes,549300PHUU0ZZWO8EO07,GEA Group Aktiengesellschaft,DE
529900D5YPVD8CKRZ076,GEA FARM TECHNOLOGIES MULLERUP A/S,DK,Slagelse,ACTIVE,GEA Group,,1.0,"reports GEA Group Aktiengesellschaft as ultimate parent, which belongs to this group",yes,549300PHUU0ZZWO8EO07,GEA Group Aktiengesellschaft,DE
529900FDKUTM7JA7GI30,GEA FARM TECHNOLOGIES NEW ZEALAND LIMITED,NZ,Hamilton,ACTIVE,GEA Group,,1.0,"reports GEA Group Aktiengesellschaft as ultimate parent, which belongs to this group",yes,549300PHUU0ZZWO8EO07,GEA Group Aktiengesellschaft,DE
529900GDUPC6ARQNXQ31,GEA FARM TECHNOLOGIES SPÓŁKA Z OGRANICZONĄ ODPOWIEDZIALNOŚCIĄ,PL,BYDGOSZCZ,ACTIVE,GEA Group,,1.0,"reports GEA Group Aktiengesellschaft as ultimate parent, which belongs to this group",yes,549300PHUU0ZZWO8EO07,GEA Group Aktiengesellschaft,DE
529900HRAES6XQA7LT02,GEA FARM TECHNOLOGIES TARIM EKİPMANLARI MAKİNA KİMYA TEKNİK DANIŞMANLIK SANAYİ VE TİCARET LİMİTED ŞİRKETİ,TR,Izmir,ACTIVE,GEA Group,,1.0,"reports GEA Group Aktiengesellschaft as ultimate parent, which belongs to this group",yes,549300PHUU0ZZWO8EO07,GEA Group Aktiengesellschaft,DE
5493002TL4DWZMQCLI25,"GEA FARM TECHNOLOGIES, INC.",US,DOVER,ACTIVE,GEA Group,,1.0,"reports GEA Group Aktiengesellschaft as ultimate parent, which belongs to this group",yes,549300PHUU0ZZWO8EO07,GEA Group Aktiengesellschaft,DE
529900PPVB65KQEVM471,GEA FOOD SOLUTIONS NORDIC A/S,DK,Slagelse,ACTIVE,GEA Group,,1.0,"reports GEA Group Aktiengesellschaft as ultimate parent, which belongs to this group",yes,549300PHUU0ZZWO8EO07,GEA Group Aktiengesellschaft,DE
549300BBV94G85MHV041,"GEA FOOD SOLUTIONS NORTH AMERICA, INC.",US,DOVER,ACTIVE,GEA Group,,1.0,"reports GEA Group Aktiengesellschaft as ultimate parent, which belongs to this group",yes,549300PHUU0ZZWO8EO07,GEA Group Aktiengesellschaft,DE
529900Z5270B2BK1PX75,GEA FOOD SOLUTIONS POLAND SPÓŁKA Z OGRANICZONĄ ODPOWIEDZIALNOŚCIĄ,PL,Warsaw,ACTIVE,GEA Group,,1.0,"reports GEA Group Aktiengesellschaft as ultimate parent, which belongs to this group",yes,549300PHUU0ZZWO8EO07,GEA Group Aktiengesellschaft,DE
529900U9J3OSQW8YW021,GEA FOOD SOLUTIONS UK & IRELAND LTD,GB,Milton Keynes,ACTIVE,GEA Group,,1.0,"reports GEA Group Aktiengesellschaft as ultimate parent, which belongs to this group",yes,549300PHUU0ZZWO8EO07,GEA Group Aktiengesellschaft,DE
529900FTQW167JJVFC41,GEA Farm Technologies Argentina S.R.L.,AR,CABA,ACTIVE,GEA Group,,1.0,"reports GEA Group Aktiengesellschaft as ultimate parent, which belongs to this group",yes,549300PHUU0ZZWO8EO07,GEA Group Aktiengesellschaft,DE
699400VBT4OMRIUP3A82,GEA Farm Technologies Belgium,BE,Kontich,ACTIVE,GEA Group,,1.0,"reports GEA Group Aktiengesellschaft as ultimate parent, which belongs to this group",yes,549300PHUU0ZZWO8EO07,GEA Group Aktiengesellschaft,DE
5299001PO5ZMD18ZM869,GEA Farm Technologies Canada Inc.,CA,Saint John,ACTIVE,GEA Group,,1.0,"reports GEA Group Aktiengesellschaft as ultimate parent, which belongs to this group",yes,549300PHUU0ZZWO8EO07,GEA Group Aktiengesellschaft,DE
529900FGO5KNRWFOQV18,GEA Farm Technologies GmbH,DE,Bönen,ACTIVE,GEA Group,,1.0,"reports GEA Group Aktiengesellschaft as ultimate parent, which belongs to this group",yes,549300PHUU0ZZWO8EO07,GEA Group Aktiengesellschaft,DE
5299004IZHOIHUJOJW97,GEA Food Solutions B.V.,NL,Bakel,ACTIVE,GEA Group,,1.0,"reports GEA Group Aktiengesellschaft as ultimate parent, which belongs to this group",yes,549300PHUU0ZZWO8EO07,GEA Group Aktiengesellschaft,DE
529900HPIA2025WRKI54,GEA Food Solutions Bakel B.V.,NL,Bakel,ACTIVE,GEA Group,,1.0,"reports GEA Group Aktiengesellschaft as ultimate parent, which belongs to this group",yes,549300PHUU0ZZWO8EO07,GEA Group Aktiengesellschaft,DE
5299001DVPN8CD7EPD44,GEA Food Solutions Germany GmbH,DE,Biedenkopf,ACTIVE,GEA Group,,1.0,"reports GEA Group Aktiengesellschaft as ultimate parent, which belongs to this group",yes,549300PHUU0ZZWO8EO07,GEA Group Aktiengesellschaft,DE
5299007KPTJPEU9TEQ59,GEA Food Solutions International B.V.,NL,Bakel,ACTIVE,GEA Group,,1.0,"reports GEA Group Aktiengesellschaft as ultimate parent, which belongs to this group",yes,549300PHUU0ZZWO8EO07,GEA Group Aktiengesellschaft,DE
529900W7P6JHV3G4WV46,GEA Food Solutions Switzerland AG,CH,Kirchberg BE,ACTIVE,GEA Group,,1.0,"reports GEA Group Aktiengesellschaft as ultimate parent, which belongs to this group",yes,549300PHUU0ZZWO8EO07,GEA Group Aktiengesellschaft,DE
529900UIL5ZBVUJL2Y34,GEA Food Solutions Weert B.V.,NL,Weert,ACTIVE,GEA Group,,1.0,"reports GEA Group Aktiengesellschaft as ultimate parent, which belongs to this group",yes,549300PHUU0ZZWO8EO07,GEA Group Aktiengesellschaft,DE
529900LA896YUDEJ2Y97,GEA Germany GmbH,DE,Oelde,ACTIVE,GEA Group,,1.0,"reports GEA Group Aktiengesellschaft as ultimate parent, which belongs to this group",yes,549300PHUU0ZZWO8EO07,GEA Group Aktiengesellschaft,DE
5299006314I971U5KC42,GEA Group Holding GmbH,DE,Düsseldorf,ACTIVE,GEA Group,GEA Group,1.0,exact name match after normalisation,yes,549300PHUU0ZZWO8EO07,GEA Group Aktiengesellschaft,DE
529900JWUO6A3EAB4Y89,GEA Group Services GmbH,DE,Düsseldorf,ACTIVE,GEA Group,GEA Group,1.0,exact name match after normalisation,yes,549300PHUU0ZZWO8EO07,GEA Group Aktiengesellschaft,DE
815600054423838D5E10,GEA HOLDING S.P.A.,IT,TORINO,ACTIVE,GEA Group,GEA Group,1.0,exact name match after normalisation,yes,,,
815600BDFCEDC9497840,GEA HOLDING S.R.L.,IT,GIAVERA DEL MONTELLO,ACTIVE,GEA Group,GEA Group,1.0,exact name match after normalisation,yes,,,
529900XCGE29Y3DEY316,GEA HONG KONG TRADING LIMITED,HK,Hong Kong,ACTIVE,GEA Group,,1.0,"reports GEA Group Aktiengesellschaft as ultimate parent, which belongs to this group",yes,549300PHUU0ZZWO8EO07,GEA Group Aktiengesellschaft,DE
529900AXL7447WQQNZ61,GEA LIMITED,AI,George Hill,ACTIVE,GEA Group,GEA Group,1.0,exact name match after normalisation,yes,,,
2549009CUJBL7X9X8K80,GEA Limited,HK,Hong Kong,ACTIVE,GEA Group,GEA Group,1.0,exact name match after normalisation,yes,,,
52990079XDZWOKLH6R87,GEA Liquid Technologies A/S,DK,Vrold,ACTIVE,GEA Group,,1.0,"reports GEA Group Aktiengesellschaft as ultimate parent, which belongs to this group",yes,549300PHUU0ZZWO8EO07,GEA Group Aktiengesellschaft,DE
529900I6RNFKCBT2CY98,GEA Liquid Technologies Germany GmbH,DE,Kitzingen,ACTIVE,GEA Group,,1.0,"reports GEA Group Aktiengesellschaft as ultimate parent, which belongs to this group",yes,549300PHUU0ZZWO8EO07,GEA Group Aktiengesellschaft,DE
529900N8H3E2YNSNIV32,GEA Lyophil GmbH,DE,Hürth,ACTIVE,GEA Group,,1.0,"reports GEA Group Aktiengesellschaft as ultimate parent, which belongs to this group",yes,549300PHUU0ZZWO8EO07,GEA Group Aktiengesellschaft,DE
529900EELMGNUWFZYN53,GEA MECHANICAL EQUIPMENT ITALIA S.P.A.,IT,Parma,ACTIVE,GEA Group,,1.0,"reports GEA Group Aktiengesellschaft as ultimate parent, which belongs to this group",yes,549300PHUU0ZZWO8EO07,GEA Group Aktiengesellschaft,DE
529900L44LBWUCS1A073,GEA MECHANICAL EQUIPMENT UK LIMITED,GB,Milton Keynes,ACTIVE,GEA Group,,1.0,"reports GEA Group Aktiengesellschaft as ultimate parent, which belongs to this group",yes,549300PHUU0ZZWO8EO07,GEA Group Aktiengesellschaft,DE
549300QTPV767PMOCO52,"GEA MECHANICAL EQUIPMENT US, INC.",US,DOVER,ACTIVE,GEA Group,,1.0,"reports GEA Group Aktiengesellschaft as ultimate parent, which belongs to this group",yes,549300PHUU0ZZWO8EO07,GEA Group Aktiengesellschaft,DE
5299007ZUTFJNYCB1241,GEA MILFOS INTERNATIONAL LIMITED,NZ,Hamilton,ACTIVE,GEA Group,,1.0,"reports GEA Group Aktiengesellschaft as ultimate parent, which belongs to this group",yes,549300PHUU0ZZWO8EO07,GEA Group Aktiengesellschaft,DE
529900OH4SDR1L9OE634,GEA Mechanical Equipment GmbH,DE,Oelde,ACTIVE,GEA Group,,1.0,"reports GEA Group Aktiengesellschaft as ultimate parent, which belongs to this group",yes,549300PHUU0ZZWO8EO07,GEA Group Aktiengesellschaft,DE
529900BDP4ZAH4SIXI68,GEA NEW ZEALAND LIMITED,NZ,Auckland,ACTIVE,GEA Group,,1.0,"reports GEA Group Aktiengesellschaft as ultimate parent, which belongs to this group",yes,549300PHUU0ZZWO8EO07,GEA Group Aktiengesellschaft,DE
5493007DFQSV6QF8W658,"GEA NORTH AMERICA, INC.",US,DOVER,ACTIVE,GEA Group,,1.0,"reports GEA Group Aktiengesellschaft as ultimate parent, which belongs to this group",yes,549300PHUU0ZZWO8EO07,GEA Group Aktiengesellschaft,DE
529900FV6FABCL67W773,GEA NORWAY AS,NO,Oslo,ACTIVE,GEA Group,,1.0,"reports GEA Group Aktiengesellschaft as ultimate parent, which belongs to this group",yes,549300PHUU0ZZWO8EO07,GEA Group Aktiengesellschaft,DE
529900DJ8KDV6QYD0P09,GEA NU-CON PTY LIMITED,AU,Kirrawee,ACTIVE,GEA Group,,1.0,"reports GEA Group Aktiengesellschaft as ultimate parent, which belongs to this group",yes,549300PHUU0ZZWO8EO07,GEA Group Aktiengesellschaft,DE
529900S79XM6XQY9TE16,GEA Niro PT B.V.,NL,‘s-Hertogenbosch,ACTIVE,GEA Group,,1.0,"reports GEA Group Aktiengesellschaft as ultimate parent, which belongs to this group",yes,549300PHUU0ZZWO8EO07,GEA Group Aktiengesellschaft,DE
8945004BICXMSGT6D447,GEA Nutrition Plant Engineering GmbH,DE,Düsseldorf,ACTIVE,GEA Group,,1.0,"reports GEA Group Aktiengesellschaft as ultimate parent, which belongs to this group",yes,549300PHUU0ZZWO8EO07,GEA Group Aktiengesellschaft,DE
529900FRA2ZAWLWCC743,GEA PROCESS ENGINEERING,FR,Montigny-le-Bretonneux,ACTIVE,GEA Group,,1.0,"reports GEA Group Aktiengesellschaft as ultimate parent, which belongs to this group",yes,549300PHUU0ZZWO8EO07,GEA Group Aktiengesellschaft,DE
529900HH4N9QXOUFT909,GEA PROCESS ENGINEERING A/S,DK,Søborg,ACTIVE,GEA Group,,1.0,"reports GEA Group Aktiengesellschaft as ultimate parent, which belongs to this group",yes,549300PHUU0ZZWO8EO07,GEA Group Aktiengesellschaft,DE
529900127I7LZDRE9233,GEA PROCESS ENGINEERING LIMITED,GB,Warrington,ACTIVE,GEA Group,,1.0,"reports GEA Group Aktiengesellschaft as ultimate parent, which belongs to this group",yes,549300PHUU0ZZWO8EO07,GEA Group Aktiengesellschaft,DE
529900VVQ0LEEQZKC088,GEA PROCESS ENGINEERING PTY LTD,AU,Melbourne Airport,ACTIVE,GEA Group,,1.0,"reports GEA Group Aktiengesellschaft as ultimate parent, which belongs to this group",yes,549300PHUU0ZZWO8EO07,GEA Group Aktiengesellschaft,DE
529900IE2H364LHXJH85,GEA PROCESS ENGINEERING S.P.A.,IT,Cinisello Balsamo,ACTIVE,GEA Group,,1.0,"reports GEA Group Aktiengesellschaft as ultimate parent, which belongs to this group",yes,549300PHUU0ZZWO8EO07,GEA Group Aktiengesellschaft,DE
529900QJIL057RX50V07,GEA PROCESS ENGINEERING SA,ES,Alcobendas,ACTIVE,GEA Group,,1.0,"reports GEA Group Aktiengesellschaft as ultimate parent, which belongs to this group",yes,549300PHUU0ZZWO8EO07,GEA Group Aktiengesellschaft,DE
5299002ZLDBUPDEP3Y10,GEA PROCESS ENGINEERING SA DE CV,MX,Cuajimalpa de Morelos,ACTIVE,GEA Group,,1.0,"reports GEA Group Aktiengesellschaft as ultimate parent, which belongs to this group",yes,549300PHUU0ZZWO8EO07,GEA Group Aktiengesellschaft,DE
529900PTNFAQVMRTLN66,GEA PROCESS ENGINEERING SPÓŁKA Z OGRANICZONĄ ODPOWIEDZIALNOŚCIĄ,PL,WARSZAWA,ACTIVE,GEA Group,,1.0,"reports GEA Group Aktiengesellschaft as ultimate parent, which belongs to this group",yes,549300PHUU0ZZWO8EO07,GEA Group Aktiengesellschaft,DE
529900DJ98H7CB069877,GEA PROCESS MÜHENDİSLİK MAKİNE İNŞAAT TAAHHÜT İTHALAT İHRACAT DANIŞMANLIK SANAYİ VE TİCARET LİMİTED,TR,IZMIR,ACTIVE,GEA Group,,1.0,"reports GEA Group Aktiengesellschaft as ultimate parent, which belongs to this group",yes,549300PHUU0ZZWO8EO07,GEA Group Aktiengesellschaft,DE
529900RQOW45I9YQQ252,GEA PROCESS TECHNOLOGIES IRELAND LIMITED,IE,Naas CO. Kildare,ACTIVE,GEA Group,,1.0,"reports GEA Group Aktiengesellschaft as ultimate parent, which belongs to this group",yes,549300PHUU0ZZWO8EO07,GEA Group Aktiengesellschaft,DE
529900CWVU94F74S8945,GEA PROCOMAC S.P.A.,IT,Sala Baganza,ACTIVE,GEA Group,,1.0,"reports GEA Group Aktiengesellschaft as ultimate parent, which belongs to this group",yes,549300PHUU0ZZWO8EO07,GEA Group Aktiengesellschaft,DE
529900AHYANDF4VN4615,GEA Process Engineering,BE,Halle,ACTIVE,GEA Group,,1.0,"reports GEA Group Aktiengesellschaft as ultimate parent, which belongs to this group",yes,549300PHUU0ZZWO8EO07,GEA Group Aktiengesellschaft,DE
529900JJT5MV2T3GPK31,GEA Process Engineering Pte. Ltd.,SG,Singapore,ACTIVE,GEA Group,,1.0,"reports GEA Group Aktiengesellschaft as ultimate parent, which belongs to this group",yes,549300PHUU0ZZWO8EO07,GEA Group Aktiengesellschaft,DE
529900FBP46VBKCFIB11,GEA REFRIGERATION IRELAND LIMITED,IE,Cavan,ACTIVE,GEA Group,,1.0,"reports GEA Group Aktiengesellschaft as ultimate parent, which belongs to this group",yes,549300PHUU0ZZWO8EO07,GEA Group Aktiengesellschaft,DE
529900E6YXEL5OUOJ718,GEA REFRIGERATION POLAND SPÓŁKA Z OGRANICZONĄ ODPOWIEDZIALNOŚCIĄ,PL,GDYNIA,ACTIVE,GEA Group,,1.0,"reports GEA Group Aktiengesellschaft as ultimate parent, which belongs to this group",yes,549300PHUU0ZZWO8EO07,GEA Group Aktiengesellschaft,DE
529900EC1KOC5CICCI19,GEA REFRIGERATION UK LIMITED,GB,London,ACTIVE,GEA Group,,1.0,"reports GEA Group Aktiengesellschaft as ultimate parent, which belongs to this group",yes,549300PHUU0ZZWO8EO07,GEA Group Aktiengesellschaft,DE
5299001MYQDN8ZLBP359,GEA Refrigeration Australia Pty Ltd,AU,MELBOURNE AIRPORT,ACTIVE,GEA Group,,1.0,"reports GEA Group Aktiengesellschaft as ultimate parent, which belongs to this group",yes,549300PHUU0ZZWO8EO07,GEA Group Aktiengesellschaft,DE
529900TS5OA4OW09VP61,GEA Refrigeration Canada Inc.,CA,Richmond,ACTIVE,GEA Group,,1.0,"reports GEA Group Aktiengesellschaft as ultimate parent, which belongs to this group",yes,549300PHUU0ZZWO8EO07,GEA Group Aktiengesellschaft,DE
529900L0TP4HI9E6XI61,GEA Refrigeration Germany GmbH,DE,Berlin,ACTIVE,GEA Group,,1.0,"reports GEA Group Aktiengesellschaft as ultimate parent, which belongs to this group",yes,549300PHUU0ZZWO8EO07,GEA Group Aktiengesellschaft,DE
529900OY7EGVAGLB3V77,GEA Refrigeration Netherlands N.V.,NL,'s-Hertogenbosch,ACTIVE,GEA Group,,1.0,"reports GEA Group Aktiengesellschaft as ultimate parent, which belongs to this group",yes,549300PHUU0ZZWO8EO07,GEA Group Aktiengesellschaft,DE
5299001VG283YJ6LAY35,GEA Refrigeration Singapore Pte. Ltd.,SG,Singapore,ACTIVE,GEA Group,,1.0,"reports GEA Group Aktiengesellschaft as ultimate parent, which belongs to this group",yes,549300PHUU0ZZWO8EO07,GEA Group Aktiengesellschaft,DE
529900W52IMZEEL2R550,GEA Refrigeration Technologies GmbH,DE,Berlin,ACTIVE,GEA Group,,1.0,"reports GEA Group Aktiengesellschaft as ultimate parent, which belongs to this group",yes,549300PHUU0ZZWO8EO07,GEA Group Aktiengesellschaft,DE
815600103160447A0228,GEA S.P.A.,IT,MILANO,INACTIVE,GEA Group,GEA Group,1.0,exact name match after normalisation,not yet queried,,,
8156001D406E4E524653,GEA S.R.L.,IT,BOLOGNA,ACTIVE,GEA Group,GEA Group,1.0,exact name match after normalisation,yes,,,
815600FA82147DF11838,GEA S.R.L.,IT,SAVIGLIANO,ACTIVE,GEA Group,GEA Group,1.0,exact name match after normalisation,yes,,,
81560063BA97C0F03552,GEA S.R.L.,IT,TRIESTE,ACTIVE,GEA Group,GEA Group,1.0,exact name match after normalisation,yes,,,
8156003623AB146BCD41,GEA S.R.L.,IT,NOCERA INFERIORE,ACTIVE,GEA Group,GEA Group,1.0,exact name match after normalisation,yes,,,
815600CE5E7429251265,GEA S.R.L.,IT,DESIO,ACTIVE,GEA Group,GEA Group,1.0,exact name match after normalisation,yes,,,
8156002E0290B23A4236,GEA S.R.L.,IT,SAVIGLIANO,ACTIVE,GEA Group,GEA Group,1.0,exact name match after normalisation,yes,,,
9845002AK8BCA13EB846,GEA S.R.L.,IT,CATANIA,ACTIVE,GEA Group,GEA Group,1.0,exact name match after normalisation,yes,,,
815600C1E2008E800E22,GEA S.R.L.,IT,FRANCAVILLA FONTANA,ACTIVE,GEA Group,GEA Group,1.0,exact name match after normalisation,yes,,,
8156000AE53E8CF3F287,GEA S.R.L.,IT,REFRONTOLO,ACTIVE,GEA Group,GEA Group,1.0,exact name match after normalisation,yes,,,
8156003E18B9F9464319,GEA S.R.L.,IT,SELVAZZANO DENTRO,ACTIVE,GEA Group,GEA Group,1.0,exact name match after normalisation,yes,,,
815600A8C51563237724,GEA S.R.L.,IT,GENOVA,ACTIVE,GEA Group,GEA Group,1.0,exact name match after normalisation,yes,,,
815600387B1A1DE48D63,GEA S.R.L.,IT,MILANO,ACTIVE,GEA Group,GEA Group,1.0,exact name match after normalisation,yes,,,
815600480B1957302B19,GEA S.R.L.,IT,L'AQUILA,ACTIVE,GEA Group,GEA Group,1.0,exact name match after normalisation,yes,,,
815600929761497BB541,GEA S.R.L.,IT,SANT'URBANO,ACTIVE,GEA Group,GEA Group,1.0,exact name match after normalisation,yes,8156004881E502C74803,PLANESYS S.P.A.,IT
815600A09EB08B6A6980,GEA S.R.L.,IT,MILANO,ACTIVE,GEA Group,GEA Group,1.0,exact name match after normalisation,yes,,,
81560034DB4339183919,GEA S.R.L.,IT,VICENZA,INACTIVE,GEA Group,GEA Group,1.0,exact name match after normalisation,not yet queried,,,
815600291FCA29048926,GEA SRL,IT,ORTONA,ACTIVE,GEA Group,GEA Group,1.0,exact name match after normalisation,yes,,,
815600CD2C9A2279F354,GEA SRL,IT,MODENA,ACTIVE,GEA Group,GEA Group,1.0,exact name match after normalisation,yes,,,
984500DCB91E4M8EBE18,GEA SRL,IT,CAVRIAGO,ACTIVE,GEA Group,GEA Group,1.0,exact name match after normalisation,yes,,,
8156000AB0974E0AE493,GEA SRL,IT,SETTIMO MILANESE,ACTIVE,GEA Group,GEA Group,1.0,exact name match after normalisation,yes,,,
8156000BEC2679640A39,GEA SRL,IT,CESANO BOSCONE,ACTIVE,GEA Group,GEA Group,1.0,exact name match after normalisation,yes,,,
549300A5GIC8UD7XEL27,GEA SYSTEMS NORTH AMERICA LLC,US,ROCKVILLE,ACTIVE,GEA Group,,1.0,"reports GEA Group Aktiengesellschaft as ultimate parent, which belongs to this group",yes,549300PHUU0ZZWO8EO07,GEA Group Aktiengesellschaft,DE
529900AYK96J4KQY3U73,GEA Suisse AG,CH,Kirchberg BE,ACTIVE,GEA Group,GEA Group,1.0,exact name match after normalisation,yes,549300PHUU0ZZWO8EO07,GEA Group Aktiengesellschaft,DE
5299007FDOZOSPD46P80,GEA Sweden AB,SE,Mölndal,ACTIVE,GEA Group,,1.0,"reports GEA Group Aktiengesellschaft as ultimate parent, which belongs to this group",yes,549300PHUU0ZZWO8EO07,GEA Group Aktiengesellschaft,DE
529900AUCU35J1EN5C58,GEA Switzerland Engineering AG,CH,Kirchberg,ACTIVE,GEA Group,,1.0,"reports GEA Group Aktiengesellschaft as ultimate parent, which belongs to this group",yes,549300PHUU0ZZWO8EO07,GEA Group Aktiengesellschaft,DE
815600EE1796E8867590,GEA TRADING S.R.L.,IT,TORINO,ACTIVE,GEA Group,GEA Group,1.0,exact name match after normalisation,yes,,,
529900JIIYM9OUDEF373,GEA TUCHENHAGEN POLSKA SPÓŁKA Z OGRANICZONĄ ODPOWIEDZIALNOŚCIĄ,PL,KOSZALIN,ACTIVE,GEA Group,,1.0,"reports GEA Group Aktiengesellschaft as ultimate parent, which belongs to this group",yes,549300PHUU0ZZWO8EO07,GEA Group Aktiengesellschaft,DE
529900E3IQDA3P4QXW78,GEA Tuchenhagen GmbH,DE,Büchen,ACTIVE,GEA Group,,1.0,"reports GEA Group Aktiengesellschaft as ultimate parent, which belongs to this group",yes,549300PHUU0ZZWO8EO07,GEA Group Aktiengesellschaft,DE
529900TH9C8A38ZD8V47,GEA WESTFALIA SEPARATOR (S.E.A.) PTE. LTD.,SG,Singapore,ACTIVE,GEA Group,,1.0,"reports GEA Group Aktiengesellschaft as ultimate parent, which belongs to this group",yes,549300PHUU0ZZWO8EO07,GEA Group Aktiengesellschaft,DE
529900M263Q0NWMK2M55,GEA WESTFALIA SEPARATOR AUSTRALIA PTY LTD,AU,Melbourne Airport,ACTIVE,GEA Group,,1.0,"reports GEA Group Aktiengesellschaft as ultimate parent, which belongs to this group",yes,549300PHUU0ZZWO8EO07,GEA Group Aktiengesellschaft,DE
699400RPX336R9M7LH73,GEA WESTFALIA SEPARATOR BELGIUM,BE,Kontich,ACTIVE,GEA Group,,1.0,"reports GEA Group Aktiengesellschaft as ultimate parent, which belongs to this group",yes,549300PHUU0ZZWO8EO07,GEA Group Aktiengesellschaft,DE
52990056QQH7F7M14T52,GEA WESTFALIA SEPARATOR DK A/S,DK,Skanderborg,ACTIVE,GEA Group,,1.0,"reports GEA Group Aktiengesellschaft as ultimate parent, which belongs to this group",yes,549300PHUU0ZZWO8EO07,GEA Group Aktiengesellschaft,DE
33580062KF2MBAND7X84,GEA WESTFALIA SEPARATOR INDIA PRIVATE LIMITED,IN,VADODARA,ACTIVE,GEA Group,,1.0,"reports GEA Group Aktiengesellschaft as ultimate parent, which belongs to this group",yes,549300PHUU0ZZWO8EO07,GEA Group Aktiengesellschaft,DE
5299007AMAFE7VM3LA47,GEA WESTFALIA SEPARATOR POLSKA SPÓŁKA Z OGRANICZONĄ ODPOWIEDZIALNOŚCIĄ,PL,WARSZAWA,ACTIVE,GEA Group,,1.0,"reports GEA Group Aktiengesellschaft as ultimate parent, which belongs to this group",yes,549300PHUU0ZZWO8EO07,GEA Group Aktiengesellschaft,DE
529900QRHAKKYRNJ7P29,GEA WESTFALİA SEPARATOR SANAYİ VE TİCARET LİMİTED ŞİRKETİ,TR,Izmir,ACTIVE,GEA Group,,1.0,"reports GEA Group Aktiengesellschaft as ultimate parent, which belongs to this group",yes,549300PHUU0ZZWO8EO07,GEA Group Aktiengesellschaft,DE
529900OBZE8U2F1HE045,GEA Westfalia Separator (Malaysia) Sdn. Bhd.,MY,Petaling Jaya,ACTIVE,GEA Group,,1.0,"reports GEA Group Aktiengesellschaft as ultimate parent, which belongs to this group",yes,549300PHUU0ZZWO8EO07,GEA Group Aktiengesellschaft,DE
5299004I2L2EZBAGPF09,GEA Westfalia Separator Group GmbH,DE,Oelde,ACTIVE,GEA Group,,1.0,"reports GEA Group Aktiengesellschaft as ultimate parent, which belongs to this group",yes,549300PHUU0ZZWO8EO07,GEA Group Aktiengesellschaft,DE
529900TP88PK4UM3GZ49,GEA Wiegand GmbH,DE,Ettlingen,ACTIVE,GEA Group,,1.0,"reports GEA Group Aktiengesellschaft as ultimate parent, which belongs to this group",yes,549300PHUU0ZZWO8EO07,GEA Group Aktiengesellschaft,DE
529900GHO5RQW5R03T92,GEAジャパン株式会社,JP,東京都,ACTIVE,GEA Group,GEA Group,1.0,exact name match after normalisation,yes,549300PHUU0ZZWO8EO07,GEA Group Aktiengesellschaft,DE
529900IHJVPNS283A685,Gea Imaforni s.p.a.,IT,Colognola Ai Colli,ACTIVE,GEA Group,,1.0,"reports GEA Group Aktiengesellschaft as ultimate parent, which belongs to this group",yes,549300PHUU0ZZWO8EO07,GEA Group Aktiengesellschaft,DE
25490093IBCXL5L7FW86,PT GEA REFRIGERATION INDONESIA,ID,Jakarta Barat,ACTIVE,GEA Group,,1.0,"reports GEA Group Aktiengesellschaft as ultimate parent, which belongs to this group",yes,549300PHUU0ZZWO8EO07,GEA Group Aktiengesellschaft,DE
549300KMP70B70NZSS91,GENERAL MILLS CANADA CORPORATION,CA,HALIFAX,ACTIVE,General Mills,,1.0,"reports General Mills, Inc. as ultimate parent, which belongs to this group",yes,2TGYMUGI08PO8X8L6150,"General Mills, Inc.",US
K5DUV8RDGI7FWL66QN86,"GENERAL MILLS FINANCE, INC.",US,WILMINGTON,ACTIVE,General Mills,,1.0,"reports General Mills, Inc. as ultimate parent, which belongs to this group",yes,2TGYMUGI08PO8X8L6150,"General Mills, Inc.",US
335800SEKCNX5EUTNT92,GENERAL MILLS INDIA PRIVATE LIMITED,IN,MUMBAI,ACTIVE,General Mills,,1.0,"reports General Mills, Inc. as ultimate parent, which belongs to this group",yes,2TGYMUGI08PO8X8L6150,"General Mills, Inc.",US
549300T182DYI2C2JC84,General Mills Holding B.V.,NL,Amsterdam,ACTIVE,General Mills,General Mills,1.0,exact name match after normalisation,yes,2TGYMUGI08PO8X8L6150,"General Mills, Inc.",US
549300752OQKTWHXBR49,General Mills International Sàrl,CH,Nyon,ACTIVE,General Mills,General Mills,1.0,exact name match after normalisation,yes,2TGYMUGI08PO8X8L6150,"General Mills, Inc.",US
K3N1TB7UT53546TVAU72,"General Mills Operations, LLC",US,Wilmington,ACTIVE,General Mills,General Mills,1.0,exact name match after normalisation,yes,2TGYMUGI08PO8X8L6150,"General Mills, Inc.",US
2549006BB4GAMYSMZZ48,"General Mills Services, Inc.",US,Wilmington,ACTIVE,General Mills,General Mills,1.0,exact name match after normalisation,yes,2TGYMUGI08PO8X8L6150,"General Mills, Inc.",US
549300SF18TN1WHMYT87,General Mills Swiss Finance Sàrl,CH,Nyon,ACTIVE,General Mills,,1.0,"reports General Mills, Inc. as ultimate parent, which belongs to this group",yes,2TGYMUGI08PO8X8L6150,"General Mills, Inc.",US
2TGYMUGI08PO8X8L6150,"General Mills, Inc.",US,Wilmington,ACTIVE,General Mills,General Mills,1.0,exact name match after normalisation,yes,,,
2549004IM6D238T78H43,Caisse de pensions Givaudan,CH,Vernier,ACTIVE,Givaudan,Givaudan,0.7,group name appears in legal name,yes,,,
894500QVPQKZB3U6BZ83,Fondation de prévoyance de Givaudan,CH,Vernier,ACTIVE,Givaudan,Givaudan,0.7,group name appears in legal name,yes,,,
9695002YBER1HA2B4H74,GIVAUDAN,FR,PARIS,ACTIVE,Givaudan,Givaudan,1.0,exact name match after normalisation,yes,,,
335800X5355WBM5LN330,GIVAUDAN (INDIA) PRIVATE LIMITED,IN,JIGANI,ACTIVE,Givaudan,Givaudan,0.9,leading token matches group name,yes,213800SVRMQA1TD91D41,GIVAUDAN SA,CH
2138008YPCRZJCNNNF98,GIVAUDAN AUSTRALIA PTY LIMITED,AU,SYDNEY,ACTIVE,Givaudan,Givaudan,0.9,leading token matches group name,yes,,,
213800BNPWK19YDPDR43,GIVAUDAN BUSINESS SOLUTIONS ASIA PACIFIC SDN. BHD.,MY,PETALING JAYA,ACTIVE,Givaudan,Givaudan,0.9,leading token matches group name,yes,213800SVRMQA1TD91D41,GIVAUDAN SA,CH
213800HPYLHZCFBI4Q40,GIVAUDAN BUSINESS SOLUTIONS KFT.,HU,BUDAPEST,ACTIVE,Givaudan,Givaudan,0.9,leading token matches group name,yes,,,
213800P5RDFRZYVAHP66,GIVAUDAN DEUTSCHLAND GMBH,DE,DORTMUND,ACTIVE,Givaudan,Givaudan,1.0,exact name match after normalisation,yes,,,
213800IQ3XDMJDK26237,GIVAUDAN DO BRASIL LTDA.,BR,SAO PAULO,ACTIVE,Givaudan,Givaudan,0.9,leading token matches group name,yes,213800SVRMQA1TD91D41,GIVAUDAN SA,CH
213800MGRS1DZVKTKA03,GIVAUDAN FINANCE EUROPE B.V.,NL,NAARDEN,ACTIVE,Givaudan,Givaudan,0.9,leading token matches group name,yes,,,
213800CADHIGUFZ8WC47,GIVAUDAN FINANCE SA,CH,VERNIER,ACTIVE,Givaudan,Givaudan,0.9,leading token matches group name,yes,,,
213800R9QAW1FB5EUX70,GIVAUDAN FLAVOURS & FRAGRANCES MALAYSIA SDN. BHD.,MY,MELAKA,ACTIVE,Givaudan,Givaudan,0.9,leading token matches group name,yes,213800SVRMQA1TD91D41,GIVAUDAN SA,CH
213800IYDZW6JE4U6G95,GIVAUDAN FRANCE,FR,ARGENTEUIL,ACTIVE,Givaudan,Givaudan,1.0,exact name match after normalisation,yes,,,
969500SVA42U9VSAXY87,GIVAUDAN FRANCE NATURALS,FR,AVIGNON,ACTIVE,Givaudan,Givaudan,0.9,leading token matches group name,yes,,,
969500J4VJ4AGT6SO405,GIVAUDAN HOUSE OF NATURALS,FR,VALLAURIS,ACTIVE,Givaudan,Givaudan,0.9,leading token matches group name,yes,,,
213800848M6RNLLKVA33,GIVAUDAN HUNGARY KORLÁTOLT FELELŐSSÉGŰ TÁRSASÁG,HU,MAKÓ,ACTIVE,Givaudan,Givaudan,0.9,leading token matches group name,yes,,,
213800BE6PGM2JKNN523,GIVAUDAN IBERICA SA,ES,SANT CELONI,ACTIVE,Givaudan,Givaudan,0.9,leading token matches group name,yes,,,
2138002VSUCA8PMPE555,GIVAUDAN INTERNATIONAL SA,CH,VERNIER,ACTIVE,Givaudan,Givaudan,1.0,exact name match after normalisation,yes,213800SVRMQA1TD91D41,GIVAUDAN SA,CH
969500FH9GI0AUS8L043,GIVAUDAN LAVIROTTE,FR,LYON,ACTIVE,Givaudan,Givaudan,0.9,leading token matches group name,yes,,,
213800DB46MUDLBDPN29,GIVAUDAN NEDERLAND B.V.,NL,NAARDEN,ACTIVE,Givaudan,Givaudan,1.0,exact name match after normalisation,yes,,,
213800SVRMQA1TD91D41,GIVAUDAN SA,CH,VERNIER,ACTIVE,Givaudan,Givaudan,1.0,exact name match after normalisation,yes,,,
21380018IWDINCBUWP82,GIVAUDAN SINGAPORE PTE LTD,SG,SINGAPORE,ACTIVE,Givaudan,Givaudan,0.9,leading token matches group name,yes,,,
9845008EE9WC70E49543,GIVAUDAN SOUTH AFRICA,ZA,JOHANNESBURG,ACTIVE,Givaudan,Givaudan,0.9,leading token matches group name,yes,,,
213800Y6XKLWISNKTE62,GIVAUDAN TREASURY INTERNATIONAL B.V.,NL,NAARDEN,INACTIVE,Givaudan,Givaudan,0.9,leading token matches group name,not yet queried,,,
213800BOGTNTVJVJSO19,GIVAUDAN TREASURY INTERNATIONAL SA,CH,VERNIER,ACTIVE,Givaudan,Givaudan,0.9,leading token matches group name,yes,,,
213800XQH21A52VHII60,GIVAUDAN UK LIMITED,GB,ASHFORD,ACTIVE,Givaudan,Givaudan,1.0,exact name match after normalisation,yes,,,
213800TV4T3XT15X9V56,"GIVAUDAN VIETNAM CO., LTD",VN,THUAN AN,ACTIVE,Givaudan,Givaudan,0.9,leading token matches group name,yes,213800SVRMQA1TD91D41,GIVAUDAN SA,CH
213800SGVFVISPOEPO58,PT GIVAUDAN INDONESIA,ID,CILODONG,ACTIVE,Givaudan,Givaudan,0.7,group name appears in legal name,yes,213800SVRMQA1TD91D41,GIVAUDAN SA,CH
549300OJG7JPRQI46X73,STICHTING PENSIOENFONDS GIVAUDAN NEDERLAND,NL,NAARDEN,ACTIVE,Givaudan,Givaudan,0.7,group name appears in legal name,yes,,,
5493005TZB31IQ2CBB11,CÔNG TY TNHH INGREDION VIỆT NAM,VN,Thành phố Hồ Chí Minh,ACTIVE,Ingredion,Ingredion,0.7,group name appears in legal name,yes,PKSTQ48QDN0XSVS7YK88,INGREDION INCORPORATED,US
549300NDV4QFWO5WYR27,INGREDION ANZ PTY LTD,AU,Sydney,ACTIVE,Ingredion,Ingredion,0.9,leading token matches group name,yes,PKSTQ48QDN0XSVS7YK88,INGREDION INCORPORATED,US
254900U3BBTJGL8J2U80,INGREDION CANADA CORPORATION,CA,Halifax,ACTIVE,Ingredion,Ingredion,0.9,leading token matches group name,yes,PKSTQ48QDN0XSVS7YK88,INGREDION INCORPORATED,US
549300FWQYIGXQKTLF33,INGREDION CANADA CORPORATION,CA,HALIFAX,INACTIVE,Ingredion,Ingredion,0.9,leading token matches group name,not yet queried,,,
5493009S38RZ2HRGUY90,INGREDION COLOMBIA S.A.,CO,CALI,ACTIVE,Ingredion,Ingredion,0.9,leading token matches group name,yes,PKSTQ48QDN0XSVS7YK88,INGREDION INCORPORATED,US
549300HUPKL6G3HUT727,INGREDION GERMANY GMBH,DE,HAMBURG,ACTIVE,Ingredion,Ingredion,0.9,leading token matches group name,yes,PKSTQ48QDN0XSVS7YK88,INGREDION INCORPORATED,US
PKSTQ48QDN0XSVS7YK88,INGREDION INCORPORATED,US,WILMINGTON,ACTIVE,Ingredion,Ingredion,1.0,exact name match after normalisation,yes,,,
3358002OP43DD8YU2463,INGREDION INDIA PRIVATE LIMITED,IN,Navi Mumbai,ACTIVE,Ingredion,Ingredion,0.9,leading token matches group name,yes,PKSTQ48QDN0XSVS7YK88,INGREDION INCORPORATED,US
549300CCE7CHOHWMZ689,"INGREDION MEXICO, S.A. DE C.V.",MX,ZAPOPAN,ACTIVE,Ingredion,Ingredion,0.9,leading token matches group name,yes,PKSTQ48QDN0XSVS7YK88,INGREDION INCORPORATED,US
152FIYD98NXHGSRQ2349,INGREDION NETHERLANDS B.V.,NL,AMSTERDAM,ACTIVE,Ingredion,Ingredion,0.9,leading token matches group name,yes,PKSTQ48QDN0XSVS7YK88,INGREDION INCORPORATED,US
549300MPI98HSUZR7U25,INGREDION PERU S.A.,PE,LIMA,ACTIVE,Ingredion,Ingredion,0.9,leading token matches group name,yes,PKSTQ48QDN0XSVS7YK88,INGREDION INCORPORATED,US
5493001VWS3A20FQWW72,INGREDION SINGAPORE PTE. LTD.,SG,SINGAPORE,ACTIVE,Ingredion,Ingredion,0.9,leading token matches group name,yes,PKSTQ48QDN0XSVS7YK88,INGREDION INCORPORATED,US
Z2HYZ8JD4NK6ONHIJT21,INGREDION SOUTH AFRICA (PTY) LIMITED,ZA,ALBERTON,ACTIVE,Ingredion,Ingredion,0.9,leading token matches group name,yes,PKSTQ48QDN0XSVS7YK88,INGREDION INCORPORATED,US
ZYRGHE9I5GFPRVIM1Q91,INGREDION UK LIMITED,GB,Manchester,ACTIVE,Ingredion,Ingredion,1.0,exact name match after normalisation,yes,PKSTQ48QDN0XSVS7YK88,INGREDION INCORPORATED,US
UDVGPE2UNUC62S4LNZ46,Ingredion Canada Incorporated,CA,Mississauga,INACTIVE,Ingredion,Ingredion,0.9,leading token matches group name,not yet queried,,,
254900DIV6ZJ7Z0X2993,PT INGREDION INDONESIA,ID,JAKARTA,ACTIVE,Ingredion,Ingredion,0.7,group name appears in legal name,yes,PKSTQ48QDN0XSVS7YK88,INGREDION INCORPORATED,US
549300S0GCIOEB3FYO56,IFF,US,CHICAGO,ACTIVE,International Flavors & Fragrances,International Flavors & Fragrances,1.0,exact name match after normalisation,yes,,,
254900BVDQ5UR0G7TP09,IFF H&B SPAIN SL,ES,Oviedo,ACTIVE,International Flavors & Fragrances,,1.0,"reports INTERNATIONAL FLAVORS & FRAGRANCES INC. as ultimate parent, which belongs to this group",yes,BZLRL03D3GPGMOGFO832,INTERNATIONAL FLAVORS & FRAGRANCES INC.,US
636700BFU6YMK0X4D849,IFF Holdings Inc.,CA,Calgary,ACTIVE,International Flavors & Fragrances,International Flavors & Fragrances,1.0,exact name match after normalisation,yes,,,
I97FWWU54JKZYBZHLD23,IFF INTERNATIONAL INC.,US,NEW YORK,ACTIVE,International Flavors & Fragrances,International Flavors & Fragrances,1.0,exact name match after normalisation,yes,BZLRL03D3GPGMOGFO832,INTERNATIONAL FLAVORS & FRAGRANCES INC.,US
5493000L0MQ5EZYRYW19,IFF NUTRITION AND BIOSCIENCES IBERICA SL,ES,VALENCIA,ACTIVE,International Flavors & Fragrances,,1.0,"reports INTERNATIONAL FLAVORS & FRAGRANCES INC. as ultimate parent, which belongs to this group",yes,BZLRL03D3GPGMOGFO832,INTERNATIONAL FLAVORS & FRAGRANCES INC.,US
NZLXOBPZBQPM8RV82H92,INTERNATIONAL FLAVORS & FRAGRANCES (NEDERLAND) HOLDING B.V.,NL,HILVERSUM,ACTIVE,International Flavors & Fragrances,International Flavors & Fragrances,1.0,exact name match after normalisation,yes,BZLRL03D3GPGMOGFO832,INTERNATIONAL FLAVORS & FRAGRANCES INC.,US
549300UE82ZIH42XQ014,INTERNATIONAL FLAVORS & FRAGRANCES I.F.F. (NEDERLAND) B.V.,NL,HILVERSUM,ACTIVE,International Flavors & Fragrances,International Flavors & Fragrances,1.0,exact name match after normalisation,yes,,,
BZLRL03D3GPGMOGFO832,INTERNATIONAL FLAVORS & FRAGRANCES INC.,US,NEW YORK,ACTIVE,International Flavors & Fragrances,International Flavors & Fragrances,1.0,exact name match after normalisation,yes,,,
XWCHCJVQ8UQWSFE34J54,International Flavors & Fragrances (Luxembourg),LU,Bertrange,ACTIVE,International Flavors & Fragrances,,1.0,"reports INTERNATIONAL FLAVORS & FRAGRANCES INC. as ultimate parent, which belongs to this group",yes,BZLRL03D3GPGMOGFO832,INTERNATIONAL FLAVORS & FRAGRANCES INC.,US
894500AL8FX4N6K7LJ82,GROUPE JBT,FR,CHASSAL-MOLINGES,ACTIVE,JBT,JBT,1.0,exact name match after normalisation,yes,,,
984500FC902C08F14051,JBT,BE,Kortenberg,ACTIVE,JBT,JBT,1.0,exact name match after normalisation,yes,,,
549300R6BE3TJXT7XF96,JBT AS,NO,KRISTIANSUND N,ACTIVE,JBT,JBT,1.0,exact name match after normalisation,yes,,,
63670073DXB1T6768X40,JBT ApS,DK,København K,ACTIVE,JBT,JBT,1.0,exact name match after normalisation,yes,,,
969500IHP8K7RKZ7DE87,JBT HOLDING,FR,CHASSAL-MOLINGES,ACTIVE,JBT,JBT,1.0,exact name match after normalisation,yes,,,
1595AJWAR8BYXDMW8P15,JBT Holding ApS,DK,Grindsted,ACTIVE,JBT,JBT,1.0,exact name match after normalisation,yes,,,
969500CG3OUC1UBM6I17,ACTIONS KELLANOVA,FR,PARIS,INACTIVE,Kellogg,Kellogg,0.7,group name appears in legal name,not yet queried,,,
5493001SX746SBOGNI68,"East Kellogg Plaza Associates, LLC",US,NORTH PALM BEACH,ACTIVE,Kellogg,Kellogg,0.7,group name appears in legal name,yes,,,
549300X67HUCCF2IB760,"K & K KELLOGG WOODS, LLC",US,GRAND RAPIDS,ACTIVE,Kellogg,Kellogg,0.9,leading token matches group name,yes,,,
LONOZNOJYIBXOHXWDB86,KELLANOVA,US,WILMINGTON,ACTIVE,Kellogg,Kellogg,1.0,exact name match after normalisation,yes,,,
AU2XUZ32TX2E8O01SP33,KELLANOVA PENSION MASTER TRUST,US,WILMINGTON,ACTIVE,Kellogg,Kellogg,0.9,leading token matches group name,yes,,,
5493008TVLG8KL0LKH98,KELLANOVA RETIREE WELFARE BENEFIT TRUST FOR COLLECTIVELY BARGAINED EMPLOYEES,US,Battle Creek,ACTIVE,Kellogg,Kellogg,0.9,leading token matches group name,yes,,,
5493001J0N6WY41OMG52,KELLANOVA SAVINGS AND INVESTMENT MASTER TRUST,US,BATTLE CREEK,ACTIVE,Kellogg,Kellogg,0.9,leading token matches group name,yes,,,
213800WM26V9A1PYNV24,KELLOGG BROWN & ROOT (UK) LIMITED PENSION PLAN,GB,ABERDEEN,ACTIVE,Kellogg,Kellogg,0.9,leading token matches group name,yes,,,
335800342XWZIY1WUS25,KELLOGG BROWN & ROOT ENGINEERING & CONSTRUCTION INDIA PRIVATE LIMITED,IN,GURGAON,ACTIVE,Kellogg,Kellogg,0.9,leading token matches group name,yes,,,
254900CDUILFTCPB7H89,KELLOGG COMMUNITY CREDIT UNION,US,BATTLE CREEK,ACTIVE,Kellogg,Kellogg,0.9,leading token matches group name,yes,,,
5493009FLOTEQ04T1H14,KELLOGG COMPANY MEXICO S DE RL DE CV,MX,SANTIAGO DE QUERETARO,ACTIVE,Kellogg,Kellogg,0.9,leading token matches group name,yes,LONOZNOJYIBXOHXWDB86,KELLANOVA,US
549300JBSKF126QEPX27,"KELLOGG COMPANY OF GREAT BRITAIN,LIMITED",GB,SALFORD,ACTIVE,Kellogg,Kellogg,0.9,leading token matches group name,yes,LONOZNOJYIBXOHXWDB86,KELLANOVA,US
549300ZE4MEJZE7X0N14,KELLOGG DE MEXICO S DE RL DE CV,MX,SANTIAGO DE QUERETARO,ACTIVE,Kellogg,Kellogg,0.9,leading token matches group name,yes,LONOZNOJYIBXOHXWDB86,KELLANOVA,US
335800BSEKPSZUEMO664,KELLOGG EMPLOYEES SUPERANNUATION FUND,IN,RAIGAD,ACTIVE,Kellogg,Kellogg,0.9,leading token matches group name,yes,,,
549300GPGQQXS07VPL46,KELLOGG EUROPE TRADING LIMITED,IE,DUBLIN,ACTIVE,Kellogg,Kellogg,0.9,leading token matches group name,yes,LONOZNOJYIBXOHXWDB86,KELLANOVA,US
549300Q0OXF2ZNK0MN76,KELLOGG EUROPE TREASURY SERVICES UNLIMITED COMPANY,IE,Dublin,ACTIVE,Kellogg,Kellogg,0.9,leading token matches group name,yes,LONOZNOJYIBXOHXWDB86,KELLANOVA,US
549300ULTPLMB4BLE697,KELLOGG GROUP IRISH PENSION SCHEME,IE,DUBLIN,ACTIVE,Kellogg,Kellogg,0.9,leading token matches group name,yes,,,
3358005BWUTYDDN7QY42,KELLOGG INDIA LIMITED GRATUITY FUND,IN,RAIGAD,ACTIVE,Kellogg,Kellogg,0.9,leading token matches group name,yes,,,
335800BEZKI793PTDJ73,KELLOGG INDIA PRIVATE LIMITED,IN,RAIGAD,ACTIVE,Kellogg,Kellogg,0.9,leading token matches group name,yes,LONOZNOJYIBXOHXWDB86,KELLANOVA,US
549300371VENOXLY6L60,KELLOGG MANAGEMENT SERVICES (EUROPE) LIMITED,GB,SALFORD,ACTIVE,Kellogg,Kellogg,0.9,leading token matches group name,yes,LONOZNOJYIBXOHXWDB86,KELLANOVA,US
549300VHITS0GXJRXV39,KELLOGG MIDWEST,US,LaVista,ACTIVE,Kellogg,Kellogg,0.9,leading token matches group name,yes,,,
5493008R0FF4IHZ8LG51,"KELLOGG SUPPLY, INC.",US,CARSON,ACTIVE,Kellogg,Kellogg,0.9,leading token matches group name,yes,,,
5493006OU704MOXUZK81,"KELLOGG TALBOT, LLC",US,WILMINGTON,ACTIVE,Kellogg,Kellogg,0.9,leading token matches group name,yes,,,
2138009LKZ2SJ23I2B09,KELLOGG TOLARAM PTE. LTD.,SG,SINGAPORE CITY,ACTIVE,Kellogg,Kellogg,0.9,leading token matches group name,yes,,,
549300N4UFZ4IMXWPI19,KELLOGG TREASURY SERVICES COMPANY,US,WILMINGTON,ACTIVE,Kellogg,Kellogg,0.9,leading token matches group name,yes,LONOZNOJYIBXOHXWDB86,KELLANOVA,US
549300C6ZTC6P40MHY84,KELLOGG U.K. HOLDING COMPANY LIMITED,GB,SALFORD,ACTIVE,Kellogg,Kellogg,1.0,exact name match after normalisation,yes,,,
254900IZJGEU32H1ZC62,KELLOGG USA LLC,US,PLYMOUTH,ACTIVE,Kellogg,Kellogg,1.0,exact name match after normalisation,yes,,,
549300JXV0LZ5TH1CQ96,Kellanova Canada Inc.,CA,Mississauga,ACTIVE,Kellogg,Kellogg,0.9,leading token matches group name,yes,LONOZNOJYIBXOHXWDB86,KELLANOVA,US
635400FYVTKZOYNRDX32,Kellogg (Ireland) Employee Share Ownership Plan,IE,Dublin,ACTIVE,Kellogg,Kellogg,0.9,leading token matches group name,yes,,,
724500KCGNSWF2ZQ7H23,Kellogg Beheer B.V.,NL,Haren Gn,ACTIVE,Kellogg,Kellogg,0.9,leading token matches group name,yes,,,
5493004JQSNL1EXDM505,Kellogg Brown & Root LLC,US,Wilmington,ACTIVE,Kellogg,Kellogg,0.9,leading token matches group name,yes,,,
2549004Z1LC6H5I2Y438,"Kellogg Capital, LLC",US,RICHMOND,ACTIVE,Kellogg,Kellogg,0.9,leading token matches group name,yes,,,
549300Z8YT73YX2JB561,Kellogg Europe Company Limited,BM,Hamilton,ACTIVE,Kellogg,Kellogg,0.9,leading token matches group name,yes,LONOZNOJYIBXOHXWDB86,KELLANOVA,US
967600G1URGWEZ20E168,Kellogg Germany Pension Trust e.V.,DE,Hamburg,ACTIVE,Kellogg,Kellogg,0.9,leading token matches group name,yes,,,
549300Y8X5MJJBYRC858,"Kellogg Holding, Ltd.",US,Houston,ACTIVE,Kellogg,Kellogg,1.0,exact name match after normalisation,yes,,,
549300P9KMEC28JFCS03,"Kellogg Joint School District No. 391, Shoshone and Kootenai Counties, Idaho",US,Kellogg,ACTIVE,Kellogg,Kellogg,0.9,leading token matches group name,yes,,,
54930058ER11KJ0OWL90,"Kellogg Road Donuts Realty, LLC",US,New Hartford,ACTIVE,Kellogg,Kellogg,0.9,leading token matches group name,yes,,,
549300BHNZDVU1IORI37,"Kellogg Road Donuts, LLC",US,New Hartford,ACTIVE,Kellogg,Kellogg,0.9,leading token matches group name,yes,,,
2549009PS9358Z5TEL83,Kellogg Square L.L.C.,US,GRAND RAPIDS,ACTIVE,Kellogg,Kellogg,0.9,leading token matches group name,yes,,,
2549004798AX60BUOL09,"Kellogg Supply Company, Incorporated",US,Manteo,ACTIVE,Kellogg,Kellogg,0.9,leading token matches group name,yes,,,
549300ZH4FUS9L6K3O91,"Kellogg and West, LLC",US,Wichita,ACTIVE,Kellogg,Kellogg,0.9,leading token matches group name,yes,,,
549300XEZOWJU78TGH36,NORDISK KELLOGG ApS,DK,Brøndby,ACTIVE,Kellogg,Kellogg,0.7,group name appears in legal name,yes,LONOZNOJYIBXOHXWDB86,KELLANOVA,US
549300UN5ZSOPN4SCA27,PETER R. & CYNTHIA K. KELLOGG FOUNDATION,US,Short Hills,ACTIVE,Kellogg,Kellogg,0.7,group name appears in legal name,yes,,,
6354009MNFUVPZVODE80,THE KELLOGG GROUP IRISH DEFINED CONTRIBUTION PENSION FUND,IE,Dublin,ACTIVE,Kellogg,Kellogg,0.7,group name appears in legal name,yes,,,
635400IV24AGHESHUG97,THE KELLOGG GROUP IRISH PENSION FUND,IE,Dublin,ACTIVE,Kellogg,Kellogg,0.7,group name appears in legal name,yes,,,
2549006P16UM66CNAS44,"VA7 KELLOGG, LLC",US,WILMINGTON,ACTIVE,Kellogg,Kellogg,0.7,group name appears in legal name,yes,,,
984500CEEEA4C62C4571,W. K. KELLOGG FOUNDATION,US,BATTLE CREEK,ACTIVE,Kellogg,Kellogg,0.9,leading token matches group name,yes,,,
549300COGKZN05K8P881,W.K. Kellogg Foundation Trust,US,Chicago,ACTIVE,Kellogg,Kellogg,0.9,leading token matches group name,yes,,,
254900693VN57WZCKH68,"WICHITA KELLOGG, LLC",US,WILMINGTON,ACTIVE,Kellogg,Kellogg,0.7,group name appears in legal name,yes,,,
529900SWC935GFWUJ804,WK KELLOGG CO,US,WILMINGTON,ACTIVE,Kellogg,Kellogg,0.7,group name appears in legal name,yes,,,
254900YX8JEKIKHVY370,WK Kellogg Canada Corp.,CA,Mississauga,ACTIVE,Kellogg,Kellogg,0.7,group name appears in legal name,yes,,,
9845003EF59FF7B6K180,"ALVAREZ & MARSAL KERRY, LLC",US,WILMINGTON,ACTIVE,Kerry Group,Kerry Group,0.7,group name appears in legal name,yes,,,
8945005SXHA1HCR8TY30,Astellas Ireland Kerry Plant Pension Plan,IE,Co. Kerry,ACTIVE,Kerry Group,Kerry Group,0.7,group name appears in legal name,yes,,,
635400RVQMC9WJKB5M84,Diocese of Kerry,IE,N/AKillarney,ACTIVE,Kerry Group,Kerry Group,0.7,group name appears in legal name,yes,,,
98450060BCQ1DF7FEC97,EAMON COSTELLO (KERRY) HOLDINGS LIMITED,IE,TRALEE,ACTIVE,Kerry Group,Kerry Group,0.7,group name appears in legal name,yes,,,
63540083ERXVTPUUTR11,EAMON COSTELLO (KERRY) LIMITED,IE,TRALEE,ACTIVE,Kerry Group,Kerry Group,0.7,group name appears in legal name,yes,,,
213800XJUOVE8OEO8X08,F R KERRY (EMMA) 1993 SETTLEMENT,GB,REPTON,ACTIVE,Kerry Group,Kerry Group,0.9,leading token matches group name,yes,,,
549300XX2524X6875685,KASEY KERRY TTEE KERRY IRR 92 TR-IMA,US,Invington,ACTIVE,Kerry Group,Kerry Group,0.7,group name appears in legal name,yes,,,
213800S6W1FKJZQ5RW52,KERRY BROWN WALES TRUST,GB,CAMBRIDGE,ACTIVE,Kerry Group,Kerry Group,0.9,leading token matches group name,yes,,,
2138001WA31IE4I1T170,KERRY COACHES LIMITED,IE,KILLARNEY,ACTIVE,Kerry Group,Kerry Group,0.9,leading token matches group name,yes,,,
549300XKKH4KH0350849,KERRY COURT DANVERS LLC,US,BOSTON,ACTIVE,Kerry Group,Kerry Group,0.9,leading token matches group name,yes,,,
2138006WGDJA89IWC262,KERRY FISHER LTD DBSSAS,GB,SALISBURY,ACTIVE,Kerry Group,Kerry Group,0.9,leading token matches group name,yes,,,
984500103B3M70B5CJ08,KERRY GROUP BUSINESS SERVICES (ASPAC) SDN. BHD.,MY,Nusajaya,ACTIVE,Kerry Group,Kerry Group,0.9,leading token matches group name,yes,,,
635400SE9OHFJ8SLDG45,KERRY GROUP FINANCIAL SERVICES UNLIMITED COMPANY,IE,TRALEE,ACTIVE,Kerry Group,Kerry Group,0.9,leading token matches group name,yes,635400TLVVBNXLFHWC59,KERRY GROUP PUBLIC LIMITED COMPANY,IE
635400JMPGUE16BS7B51,KERRY GROUP PLC AVC RETIREMENT BENEFIT SCHEME,IE,Tralee,ACTIVE,Kerry Group,Kerry Group,0.9,leading token matches group name,yes,,,
635400TLVVBNXLFHWC59,KERRY GROUP PUBLIC LIMITED COMPANY,IE,TRALEE,ACTIVE,Kerry Group,Kerry Group,0.9,leading token matches group name,yes,,,
635400WVL2ISLNNA3J71,KERRY GROUP SERVICES LIMITED,IE,TRALEE,ACTIVE,Kerry Group,Kerry Group,1.0,exact name match after normalisation,yes,635400TLVVBNXLFHWC59,KERRY GROUP PUBLIC LIMITED COMPANY,IE
984500A8577F7593C856,KERRY HOLDING CO.,US,WILMINGTON,ACTIVE,Kerry Group,Kerry Group,1.0,exact name match after normalisation,yes,635400TLVVBNXLFHWC59,KERRY GROUP PUBLIC LIMITED COMPANY,IE
984500791D47509CCC61,KERRY HOLDINGS (IRELAND) LIMITED,IE,TRALEE,ACTIVE,Kerry Group,Kerry Group,0.9,leading token matches group name,yes,,,
959800FU2WVM1SGL8945,KERRY IBERIA TASTE & NUTRITION SL,ES,Pinto,ACTIVE,Kerry Group,Kerry Group,0.9,leading token matches group name,yes,635400TLVVBNXLFHWC59,KERRY GROUP PUBLIC LIMITED COMPANY,IE
254900WC09LFTFJ6YC87,KERRY INC.,US,WILMINGTON,ACTIVE,Kerry Group,Kerry Group,1.0,exact name match after normalisation,yes,635400TLVVBNXLFHWC59,KERRY GROUP PUBLIC LIMITED COMPANY,IE
635400GT2K6HY1LP6C26,KERRY INGREDIENTS (IRELAND) LIMITED,IE,TRALEE,ACTIVE,Kerry Group,Kerry Group,0.9,leading token matches group name,yes,635400TLVVBNXLFHWC59,KERRY GROUP PUBLIC LIMITED COMPANY,IE
984500B58DBC68C1D734,KERRY INGREDIENTS (M) SDN. BHD.,MY,Nusajaya,ACTIVE,Kerry Group,Kerry Group,0.9,leading token matches group name,yes,,,
984500803B9CEE640430,KERRY INGREDIENTS (UK) LIMITED,GB,Bristol,ACTIVE,Kerry Group,Kerry Group,1.0,exact name match after normalisation,yes,,,
3358006OSMW45MFMPV98,KERRY INGREDIENTS INDIA PRIVATE LIMITED,IN,BANGALORE,ACTIVE,Kerry Group,Kerry Group,0.9,leading token matches group name,yes,,,
984500GCB9EC0SC3BE93,KERRY INGREDIENTS SOUTH AFRICA,ZA,HILLCREST,ACTIVE,Kerry Group,Kerry Group,0.9,leading token matches group name,yes,,,
549300XHBZODKDNDIJ81,KERRY INTERNATIONAL INVESTMENTS LIMITED,VG,ROAD TOWN,ACTIVE,Kerry Group,Kerry Group,0.9,leading token matches group name,yes,,,
549300BDGF5VGUEGGT13,KERRY INVESTMENTS LIMITED,VG,Road Town,ACTIVE,Kerry Group,Kerry Group,0.9,leading token matches group name,yes,,,
959800RSJGE5Q6MQQ322,KERRY LOGISTICS SPAIN SA,ES,MADRID,ACTIVE,Kerry Group,Kerry Group,0.9,leading token matches group name,yes,,,
213800Y82QPR8TPPRO02,KERRY MARIE BELL 2024 SETTLMENT,GB,COUNTY DURHAM,ACTIVE,Kerry Group,Kerry Group,0.9,leading token matches group name,yes,,,
984500D4964552D1AD52,KERRY MIDCO LIMITED,GB,London,ACTIVE,Kerry Group,Kerry Group,0.9,leading token matches group name,yes,,,
5299006T5ULIIRZ7LK49,KERRY PROPERTIES LIMITED,BM,Hamilton,ACTIVE,Kerry Group,Kerry Group,0.9,leading token matches group name,yes,,,
635400Q5I3JVLN7YFA25,KERRY SUSTAINABLE ENERGY LIMITED,IE,Dublin,ACTIVE,Kerry Group,Kerry Group,0.9,leading token matches group name,yes,529900NZXZGBCBXYY327,"AMERESCO, INC.",US
64886DBZ3KP89SO88405,KERRY VALE VETS LIMITED,GB,Newtown,ACTIVE,Kerry Group,Kerry Group,0.9,leading token matches group name,yes,,,
635400KKSBOKBVDSG908,Kerry Airport PLC,IE,Not Applicable,ACTIVE,Kerry Group,Kerry Group,0.9,leading token matches group name,yes,,,
54930034R3OC3U1WC714,Kerry Asset Management Limited,VG,Road Town,ACTIVE,Kerry Group,Kerry Group,0.9,leading token matches group name,yes,,,
5493002YYNBECYMWXP88,Kerry Bosley Super Fund,AU,Central Coast,ACTIVE,Kerry Group,Kerry Group,0.9,leading token matches group name,yes,,,
635400UIW9QCXSDUEU97,Kerry Co-Operative Creameries Ltd,IE,Tralee,ACTIVE,Kerry Group,Kerry Group,0.9,leading token matches group name,yes,,,
635400DLJJUPKPTARF09,Kerry Coastal Cottages Limited,IE,Not Applicable,INACTIVE,Kerry Group,Kerry Group,0.9,leading token matches group name,not yet queried,,,
984500FX63ECBFC4F044,Kerry Dairy Holdings (Ireland) LIMITED,IE,TRALEE,ACTIVE,Kerry Group,Kerry Group,0.9,leading token matches group name,yes,,,
635400CHVP8IX5IVEL69,Kerry Fish (Ire) Unlimited Company,IE,Not Applicable,ACTIVE,Kerry Group,Kerry Group,0.9,leading token matches group name,yes,,,
549300FLWDJ57NSXFF36,"Kerry Ford, Inc.",US,CINCINNATI,ACTIVE,Kerry Group,Kerry Group,0.9,leading token matches group name,yes,,,
5493005CAYCP6YJMV735,"Kerry Joyce Textiles, LLC",US,Los Angeles,ACTIVE,Kerry Group,Kerry Group,0.9,leading token matches group name,yes,,,
549300WFCRD8NQ7SGR11,Kerry Logistics (Sweden) AB,SE,Borås,ACTIVE,Kerry Group,Kerry Group,0.9,leading token matches group name,yes,,,
984500D8Y6FACIC2CF49,Kerry Michael 2002 Childrens Trust,GB,Weston Super Mare,ACTIVE,Kerry Group,Kerry Group,0.9,leading token matches group name,yes,,,
549300X7SIVPKV2B6U46,Kerry Oriental Real Estate Limited,VG,"Road Town, Tortola",ACTIVE,Kerry Group,Kerry Group,0.9,leading token matches group name,yes,,,
98450087C5BB4A1B0U26,Kerry Richardson Will Trust,GB,Orton Longueville,ACTIVE,Kerry Group,Kerry Group,0.9,leading token matches group name,yes,,,
7245006TGX9L4Y59Q168,Kerry Stichting,NL,Amersfoort,INACTIVE,Kerry Group,Kerry Group,0.9,leading token matches group name,not yet queried,,,
549300X31W1VH54HBG55,Kerry Trading Co. Limited,HK,Hong Kong,ACTIVE,Kerry Group,Kerry Group,1.0,exact name match after normalisation,yes,,,
984500670894009EFD22,Kerry Trust,GB,London,ACTIVE,Kerry Group,Kerry Group,0.9,leading token matches group name,yes,,,
391200KBDP7DNT0WI178,Kerry-Blue Stiftung,DE,Wunstorf,ACTIVE,Kerry Group,Kerry Group,0.9,leading token matches group name,yes,,,
213800DT3J97FMB2Y910,MR V R KERRY WILL TRUST,GB,MINEHEAD,ACTIVE,Kerry Group,Kerry Group,0.7,group name appears in legal name,yes,,,
2549002R261AITLVFJ96,NOVA KERRY INC.,VG,ROAD TOWN,ACTIVE,Kerry Group,Kerry Group,0.7,group name appears in legal name,yes,,,
5493009FKSMSUMUFDX10,NSM KERRY SHIPPING COMPANY LIMITED,IM,DOUGLAS,INACTIVE,Kerry Group,Kerry Group,0.7,group name appears in legal name,not yet queried,,,
635400OYRVBH9QILHW83,PCS Financial Services ( Kerry) Limited,IE,Kerry,ACTIVE,Kerry Group,Kerry Group,0.7,group name appears in legal name,yes,,,
2138005WE25UZWVHV707,RADIO KERRY HOLDINGS LIMITED,IE,TRALEE,ACTIVE,Kerry Group,Kerry Group,0.7,group name appears in legal name,yes,,,
8945001N4BBL9XMI6J55,RECOVERY HAVEN KERRY,IE,TRALEE,ACTIVE,Kerry Group,Kerry Group,0.7,group name appears in legal name,yes,,,
9845000A4ABF78E99915,SEAN KERRY WEALTH MANAGEMENT LIMITED,GB,King's Lynn,ACTIVE,Kerry Group,Kerry Group,0.7,group name appears in legal name,yes,,,
635400BAE4SHS1R5CS47,Stylelights (Kerry) Ltd.,IE,Tralee Co. Kerry,ACTIVE,Kerry Group,Kerry Group,0.7,group name appears in legal name,yes,,,
2138004QYDHU42L59O92,THE CLAIRE KERRY SETTLEMENT,GB,REPTON,ACTIVE,Kerry Group,Kerry Group,0.7,group name appears in legal name,yes,,,
21380013L7ZTFSAOVM45,THE F R KERRY (ALEXANDRA) 1993 SETTLEMENT,GB,REPTON,ACTIVE,Kerry Group,Kerry Group,0.7,group name appears in legal name,yes,,,
213800SV56ZP8V3YSQ92,THE F R KERRY (EAB) SETTLEMENT,GB,BURTON ON TRENT,ACTIVE,Kerry Group,Kerry Group,0.7,group name appears in legal name,yes,,,
213800NVU7CDSRM61S71,THE F R KERRY (VICTORIA) 1993 SETTLEMENT,GB,REPTON,ACTIVE,Kerry Group,Kerry Group,0.7,group name appears in legal name,yes,,,
2138004CYXOEOR6NG363,THE F R KERRY DECEASED WILL TRUST,GB,SWADLINCOTE,ACTIVE,Kerry Group,Kerry Group,0.7,group name appears in legal name,yes,,,
213800LOAJIUGFXSV659,THE KERRY AND LOUISE HINTON DISCRETIONARY SETTLEMENT 2023 NO1 TRUST,GB,LUTTERWORTH,ACTIVE,Kerry Group,Kerry Group,0.7,group name appears in legal name,yes,,,
2138006RWO3NWDEM4X57,THE KERRY AND LOUISE HINTON DISCRETIONARY SETTLEMENT 2023 NO2 TRUST,GB,LUTTERWORTH,ACTIVE,Kerry Group,Kerry Group,0.7,group name appears in legal name,yes,,,
213800JFWY4JUYPIG578,THE KERRY AND LOUISE HINTON DISCRETIONARY SETTLEMENT 2023 NO3 TRUST,GB,LUTTERWORTH,ACTIVE,Kerry Group,Kerry Group,0.7,group name appears in legal name,yes,,,
21380038LITS1S2ISP34,THE KERRY CHARITY SCHOOL & THE BLACK HALL INSTITUTION,GB,NEWTOWN,ACTIVE,Kerry Group,Kerry Group,0.7,group name appears in legal name,yes,,,
213800XRZL6F5NRW1P49,THE KERRY ELIZABETH STRAWSON DISCRETIONARY SETTLEMENT 2010,GB,MARKET RASEN,ACTIVE,Kerry Group,Kerry Group,0.7,group name appears in legal name,yes,,,
213800T9X52M23S1UM60,THE KERRY GOUGH COMPENSATION PROTECTION TRUST 2023,GB,PENARTH,ACTIVE,Kerry Group,Kerry Group,0.7,group name appears in legal name,yes,,,
635400NBV8GC3DTZ2465,THE KERRY GROUP PLC DEFINED CONTRIBUTION PLAN,IE,Tralee,ACTIVE,Kerry Group,Kerry Group,0.7,group name appears in legal name,yes,,,
984500F61I13A05QDA36,THE KERRY JAYNE BARKER DISCRETIONARY SETTLEMENT,GB,Yeovil,ACTIVE,Kerry Group,Kerry Group,0.7,group name appears in legal name,yes,,,
213800GZ3GYNDXBYJ181,THE KERRY SUZANNE CHAPMAN WILL VARIATION TRUST,GB,LIVERPOOL,ACTIVE,Kerry Group,Kerry Group,0.7,group name appears in legal name,yes,,,
635400LXHBACBALLBV36,The Kerry Group PLC Defined Benefit Plan,IE,Tralee,ACTIVE,Kerry Group,Kerry Group,0.7,group name appears in legal name,yes,,,
635400PFWLHZ81XCYX50,The Kerry Group Plc Staff Pension Plan,IE,Tralee,ACTIVE,Kerry Group,Kerry Group,0.7,group name appears in legal name,yes,,,
54930058UC73FP53WY47,The trustee for Kerry Warburton Superannuation Fund,AU,Perth,ACTIVE,Kerry Group,Kerry Group,0.7,group name appears in legal name,yes,,,
984500D1065AB5503833,WEST KERRY INVESTMENTS,GB,Didsbury,ACTIVE,Kerry Group,Kerry Group,0.7,group name appears in legal name,yes,,,
9845008F5F6FAB7C9223,KRAFT HEINZ CANADA ULC,CA,VANCOUVER,ACTIVE,Kraft Heinz,,1.0,"reports THE KRAFT HEINZ COMPANY as ultimate parent, which belongs to this group",yes,9845007488EC87F5AF14,THE KRAFT HEINZ COMPANY,US
984500A90A737036CF23,KRAFT HEINZ INDIA PRIVATE LIMITED,IN,Mumbai,ACTIVE,Kraft Heinz,,1.0,"reports THE KRAFT HEINZ COMPANY as ultimate parent, which belongs to this group",yes,9845007488EC87F5AF14,THE KRAFT HEINZ COMPANY,US
9845007FA498D2EC4403,KRAFT HEINZ SINGAPORE HOLDING PTE. LTD.,SG,Singapore,ACTIVE,Kraft Heinz,,1.0,"reports THE KRAFT HEINZ COMPANY as ultimate parent, which belongs to this group",yes,9845007488EC87F5AF14,THE KRAFT HEINZ COMPANY,US
98450051C6C6CEB7VJ76,Kraft Heinz Chile Limitada,CL,Santiago,ACTIVE,Kraft Heinz,,1.0,"reports THE KRAFT HEINZ COMPANY as ultimate parent, which belongs to this group",yes,9845007488EC87F5AF14,THE KRAFT HEINZ COMPANY,US
5493003STKEZ2S0RNU91,Kraft Heinz Foods Company,US,Dauphin,ACTIVE,Kraft Heinz,Kraft Heinz,1.0,exact name match after normalisation,yes,9845007488EC87F5AF14,THE KRAFT HEINZ COMPANY,US
549300XP5K207ZLJLB33,Kraft Heinz Foods Company L.P.,CA,Don Mills,ACTIVE,Kraft Heinz,Kraft Heinz,1.0,exact name match after normalisation,yes,,,
549300LLL3OQ61853W37,Kraft Heinz Global Finance B.V.,NL,Amsterdam,ACTIVE,Kraft Heinz,,1.0,"reports THE KRAFT HEINZ COMPANY as ultimate parent, which belongs to this group",yes,9845007488EC87F5AF14,THE KRAFT HEINZ COMPANY,US
549300UH4KIPD3ZMKG34,Kraft Heinz International B.V.,NL,Amsterdam,ACTIVE,Kraft Heinz,Kraft Heinz,1.0,exact name match after normalisation,yes,9845007488EC87F5AF14,THE KRAFT HEINZ COMPANY,US
529900NY2GSZWWUBW049,KRONES Aktiengesellschaft,DE,Neutraubling,ACTIVE,Krones,Krones,0.9,leading token matches group name,yes,,,
9845006E96J0A27A9C90,KRONES DIGITAL SOLUTIONS INDIA PRIVATE LIMITED,IN,Bangalore,ACTIVE,Krones,Krones,0.9,leading token matches group name,yes,,,
33580024YPGEJO8GLN92,KRONES INDIA PRIVATE LIMITED,IN,BANGALORE,ACTIVE,Krones,Krones,0.9,leading token matches group name,yes,,,
335800HHX76BS7BODK60,KRONES MACHINERY INDIA PRIVATE LIMITED,IN,BANGALORE,ACTIVE,Krones,Krones,0.9,leading token matches group name,yes,,,
4469000001EDJ8E3WH50,KRONES MEX SA DE CV,MX,Ciudad de México,ACTIVE,Krones,Krones,0.9,leading token matches group name,yes,529900NY2GSZWWUBW049,KRONES Aktiengesellschaft,DE
984500C4D0EEVE0E0989,"KRONES PROCESS GROUP NORTH AMERICA, LLC",US,MADISON,ACTIVE,Krones,Krones,0.9,leading token matches group name,yes,,,
984500579CA4A4FB1M44,KRONES PROCESSING INDIA PRIVATE LIMITED,IN,MEDCHAL,ACTIVE,Krones,Krones,0.9,leading token matches group name,yes,,,
5SKMUL0Y7VZXWTGM4G13,"KRONES, INC.",US,MADISON,ACTIVE,Krones,Krones,1.0,exact name match after normalisation,yes,529900NY2GSZWWUBW049,KRONES Aktiengesellschaft,DE
3912008OQ4R1JRF17B09,Krones Betriebskrankenkasse,DE,Neutraubling,ACTIVE,Krones,Krones,0.9,leading token matches group name,yes,,,
9695001K2B8Q8CDK6H67,GROUPE LACTALIS,FR,LAVAL,ACTIVE,Lactalis,Lactalis,1.0,exact name match after normalisation,yes,969500FMGKO0JI5SLP61,B.S.A,FR
959800XQG9RRG5FKZM25,"GRUPO LACTALIS IBERIA, S.A.",ES,Vilalba,ACTIVE,Lactalis,Lactalis,0.7,group name appears in legal name,yes,5493002XPOF9T483LG65,B.S.A. INTERNATIONAL,BE
96950095X7510BAJTT12,LACTALIS ACTIONS,FR,PARIS,ACTIVE,Lactalis,Lactalis,0.9,leading token matches group name,yes,,,
549300UOGFJ0M5MQWI27,LACTALIS Belgique,BE,Anderlecht,ACTIVE,Lactalis,Lactalis,0.9,leading token matches group name,yes,5493002XPOF9T483LG65,B.S.A. INTERNATIONAL,BE
254900O23PC3CXIPTG55,LACTALIS CANADA INC.,CA,Toronto,ACTIVE,Lactalis,Lactalis,0.9,leading token matches group name,yes,,,
969500H8WEXFIY3ZF455,LACTALIS DIVERSIFIE,FR,PARIS,ACTIVE,Lactalis,Lactalis,0.9,leading token matches group name,yes,,,
9695005IRFXW9L4EW747,"LACTALIS EXPORT AMERICAS- ""L.E.A.""",FR,CHOISY-LE-ROI,ACTIVE,Lactalis,Lactalis,0.9,leading token matches group name,yes,969500FMGKO0JI5SLP61,B.S.A,FR
959800Z204CEHEAVLS14,LACTALIS FORLASA SOCIEDAD LIMITADA,ES,Villarrobledo,ACTIVE,Lactalis,Lactalis,0.9,leading token matches group name,yes,5493002XPOF9T483LG65,B.S.A. INTERNATIONAL,BE
969500GZ9ZT0BKS6Q273,LACTALIS INFORMATIQUE,FR,LAVAL,ACTIVE,Lactalis,Lactalis,0.9,leading token matches group name,yes,969500FMGKO0JI5SLP61,B.S.A,FR
969500LFFIXDO202CX22,LACTALIS INGREDIENTS,FR,BOURGBARRE,ACTIVE,Lactalis,Lactalis,1.0,exact name match after normalisation,yes,969500FMGKO0JI5SLP61,B.S.A,FR
96950046ZVN4U0O1RX35,LACTALIS INTERNATIONAL,FR,CHOISY-LE-ROI,ACTIVE,Lactalis,Lactalis,1.0,exact name match after normalisation,yes,969500FMGKO0JI5SLP61,B.S.A,FR
213800WG4SNGH2M97859,LACTALIS MCLELLAND LIMITED,GB,STRANRAER,ACTIVE,Lactalis,Lactalis,0.9,leading token matches group name,yes,969500FMGKO0JI5SLP61,B.S.A,FR
969500438YZAJYZBRM55,LACTALIS MONETAIRE,FR,PARIS,ACTIVE,Lactalis,Lactalis,0.9,leading token matches group name,yes,,,
213800B4HMZFR36WQL10,LACTALIS NESTLE CHILLED DAIRY COMPANY LIMITED,GB,REDHILL,ACTIVE,Lactalis,Lactalis,0.9,leading token matches group name,yes,969500FMGKO0JI5SLP61,B.S.A,FR
549300M3JSBZSQ2XQI07,LACTALIS NESTLE PRODUITS FRAIS,BE,Anderlecht,ACTIVE,Lactalis,Lactalis,0.9,leading token matches group name,yes,969500FMGKO0JI5SLP61,B.S.A,FR
969500M5GTSGAH1G7P27,LACTALIS OBLIGATIONS,FR,PARIS,ACTIVE,Lactalis,Lactalis,0.9,leading token matches group name,yes,,,
2594002LFNQGAL4J8I41,LACTALIS POLSKA SPÓŁKA Z OGRANICZONĄ ODPOWIEDZIALNOŚCIĄ,PL,WARSZAWA,ACTIVE,Lactalis,Lactalis,0.9,leading token matches group name,yes,,,
959800L8TNDBQ3D1L233,"LACTALIS PULEVA, SOCIEDAD LIMITADA",ES,Granada,ACTIVE,Lactalis,Lactalis,0.9,leading token matches group name,yes,,,
9845005C7K6C9ECEF838,LACTALIS ROMANIA S.A.,RO,OIEJDEA,ACTIVE,Lactalis,Lactalis,0.9,leading token matches group name,yes,,,
959800WV2Y0AWDR7CK25,LACTALIS VILLARROBLEDO SOCIEDAD LIMITADA,ES,Villarrobledo,ACTIVE,Lactalis,Lactalis,0.9,leading token matches group name,yes,5493002XPOF9T483LG65,B.S.A. INTERNATIONAL,BE
549300QKKX6D1Y97BD19,LACTALiS SVERIGE AB,SE,Malmö,INACTIVE,Lactalis,Lactalis,0.9,leading token matches group name,not yet queried,,,
549300CR7KODC38NNX92,"Lactalis American Group, Inc.",US,WILMINGTON,ACTIVE,Lactalis,Lactalis,0.9,leading token matches group name,yes,,,
31570010000000105243,"Lactalis CZ, s.r.o.",CZ,Praha,ACTIVE,Lactalis,Lactalis,0.9,leading token matches group name,yes,,,
549300S4KG56X1KAN654,Lactalis Hungária Kereskedelmi és Szolgáltató Kft.,HU,Budapest,ACTIVE,Lactalis,Lactalis,0.9,leading token matches group name,yes,,,
5493004TAVYSK8W0VK03,LOUIS DREYFUS COMPANY ASIA PTE. LTD.,SG,SINGAPORE,ACTIVE,Louis Dreyfus,,1.0,"reports LOUIS DREYFUS COMPANY B.V. as ultimate parent, which belongs to this group",yes,54930077YL0GMTEGZD16,LOUIS DREYFUS COMPANY B.V.,NL
54930077YL0GMTEGZD16,LOUIS DREYFUS COMPANY B.V.,NL,ROTTERDAM,ACTIVE,Louis Dreyfus,Louis Dreyfus,1.0,exact name match after normalisation,yes,,,
549300QNKOOHQ58X0O18,LOUIS DREYFUS COMPANY BELGIUM,BE,GHENT,ACTIVE,Louis Dreyfus,Louis Dreyfus,1.0,exact name match after normalisation,yes,54930077YL0GMTEGZD16,LOUIS DREYFUS COMPANY B.V.,NL
54930065QOU0R1NEO875,LOUIS DREYFUS COMPANY ESPAÑA SA,ES,MADRID,ACTIVE,Louis Dreyfus,Louis Dreyfus,1.0,exact name match after normalisation,yes,,,
5493001HHX62PQCEEH95,LOUIS DREYFUS COMPANY FINANCE B.V.,NL,ROTTERDAM,ACTIVE,Louis Dreyfus,,1.0,"reports LOUIS DREYFUS COMPANY B.V. as ultimate parent, which belongs to this group",yes,54930077YL0GMTEGZD16,LOUIS DREYFUS COMPANY B.V.,NL
549300HZCLVQJ53JE831,LOUIS DREYFUS COMPANY FRANCE SAS,FR,PARIS,INACTIVE,Louis Dreyfus,Louis Dreyfus,1.0,exact name match after normalisation,not yet queried,,,
549300EA6RKEXWF3VJ33,LOUIS DREYFUS COMPANY FREIGHT ASIA PTE. LTD.,SG,SINGAPORE,ACTIVE,Louis Dreyfus,,1.0,"reports LOUIS DREYFUS COMPANY B.V. as ultimate parent, which belongs to this group",yes,54930077YL0GMTEGZD16,LOUIS DREYFUS COMPANY B.V.,NL
335800LC6V7ULYESJU15,LOUIS DREYFUS COMPANY INDIA PRIVATE LIMITED,IN,NEW DELHI,ACTIVE,Louis Dreyfus,,1.0,"reports LOUIS DREYFUS COMPANY B.V. as ultimate parent, which belongs to this group",yes,54930077YL0GMTEGZD16,LOUIS DREYFUS COMPANY B.V.,NL
5493006ZNPFPZBZRLI06,LOUIS DREYFUS COMPANY INTERNATIONAL AG,CH,LUZERN,INACTIVE,Louis Dreyfus,Louis Dreyfus,1.0,exact name match after normalisation,not yet queried,,,
549300I4FLLU6ILUT474,LOUIS DREYFUS COMPANY ITALIA S.R.L.,IT,Milano,ACTIVE,Louis Dreyfus,Louis Dreyfus,1.0,exact name match after normalisation,yes,54930077YL0GMTEGZD16,LOUIS DREYFUS COMPANY B.V.,NL
549300GWJTQLQRWX8O02,LOUIS DREYFUS COMPANY LLC,US,WILMINGTON,ACTIVE,Louis Dreyfus,Louis Dreyfus,1.0,exact name match after normalisation,yes,,,
4469000001BSGBSLDC72,LOUIS DREYFUS COMPANY MEXICO SA DE CV,MX,Ciudad de México,ACTIVE,Louis Dreyfus,,1.0,"reports LOUIS DREYFUS COMPANY B.V. as ultimate parent, which belongs to this group",yes,54930077YL0GMTEGZD16,LOUIS DREYFUS COMPANY B.V.,NL
549300ZZ4IN7ZZLQRT98,LOUIS DREYFUS COMPANY SERVICES SAS,FR,LYON,INACTIVE,Louis Dreyfus,Louis Dreyfus,1.0,exact name match after normalisation,not yet queried,,,
NVFY7J3BRKK56Q11HF07,LOUIS DREYFUS COMPANY SUISSE SA,CH,LE GRAND-SACONNEX,ACTIVE,Louis Dreyfus,Louis Dreyfus,1.0,exact name match after normalisation,yes,,,
549300P8ITIGNCP2I683,LOUIS DREYFUS COMPANY TRADING LP,US,WILMINGTON,ACTIVE,Louis Dreyfus,Louis Dreyfus,1.0,exact name match after normalisation,yes,,,
549300HFOJWQK2CFNS59,"LOUIS DREYFUS COMPANY VIETNAM TRADING AND PROCESSING CO., LTD",VN,PLEIKU,ACTIVE,Louis Dreyfus,,1.0,"reports LOUIS DREYFUS COMPANY B.V. as ultimate parent, which belongs to this group",yes,54930077YL0GMTEGZD16,LOUIS DREYFUS COMPANY B.V.,NL
549300UBZPOROITSCI95,LOUIS DREYFUS HOLDING B.V.,NL,AMSTERDAM,ACTIVE,Louis Dreyfus,Louis Dreyfus,1.0,exact name match after normalisation,yes,,,
549300RN3SJIFGYYON82,LOUIS DREYFUS TRADING LIMITED,GB,LONDON,ACTIVE,Louis Dreyfus,Louis Dreyfus,1.0,exact name match after normalisation,yes,,,
894500EMQAMN2XU3CH35,Louis Dreyfus Holding Schweiz AG,CH,Luzern,ACTIVE,Louis Dreyfus,Louis Dreyfus,1.0,exact name match after normalisation,yes,,,
549300S8S06GO6TJOK51,Louis Dreyfus LLC,US,Wilmington,ACTIVE,Louis Dreyfus,Louis Dreyfus,1.0,exact name match after normalisation,yes,,,
549300OMODP7NJO1CV68,Louis Dreyfus Trading Services Pte. Ltd.,SG,Singapore,ACTIVE,Louis Dreyfus,Louis Dreyfus,1.0,exact name match after normalisation,yes,,,
7245008KG3NELJPT3L97,A. van der Marel Holding B.V.,NL,Hoek van Holland,ACTIVE,Marel,Marel,0.7,group name appears in legal name,yes,,,
724500FVRXJ5YITZ7E04,Anton van der Marel Beheer B.V.,NL,De Lier,ACTIVE,Marel,Marel,0.7,group name appears in legal name,yes,,,
959800113YWVUNLY3Z14,"COMERCIAL MAREL, SA",ES,Tomares,ACTIVE,Marel,Marel,0.7,group name appears in legal name,yes,,,
72450003ZM4YER9YM985,De Marel Holding B.V.,NL,Den Burg,ACTIVE,Marel,Marel,0.7,group name appears in legal name,yes,,,
724500UPIZ4MD685UF81,GJ van der Marel Holding B.V.,NL,Zeist,ACTIVE,Marel,Marel,0.7,group name appears in legal name,yes,,,
724500YKTDXF2KGPDR43,Hofman/Van der Marel B.V.,NL,Pijnacker,ACTIVE,Marel,Marel,0.7,group name appears in legal name,yes,,,
724500BKIY5VNZV4WF06,J. van der Marel Beheermaatschappij B.V.,NL,Ameide,ACTIVE,Marel,Marel,0.7,group name appears in legal name,yes,,,
549300WBADKM8GOSFA52,JBT AeroTech Corporation,US,WILMINGTON,ACTIVE,Marel,,1.0,"reports JBT MAREL CORPORATION as ultimate parent, which belongs to this group",yes,5493007CT6ATBZ2L6826,JBT MAREL CORPORATION,US
5493007CT6ATBZ2L6826,JBT MAREL CORPORATION,US,WILMINGTON,ACTIVE,Marel,Marel,0.7,group name appears in legal name,yes,,,
984500UD3A461A43DE03,JBT MAREL INDIA PRIVATE LIMITED,IN,Pune,ACTIVE,Marel,Marel,0.7,group name appears in legal name,yes,,,
5299008YTLEN09WTHW26,JBT Marel ehf.,IS,Garðabær,ACTIVE,Marel,Marel,0.7,group name appears in legal name,yes,5493007CT6ATBZ2L6826,JBT MAREL CORPORATION,US
724500D5SNRCC0BO1P22,M.W. van der Marel Holding B.V.,NL,'s-Gravenhage,ACTIVE,Marel,Marel,0.7,group name appears in legal name,yes,,,
254900ER8PMSH2VN7S92,MAREL ADVIES,BE,Izegem,ACTIVE,Marel,Marel,0.9,leading token matches group name,yes,,,
529900KSABXOLFPYMK60,MAREL S.R.L.,IT,Fabriano,ACTIVE,Marel,Marel,1.0,exact name match after normalisation,yes,,,
81560023C0F08B25DA77,MAREL SOCIETA' A RESPONSABILITA' LIMITATA SOCIETA' BENEFIT,IT,COLLEGNO,ACTIVE,Marel,Marel,0.9,leading token matches group name,yes,,,
815600DC83D64AC1AB14,MAREL SRL,IT,SEDRIANO,ACTIVE,Marel,Marel,1.0,exact name match after normalisation,yes,,,
549300UPJG0KC9A09215,"MAREL USA HOLDING, INC.",US,WILMINGTON,INACTIVE,Marel,Marel,1.0,exact name match after normalisation,not yet queried,,,
391200EGFIT31ROOLP93,MAREL Verwaltungs GmbH,DE,Böbingen an der Rems,ACTIVE,Marel,Marel,0.9,leading token matches group name,yes,,,
98450053771X7745C185,"MAREL, spol. s r.o.",CZ,Praha,ACTIVE,Marel,Marel,0.9,leading token matches group name,yes,,,
984500AF39C8406B8953,"MaRel corp., s.r.o.",CZ,Albrechtice,ACTIVE,Marel,Marel,1.0,exact name match after normalisation,yes,,,
724500K3ZTKSOT3PHM62,Maatschap J.K. en J. van der Marel,NL,Swifterbant,ACTIVE,Marel,Marel,0.7,group name appears in legal name,yes,,,
724500OOTLIO4I3IV323,Marel Beheer B.V.,NL,De Lier,ACTIVE,Marel,Marel,0.9,leading token matches group name,yes,,,
5067001115Y634986115,Marel Capital AG,CH,Rotkreuz,ACTIVE,Marel,Marel,0.9,leading token matches group name,yes,,,
549300FV1WVNKMR3RK79,Marel Corporation Ltd.,GB,London,ACTIVE,Marel,Marel,1.0,exact name match after normalisation,yes,,,
72450055RKZEBIN6KJ07,Marel Food Logistic Systems B.V.,NL,Lichtenvoorde,INACTIVE,Marel,Marel,0.9,leading token matches group name,not yet queried,,,
894500TTCKGN1ZRERX80,Marel Grupp OÜ,EE,Tänassilma,ACTIVE,Marel,Marel,0.9,leading token matches group name,yes,,,
724500NG7D2992M47019,Marel Holding B.V.,NL,Boxmeer,ACTIVE,Marel,Marel,1.0,exact name match after normalisation,yes,5493007CT6ATBZ2L6826,JBT MAREL CORPORATION,US
5493008V3X88M5P1GM52,Marel Iceland ehf.,IS,Garðabær,ACTIVE,Marel,Marel,0.9,leading token matches group name,yes,5299008YTLEN09WTHW26,JBT Marel ehf.,IS
549300GVSHGR4X0CKE43,Marel Meat A/S,DK,Roskilde,ACTIVE,Marel,Marel,0.9,leading token matches group name,yes,5299008YTLEN09WTHW26,JBT Marel ehf.,IS
7245003CL8O4DTH8SB13,Marel Meat Service B.V.,NL,Lichtenvoorde,INACTIVE,Marel,Marel,0.9,leading token matches group name,not yet queried,,,
259400H34YVE0RVKK967,Marel Plus spółka z ograniczoną odpowiedzialnością spółka komandytowa,PL,Gdańsk,ACTIVE,Marel,Marel,0.9,leading token matches group name,yes,,,
724500UM6650YYZK5P21,Marel Red Meat B.V.,NL,Lichtenvoorde,ACTIVE,Marel,Marel,0.9,leading token matches group name,yes,5493007CT6ATBZ2L6826,JBT MAREL CORPORATION,US
549300ISK4F14SHKQ019,Marel Seattle Inc.,US,Seattle,INACTIVE,Marel,Marel,0.9,leading token matches group name,not yet queried,,,
254900RXCQGZU8VM7E42,Marel Settlement,CH,Geneva,ACTIVE,Marel,Marel,0.9,leading token matches group name,yes,,,
391200ZSGHZTCAHJ6B64,Marel TREIF GmbH,DE,Oberlahr,ACTIVE,Marel,Marel,0.9,leading token matches group name,yes,,,
724500REMBJJLYTFAJ20,Marel Water Treatment B.V.,NL,Lichtenvoorde,ACTIVE,Marel,Marel,0.9,leading token matches group name,yes,5493007CT6ATBZ2L6826,JBT MAREL CORPORATION,US
315700A2ERZ6YFPXYW57,Petr Marel,CZ,Praha,ACTIVE,Marel,Marel,0.7,group name appears in legal name,yes,,,
724500B07Q4O3OMBF814,R.L. van der Marel B.V.,NL,Aalsmeer,ACTIVE,Marel,Marel,0.7,group name appears in legal name,yes,,,
7245002QQNCT4HEWRV43,R.L. van der Marel Holding B.V.,NL,Aalsmeer,ACTIVE,Marel,Marel,0.7,group name appears in legal name,yes,,,
81560098B708AFD96D83,RICAMIFICIO MAREL DI EMIDIO ANTONINI & C. S.N.C.,IT,SANT'EGIDIO ALLA VIBRATA,ACTIVE,Marel,Marel,0.7,group name appears in legal name,yes,,,
969500C5XWNBVJAW2Q41,SCI MAREL,FR,SANARY-SUR-MER,ACTIVE,Marel,Marel,0.7,group name appears in legal name,yes,,,
724500ZBWJO1ER5PNZ96,Van der Marel Beheer B.V.,NL,Apeldoorn,ACTIVE,Marel,Marel,0.7,group name appears in legal name,yes,,,
724500OMHZ8SWUT3V110,Van der Marel Pensioen B.V.,NL,Amsterdam,INACTIVE,Marel,Marel,0.7,group name appears in legal name,not yet queried,,,
81560026F3449A400790,MARS,IT,MILANO,ACTIVE,Mars,Mars,1.0,exact name match after normalisation,yes,815600BD9FDD9ACEA387,KRYALOS INVESTMENTS S.R.L.,IT
894500JTHZOWFD3O1I29,MARS,FR,PARIS,ACTIVE,Mars,Mars,1.0,exact name match after normalisation,yes,,,
9695004G338O8P8PBV47,MARS,FR,DIRINON,ACTIVE,Mars,Mars,1.0,exact name match after normalisation,yes,,,
984500F4C71JDU1E7B35,MARS 1 Holding APS,DK,Værløse,ACTIVE,Mars,Mars,1.0,exact name match after normalisation,yes,,,
894500315SS3QVV9U102,MARS B PTY LTD,AU,Chatswood,ACTIVE,Mars,Mars,1.0,exact name match after normalisation,yes,,,
549300HA5TVC2SWUNW74,MARS BELGIUM,BE,ZAVENTEM,ACTIVE,Mars,Mars,1.0,exact name match after normalisation,yes,54930073HKEO6GZBSS03,"MARS, INCORPORATED",US
8945006E1E0ROXGK2108,MARS COMPANY PTY LTD,AU,Murdoch,ACTIVE,Mars,Mars,1.0,exact name match after normalisation,yes,,,
54930007MSQXCFTH5U90,MARS CONSUMER PRODUCTS AFRICA,ZA,SANDTON,ACTIVE,Mars,,1.0,"reports MARS, INCORPORATED as ultimate parent, which belongs to this group",yes,54930073HKEO6GZBSS03,"MARS, INCORPORATED",US
54930037DX1N1OOG8H12,MARS CZECH S.R.O.,CZ,PRAGUE,ACTIVE,Mars,,1.0,"reports MARS, INCORPORATED as ultimate parent, which belongs to this group",yes,54930073HKEO6GZBSS03,"MARS, INCORPORATED",US
549300C1Q6AWZV7MKI44,MARS DANMARK A/S,DK,København S,ACTIVE,Mars,,1.0,"reports MARS, INCORPORATED as ultimate parent, which belongs to this group",yes,54930073HKEO6GZBSS03,"MARS, INCORPORATED",US
549300SSU06MSNC18233,MARS FOOD EUROPE,NL,OUD-BEIJERLAND,ACTIVE,Mars,,1.0,"reports MARS, INCORPORATED as ultimate parent, which belongs to this group",yes,54930073HKEO6GZBSS03,"MARS, INCORPORATED",US
549300CXI65XZAWH3Y46,MARS FOOD UK LIMITED,GB,SLOUGH,ACTIVE,Mars,Mars,1.0,exact name match after normalisation,yes,,,
5493006YON8E3H0COM69,"MARS FOOD US, LLC",US,WILMINGTON,ACTIVE,Mars,,1.0,"reports MARS, INCORPORATED as ultimate parent, which belongs to this group",yes,54930073HKEO6GZBSS03,"MARS, INCORPORATED",US
5493003VVP1MXATLSJ28,MARS FOODS IRELAND LIMITED,IE,DUBLIN,ACTIVE,Mars,,1.0,"reports MARS, INCORPORATED as ultimate parent, which belongs to this group",yes,54930073HKEO6GZBSS03,"MARS, INCORPORATED",US
549300CMOB2442HOMP97,"MARS FOODS, LLC",US,WILMINGTON,ACTIVE,Mars,Mars,1.0,exact name match after normalisation,yes,54930073HKEO6GZBSS03,"MARS, INCORPORATED",US
549300XRCIV1BMLXWP47,MARS GMBH,DE,VERDEN,ACTIVE,Mars,Mars,1.0,exact name match after normalisation,yes,54930073HKEO6GZBSS03,"MARS, INCORPORATED",US
5493008I99DJCCCEMR18,MARS HELLAS ΜΟΝΟΠΡΟΣΩΠΗ ΑΝΩΝΥΜΗ ΒΙΟΜΗΧΑΝΙΚΗ ΚΑΙ ΕΜΠΟΡΙΚΗ ΕΤΑΙΡΙΑ ΤΡΟΦΩΝ,GR,PAIANIA,ACTIVE,Mars,,1.0,"reports MARS, INCORPORATED as ultimate parent, which belongs to this group",yes,54930073HKEO6GZBSS03,"MARS, INCORPORATED",US
969500CMRPN1PFL2EU68,MARS HOLDING,FR,OLIVET,ACTIVE,Mars,Mars,1.0,exact name match after normalisation,yes,,,
254900VZ2TTA9RG6AD95,MARS HOLDING INTERNATIONAL LTD.,BS,Nassau,ACTIVE,Mars,Mars,1.0,exact name match after normalisation,yes,,,
549300EZPI91MDTU1W31,"MARS INFORMATION SERVICES, INC.",US,WILMINGTON,ACTIVE,Mars,,1.0,"reports MARS, INCORPORATED as ultimate parent, which belongs to this group",yes,54930073HKEO6GZBSS03,"MARS, INCORPORATED",US
894500LU6TDTHPCJGQ71,MARS INTERNATIONAL,IN,MUMBAI,ACTIVE,Mars,Mars,1.0,exact name match after normalisation,yes,,,
335800XKI8RI1QA2LB19,MARS INTERNATIONAL,IN,MORADABAD,ACTIVE,Mars,Mars,1.0,exact name match after normalisation,yes,,,
549300Q6SCE2NXUJCK84,MARS INTERNATIONAL INDIA PRIVATE LIMITED,IN,NEW DELHI,ACTIVE,Mars,,1.0,"reports MARS, INCORPORATED as ultimate parent, which belongs to this group",yes,54930073HKEO6GZBSS03,"MARS, INCORPORATED",US
549300J78M1XZ23VP421,MARS ITALIA S.P.A.,IT,MILAN,ACTIVE,Mars,Mars,1.0,exact name match after normalisation,yes,54930073HKEO6GZBSS03,"MARS, INCORPORATED",US
54930008NTQYIPRGZ284,MARS JAPAN LIMITED,US,WILMINGTON,ACTIVE,Mars,,1.0,"reports MARS, INCORPORATED as ultimate parent, which belongs to this group",yes,54930073HKEO6GZBSS03,"MARS, INCORPORATED",US
549300F5WU87JHG7M518,MARS MAGYARORSZÁG KISÁLLATELEDEL GYÁRTÓ KORLÁTOLT FELELŐSSÉGŰ TÁRSASÁG,HU,BUDAPEST,ACTIVE,Mars,,1.0,"reports MARS, INCORPORATED as ultimate parent, which belongs to this group",yes,54930073HKEO6GZBSS03,"MARS, INCORPORATED",US
549300WYCVP50K6FJT19,MARS MAGYARORSZÁG ÉRTÉKESÍTŐ BT,HU,BUDAPEST,ACTIVE,Mars,,1.0,"reports MARS, INCORPORATED as ultimate parent, which belongs to this group",yes,54930073HKEO6GZBSS03,"MARS, INCORPORATED",US
5493006145Y1NN43MS67,MARS NEDERLAND B.V.,NL,VEGHEL,ACTIVE,Mars,Mars,1.0,exact name match after normalisation,yes,54930073HKEO6GZBSS03,"MARS, INCORPORATED",US
549300DHNHES4N4V6082,MARS NORGE AS,NO,Oslo,ACTIVE,Mars,,1.0,"reports MARS, INCORPORATED as ultimate parent, which belongs to this group",yes,54930073HKEO6GZBSS03,"MARS, INCORPORATED",US
5493009NR4OUL9101Q68,"MARS PETCARE US, INC.",US,WILMINGTON,ACTIVE,Mars,,1.0,"reports MARS, INCORPORATED as ultimate parent, which belongs to this group",yes,54930073HKEO6GZBSS03,"MARS, INCORPORATED",US
549300U89BT00TQ5RE21,MARS PF FRANCE,FR,SAINT-DENIS-DE-L'HOTEL,ACTIVE,Mars,,1.0,"reports MARS, INCORPORATED as ultimate parent, which belongs to this group",yes,54930073HKEO6GZBSS03,"MARS, INCORPORATED",US
213800VY8V5YLHYLL236,"MARS PHILIPPINES, INC.",PH,ANTIPOLO,ACTIVE,Mars,,1.0,"reports MARS, INCORPORATED as ultimate parent, which belongs to this group",yes,54930073HKEO6GZBSS03,"MARS, INCORPORATED",US
549300WEY18VCIE92C46,"MARS PORTUGAL, INC.",PT,OEIRAS,ACTIVE,Mars,,1.0,"reports MARS, INCORPORATED as ultimate parent, which belongs to this group",yes,54930073HKEO6GZBSS03,"MARS, INCORPORATED",US
815600CCA23108FC8471,MARS S.R.L.,IT,MILANO,INACTIVE,Mars,Mars,1.0,exact name match after normalisation,not yet queried,,,
549300SE6LZ2X0LB8D89,MARS SCHWEIZ AG,CH,BAAR,ACTIVE,Mars,Mars,1.0,exact name match after normalisation,yes,54930073HKEO6GZBSS03,"MARS, INCORPORATED",US
549300NPQ7WUCE50XI96,"MARS WIND, INC.",US,WILMINGTON,ACTIVE,Mars,,1.0,"reports MARS, INCORPORATED as ultimate parent, which belongs to this group",yes,54930073HKEO6GZBSS03,"MARS, INCORPORATED",US
5493008D8EYOJ7PKEL23,MARS WRIGLEY CONFECTIONERY FRANCE,FR,HAGUENAU,ACTIVE,Mars,,1.0,"reports MARS, INCORPORATED as ultimate parent, which belongs to this group",yes,54930073HKEO6GZBSS03,"MARS, INCORPORATED",US
549300WCJO7C280G3J19,MARS WRIGLEY CONFECTIONERY UK LIMITED,GB,SLOUGH,ACTIVE,Mars,,1.0,"reports MARS, INCORPORATED as ultimate parent, which belongs to this group",yes,54930073HKEO6GZBSS03,"MARS, INCORPORATED",US
54930073HKEO6GZBSS03,"MARS, INCORPORATED",US,WILMINGTON,ACTIVE,Mars,Mars,1.0,exact name match after normalisation,yes,,,
5493007H7K8KES8UVN02,"MARS, L.L.C.",US,HARRISONBURG,ACTIVE,Mars,Mars,1.0,exact name match after normalisation,yes,,,
984500105DC67D0F1F19,MarS Holding GmbH,DE,Monheim am Rhein,ACTIVE,Mars,Mars,1.0,exact name match after normalisation,yes,,,
315700HJ3KZM5C4DS524,MarS a.s.,CZ,Jevíčko,ACTIVE,Mars,Mars,1.0,exact name match after normalisation,yes,,,
52990070PTAYLJECLH15,Mars,DE,Frankfurt am Main,ACTIVE,Mars,Mars,1.0,exact name match after normalisation,yes,,,
875500ZL6RUV1KZDWV45,Mars 1 Limited,KY,Grand Cayman,ACTIVE,Mars,Mars,1.0,exact name match after normalisation,yes,,,
5493000H3I3IL0TDHU98,Mars Carbon LLC,US,WILMINGTON,ACTIVE,Mars,,1.0,"reports MARS, INCORPORATED as ultimate parent, which belongs to this group",yes,54930073HKEO6GZBSS03,"MARS, INCORPORATED",US
549300HPR6ZOS1H2YI05,Mars Finland Oy,FI,Helsinki,ACTIVE,Mars,,1.0,"reports MARS, INCORPORATED as ultimate parent, which belongs to this group",yes,54930073HKEO6GZBSS03,"MARS, INCORPORATED",US
549300OON6WWAXHL4794,"Mars Fishcare North America, Inc.",US,Harrisburg,ACTIVE,Mars,,1.0,"reports MARS, INCORPORATED as ultimate parent, which belongs to this group",yes,54930073HKEO6GZBSS03,"MARS, INCORPORATED",US
391200R3LUN6JGJQN920,Mars GmbH,DE,Berlin,ACTIVE,Mars,Mars,1.0,exact name match after normalisation,yes,,,
549300YW5Z2ZFYISTZ17,Mars Group S.C.A.,LU,Luxembourg,ACTIVE,Mars,Mars,1.0,exact name match after normalisation,yes,,,
724500KTHPTWMCDFXG09,Mars P&I B.V.,NL,Amsterdam,ACTIVE,Mars,Mars,1.0,exact name match after normalisation,yes,,,
549300ANBI0OMGIUDZ98,Mars Sverige AB,SE,Malmö,ACTIVE,Mars,,1.0,"reports MARS, INCORPORATED as ultimate parent, which belongs to this group",yes,54930073HKEO6GZBSS03,"MARS, INCORPORATED",US
9845007D69C08B696329,Mars Trading A/S,DK,Aalborg,ACTIVE,Mars,Mars,1.0,exact name match after normalisation,yes,,,
254900E11Z112A45CE79,Mars ehf.,IS,Vestmannaeyjar,ACTIVE,Mars,Mars,1.0,exact name match after normalisation,yes,,,
984500E2D6E9AETR0853,SASU MARS,FR,TAVERNY,ACTIVE,Mars,Mars,1.0,exact name match after normalisation,yes,,,
I5RODUK5ZFUF574DFO46,THE MARS ASSOCIATES' RETIREMENT PLAN,GB,SLOUGH,ACTIVE,Mars,,1.0,"reports MARS, INCORPORATED as ultimate parent, which belongs to this group",yes,54930073HKEO6GZBSS03,"MARS, INCORPORATED",US
7245002G3919W876YL50,V.O.F. Mars,NL,Urk,ACTIVE,Mars,Mars,1.0,exact name match after normalisation,yes,,,
549300GE5Z0RKPJRBZ09,CADBURY MONDELEZ PENSION TRUST LIMITED,GB,BIRMINGHAM,ACTIVE,Mondelez,Mondelez,0.7,group name appears in legal name,yes,,,
549300V7VT16JF5ISV23,MONDELEZ BRASIL LTDA,BR,CURITIBA,ACTIVE,Mondelez,Mondelez,0.9,leading token matches group name,yes,,,
54930024248O5LZPH307,MONDELEZ BRASIL NORTE NORDESTE LTDA,BR,VITORIA DE SANTO ANTAO,ACTIVE,Mondelez,Mondelez,0.9,leading token matches group name,yes,549300DV9GIB88LZ5P30,"MONDELEZ INTERNATIONAL, INC.",US
254900AXIAS2E5YJQQ30,MONDELEZ BUSINESS SERVICES AP PTE. LTD. PHILIPPINE BRANCH,PH,Pasig,ACTIVE,Mondelez,Mondelez,0.9,leading token matches group name,yes,,,
54930083TLHNPC4DPT29,MONDELEZ COLOMBIA S.A.S,CO,Cali,ACTIVE,Mondelez,Mondelez,0.9,leading token matches group name,yes,549300DV9GIB88LZ5P30,"MONDELEZ INTERNATIONAL, INC.",US
549300AZB3IBP1K8DA82,MONDELEZ COSTA RICA LIMITADA,CR,SAN JOSE,ACTIVE,Mondelez,Mondelez,0.9,leading token matches group name,yes,549300DV9GIB88LZ5P30,"MONDELEZ INTERNATIONAL, INC.",US
549300LDLO73DKFJYT15,MONDELEZ CZECH REPUBLIC S.R.O.,CZ,PRAGUE,ACTIVE,Mondelez,Mondelez,0.9,leading token matches group name,yes,,,
549300NS6UIEXSH3KQ84,"MONDELEZ DOMINICANA, S.A",DO,Santo Domingo de Guzman,ACTIVE,Mondelez,Mondelez,0.9,leading token matches group name,yes,549300DV9GIB88LZ5P30,"MONDELEZ INTERNATIONAL, INC.",US
5493008XJ0675EOLRK32,MONDELEZ GLOBAL LLC,US,WILMINGTON,ACTIVE,Mondelez,Mondelez,1.0,exact name match after normalisation,yes,549300DV9GIB88LZ5P30,"MONDELEZ INTERNATIONAL, INC.",US
549300FB6T70WYEEXB58,MONDELEZ GLOBAL LLC MASTER DEFINED BENEFIT TRUST,US,CHICAGO,ACTIVE,Mondelez,Mondelez,0.9,leading token matches group name,yes,,,
335800AYEAIGKHKBML66,MONDELEZ INDIA FOODS PRIVATE LIMITED,IN,MUMBAI,ACTIVE,Mondelez,Mondelez,0.9,leading token matches group name,yes,549300DV9GIB88LZ5P30,"MONDELEZ INTERNATIONAL, INC.",US
254900IW5QYRMFWU3W08,MONDELEZ INTERNATIONAL AMEA PTE. LTD.,SG,SINGAPORE,ACTIVE,Mondelez,Mondelez,0.9,leading token matches group name,yes,549300DV9GIB88LZ5P30,"MONDELEZ INTERNATIONAL, INC.",US
549300F0TFQQL1UUK794,MONDELEZ INTERNATIONAL FINANCE AG,CH,OPFIKON,ACTIVE,Mondelez,Mondelez,0.9,leading token matches group name,yes,549300DV9GIB88LZ5P30,"MONDELEZ INTERNATIONAL, INC.",US
5493000TT01RPEHXM080,MONDELEZ INTERNATIONAL HOLDINGS LLC,US,WILMINGTON,ACTIVE,Mondelez,Mondelez,1.0,exact name match after normalisation,yes,,,
549300CW356R8I7N8D33,MONDELEZ INTERNATIONAL HOLDINGS NETHERLANDS B.V.,NL,BREDA,ACTIVE,Mondelez,Mondelez,0.9,leading token matches group name,yes,549300DV9GIB88LZ5P30,"MONDELEZ INTERNATIONAL, INC.",US
549300DV9GIB88LZ5P30,"MONDELEZ INTERNATIONAL, INC.",US,GLEN ALLEN,ACTIVE,Mondelez,Mondelez,1.0,exact name match after normalisation,yes,,,
21380054SR82RTBLRD02,MONDELEZ IRELAND PRODUCTION LIMITED,IE,DUBLIN,ACTIVE,Mondelez,Mondelez,0.9,leading token matches group name,yes,549300DV9GIB88LZ5P30,"MONDELEZ INTERNATIONAL, INC.",US
213800O798WXY6ZU1D88,MONDELEZ MALAYSIA SALES SDN. BHD.,MY,PETALING JAYA,ACTIVE,Mondelez,Mondelez,0.9,leading token matches group name,yes,549300DV9GIB88LZ5P30,"MONDELEZ INTERNATIONAL, INC.",US
5967007LIEEXZXDNBS16,MONDELEZ NORGE PENSJONSKASSE,NO,Oslo,ACTIVE,Mondelez,Mondelez,0.9,leading token matches group name,yes,,,
5493002QKIUOGHC4KW35,MONDELEZ PERU S.A.,PE,LIMA,ACTIVE,Mondelez,Mondelez,0.9,leading token matches group name,yes,,,
549300VE1GXJ3T27HJ35,"MONDELEZ PHILIPPINES, INC.",PH,CITY OF MANILA,ACTIVE,Mondelez,Mondelez,0.9,leading token matches group name,yes,549300DV9GIB88LZ5P30,"MONDELEZ INTERNATIONAL, INC.",US
5493003YTIM8WHSWXR90,MONDELEZ ROMANIA S.A.,RO,BUCHAREST,ACTIVE,Mondelez,Mondelez,0.9,leading token matches group name,yes,,,
2549003AAK596G6RY793,MONDELEZ SOUTH AFRICA,ZA,JOHANNESBURG,ACTIVE,Mondelez,Mondelez,0.9,leading token matches group name,yes,549300DV9GIB88LZ5P30,"MONDELEZ INTERNATIONAL, INC.",US
549300WB41FIL89LAU35,MONDELEZ UK RETIREMENT BENEFITS PLAN,GB,BIRMINGHAM,ACTIVE,Mondelez,Mondelez,0.9,leading token matches group name,yes,,,
529900W216G90J7AUX50,Mondelez Austria Services GmbH,AT,Bludenz,INACTIVE,Mondelez,Mondelez,0.9,leading token matches group name,not yet queried,,,
724500QWTD8OS990IA78,Mondelez Coffee HoldCo B.V.,NL,Breda,INACTIVE,Mondelez,Mondelez,0.9,leading token matches group name,not yet queried,,,
894500GKYFJ9XKSWB274,Mondelez Deutschland Snacks Production GmbH & Co. KG,DE,Bremen,ACTIVE,Mondelez,Mondelez,0.9,leading token matches group name,yes,,,
5299000H8G8972AVNI83,Mondelez Europe Procurement GmbH,CH,Glattpark (Opfikon),ACTIVE,Mondelez,Mondelez,0.9,leading token matches group name,yes,,,
529900ZRORPGTERQ9U35,Mondelez Europe Procurement GmbH Zweigniederlassung Österreich,AT,Bludenz,ACTIVE,Mondelez,Mondelez,0.9,leading token matches group name,yes,,,
529900PUHRKWVTD0SD12,Mondelez Europe Services GmbH,CH,Glattpark (Opfikon),ACTIVE,Mondelez,Mondelez,0.9,leading token matches group name,yes,,,
529900CQMXRY9GUCXZ62,Mondelez Europe Services GmbH (Zweigniederlassung Österreich),AT,Bludenz,ACTIVE,Mondelez,Mondelez,0.9,leading token matches group name,yes,,,
635400RBEGTRBV2LND20,"Mondelez International, Inc. Irish Employee Share Scheme",IE,Dublin,ACTIVE,Mondelez,Mondelez,0.9,leading token matches group name,yes,,,
2549000H3NP6VGKPW208,Mondelez Maroc,MA,Casablanca,ACTIVE,Mondelez,Mondelez,0.9,leading token matches group name,yes,549300DV9GIB88LZ5P30,"MONDELEZ INTERNATIONAL, INC.",US
5299003CQHKF6JWN2T69,Mondelez Österreich GmbH,AT,Bludenz,ACTIVE,Mondelez,Mondelez,0.9,leading token matches group name,yes,,,
529900YCL2VU3K7JWX18,Mondelez Österreich Production GmbH,AT,Bludenz,ACTIVE,Mondelez,Mondelez,0.9,leading token matches group name,yes,,,
549300RUHTSXJC1IRL08,PT MONDELEZ INDONESIA MANUFACTURING,ID,JAKARTA,ACTIVE,Mondelez,Mondelez,0.7,group name appears in legal name,yes,549300DV9GIB88LZ5P30,"MONDELEZ INTERNATIONAL, INC.",US
506700FF6HMT5B7AO887,Pensionskasse Mondelez Schweiz,CH,Glattpark (Opfikon),ACTIVE,Mondelez,Mondelez,0.7,group name appears in legal name,yes,,,
984500C46689DAR99A63,Mosa Meat B.V.,NL,Maastricht,ACTIVE,Mosa Meat,Mosa Meat,1.0,exact name match after normalisation,yes,,,
549300Y40TBQK6MW0T56,AS NESTLÉ NORGE,NO,OSLO,ACTIVE,Nestle,Nestle,0.9,leading token matches group name,yes,,,
815600D351C8EE18D556,CASSA ASSISTENZA SANITARIA QUADRI SOCIETA' GRUPPO NESTLE' IN ITALIA,IT,ASSAGO,ACTIVE,Nestle,Nestle,0.7,group name appears in legal name,yes,,,
549300PXGW6YMPKHBP32,CENTRE DE COORDINATION NESTLE - COORDINATIECENTRUM NESTLE,BE,ANDERLECHT,INACTIVE,Nestle,Nestle,0.7,group name appears in legal name,not yet queried,,,
549300B6DK8NNFXPY298,CENTRES DE RECHERCHE ET DEVELOPPEMENT NESTLE SAS,FR,BEAUVAIS,ACTIVE,Nestle,Nestle,0.7,group name appears in legal name,yes,,,
5493005XT0BWPUTHIM33,COMPAÑIA NESTLE COSTA RICA SOCIEDAD ANONIMA,CR,Heredia,ACTIVE,Nestle,Nestle,0.7,group name appears in legal name,yes,KY37LUS27QQX7BB93L28,NESTLÉ S.A.,CH
89450024O7X41T8QRZ10,CTE D ENTR NESTLE WATERS VOSGES,FR,VITTEL,ACTIVE,Nestle,Nestle,0.7,group name appears in legal name,yes,,,
9845003E3DD2EE906795,DR. REDDY'S AND NESTLE HEALTH SCIENCE LIMITED,IN,Hyderabad,ACTIVE,Nestle,Nestle,0.7,group name appears in legal name,yes,,,
549300O5WXRJQ0C94H20,FONDATION NESTLÉ POUR L'ART,CH,LAUSANNE,INACTIVE,Nestle,Nestle,0.7,group name appears in legal name,not yet queried,,,
5493000QM025S5QMMF68,FONDATION NESTLÉ POUR L'ÉTUDE DES PROBLÈMES DE L'ALIMENTATION DANS LE MONDE,CH,LAUSANNE,ACTIVE,Nestle,Nestle,0.7,group name appears in legal name,yes,,,
549300X5ZUV24RBZZ591,FONDS DE PENSIONS COMPLÉMENTAIRE NESTLÉ (FONDATION LOUIS DAPPLES),CH,VEVEY,ACTIVE,Nestle,Nestle,0.7,group name appears in legal name,yes,,,
549300RTT1FRR1NJI171,FONDS DE PENSIONS EUROPEEN NESTLE,BE,ANDERLECHT,ACTIVE,Nestle,Nestle,0.7,group name appears in legal name,yes,,,
54930012RHF944G10851,FONDS DE PENSIONS NESTLE (FONDATION EDOUARD MULLER),CH,VEVEY,ACTIVE,Nestle,Nestle,0.7,group name appears in legal name,yes,,,
213800RCNWAEFLXWZQ62,FUNDO DE PENSÕES GRUPO NESTLÉ EM PORTUGAL,PT,Lisboa,ACTIVE,Nestle,Nestle,0.7,group name appears in legal name,yes,,,
969500TIT9OM1IVE5Y53,INSTITUTION DE PREVOYANCE NESTLE,FR,NOISIEL,NULL,Nestle,Nestle,0.7,group name appears in legal name,not yet queried,,,
549300HRO1JJBXWWYI70,INSTITUTION DE PRÉVOYANCE NESTLÉ,FR,NOISIEL,ACTIVE,Nestle,Nestle,0.7,group name appears in legal name,yes,,,
549300IRLXTFM8UXFM59,MARCAS NESTLE SA DE CV,MX,Mexico City,ACTIVE,Nestle,Nestle,0.7,group name appears in legal name,yes,KY37LUS27QQX7BB93L28,NESTLÉ S.A.,CH
969500KF8OJVYYMS3608,MUTUELLE NESTLE FRANCE,FR,NOISIEL,INACTIVE,Nestle,Nestle,0.7,group name appears in legal name,not yet queried,,,
549300IG2V4HU9NEB852,NESTLE (IRELAND) LIMITED,IE,DUBLIN,ACTIVE,Nestle,Nestle,0.9,leading token matches group name,yes,KY37LUS27QQX7BB93L28,NESTLÉ S.A.,CH
213800236FPKUA98LP10,NESTLE (MALAYSIA) GROUP RETIREMENT SCHEME,MY,PETALING JAYA,ACTIVE,Nestle,Nestle,0.9,leading token matches group name,yes,,,
549300I5PVOCV4TRIS82,NESTLE (SOUTH AFRICA),ZA,JOHANNESBURG,ACTIVE,Nestle,Nestle,0.9,leading token matches group name,yes,KY37LUS27QQX7BB93L28,NESTLÉ S.A.,CH
969500UQ0O56RPVLXY98,NESTLE ACTIONS MONDE,FR,PARIS,ACTIVE,Nestle,Nestle,0.9,leading token matches group name,yes,,,
2549005WVGIM1KLNEO60,NESTLE ASEAN (MALAYSIA) SDN. BHD.,MY,PETALING JAYA,ACTIVE,Nestle,Nestle,0.9,leading token matches group name,yes,KY37LUS27QQX7BB93L28,NESTLÉ S.A.,CH
2549000MK5E20FDMSS26,NESTLE BANGLADESH PLC,BD,DHAKA,ACTIVE,Nestle,Nestle,0.9,leading token matches group name,yes,,,
549300IUT8F6T4KV4469,NESTLE BRASIL LTDA.,BR,SAO PAULO,ACTIVE,Nestle,Nestle,0.9,leading token matches group name,yes,KY37LUS27QQX7BB93L28,NESTLÉ S.A.,CH
984500E544064C38D056,"NESTLE BUSINESS SERVICES AOA, INC.",PH,MEYCAUAYAN,ACTIVE,Nestle,Nestle,0.9,leading token matches group name,yes,,,
335800YBC1GFURR3V280,NESTLE BUSINESS SERVICES INDIA PRIVATE LIMITED,IN,NEW DELHI,ACTIVE,Nestle,Nestle,0.9,leading token matches group name,yes,,,
54930057E6GVTHE3K005,NESTLE CANADA INC.,CA,North York,INACTIVE,Nestle,Nestle,0.9,leading token matches group name,not yet queried,,,
54930034VIE5BY0Q7087,NESTLE CAPITAL CANADA LIMITED,CA,North York,ACTIVE,Nestle,Nestle,0.9,leading token matches group name,yes,KY37LUS27QQX7BB93L28,NESTLÉ S.A.,CH
549300VIRTXBZ81J0S95,NESTLE CAPITAL CORPORATION,US,WILMINGTON,ACTIVE,Nestle,Nestle,0.9,leading token matches group name,yes,KY37LUS27QQX7BB93L28,NESTLÉ S.A.,CH
549300TN4LXI63JXLQ05,NESTLE CAPITAL MANAGEMENT LTD,GB,CRAWLEY,INACTIVE,Nestle,Nestle,0.9,leading token matches group name,not yet queried,,,
5493005SGGN4VMY0PQ81,NESTLE CHILE SA,CL,Santiago,ACTIVE,Nestle,Nestle,0.9,leading token matches group name,yes,KY37LUS27QQX7BB93L28,NESTLÉ S.A.,CH
95980020140005447309,NESTLE CONSERVADOR FP,ES,Madrid,ACTIVE,Nestle,Nestle,0.9,leading token matches group name,yes,,,
549300DYEHFZ1Q7M5C12,NESTLE DANMARK A/S,DK,KØBENHAVN,ACTIVE,Nestle,Nestle,0.9,leading token matches group name,yes,,,
9845001BCYDC09B0C694,NESTLE DOMINICANA S.A.,DO,SANTO DOMINGO,ACTIVE,Nestle,Nestle,0.9,leading token matches group name,yes,,,
549300NM5BYEQKD0WL73,NESTLE DUBAI MANUFACTURING L.L.C.,AE,DUBAI,ACTIVE,Nestle,Nestle,0.9,leading token matches group name,yes,KY37LUS27QQX7BB93L28,NESTLÉ S.A.,CH
969500H8I9NI5PPOKZ50,NESTLE DYNAMIQUE,FR,PARIS,ACTIVE,Nestle,Nestle,0.9,leading token matches group name,yes,,,
549300KTW28O6OO6EZ47,NESTLE ECUADOR S.A.,EC,QUITO,ACTIVE,Nestle,Nestle,0.9,leading token matches group name,yes,,,
2138001TCLQVM3WGD706,NESTLE EGYPT S.A.E.,EG,6TH OF OCTOBER CITY,ACTIVE,Nestle,Nestle,0.9,leading token matches group name,yes,,,
335800M611GD59U5O146,NESTLE EMPLOYEES PROVIDENT FUND TRUST,IN,NEW DELHI,ACTIVE,Nestle,Nestle,0.9,leading token matches group name,yes,,,
969500LSDBSGQQ2BMB51,NESTLE EQUILIBRE,FR,PARIS,ACTIVE,Nestle,Nestle,0.9,leading token matches group name,yes,,,
549300VI3TRXZPL6I128,NESTLE ESPAÑA SA,ES,ESPLUGUES DE LLOBREGAT,ACTIVE,Nestle,Nestle,1.0,exact name match after normalisation,yes,KY37LUS27QQX7BB93L28,NESTLÉ S.A.,CH
95980020140005014495,NESTLE FONDO DE PENSIONES,ES,Madrid,ACTIVE,Nestle,Nestle,0.9,leading token matches group name,yes,,,
549300Y95C5GHIQ0T024,NESTLE FRANCE,FR,ISSY-LES-MOULINEAUX,ACTIVE,Nestle,Nestle,1.0,exact name match after normalisation,yes,KY37LUS27QQX7BB93L28,NESTLÉ S.A.,CH
549300P2TLJSJM4BBC08,NESTLE HOLDINGS (U.K.) PLC,GB,YORK,ACTIVE,Nestle,Nestle,1.0,exact name match after normalisation,yes,KY37LUS27QQX7BB93L28,NESTLÉ S.A.,CH
549300EAEU8YV8MQXP30,"NESTLE HOLDINGS, INC.",US,WILMINGTON,ACTIVE,Nestle,Nestle,1.0,exact name match after normalisation,yes,KY37LUS27QQX7BB93L28,NESTLÉ S.A.,CH
5493000V6IR8BK63QS27,NESTLE IN THE USA PENSION TRUST,US,Wilmington,ACTIVE,Nestle,Nestle,0.9,leading token matches group name,yes,,,
5493009UWJXFLV2BW682,NESTLE IN THE USA SAVINGS TRUST,US,WILMINGTON,ACTIVE,Nestle,Nestle,0.9,leading token matches group name,yes,,,
3358008SYYY9CPWH5D94,NESTLE INDIA LIMITED,IN,NEW DELHI,ACTIVE,Nestle,Nestle,0.9,leading token matches group name,yes,,,
33580079I2KQN8FPZ356,NESTLE INDIA LTD EMPLOYEES GRATUITY TRUST FUND,IN,NEW DELHI,ACTIVE,Nestle,Nestle,0.9,leading token matches group name,yes,,,
254900QOC7J3D31CIJ09,NESTLE MANUFACTURING (MALAYSIA) SDN. BHD.,MY,PETALING JAYA,ACTIVE,Nestle,Nestle,0.9,leading token matches group name,yes,KY37LUS27QQX7BB93L28,NESTLÉ S.A.,CH
5493000GD3MMD03FI241,NESTLE MARCAS PERU S.A.C.,PE,LIMA,ACTIVE,Nestle,Nestle,0.9,leading token matches group name,yes,KY37LUS27QQX7BB93L28,NESTLÉ S.A.,CH
5493002KRTKVZDRL7R19,NESTLE MEXICO SA DE CV,MX,Mexico City,ACTIVE,Nestle,Nestle,0.9,leading token matches group name,yes,,,
54930008QY3ONJDHEI34,NESTLE MIDDLE EAST FZE,AE,DUBAI,ACTIVE,Nestle,Nestle,0.9,leading token matches group name,yes,KY37LUS27QQX7BB93L28,NESTLÉ S.A.,CH
549300JCANNR0WX4UN53,NESTLE MIDDLE EAST MANUFACTURING LLC,AE,DUBAI,ACTIVE,Nestle,Nestle,0.9,leading token matches group name,yes,KY37LUS27QQX7BB93L28,NESTLÉ S.A.,CH
254900YU4YBOYXRD1E14,NESTLE NEW ZEALAND LIMITED,NZ,Auckland,ACTIVE,Nestle,Nestle,0.9,leading token matches group name,yes,,,
0292002173F4KD5E5347,NESTLE NIGERIA PLC,NG,LAGOS,ACTIVE,Nestle,Nestle,0.9,leading token matches group name,yes,,,
549300U0OB0QVDVTXZ40,NESTLE NORDESTE ALIMENTOS E BEBIDAS LTDA.,BR,FEIRA DE SANTANA,ACTIVE,Nestle,Nestle,0.9,leading token matches group name,yes,KY37LUS27QQX7BB93L28,NESTLÉ S.A.,CH
54930063OE8AZ2Y0IC26,NESTLE PERU S A,PE,LIMA,ACTIVE,Nestle,Nestle,0.9,leading token matches group name,yes,KY37LUS27QQX7BB93L28,NESTLÉ S.A.,CH
549300T863WJZM4ZOM63,NESTLE POLSKA SPÓŁKA AKCYJNA,PL,WARSAW,ACTIVE,Nestle,Nestle,0.9,leading token matches group name,yes,KY37LUS27QQX7BB93L28,NESTLÉ S.A.,CH
2549001PNOMASXMBUB96,NESTLE PRODUCTS SDN. BHD.,MY,PETALING JAYA,ACTIVE,Nestle,Nestle,0.9,leading token matches group name,yes,KY37LUS27QQX7BB93L28,NESTLÉ S.A.,CH
549300OYBKLVWLR55157,NESTLE PURINA PETCARE COMPANY,US,Saint Louis,ACTIVE,Nestle,Nestle,0.9,leading token matches group name,yes,KY37LUS27QQX7BB93L28,NESTLÉ S.A.,CH
549300YLCR466HMG8F29,NESTLE PURINA PETCARE FRANCE,FR,ISSY-LES-MOULINEAUX,ACTIVE,Nestle,Nestle,0.9,leading token matches group name,yes,KY37LUS27QQX7BB93L28,NESTLÉ S.A.,CH
549300EYIPH68E5YNB23,NESTLE PURINA UK MANUFACTURING OPERATIONS LIMITED,GB,YORK,ACTIVE,Nestle,Nestle,0.9,leading token matches group name,yes,KY37LUS27QQX7BB93L28,NESTLÉ S.A.,CH
549300UIJBRNY3ECPH40,NESTLE R&D CENTER (PTE) LTD,SG,SINGAPORE,ACTIVE,Nestle,Nestle,0.9,leading token matches group name,yes,,,
335800SE5SMJ1JXKE986,NESTLE R&D CENTRE INDIA PRIVATE LIMITED,IN,NEW DELHI,ACTIVE,Nestle,Nestle,0.9,leading token matches group name,yes,,,
549300BCYRW5C8KYKY20,NESTLE ROMÂNIA SRL,RO,BUCHAREST,ACTIVE,Nestle,Nestle,0.9,leading token matches group name,yes,KY37LUS27QQX7BB93L28,NESTLÉ S.A.,CH
5493003VSDJSMG6LIQ26,NESTLE SERVICIOS CORPORATIVOS SA DE CV,MX,Mexico City,ACTIVE,Nestle,Nestle,0.9,leading token matches group name,yes,KY37LUS27QQX7BB93L28,NESTLÉ S.A.,CH
549300BQG3Q1HWH0ZZ71,NESTLE SERVICIOS INDUSTRIALES SA DE CV,MX,Mexico,ACTIVE,Nestle,Nestle,0.9,leading token matches group name,yes,KY37LUS27QQX7BB93L28,NESTLÉ S.A.,CH
549300WFK7W446W0VV46,NESTLE SINGAPORE (PTE) LTD,SG,SINGAPORE,ACTIVE,Nestle,Nestle,0.9,leading token matches group name,yes,,,
549300FR0P10Q8E1Q992,NESTLE TC ASIA PACIFIC PTE. LTD.,SG,SINGAPORE,ACTIVE,Nestle,Nestle,0.9,leading token matches group name,yes,,,
5493001RRSJ82VKXOG19,NESTLE TREASURY CENTRE-MIDDLE EAST & AFRICA LTD,AE,DUBAI,ACTIVE,Nestle,Nestle,0.9,leading token matches group name,yes,KY37LUS27QQX7BB93L28,NESTLÉ S.A.,CH
549300WHBYSUBGD2HD85,NESTLE TÜRKİYE GIDA SANAYİ ANONİMŞİRKETİ,TR,I?STANBUL,ACTIVE,Nestle,Nestle,0.9,leading token matches group name,yes,KY37LUS27QQX7BB93L28,NESTLÉ S.A.,CH
5493004DKAGDNS9NFR36,NESTLE UK LTD.,GB,YORK,ACTIVE,Nestle,Nestle,1.0,exact name match after normalisation,yes,KY37LUS27QQX7BB93L28,NESTLÉ S.A.,CH
54930022VF7BB6N1ZE68,NESTLE UK PENSION TRUST LTD.,GB,YORK,ACTIVE,Nestle,Nestle,0.9,leading token matches group name,yes,KY37LUS27QQX7BB93L28,NESTLÉ S.A.,CH
549300X5ZYKFFI61BZ05,NESTLE UK PENSIONS RESERVOIR TRUST LIMITED,GB,CRAWLEY,ACTIVE,Nestle,Nestle,0.9,leading token matches group name,yes,,,
549300ZWOWV3MECPLN21,"NESTLE USA, INC.",US,WILMINGTON,ACTIVE,Nestle,Nestle,1.0,exact name match after normalisation,yes,KY37LUS27QQX7BB93L28,NESTLÉ S.A.,CH
213800S1U8Q5ORVSF312,NESTLE VOLUNTARY PENSION SCHEME,SG,SINGAPORE,ACTIVE,Nestle,Nestle,0.9,leading token matches group name,yes,,,
549300I0UNNGMLVYMK57,NESTLE WATERS,FR,ISSY-LES-MOULINEAUX,ACTIVE,Nestle,Nestle,0.9,leading token matches group name,yes,KY37LUS27QQX7BB93L28,NESTLÉ S.A.,CH
549300WCHILUX9A95G44,NESTLE WATERS BENELUX,BE,ÉTALLE,ACTIVE,Nestle,Nestle,0.9,leading token matches group name,yes,,,
549300CK6J12PKL6W079,NESTLE WATERS BRASIL - BEBIDAS E ALIMENTOS LTDA.,BR,SAO PAULO,ACTIVE,Nestle,Nestle,0.9,leading token matches group name,yes,KY37LUS27QQX7BB93L28,NESTLÉ S.A.,CH
549300DO6UY7R5SEO307,NESTLE WATERS MANAGEMENT & TECHNOLOGY,FR,ISSY-LES-MOULINEAUX,ACTIVE,Nestle,Nestle,0.9,leading token matches group name,yes,KY37LUS27QQX7BB93L28,NESTLÉ S.A.,CH
549300YQKN2NG4BM2O03,NESTLE WATERS MARKETING & DISTRIBUTION,FR,ISSY-LES-MOULINEAUX,ACTIVE,Nestle,Nestle,0.9,leading token matches group name,yes,KY37LUS27QQX7BB93L28,NESTLÉ S.A.,CH
549300LXYRBHT3CXD708,NESTLE WATERS POLSKA SPÓŁKA AKCYJNA,PL,WARSAW,ACTIVE,Nestle,Nestle,0.9,leading token matches group name,yes,KY37LUS27QQX7BB93L28,NESTLÉ S.A.,CH
549300DXW24EJIUPL720,NESTLE WATERS SUPPLY EST,FR,ISSY-LES-MOULINEAUX,ACTIVE,Nestle,Nestle,0.9,leading token matches group name,yes,KY37LUS27QQX7BB93L28,NESTLÉ S.A.,CH
549300WEO9QVCYTJRI27,NESTLE WATERS SUPPLY SUD,FR,ISSY-LES-MOULINEAUX,ACTIVE,Nestle,Nestle,0.9,leading token matches group name,yes,KY37LUS27QQX7BB93L28,NESTLÉ S.A.,CH
549300D8DBSDW2YYZ065,NESTLE ΕΛΛΑΣ ΜΟΝΟΠΡΟΣΩΠΗ Α.Ε.,GR,MAROUSI,ACTIVE,Nestle,Nestle,1.0,exact name match after normalisation,yes,KY37LUS27QQX7BB93L28,NESTLÉ S.A.,CH
5493005NGHITSDSNQG57,NESTLE' ITALIANA S.P.A.,IT,ASSAGO,ACTIVE,Nestle,Nestle,0.9,leading token matches group name,yes,KY37LUS27QQX7BB93L28,NESTLÉ S.A.,CH
549300CCWRGDZ650TB50,NESTLÉ ADRIATIC D.O.O.,HR,ZAGREB,ACTIVE,Nestle,Nestle,0.9,leading token matches group name,yes,,,
54930040XQ8L8TIKZR42,NESTLÉ BELGILUX,BE,BRUSSELS,ACTIVE,Nestle,Nestle,0.9,leading token matches group name,yes,KY37LUS27QQX7BB93L28,NESTLÉ S.A.,CH
549300OKQPVRQSU3UQ68,NESTLÉ CAPITAL ADVISERS S.A.,CH,VEVEY,INACTIVE,Nestle,Nestle,0.9,leading token matches group name,not yet queried,,,
549300PZN3NFSOUXLC42,NESTLÉ CAPITAL MARKETS SA,CH,VEVEY,ACTIVE,Nestle,Nestle,0.9,leading token matches group name,yes,KY37LUS27QQX7BB93L28,NESTLÉ S.A.,CH
549300RPBMERO5862U79,NESTLÉ CATERING SERVICES,BE,BRUSSELS,INACTIVE,Nestle,Nestle,0.9,leading token matches group name,not yet queried,,,
549300OQR8FAZBOXTC51,NESTLÉ DEUTSCHLAND AKTIENGESELLSCHAFT,DE,FRANKFURT AM MAIN,ACTIVE,Nestle,Nestle,0.9,leading token matches group name,yes,KY37LUS27QQX7BB93L28,NESTLÉ S.A.,CH
549300N605FFI63HNY50,NESTLÉ ENTERPRISES SA,CH,VEVEY,ACTIVE,Nestle,Nestle,0.9,leading token matches group name,yes,,,
213800IEJSYAXZWQRU37,NESTLÉ EQUITY HOLDINGS LIMITED,LU,LUXEMBOURG,ACTIVE,Nestle,Nestle,0.9,leading token matches group name,yes,,,
0KLLMNHINTFDRMU6DI05,NESTLÉ FINANCE INTERNATIONAL LTD.,LU,LUXEMBOURG,ACTIVE,Nestle,Nestle,0.9,leading token matches group name,yes,,,
5493006VV8E2Q85LCV08,NESTLÉ GLOBE CENTER EUROPE GMBH,DE,FRANKFURT AM MAIN,ACTIVE,Nestle,Nestle,0.9,leading token matches group name,yes,KY37LUS27QQX7BB93L28,NESTLÉ S.A.,CH
969500NBYMDG0TXUAQ54,NESTLÉ HARMONIE SOLIDAIRE,FR,PARIS,ACTIVE,Nestle,Nestle,0.9,leading token matches group name,yes,,,
549300B7WEJMJJFPL835,NESTLÉ HUNGÁRIA KFT,HU,BUDAPEST,ACTIVE,Nestle,Nestle,0.9,leading token matches group name,yes,KY37LUS27QQX7BB93L28,NESTLÉ S.A.,CH
549300ZKJU8Y8DDERB56,NESTLÉ MALTA LIMITED,MT,LIJA,ACTIVE,Nestle,Nestle,0.9,leading token matches group name,yes,,,
549300PJ6ILIWEASUX81,NESTLÉ NEDERLAND B.V.,NL,AMSTELVEEN,ACTIVE,Nestle,Nestle,1.0,exact name match after normalisation,yes,KY37LUS27QQX7BB93L28,NESTLÉ S.A.,CH
549300XWOCXZTC6ENF34,NESTLÉ NESPRESSO SA,CH,VEVEY,ACTIVE,Nestle,Nestle,0.9,leading token matches group name,yes,,,
549300ZHRXVJK0XLDL63,NESTLÉ OPERATIONAL SERVICES WORLDWIDE SA,CH,VEVEY,ACTIVE,Nestle,Nestle,0.9,leading token matches group name,yes,KY37LUS27QQX7BB93L28,NESTLÉ S.A.,CH
549300OITB8H24BE7Y86,"NESTLÉ PORTUGAL, UNIPESSOAL, LDA",PT,OEIRAS,ACTIVE,Nestle,Nestle,0.9,leading token matches group name,yes,KY37LUS27QQX7BB93L28,NESTLÉ S.A.,CH
54930034M2CN7FNJOJ65,NESTLÉ PURINA MANUFACTURING OPERATIONS POLAND SPÓŁKA Z OGRANICZONĄ ODPOWIEDZIALNOŚCIĄ,PL,KATY WROCLAWSKIE,ACTIVE,Nestle,Nestle,0.9,leading token matches group name,yes,KY37LUS27QQX7BB93L28,NESTLÉ S.A.,CH
549300A8CJBWDXKOC509,NESTLÉ PURINA PETCARE DEUTSCHLAND GMBH,DE,EUSKIRCHEN,ACTIVE,Nestle,Nestle,0.9,leading token matches group name,yes,KY37LUS27QQX7BB93L28,NESTLÉ S.A.,CH
549300I7SZ8QJI626183,"NESTLÉ PURINA PETCARE ESPAÑA, S.A.",ES,CASTELLBISBAL,ACTIVE,Nestle,Nestle,0.9,leading token matches group name,yes,,,
KY37LUS27QQX7BB93L28,NESTLÉ S.A.,CH,VEVEY,ACTIVE,Nestle,Nestle,1.0,exact name match after normalisation,yes,,,
549300L0UPXK456RL324,NESTLÉ SUISSE S.A.,CH,VEVEY,ACTIVE,Nestle,Nestle,1.0,exact name match after normalisation,yes,KY37LUS27QQX7BB93L28,NESTLÉ S.A.,CH
549300031S4JCZ237H08,NESTLÉ SVERIGE AKTIEBOLAG,SE,HELSINGBORG,ACTIVE,Nestle,Nestle,0.9,leading token matches group name,yes,,,
5493009ERCG0ZX5NHQ96,NESTLÉ TREASURY INTERNATIONAL S.A.,LU,LUXEMBOURG,ACTIVE,Nestle,Nestle,0.9,leading token matches group name,yes,,,
5493002CC8P3BCKP4949,NESTLÉ UNTERNEHMUNGEN DEUTSCHLAND GMBH,DE,FRANKFURT AM MAIN,ACTIVE,Nestle,Nestle,0.9,leading token matches group name,yes,KY37LUS27QQX7BB93L28,NESTLÉ S.A.,CH
549300IR7DQT9MJ5DK97,NESTLÉ VIETNAM LIMITED,VN,DONG NAI,ACTIVE,Nestle,Nestle,0.9,leading token matches group name,yes,KY37LUS27QQX7BB93L28,NESTLÉ S.A.,CH
549300AXC71M3Z943J19,NESTLÉ WATERS (SUISSE) SA,CH,HENNIEZ,ACTIVE,Nestle,Nestle,0.9,leading token matches group name,yes,KY37LUS27QQX7BB93L28,NESTLÉ S.A.,CH
549300TNEATXW8Y8YM94,NESTLÉ WATERS UK LIMITED,GB,YORK,ACTIVE,Nestle,Nestle,0.9,leading token matches group name,yes,KY37LUS27QQX7BB93L28,NESTLÉ S.A.,CH
529900XASP98JZSE6Y73,NESTLÉ ZATVORENI DOBROVOLJNI MIROVINSKI FOND,HR,Zagreb,ACTIVE,Nestle,Nestle,0.9,leading token matches group name,yes,,,
549300K7JBBOCJ6AVT37,NESTLÉ ČESKO S.R.O.,CZ,PRAGUE - MODRANY,ACTIVE,Nestle,Nestle,0.9,leading token matches group name,yes,KY37LUS27QQX7BB93L28,NESTLÉ S.A.,CH
254900RVLKQM46QQVA12,Nestle Australia Ltd,AU,Sydney,ACTIVE,Nestle,Nestle,0.9,leading token matches group name,yes,KY37LUS27QQX7BB93L28,NESTLÉ S.A.,CH
8945002SOXKVMWPWUH46,Nestle Canada Inc.,CA,North York,ACTIVE,Nestle,Nestle,0.9,leading token matches group name,yes,KY37LUS27QQX7BB93L28,NESTLÉ S.A.,CH
2549000ZDYLEA1B3UP14,Nestle Lanka PLC,LK,Colombo,ACTIVE,Nestle,Nestle,0.9,leading token matches group name,yes,KY37LUS27QQX7BB93L28,NESTLÉ S.A.,CH
254900DGZ6EGTLT63535,"Nestle Philippines, Inc.",PH,CABUYAO CITY,ACTIVE,Nestle,Nestle,0.9,leading token matches group name,yes,,,
5493003YU112Z5SC6S84,Nestle Purina Pet Care de Colombia S A,CO,Bogota,ACTIVE,Nestle,Nestle,0.9,leading token matches group name,yes,,,
984500D3CFA2ADDNDC46,Nestle Steel India,IN,Mumbai,ACTIVE,Nestle,Nestle,0.9,leading token matches group name,yes,,,
549300NU1BR1Q3NI3D23,Nestle de Colombia S.A.,CO,Bogota,ACTIVE,Nestle,Nestle,0.9,leading token matches group name,yes,KY37LUS27QQX7BB93L28,NESTLÉ S.A.,CH
549300GUV737JK7Y5C77,Nestle Österreich GmbH,AT,Wien,ACTIVE,Nestle,Nestle,0.9,leading token matches group name,yes,,,
549300YZIF1YAI8LH211,Nestlé Canada Inc. Pension Plans Master Trust,CA,North York,ACTIVE,Nestle,Nestle,0.9,leading token matches group name,yes,,,
984500VZ02BA6C8A4787,Nestlé Pensionsfonds AG (NPF),DE,Frankfurt am Main,ACTIVE,Nestle,Nestle,0.9,leading token matches group name,yes,,,
9845004D0845FB086475,Nestlé Pensionskasse VVaG,DE,Frankfurt am Main,ACTIVE,Nestle,Nestle,0.9,leading token matches group name,yes,,,
549300YD37ZTZK9UBU35,Nestlé Professional Food A/S,DK,Rønnede,ACTIVE,Nestle,Nestle,0.9,leading token matches group name,yes,KY37LUS27QQX7BB93L28,NESTLÉ S.A.,CH
984500F650B4AEC4DB09,Nestlé Rückdeckungskasse VVaG,DE,Frankfurt am Main,ACTIVE,Nestle,Nestle,0.9,leading token matches group name,yes,,,
2549009VYV1X2Q8CVF13,PT NESTLE INDONESIA,ID,Jakarta,ACTIVE,Nestle,Nestle,0.7,group name appears in legal name,yes,KY37LUS27QQX7BB93L28,NESTLÉ S.A.,CH
984500938CA75NFE0771,PT NESTLE TRADING INDONESIA,ID,JAKARTA SELATAN,ACTIVE,Nestle,Nestle,0.7,group name appears in legal name,yes,,,
549300GNUAUDIWIORH98,Roundhill TRAX Nestle Shares,US,DOVER,ACTIVE,Nestle,Nestle,0.7,group name appears in legal name,yes,,,
549300CJIDHZBCKJ7T95,SOCIÉTÉ DES PRODUITS NESTLÉ S.A.,CH,VEVEY,ACTIVE,Nestle,Nestle,0.7,group name appears in legal name,yes,KY37LUS27QQX7BB93L28,NESTLÉ S.A.,CH
549300ZPVOOWIB9TLT56,SOCIÉTÉ POUR L'EXPORTATION DES PRODUITS NESTLÉ S.A.,CH,LA TOUR-DE-PEILZ,ACTIVE,Nestle,Nestle,0.7,group name appears in legal name,yes,,,
5493007OUD4T0VNM2F09,SUOMEN NESTLÉ OY,FI,ESPOO,ACTIVE,Nestle,Nestle,0.7,group name appears in legal name,yes,,,
391200DJRSJEIAI0YD46,Schuhhaus Nestle-Schäfer GmbH,DE,Dornstetten,ACTIVE,Nestle,Nestle,0.7,group name appears in legal name,yes,,,
2549005ALHZ37FQNMB03,The Nestle New Zealand Pension Fund,NZ,Auckland,ACTIVE,Nestle,Nestle,0.7,group name appears in legal name,yes,,,
213800BPK5X4TY4RZ619,NOMAD FOODS BONDCO PLC,GB,WOKING,ACTIVE,Nomad Foods,Nomad Foods,0.9,leading token matches group name,yes,5493000ZZ1837DS2SI43,NOMAD FOODS LIMITED,VG
213800WYSHR9DCU87I06,NOMAD FOODS EUROPE FINANCE LIMITED,GB,WOKING,ACTIVE,Nomad Foods,Nomad Foods,0.9,leading token matches group name,yes,5493000ZZ1837DS2SI43,NOMAD FOODS LIMITED,VG
2138003UXX47G28CC919,NOMAD FOODS EUROPE LIMITED,GB,WOKING,ACTIVE,Nomad Foods,Nomad Foods,0.9,leading token matches group name,yes,5493000ZZ1837DS2SI43,NOMAD FOODS LIMITED,VG
213800FGWQXPVI86SE26,NOMAD FOODS EUROPE MIDCO LIMITED,GB,WOKING,ACTIVE,Nomad Foods,Nomad Foods,0.9,leading token matches group name,yes,5493000ZZ1837DS2SI43,NOMAD FOODS LIMITED,VG
5493000ZZ1837DS2SI43,NOMAD FOODS LIMITED,VG,ROAD TOWN,ACTIVE,Nomad Foods,Nomad Foods,1.0,exact name match after normalisation,yes,,,
5493000W4VDBER5YIZ12,CHR. HANSEN A/S,DK,Hørsholm,ACTIVE,Novonesis,Novonesis,1.0,exact name match after normalisation,yes,529900T6WNZXD2R3JW38,NOVOZYMES A/S,DK
549300MKPW8ZF3E8MW37,CHR. HANSEN HOLDING A/S,DK,Hørsholm,INACTIVE,Novonesis,Novonesis,1.0,exact name match after normalisation,not yet queried,,,
529900T6WNZXD2R3JW38,NOVOZYMES A/S,DK,Bagsvaerd,ACTIVE,Novonesis,Novonesis,1.0,exact name match after normalisation,yes,,,
335800QBUFSE5IR78A11,NOVOZYMES SOUTH ASIA PRIVATE LIMITED,IN,BANGALORE,ACTIVE,Novonesis,Novonesis,0.9,leading token matches group name,yes,,,
335800OCVC2EIYYUG596,NOVOZYMES SOUTH ASIA PRIVATE LIMITED EMPLOYEES PROVIDENT FUND TRUST,IN,BANGALORE,ACTIVE,Novonesis,Novonesis,0.9,leading token matches group name,yes,,,
9845009F9C91BE36FE85,NOVOZYMES SOUTH ASIA PRIVATE LIMITED EMPLOYEES SUPERANUATION FUND TRUST,IN,Bangalore,ACTIVE,Novonesis,Novonesis,0.9,leading token matches group name,yes,,,
529900633PLYWYXTGV29,Comercializadora Nutreco Chile Limitada,CL,Osorno,ACTIVE,Nutreco,Nutreco,0.7,group name appears in legal name,yes,7245009Q7DZLB3HX6E68,SHV Holdings N.V.,NL
984500C00UEA4K5E9F65,CÔNG TY TNHH NUTRECO INTERNATIONAL (VIỆT NAM),VN,Nguyễn Đình Chiểu,ACTIVE,Nutreco,Nutreco,0.7,group name appears in legal name,yes,,,
529900L4MJKH4KI17T71,NUTRECO ANIMAL NUTRITION IBERIA SA,ES,Tres Cantos,ACTIVE,Nutreco,Nutreco,0.9,leading token matches group name,yes,7245009Q7DZLB3HX6E68,SHV Holdings N.V.,NL
529900P78BT1RIIYWY69,NUTRECO CAPITAL,BE,Gent,INACTIVE,Nutreco,Nutreco,0.9,leading token matches group name,not yet queried,,,
529900C55LNRDWUDDL89,NUTRECO ESPAÑA SA,ES,Tres Cantos (Madrid),ACTIVE,Nutreco,Nutreco,1.0,exact name match after normalisation,yes,7245009Q7DZLB3HX6E68,SHV Holdings N.V.,NL
529900CT2U0O3ODE9P76,NUTRECO IBERIA SOCIEDAD LIMITADA,ES,Tres Cantos Madrid,ACTIVE,Nutreco,Nutreco,0.9,leading token matches group name,yes,7245009Q7DZLB3HX6E68,SHV Holdings N.V.,NL
529900S70JW88EK4LG03,NUTRECO LIMITED,GB,Ashbourne,ACTIVE,Nutreco,Nutreco,1.0,exact name match after normalisation,yes,,,
5299004DY73GLTL58I37,Nutreco Africa B.V.,NL,Boxmeer,ACTIVE,Nutreco,Nutreco,0.9,leading token matches group name,yes,7245009Q7DZLB3HX6E68,SHV Holdings N.V.,NL
529900RGIGVKNDIDM432,Nutreco Brasil B.V.,NL,Boxmeer,INACTIVE,Nutreco,Nutreco,0.9,leading token matches group name,not yet queried,,,
529900ME1R6D288YKM94,Nutreco Chile Holding B.V.,NL,Boxmeer,INACTIVE,Nutreco,Nutreco,0.9,leading token matches group name,not yet queried,,,
529900Z3R76429F2LL10,Nutreco Deutschland GmbH,DE,Burgheim,INACTIVE,Nutreco,Nutreco,1.0,exact name match after normalisation,not yet queried,,,
529900FYSZZF5ZL1ZK02,Nutreco IP Assets B.V.,NL,Boxmeer,ACTIVE,Nutreco,Nutreco,0.9,leading token matches group name,yes,,,
529900JDAR1XGJ3OQO98,Nutreco International B.V.,NL,Boxmeer,ACTIVE,Nutreco,Nutreco,1.0,exact name match after normalisation,yes,,,
529900PVBCM2SH8W6A30,Nutreco Investments B.V.,NL,Amersfoort,ACTIVE,Nutreco,Nutreco,0.9,leading token matches group name,yes,,,
5299000CMF80GY2U0U47,Nutreco N.V.,NL,Amersfoort,ACTIVE,Nutreco,Nutreco,1.0,exact name match after normalisation,yes,7245009Q7DZLB3HX6E68,SHV Holdings N.V.,NL
5299001JVUYB9N4RL162,Nutreco Nederland B.V.,NL,Boxmeer,ACTIVE,Nutreco,Nutreco,1.0,exact name match after normalisation,yes,,,
529900CK9MFKTUIRV133,Nutreco North America B.V.,NL,Boxmeer,INACTIVE,Nutreco,Nutreco,0.9,leading token matches group name,not yet queried,,,
529900OOY0FIHMM2QN80,Nutreco Procurement B.V.,NL,Boxmeer,ACTIVE,Nutreco,Nutreco,0.9,leading token matches group name,yes,,,
5299003DUI4ZDA0VT777,Oatly AB,SE,Malmö,ACTIVE,Oatly,Oatly,1.0,exact name match after normalisation,yes,894500CEIOQNBAH10Z10,Oatly Group AB,SE
894500CEIOQNBAH10Z10,Oatly Group AB,SE,Malmö,ACTIVE,Oatly,Oatly,1.0,exact name match after normalisation,yes,,,
549300PZS8G8RG6RVZ52,ORKLA ASA,NO,Oslo,ACTIVE,Orkla,Orkla,1.0,exact name match after normalisation,yes,,,
549300LZ4W59PU00H415,ORKLA CONFECTIONERY & SNACKS DANMARK A/S,DK,Søndersø,ACTIVE,Orkla,Orkla,0.9,leading token matches group name,yes,549300PZS8G8RG6RVZ52,ORKLA ASA,NO
529900NQ32W6QXO9X947,ORKLA FOOD INGREDIENTS AS,NO,Oslo,ACTIVE,Orkla,Orkla,1.0,exact name match after normalisation,yes,549300PZS8G8RG6RVZ52,ORKLA ASA,NO
529900W77KQGJB2X3298,ORKLA FOODS NORGE AS,NO,Oslo,ACTIVE,Orkla,Orkla,0.9,leading token matches group name,yes,549300PZS8G8RG6RVZ52,ORKLA ASA,NO
335800YYJ8YCYY4S6M02,ORKLA INDIA LIMITED,IN,BANGALORE,ACTIVE,Orkla,Orkla,0.9,leading token matches group name,yes,549300PZS8G8RG6RVZ52,ORKLA ASA,NO
529900YEYQ83250TF467,ORKLA SNACKS NORGE AS,NO,TRONDHEIM,ACTIVE,Orkla,Orkla,0.9,leading token matches group name,yes,549300PZS8G8RG6RVZ52,ORKLA ASA,NO
5967007LIEEXZX67KW92,ORKLA SPAREBANK,NO,ORKANGER,ACTIVE,Orkla,Orkla,0.9,leading token matches group name,yes,,,
529900XL3YP58513CY35,Orkla Asia Pacific Pte. Ltd.,SG,Singapore,ACTIVE,Orkla,Orkla,0.9,leading token matches group name,yes,,,
984500F2CCBATFAXNY63,Orkla Eesti AS,EE,Rae,ACTIVE,Orkla,Orkla,0.9,leading token matches group name,yes,549300PZS8G8RG6RVZ52,ORKLA ASA,NO
549300O5CWFXEF5W2844,Orkla Foods Danmark A/S,DK,Taastrup,ACTIVE,Orkla,Orkla,0.9,leading token matches group name,yes,,,
549300IW8QK3JYBWRH19,Orkla Foods Finland Oy,FI,Turku,ACTIVE,Orkla,Orkla,0.9,leading token matches group name,yes,549300PZS8G8RG6RVZ52,ORKLA ASA,NO
549300B460U1VFT2UI80,Orkla Foods Sverige AB,SE,MALMÖ,ACTIVE,Orkla,Orkla,0.9,leading token matches group name,yes,549300PZS8G8RG6RVZ52,ORKLA ASA,NO
549300NPZ6FVDK6TEC12,Orkla House Care Benelux,BE,Wommelgem,ACTIVE,Orkla,Orkla,0.9,leading token matches group name,yes,549300PZS8G8RG6RVZ52,ORKLA ASA,NO
549300XMIWPIIYR6ZG93,Orkla House Care Benelux B.V.,NL,Papendrecht,ACTIVE,Orkla,Orkla,0.9,leading token matches group name,yes,549300PZS8G8RG6RVZ52,ORKLA ASA,NO
635400OVHXTPSYJ3YJ20,Orkla Insurance Company Designated Activity Company,IE,Dublin,ACTIVE,Orkla,Orkla,0.9,leading token matches group name,yes,,,
549300E6N17FHLDCHP39,Orkla Snacks Sverige AB,SE,SOLNA,ACTIVE,Orkla,Orkla,0.9,leading token matches group name,yes,549300PZS8G8RG6RVZ52,ORKLA ASA,NO
549300Z2XNHDRV22HZ17,Orkla Stålkonsult AS,NO,Gjølme,ACTIVE,Orkla,Orkla,0.9,leading token matches group name,yes,,,
549300V81R77KKL35978,Orkla Suomi Finland Oy Ab,FI,Saltvik,ACTIVE,Orkla,Orkla,0.9,leading token matches group name,yes,549300PZS8G8RG6RVZ52,ORKLA ASA,NO
529900SJU0SHQH0W9J05,"UAB ""Orkla Foods Lietuva""",LT,Kaunas,ACTIVE,Orkla,Orkla,0.7,group name appears in legal name,yes,,,
5967007LIEEXZXAGCW39,VARIG ORKLA FORSIKRING GJENSIDIG,NO,ORKANGER,ACTIVE,Orkla,Orkla,0.7,group name appears in legal name,yes,,,
894500EFHRTK2TBRLH94,"CENTRO MEDITERRÁNEA DE BEBIDAS CARBÓNICAS PEPSICO, S.L.",ES,VITORIA-GASTEIZ,ACTIVE,PepsiCo,PepsiCo,0.7,group name appears in legal name,yes,,,
549300MC2LJ3E6NB2W67,"COMPAÑIA DE BEBIDAS PEPSICO, SL",ES,VITORIA-GASTEIZ,ACTIVE,PepsiCo,PepsiCo,0.7,group name appears in legal name,yes,FJSUNZKFNQ5YPJ5OT455,"PepsiCo, Inc.",US
9845001DE9M792FAC996,CÔNG TY TNHH NƯỚC GIẢI KHÁT SUNTORY PEPSICO VIỆT NAM,VN,Hồ Chí Minh,ACTIVE,PepsiCo,PepsiCo,0.7,group name appears in legal name,yes,,,
549300NF3HD6B2ZLSE30,PEPSICO ALIMENTOS COLOMBIA LTDA,CO,Bogota,ACTIVE,PepsiCo,PepsiCo,0.9,leading token matches group name,yes,FJSUNZKFNQ5YPJ5OT455,"PepsiCo, Inc.",US
549300O0XPWRQOOCCJ60,PEPSICO AUSTRALIA FINANCING PARTNER 1 LLC,US,WILMINGTON,ACTIVE,PepsiCo,PepsiCo,0.9,leading token matches group name,yes,FJSUNZKFNQ5YPJ5OT455,"PepsiCo, Inc.",US
549300MRAF0NCJ629A95,PEPSICO AUSTRALIA FINANCING PTY LTD,AU,Sydney,ACTIVE,PepsiCo,PepsiCo,0.9,leading token matches group name,yes,FJSUNZKFNQ5YPJ5OT455,"PepsiCo, Inc.",US
5493002KCTCP2Q6UGO97,PEPSICO BEVERAGES AUSTRALIA PTY LTD,SG,Centre Singapore,INACTIVE,PepsiCo,PepsiCo,0.9,leading token matches group name,not yet queried,,,
549300KPCHRBJ7RRP995,PEPSICO BEVERAGES ITALIA SOCIETA' A RESPONSABILITA' LIMITATA,IT,Milan,ACTIVE,PepsiCo,PepsiCo,0.9,leading token matches group name,yes,FJSUNZKFNQ5YPJ5OT455,"PepsiCo, Inc.",US
54930063BOX8N1KQTJ80,PEPSICO CANADA (HOLDINGS) ULC,CA,Vancouver,ACTIVE,PepsiCo,PepsiCo,0.9,leading token matches group name,yes,FJSUNZKFNQ5YPJ5OT455,"PepsiCo, Inc.",US
549300NJTG0JDUFR4468,PEPSICO CANADA ULC,CA,Vancouver,ACTIVE,PepsiCo,PepsiCo,0.9,leading token matches group name,yes,FJSUNZKFNQ5YPJ5OT455,"PepsiCo, Inc.",US
549300V2NSTINRULIS34,PEPSICO CONSULTING POLSKA SPÓŁKA Z OGRANICZONĄ ODPOWIEDZIALNOŚCIĄ,PL,WARSAW,ACTIVE,PepsiCo,PepsiCo,0.9,leading token matches group name,yes,,,
984500D899C841ADC669,PEPSICO DE ARGENTINA SOCIEDAD DE RESPONSABILIDAD LIMITADA,AR,MUNRO,ACTIVE,PepsiCo,PepsiCo,0.9,leading token matches group name,yes,FJSUNZKFNQ5YPJ5OT455,"PepsiCo, Inc.",US
5493002KN9HTGFC4IB18,PEPSICO FINANCE AMERICAS COMPANY,US,WILMINGTON,ACTIVE,PepsiCo,PepsiCo,0.9,leading token matches group name,yes,FJSUNZKFNQ5YPJ5OT455,"PepsiCo, Inc.",US
894500BSHQ0V7AQ8VP13,PEPSICO FOODS AIE,ES,VITORIA-GASTEIZ,ACTIVE,PepsiCo,PepsiCo,0.9,leading token matches group name,yes,,,
549300V4LN12XSLCJB38,PEPSICO FRANCE,FR,Paris,ACTIVE,PepsiCo,PepsiCo,1.0,exact name match after normalisation,yes,FJSUNZKFNQ5YPJ5OT455,"PepsiCo, Inc.",US
5493002BCKYSHIBLYW23,PEPSICO GLOBAL BUSINESS SERVICES INDIA LLP,IN,Hyderabad,ACTIVE,PepsiCo,PepsiCo,0.9,leading token matches group name,yes,FJSUNZKFNQ5YPJ5OT455,"PepsiCo, Inc.",US
2549002XU214QREIP986,PEPSICO GLOBAL FINANCING LLC,US,WILMINGTON,ACTIVE,PepsiCo,PepsiCo,0.9,leading token matches group name,yes,FJSUNZKFNQ5YPJ5OT455,"PepsiCo, Inc.",US
549300D5E18MJB93GS76,PEPSICO GROUP FINANCE INTERNATIONAL B.V.,NL,Utrecht,ACTIVE,PepsiCo,PepsiCo,0.9,leading token matches group name,yes,FJSUNZKFNQ5YPJ5OT455,"PepsiCo, Inc.",US
335800Q4A6WD93I46W21,PEPSICO INDIA HOLDINGS EMPLOYEES PROVIDENT FUND,IN,GURGAON,ACTIVE,PepsiCo,PepsiCo,0.9,leading token matches group name,yes,,,
335800YYID7I7J65ZT56,PEPSICO INDIA HOLDINGS PRIVATE LIMITED,IN,GURGAON,ACTIVE,PepsiCo,PepsiCo,0.9,leading token matches group name,yes,FJSUNZKFNQ5YPJ5OT455,"PepsiCo, Inc.",US
9845005E9CB46B591050,PEPSICO INDIA SALES PRIVATE LIMITED,IN,New Delhi,ACTIVE,PepsiCo,PepsiCo,0.9,leading token matches group name,yes,FJSUNZKFNQ5YPJ5OT455,"PepsiCo, Inc.",US
5493003E6IAA89SPRI80,PEPSICO IVI S.A.,GR,KROPIA,ACTIVE,PepsiCo,PepsiCo,0.9,leading token matches group name,yes,FJSUNZKFNQ5YPJ5OT455,"PepsiCo, Inc.",US
89450052GA5JM0XTAM91,"PEPSICO MANUFACTURING, A.I.E.",ES,Vitoria,ACTIVE,PepsiCo,PepsiCo,0.9,leading token matches group name,yes,,,
549300X0T62B72FU6Q21,"PEPSICO SALES, INC.",US,WILMINGTON,ACTIVE,PepsiCo,PepsiCo,0.9,leading token matches group name,yes,,,
254900DOMTCMUFROFJ76,PEPSICO SINGAPORE FINANCING I PTE. LTD.,SG,SINGAPORE,ACTIVE,PepsiCo,PepsiCo,0.9,leading token matches group name,yes,FJSUNZKFNQ5YPJ5OT455,"PepsiCo, Inc.",US
5493008SG7BK7DV2D774,PEPSICO TWIST B.V.,NL,UTRECHT,ACTIVE,PepsiCo,PepsiCo,0.9,leading token matches group name,yes,,,
213800BDG2JO3K4FG695,PEPSICO UK PENSION PLAN,GB,READING,ACTIVE,PepsiCo,PepsiCo,0.9,leading token matches group name,yes,,,
549300FW50E8YXSGGV91,PEPSICO UK PENSION PLAN TRUSTEE LIMITED,GB,READING,ACTIVE,PepsiCo,PepsiCo,0.9,leading token matches group name,yes,FJSUNZKFNQ5YPJ5OT455,"PepsiCo, Inc.",US
549300BRJEZJM54JPK61,PepsiCo Finance (Antilles B) N.V.,CW,Willemstad,ACTIVE,PepsiCo,PepsiCo,0.9,leading token matches group name,yes,,,
254900GT4KAQFWWWL290,PepsiCo Global Holdings Limited,BM,Hamilton,ACTIVE,PepsiCo,PepsiCo,1.0,exact name match after normalisation,yes,FJSUNZKFNQ5YPJ5OT455,"PepsiCo, Inc.",US
549300HBWL2D661DQ564,PepsiCo Light B.V.,NL,Utrecht,ACTIVE,PepsiCo,PepsiCo,0.9,leading token matches group name,yes,FJSUNZKFNQ5YPJ5OT455,"PepsiCo, Inc.",US
549300UNJAL97FQEVR27,PepsiCo Russia (Bermuda) Limited,BM,Hamilton,ACTIVE,PepsiCo,PepsiCo,0.9,leading token matches group name,yes,,,
FJSUNZKFNQ5YPJ5OT455,"PepsiCo, Inc.",US,Raleigh,ACTIVE,PepsiCo,PepsiCo,1.0,exact name match after normalisation,yes,,,
5493004NK1RPS7YYDD43,"PepsiCo, Inc. Defined Contribution Plans Master Trust",US,Raleigh,ACTIVE,PepsiCo,PepsiCo,0.9,leading token matches group name,yes,,,
5493001GVA5KLJIPIV98,"PepsiCo, Inc. Master Trust",US,Chicago,ACTIVE,PepsiCo,PepsiCo,0.9,leading token matches group name,yes,,,
8945001CCAVUL8IYDQ72,Pepsico Nederland B.V.,NL,Broek op Langedijk,ACTIVE,PepsiCo,PepsiCo,1.0,exact name match after normalisation,yes,,,
2138001AJZ6TWT8LYQ90,STICHTING HET NEDERLANDSE PENSIOENFONDS PENSIOENKRING PEPSICO,NL,BADHOEVEDORP,ACTIVE,PepsiCo,PepsiCo,0.7,group name appears in legal name,yes,,,
724500HUBL87XBD1UZ37,Stichting Pensioenfonds PepsiCo Nederland,NL,Utrecht,INACTIVE,PepsiCo,PepsiCo,0.7,group name appears in legal name,not yet queried,,,
5493001MIPG6OMEIN063,The PepsiCo Ireland Pension Plan,IE,Co. Cork,ACTIVE,PepsiCo,PepsiCo,0.7,group name appears in legal name,yes,,,
635400A9YHJNONYZHF25,The PepsiCo Share Ownership Scheme,IE,Dublin,ACTIVE,PepsiCo,PepsiCo,0.7,group name appears in legal name,yes,,,
894500TMPWNMS50K2248,The Pepsico Ireland Defined Contribution Pension Plan,IE,Co. Cork,ACTIVE,PepsiCo,PepsiCo,0.7,group name appears in legal name,yes,,,
7245004SAN6WLSKVY622,Protix B.V.,NL,Dongen,ACTIVE,Protix,Protix,1.0,exact name match after normalisation,yes,,,
9695005X9AHX2URHM598,ASS IMMOB ROQUETTE,FR,PARIS,ACTIVE,Roquette,Roquette,0.7,group name appears in legal name,yes,,,
969500SL6VMM9RBWK307,CABINET ROQUETTE,FR,SAINT-REMY-DE-PROVENCE,INACTIVE,Roquette,Roquette,0.7,group name appears in legal name,not yet queried,,,
969500IR1HVOFV6OP894,EARL ROQUETTE,FR,LONGVILLIERS,INACTIVE,Roquette,Roquette,0.7,group name appears in legal name,not yet queried,,,
969500QXTRWUTWS5RX89,R.M ROQUETTE,FR,PARIS,ACTIVE,Roquette,Roquette,1.0,exact name match after normalisation,yes,,,
254900GBVSIF61MSAO41,ROQUETTE ASIA PACIFIC PTE. LTD.,SG,SINGAPORE,ACTIVE,Roquette,Roquette,0.9,leading token matches group name,yes,969500FO141C5967KC72,ROQUETTE FRERES,FR
969500FO141C5967KC72,ROQUETTE FRERES,FR,LESTREM,ACTIVE,Roquette,Roquette,0.9,leading token matches group name,yes,,,
335800EZDZT1R9AXRZ51,ROQUETTE INDIA PRIVATE LIMITED,IN,Mumbai,ACTIVE,Roquette,Roquette,0.9,leading token matches group name,yes,,,
81560058C3E16A646610,ROQUETTE ITALIA S.P.A.,IT,CASSANO SPINOLA,ACTIVE,Roquette,Roquette,1.0,exact name match after normalisation,yes,969500FO141C5967KC72,ROQUETTE FRERES,FR
54930072PP7R2H6E0D79,ROQUETTE ITALIA S.P.A.,IT,CASSANO SPINOLA,NULL,Roquette,Roquette,1.0,exact name match after normalisation,not yet queried,,,
549300ZVB849QUT8PJ03,ROQUETTE LAISA ESPAÑA SA,ES,Benifaió,ACTIVE,Roquette,Roquette,0.9,leading token matches group name,yes,969500FO141C5967KC72,ROQUETTE FRERES,FR
969500Q1TWPILFZLK868,ROQUETTE PRUDENT,FR,PARIS,ACTIVE,Roquette,Roquette,0.9,leading token matches group name,yes,,,
969500OWK5FC8IM8XS89,ROQUETTE QUENTIN,FR,WASQUEHAL,ACTIVE,Roquette,Roquette,0.9,leading token matches group name,yes,,,
222100G0VC055SD8KM98,ROQUETTE RE S.A.,LU,Howald,ACTIVE,Roquette,Roquette,0.9,leading token matches group name,yes,,,
213800P7G24NL95XHF52,ROQUETTE UK LIMITED,GB,CORBY,ACTIVE,Roquette,Roquette,1.0,exact name match after normalisation,yes,,,
549300IN3G4FX7HVJL23,"Roquette America, Inc.",US,DOVER,ACTIVE,Roquette,Roquette,0.9,leading token matches group name,yes,,,
213800M1FYM9L7BG8944,"Roquette Amilina, UAB",LT,Panevezys,ACTIVE,Roquette,Roquette,0.9,leading token matches group name,yes,969500FO141C5967KC72,ROQUETTE FRERES,FR
529900MNW6IC8HYO8D92,Roquette CH SA,CH,Vernier,ACTIVE,Roquette,Roquette,0.9,leading token matches group name,yes,,,
254900KPE2VI230N5209,Roquette Singapore Pte. Ltd.,SG,Singapore,ACTIVE,Roquette,Roquette,0.9,leading token matches group name,yes,969500FO141C5967KC72,ROQUETTE FRERES,FR
969500TSUTY6BI477673,SCI 8-10 PL BASTILLE-3 RUE LA ROQUETTE,FR,PARIS,ACTIVE,Roquette,Roquette,0.7,group name appears in legal name,yes,,,
969500ZSVJHVVP1M9I52,SCI LA ROQUETTE,FR,PARIS,ACTIVE,Roquette,Roquette,0.7,group name appears in legal name,yes,,,
969500WI7ZNM23XIHG71,SETHNESS-ROQUETTE,FR,MERVILLE,ACTIVE,Roquette,Roquette,0.7,group name appears in legal name,yes,,,
6488QS3F43QE3H474K49,SETHNESS-ROQUETTE INDIA PRIVATE LIMITED,IN,Ahmedabad,ACTIVE,Roquette,Roquette,0.7,group name appears in legal name,yes,,,
969500EMU8OGP6RORO37,SNC 38/40 ROQUETTE,FR,PARIS,ACTIVE,Roquette,Roquette,0.7,group name appears in legal name,yes,,,
9845005C781B7G9MK449,Til Roquette m+a expert GmbH,DE,Hamburg,ACTIVE,Roquette,Roquette,0.7,group name appears in legal name,yes,,,
549300O5DX0RE12DSU34,SIG COMBIBLOC DO BRASIL LTDA,BR,SAO PAULO,ACTIVE,SIG Group,,1.0,"reports SIG GROUP AG as ultimate parent, which belongs to this group",yes,5493004Z6P7TSVB1L042,SIG GROUP AG,CH
5493002PI5USLMOKBG91,SIG COMBIBLOC FZCO,AE,DUBAI,ACTIVE,SIG Group,,1.0,"reports SIG GROUP AG as ultimate parent, which belongs to this group",yes,5493004Z6P7TSVB1L042,SIG GROUP AG,CH
54930062HVE7OZRLW291,SIG COMBIBLOC GMBH,DE,LINNICH,ACTIVE,SIG Group,SIG Group,1.0,exact name match after normalisation,yes,5493004Z6P7TSVB1L042,SIG GROUP AG,CH
5493006HDBN3SFY48814,SIG COMBIBLOC GMBH & CO KG,AT,SAALFELDEN,INACTIVE,SIG Group,SIG Group,1.0,exact name match after normalisation,not yet queried,,,
636700CY8V0ZCZQ4FX98,SIG COMBIBLOC SINGAPORE PRIVATE LIMITED,SG,SINGAPORE,ACTIVE,SIG Group,,1.0,"reports SIG GROUP AG as ultimate parent, which belongs to this group",yes,5493004Z6P7TSVB1L042,SIG GROUP AG,CH
5493004W529BHNSNY347,SIG COMBIBLOC SYSTEMS GMBH,DE,LINNICH,ACTIVE,SIG Group,,1.0,"reports SIG GROUP AG as ultimate parent, which belongs to this group",yes,5493004Z6P7TSVB1L042,SIG GROUP AG,CH
549300JDAGS672R1NI37,SIG COMBIBLOC US ACQUISITION II INC.,US,WILMINGTON,ACTIVE,SIG Group,,1.0,"reports SIG GROUP AG as ultimate parent, which belongs to this group",yes,5493004Z6P7TSVB1L042,SIG GROUP AG,CH
549300BLBW5TOWF2GP49,SIG Combibloc Holdings S.C.A.,LU,Munsbach,ACTIVE,SIG Group,SIG Group,1.0,exact name match after normalisation,yes,,,
549300Q95MWZB4BXB866,SIG Combibloc PurchaseCo S.à r.l.,LU,Munsbach,ACTIVE,SIG Group,,1.0,"reports SIG GROUP AG as ultimate parent, which belongs to this group",yes,5493004Z6P7TSVB1L042,SIG GROUP AG,CH
5493004Z6P7TSVB1L042,SIG GROUP AG,CH,Neuhausen am Rheinfall,ACTIVE,SIG Group,SIG Group,1.0,exact name match after normalisation,yes,,,
549300D51TGFK5U3XU07,"SIG Group, LLC",US,Port St. Lucie,ACTIVE,SIG Group,SIG Group,1.0,exact name match after normalisation,yes,,,
969500QKJ4AUXEHWME02,FCPE SAVENCIA S.A.,FR,PARIS,ACTIVE,Savencia,Savencia,0.7,group name appears in legal name,yes,,,
549300DARV77GJSUE807,SAVENCIA CHEESE USA LLC,US,WILMINGTON,ACTIVE,Savencia,Savencia,0.9,leading token matches group name,yes,,,
52990097D568W8AIYZ83,SAVENCIA FROMAGE & DAIRY EUROPE,FR,VIROFLAY,ACTIVE,Savencia,Savencia,0.9,leading token matches group name,yes,5299006UH636V4UOZS07,SAVENCIA SA,FR
335800ZPH8VVCKLM1A19,SAVENCIA FROMAGE & DAIRY INDIA PRIVATE LIMITED,IN,NEW DELHI,ACTIVE,Savencia,Savencia,0.9,leading token matches group name,yes,,,
52990048H5CO4CL78I28,SAVENCIA FROMAGE & DAIRY INTERNATIONAL,FR,Viroflay,ACTIVE,Savencia,Savencia,0.9,leading token matches group name,yes,5299006UH636V4UOZS07,SAVENCIA SA,FR
529900BBW0Y19D4KK956,SAVENCIA FROMAGE & DAIRY NORDICS ApS,DK,KØBENHAVN,ACTIVE,Savencia,Savencia,0.9,leading token matches group name,yes,5299006UH636V4UOZS07,SAVENCIA SA,FR
5299007M38IPJ7ESC448,SAVENCIA FROMAGE & DAIRY UK LTD,GB,Wiltshire,ACTIVE,Savencia,Savencia,0.9,leading token matches group name,yes,5299006UH636V4UOZS07,SAVENCIA SA,FR
2138006KKAGEFBUSDM30,SAVENCIA FROMAGE & DAIRY UK LTD RETIREMENT AND DEATH BENEFITS SCHEME,GB,SALISBURY,ACTIVE,Savencia,Savencia,0.9,leading token matches group name,yes,5299006UH636V4UOZS07,SAVENCIA SA,FR
52990098RX55U2BG0V44,SAVENCIA HOLDING,FR,Paris,ACTIVE,Savencia,Savencia,1.0,exact name match after normalisation,yes,,,
529900VDMBJWN1BDG878,SAVENCIA PRODUITS LAITIERS INTERNATIONAL,FR,VIROFLAY,ACTIVE,Savencia,Savencia,0.9,leading token matches group name,yes,5299006UH636V4UOZS07,SAVENCIA SA,FR
5299006UH636V4UOZS07,SAVENCIA SA,FR,VIROFLAY,ACTIVE,Savencia,Savencia,1.0,exact name match after normalisation,yes,,,
5299007L60BH21AZRU97,SAVENCIA SERVICES EUROPE a.s.,CZ,Praha 4,ACTIVE,Savencia,Savencia,0.9,leading token matches group name,yes,5299006UH636V4UOZS07,SAVENCIA SA,FR
529900ZYJF0YRZW8NR68,"Savencia Fromage & Dairy Czech Republic, a.s.",CZ,Praha 4,ACTIVE,Savencia,Savencia,0.9,leading token matches group name,yes,5299006UH636V4UOZS07,SAVENCIA SA,FR
529900GAI04CG5YXFI54,Savencia Fromage & Dairy Deutschland GmbH,DE,Wiesbaden,ACTIVE,Savencia,Savencia,0.9,leading token matches group name,yes,5299006UH636V4UOZS07,SAVENCIA SA,FR
5299002XXMWWTVLLDR02,Savencia Fromage & Dairy Hong Kong Limited,HK,Hong Kong,ACTIVE,Savencia,Savencia,0.9,leading token matches group name,yes,5299006UH636V4UOZS07,SAVENCIA SA,FR
529900LUVII6873J9C39,Savencia Fromage & Dairy Hungary Zártkörűen Működő Részvénytársaság,HU,Zalaegerszeg,ACTIVE,Savencia,Savencia,0.9,leading token matches group name,yes,,,
529900SUCZ1YFVWNRY02,Savencia Fromage & Dairy Suisse SA,CH,Cressier FR,ACTIVE,Savencia,Savencia,0.9,leading token matches group name,yes,5299006UH636V4UOZS07,SAVENCIA SA,FR
5299006K08EHFP20YA89,"ZO NOS PPP Savencia Fromage & Dairy Czech Republic, a.s.",CZ,Sedlčany,INACTIVE,Savencia,Savencia,0.7,group name appears in legal name,not yet queried,,,
259400997OSADTKYTP61,SÜDZUCKER POLSKA SPÓŁKA AKCYJNA,PL,Wrocław,ACTIVE,Sudzucker,Sudzucker,0.9,leading token matches group name,yes,529900S8QNB101D40S72,Südzucker AG,DE
529900S8QNB101D40S72,Südzucker AG,DE,Mannheim,ACTIVE,Sudzucker,Sudzucker,1.0,exact name match after normalisation,yes,,,
529900TDSMOLY2A2A829,Südzucker BKK,DE,Mannheim,ACTIVE,Sudzucker,Sudzucker,0.9,leading token matches group name,yes,,,
5299003PSNDXOTOKUC97,Südzucker Holding GmbH,DE,Mannheim,ACTIVE,Sudzucker,Sudzucker,1.0,exact name match after normalisation,yes,529900S8QNB101D40S72,Südzucker AG,DE
724500M1VGG79HOVI026,Südzucker International Finance B.V.,NL,Oud-Beijerland,ACTIVE,Sudzucker,Sudzucker,0.9,leading token matches group name,yes,529900S8QNB101D40S72,Südzucker AG,DE
391200DU590A8LSDPZ55,"Südzucker Re, S.A.",LU,Luxembourg,ACTIVE,Sudzucker,Sudzucker,0.9,leading token matches group name,yes,529900S8QNB101D40S72,Südzucker AG,DE
5299004JK2ROXX00UZ08,sudzucker AG,BE,Tienen,ACTIVE,Sudzucker,Sudzucker,1.0,exact name match after normalisation,yes,,,
529900HXHVLMLM18ZH30,SYMRISE ASIA PACIFIC PTE. LTD.,SG,Singapore,ACTIVE,Symrise,Symrise,0.9,leading token matches group name,yes,529900D82I6R9601CF26,Symrise AG,DE
549300FTXFX0ZZGWN341,"SYMRISE GRANADA, S.A.U.",ES,Armilla,ACTIVE,Symrise,Symrise,0.9,leading token matches group name,yes,,,
529900OBV59P38M6JQ67,SYMRISE GROUP FINANCE AND IP-HOLDING,BE,Brussel,ACTIVE,Symrise,Symrise,0.9,leading token matches group name,yes,529900D82I6R9601CF26,Symrise AG,DE
335800MDZJET9HJMW767,SYMRISE PRIVATE LIMITED,IN,CHENNAI,ACTIVE,Symrise,Symrise,0.9,leading token matches group name,yes,529900D82I6R9601CF26,Symrise AG,DE
529900D82I6R9601CF26,Symrise AG,DE,Holzminden,ACTIVE,Symrise,Symrise,1.0,exact name match after normalisation,yes,,,
529900KJLUE16L7U1450,Symrise Financial Services GmbH,DE,Holzminden,ACTIVE,Symrise,Symrise,0.9,leading token matches group name,yes,,,
5299003M97F9VOWWSC81,Symrise Holding Pte. Limited,SG,Singapur,ACTIVE,Symrise,Symrise,1.0,exact name match after normalisation,yes,529900D82I6R9601CF26,Symrise AG,DE
5299002ZB3EAYCGIN862,Symrise Pty Ltd,AU,Sydney,ACTIVE,Symrise,Symrise,1.0,exact name match after normalisation,yes,529900D82I6R9601CF26,Symrise AG,DE
5299008WCKEJYFJDRB47,Symrise S. de R.L. de C.V,MX,"San Nicolas de los Garza, Mexico",ACTIVE,Symrise,Symrise,0.9,leading token matches group name,yes,529900D82I6R9601CF26,Symrise AG,DE
529900IMD72KZ8FTH170,Symrise Vertriebs GmbH,AT,Wien,ACTIVE,Symrise,Symrise,0.9,leading token matches group name,yes,529900D82I6R9601CF26,Symrise AG,DE
213800TAOFSJTYU2TB69,"TATE & LYLE BOLERAZ, S.R.O.",SK,BOLERAZ,ACTIVE,Tate & Lyle,,1.0,"reports TATE & LYLE PUBLIC LIMITED COMPANY as ultimate parent, which belongs to this group",yes,2138008K14474WPKZ244,TATE & LYLE PUBLIC LIMITED COMPANY,GB
213800GLLARNVS4EY374,TATE & LYLE GLOBAL SHARED SERVICES SPÓŁKA Z OGRANICZONĄ ODPOWIEDZIALNOŚCIĄ,PL,LODZ,ACTIVE,Tate & Lyle,,1.0,"reports TATE & LYLE PUBLIC LIMITED COMPANY as ultimate parent, which belongs to this group",yes,2138008K14474WPKZ244,TATE & LYLE PUBLIC LIMITED COMPANY,GB
213800NWBCF94JSGF122,TATE & LYLE INGREDIENTS FRANCE,FR,PARIS,ACTIVE,Tate & Lyle,Tate & Lyle,1.0,exact name match after normalisation,yes,2138008K14474WPKZ244,TATE & LYLE PUBLIC LIMITED COMPANY,GB
21380093ENU434QE8D04,TATE & LYLE INSURANCE (GIBRALTAR) LIMITED,GI,GIBRALTAR,ACTIVE,Tate & Lyle,,1.0,"reports TATE & LYLE PUBLIC LIMITED COMPANY as ultimate parent, which belongs to this group",yes,2138008K14474WPKZ244,TATE & LYLE PUBLIC LIMITED COMPANY,GB
8WPYYMBQVCE82VPJZ873,TATE & LYLE INTERNATIONAL FINANCE PLC,GB,LONDON,ACTIVE,Tate & Lyle,,1.0,"reports TATE & LYLE PUBLIC LIMITED COMPANY as ultimate parent, which belongs to this group",yes,2138008K14474WPKZ244,TATE & LYLE PUBLIC LIMITED COMPANY,GB
2138004ZGLR437RQAS16,TATE & LYLE INVESTMENTS LIMITED,GB,LONDON,ACTIVE,Tate & Lyle,,1.0,"reports TATE & LYLE PUBLIC LIMITED COMPANY as ultimate parent, which belongs to this group",yes,2138008K14474WPKZ244,TATE & LYLE PUBLIC LIMITED COMPANY,GB
213800NELMP723SCJ297,TATE & LYLE ITALIA S.P.A.,IT,MILANO,ACTIVE,Tate & Lyle,Tate & Lyle,1.0,exact name match after normalisation,yes,2138008K14474WPKZ244,TATE & LYLE PUBLIC LIMITED COMPANY,GB
4469000001DL5CJ97V95,TATE & LYLE MEXICO S DE RL DE CV,MX,Ciudad de México,ACTIVE,Tate & Lyle,,1.0,"reports TATE & LYLE PUBLIC LIMITED COMPANY as ultimate parent, which belongs to this group",yes,2138008K14474WPKZ244,TATE & LYLE PUBLIC LIMITED COMPANY,GB
2138004I3U79ALS1PX42,TATE & LYLE MOLD UK LIMITED,GB,LONDON,ACTIVE,Tate & Lyle,,1.0,"reports TATE & LYLE PUBLIC LIMITED COMPANY as ultimate parent, which belongs to this group",yes,2138008K14474WPKZ244,TATE & LYLE PUBLIC LIMITED COMPANY,GB
213800XT4QW8775YFZ76,TATE & LYLE NETHERLANDS B.V.,NL,KOOG AAN DE ZAAN,ACTIVE,Tate & Lyle,,1.0,"reports TATE & LYLE PUBLIC LIMITED COMPANY as ultimate parent, which belongs to this group",yes,2138008K14474WPKZ244,TATE & LYLE PUBLIC LIMITED COMPANY,GB
2138001YUPLJJ2QK8T58,TATE & LYLE POLAND SPÓŁKA Z OGRANICZONĄ ODPOWIEDZIALNOŚCIĄ,PL,LÓDZ,ACTIVE,Tate & Lyle,,1.0,"reports TATE & LYLE PUBLIC LIMITED COMPANY as ultimate parent, which belongs to this group",yes,2138008K14474WPKZ244,TATE & LYLE PUBLIC LIMITED COMPANY,GB
213800OG3CUBQFU16I12,"TATE & LYLE SLOVAKIA, S.R.O.",SK,BOLERÁZ,ACTIVE,Tate & Lyle,,1.0,"reports TATE & LYLE PUBLIC LIMITED COMPANY as ultimate parent, which belongs to this group",yes,2138008K14474WPKZ244,TATE & LYLE PUBLIC LIMITED COMPANY,GB
213800IW4O19K4YZYR19,TATE & LYLE SWEDEN AB,SE,STOCKHOLM,ACTIVE,Tate & Lyle,,1.0,"reports TATE & LYLE PUBLIC LIMITED COMPANY as ultimate parent, which belongs to this group",yes,2138008K14474WPKZ244,TATE & LYLE PUBLIC LIMITED COMPANY,GB
213800INHCVZA5KSHM46,TATE & LYLE VENTURES LIMITED,GB,LONDON,ACTIVE,Tate & Lyle,,1.0,"reports TATE & LYLE PUBLIC LIMITED COMPANY as ultimate parent, which belongs to this group",yes,2138008K14474WPKZ244,TATE & LYLE PUBLIC LIMITED COMPANY,GB
5493001GLYKHR2YRW819,Tate & Lyle Americas LLC,US,Wilmington,ACTIVE,Tate & Lyle,,1.0,"reports TATE & LYLE PUBLIC LIMITED COMPANY as ultimate parent, which belongs to this group",yes,2138008K14474WPKZ244,TATE & LYLE PUBLIC LIMITED COMPANY,GB
549300IHJTKM8KH0DR06,PT TEREOS FKS INDONESIA,ID,JAKARTA,ACTIVE,Tereos,Tereos,0.7,group name appears in legal name,yes,,,
9695006DTI17C4AP5761,TEREOS,FR,ORIGNY-SAINTE-BENOITE,INACTIVE,Tereos,Tereos,1.0,exact name match after normalisation,not yet queried,,,
969500K61CRATF52DE96,TEREOS AGRO-INDUSTRIE,FR,MOUSSY-LE-VIEUX,INACTIVE,Tereos,Tereos,0.9,leading token matches group name,not yet queried,,,
969500HU8KQ25LBOSS31,TEREOS ALCOOLS,FR,ORIGNY-SAINTE-BENOITE,INACTIVE,Tereos,Tereos,0.9,leading token matches group name,not yet queried,,,
54930023RKP2IBW2X268,TEREOS ASIA INVESTMENT,BE,AALST,INACTIVE,Tereos,Tereos,0.9,leading token matches group name,not yet queried,,,
529900CWQK8CJ4OXVR19,TEREOS AÇÚCAR E ENERGIA BRASIL S.A.,BR,OLIMPIA,ACTIVE,Tereos,Tereos,0.9,leading token matches group name,yes,,,
969500Y6N46IKQ4KUL60,TEREOS CAPDESHY,FR,MOUSSY-LE-VIEUX,ACTIVE,Tereos,Tereos,0.9,leading token matches group name,yes,9695003FV2AYJQ4ETG94,TEREOS SCA,FR
969500ZNR90Z2JMBJ279,TEREOS COMMODITIES FRANCE,FR,MOUSSY-LE-VIEUX,ACTIVE,Tereos,Tereos,0.9,leading token matches group name,yes,9695003FV2AYJQ4ETG94,TEREOS SCA,FR
549300DV4FBWZ0FHSC17,TEREOS COMMODITIES SUISSE SA,CH,GENEVA,ACTIVE,Tereos,Tereos,0.9,leading token matches group name,yes,9695003FV2AYJQ4ETG94,TEREOS SCA,FR
9695000PBVLQKNFDC292,TEREOS COOPERATION,FR,ORIGNY-SAINTE-BENOITE,INACTIVE,Tereos,Tereos,0.9,leading token matches group name,not yet queried,,,
549300DYE36UHV5PS440,TEREOS EU SA/NV,BE,AALST,INACTIVE,Tereos,Tereos,0.9,leading token matches group name,not yet queried,,,
969500183Z46A3QF8W69,TEREOS FINANCE GROUPE I,FR,MOUSSY-LE-VIEUX,ACTIVE,Tereos,Tereos,0.9,leading token matches group name,yes,9695003FV2AYJQ4ETG94,TEREOS SCA,FR
9695001TOKJL3RPNRG21,TEREOS FRANCE,FR,MOUSSY-LE-VIEUX,ACTIVE,Tereos,Tereos,1.0,exact name match after normalisation,yes,9695003FV2AYJQ4ETG94,TEREOS SCA,FR
969500B1MAB4C1NLSH61,TEREOS FRANCE OBLIGATIONS,FR,PARIS,ACTIVE,Tereos,Tereos,0.9,leading token matches group name,yes,,,
969500PY5PSTARGBYF39,TEREOS GRAIN ALCOHOLS FRANCE,FR,MESNIL-SAINT-NICAISE,INACTIVE,Tereos,Tereos,0.9,leading token matches group name,not yet queried,,,
222100VZDBRDCE9IXK79,TEREOS Luxembourg,LU,Luxembourg,ACTIVE,Tereos,Tereos,0.9,leading token matches group name,yes,,,
969500B2W9LQZZBUAV08,TEREOS OCEAN INDIEN,FR,SAINTE-SUZANNE,ACTIVE,Tereos,Tereos,0.9,leading token matches group name,yes,9695003FV2AYJQ4ETG94,TEREOS SCA,FR
969500IE65TIK9CP9J52,TEREOS PARTICIPATIONS,FR,MOUSSY-LE-VIEUX,ACTIVE,Tereos,Tereos,0.9,leading token matches group name,yes,9695003FV2AYJQ4ETG94,TEREOS SCA,FR
549300X1S320QF5YGM30,TEREOS ROMÂNIA S.A.,RO,LUDUș,ACTIVE,Tereos,Tereos,0.9,leading token matches group name,yes,9695003FV2AYJQ4ETG94,TEREOS SCA,FR
9695003FV2AYJQ4ETG94,TEREOS SCA,FR,MOUSSY-LE-VIEUX,ACTIVE,Tereos,Tereos,1.0,exact name match after normalisation,yes,,,
549300XYFWQBSZI7B005,TEREOS STARCH & SWEETENERS BELGIUM,BE,AALST,ACTIVE,Tereos,Tereos,0.9,leading token matches group name,yes,9695003FV2AYJQ4ETG94,TEREOS SCA,FR
969500C1PVADDRLWZ651,TEREOS STARCH & SWEETENERS EUROPE,FR,MARCKOLSHEIM,ACTIVE,Tereos,Tereos,0.9,leading token matches group name,yes,9695003FV2AYJQ4ETG94,TEREOS SCA,FR
5493003VMOH72I7N6H82,TEREOS STARCH & SWEETENERS IBERIA SA,ES,ZARAGOZA,ACTIVE,Tereos,Tereos,0.9,leading token matches group name,yes,9695003FV2AYJQ4ETG94,TEREOS SCA,FR
969500WVIYFKQ7CLL806,TEREOS STARCH & SWEETENERS LBN,FR,LILLEBONNE,ACTIVE,Tereos,Tereos,0.9,leading token matches group name,yes,9695003FV2AYJQ4ETG94,TEREOS SCA,FR
969500LVR4HMPGSCPY21,TEREOS STARCH ET SWEETENERS DVO,FR,MOUSSY-LE-VIEUX,INACTIVE,Tereos,Tereos,0.9,leading token matches group name,not yet queried,,,
969500UG0O7GHVVL1G90,TEREOS SUCRES,FR,ORIGNY-SAINTE-BENOITE,INACTIVE,Tereos,Tereos,0.9,leading token matches group name,not yet queried,,,
549300AXTM4J4IKEPO80,TEREOS UK & IRELAND LTD,GB,London,ACTIVE,Tereos,Tereos,0.9,leading token matches group name,yes,,,
31570010000000063630,"Tereos TTD, a.s.",CZ,Dobrovice,ACTIVE,Tereos,Tereos,0.9,leading token matches group name,yes,,,
549300V7EG9ZK2ZVFH31,Aktiebolaget Tetra Pak,SE,Lund,ACTIVE,Tetra Pak,,1.0,"reports TETRA LAVAL INTERNATIONAL SA as ultimate parent, which belongs to this group",yes,549300ME08GPUUSZFX90,TETRA LAVAL INTERNATIONAL SA,CH
5493007CQHAT3W7LP680,"SABIEDRIBA AR IEROBEZOTU ATBILDIBU ""TETRA PAK""",LV,RIGA,ACTIVE,Tetra Pak,,1.0,"reports TETRA LAVAL INTERNATIONAL SA as ultimate parent, which belongs to this group",yes,549300ME08GPUUSZFX90,TETRA LAVAL INTERNATIONAL SA,CH
549300Y3TPJL299Q4231,TETRA PAK (IRELAND) LIMITED,IE,DUBLIN,ACTIVE,Tetra Pak,,1.0,"reports TETRA LAVAL INTERNATIONAL SA as ultimate parent, which belongs to this group",yes,549300ME08GPUUSZFX90,TETRA LAVAL INTERNATIONAL SA,CH
984500C1B8E92AB72A65,TETRA PAK BELGIUM,BE,Dilbeek,ACTIVE,Tetra Pak,Tetra Pak,1.0,exact name match after normalisation,yes,549300ME08GPUUSZFX90,TETRA LAVAL INTERNATIONAL SA,CH
5493007JCWDT276FXQ26,TETRA PAK CESKA REPUBLIKA S.R.O.,CZ,PRAGUE,ACTIVE,Tetra Pak,,1.0,"reports TETRA LAVAL INTERNATIONAL SA as ultimate parent, which belongs to this group",yes,549300ME08GPUUSZFX90,TETRA LAVAL INTERNATIONAL SA,CH
5493006TN04RV4OPCC45,TETRA PAK CHEESE AND POWDER SYSTEMS B.V.,NL,HEERENVEEN,ACTIVE,Tetra Pak,,1.0,"reports TETRA LAVAL INTERNATIONAL SA as ultimate parent, which belongs to this group",yes,549300ME08GPUUSZFX90,TETRA LAVAL INTERNATIONAL SA,CH
549300JDAU3Z7O8A7O05,TETRA PAK CSOMAGOLÓANYAG GYÁRTÓ ZRT.,HU,BUDAÖRS,ACTIVE,Tetra Pak,,1.0,"reports TETRA LAVAL INTERNATIONAL SA as ultimate parent, which belongs to this group",yes,549300ME08GPUUSZFX90,TETRA LAVAL INTERNATIONAL SA,CH
549300Q4XS5GYSVH3581,TETRA PAK DANMARK A/S,DK,Højbjerg,ACTIVE,Tetra Pak,,1.0,"reports TETRA LAVAL INTERNATIONAL SA as ultimate parent, which belongs to this group",yes,549300ME08GPUUSZFX90,TETRA LAVAL INTERNATIONAL SA,CH
549300OTNZ1NX1HHVK37,TETRA PAK FOOD ENGINEERING S.P.A.,IT,MONZA,ACTIVE,Tetra Pak,,1.0,"reports TETRA LAVAL INTERNATIONAL SA as ultimate parent, which belongs to this group",yes,549300ME08GPUUSZFX90,TETRA LAVAL INTERNATIONAL SA,CH
549300TCP5IQMHGRTR97,TETRA PAK HISPANIA SA,ES,MADRID,ACTIVE,Tetra Pak,,1.0,"reports TETRA LAVAL INTERNATIONAL SA as ultimate parent, which belongs to this group",yes,549300ME08GPUUSZFX90,TETRA LAVAL INTERNATIONAL SA,CH
5493006DX8UYK3A8LZ20,TETRA PAK HUNGÁRIA KERESKEDELMI ZÁRTKÖRŰ RÉSZVÉNYTÁRSASÁG,HU,BUDAÖRS,ACTIVE,Tetra Pak,,1.0,"reports TETRA LAVAL INTERNATIONAL SA as ultimate parent, which belongs to this group",yes,549300ME08GPUUSZFX90,TETRA LAVAL INTERNATIONAL SA,CH
5493009S3QNCIJJ2FU37,TETRA PAK LIMITED,GB,LONDON,ACTIVE,Tetra Pak,Tetra Pak,1.0,exact name match after normalisation,yes,549300ME08GPUUSZFX90,TETRA LAVAL INTERNATIONAL SA,CH
5493002F62HWW8VCWD73,TETRA PAK NORGE AS,NO,Lysaker,ACTIVE,Tetra Pak,,1.0,"reports TETRA LAVAL INTERNATIONAL SA as ultimate parent, which belongs to this group",yes,549300ME08GPUUSZFX90,TETRA LAVAL INTERNATIONAL SA,CH
549300XYA662G7QSBS29,"TETRA PAK PORTUGAL - SISTEMAS DE EMBALAGEM E TRATAMENTO PARA ALIMENTOS, UNIPESSOAL, LIMITADA",PT,LISBON,ACTIVE,Tetra Pak,,1.0,"reports TETRA LAVAL INTERNATIONAL SA as ultimate parent, which belongs to this group",yes,549300ME08GPUUSZFX90,TETRA LAVAL INTERNATIONAL SA,CH
5493000NVJYY0LBBTB61,TETRA PAK PROCESSING EQUIPMENT SAS,FR,LE MAY-SUR-EVRE,ACTIVE,Tetra Pak,,1.0,"reports TETRA LAVAL INTERNATIONAL SA as ultimate parent, which belongs to this group",yes,549300ME08GPUUSZFX90,TETRA LAVAL INTERNATIONAL SA,CH
549300NZHX2QBYUM0M51,TETRA PAK PROCESSING GMBH,DE,REINBEK,ACTIVE,Tetra Pak,,1.0,"reports TETRA LAVAL INTERNATIONAL SA as ultimate parent, which belongs to this group",yes,549300ME08GPUUSZFX90,TETRA LAVAL INTERNATIONAL SA,CH
549300QVG0IWSUM3VJ98,TETRA PAK PROCESSING SNC,FR,PUTEAUX,ACTIVE,Tetra Pak,,1.0,"reports TETRA LAVAL INTERNATIONAL SA as ultimate parent, which belongs to this group",yes,549300ME08GPUUSZFX90,TETRA LAVAL INTERNATIONAL SA,CH
5493001ROUEBQ3ZCEU91,TETRA PAK PROCESSING SYSTEMS A/S,DK,Højbjerg,ACTIVE,Tetra Pak,,1.0,"reports TETRA LAVAL INTERNATIONAL SA as ultimate parent, which belongs to this group",yes,549300ME08GPUUSZFX90,TETRA LAVAL INTERNATIONAL SA,CH
549300J6FS7BUAGPP168,TETRA PAK PROCESSING UK LIMITED,GB,LONDON,ACTIVE,Tetra Pak,,1.0,"reports TETRA LAVAL INTERNATIONAL SA as ultimate parent, which belongs to this group",yes,549300ME08GPUUSZFX90,TETRA LAVAL INTERNATIONAL SA,CH
549300A91JZ1IBCZIP86,TETRA PAK ROMANIA SRL,RO,BUCHAREST,ACTIVE,Tetra Pak,,1.0,"reports TETRA LAVAL INTERNATIONAL SA as ultimate parent, which belongs to this group",yes,549300ME08GPUUSZFX90,TETRA LAVAL INTERNATIONAL SA,CH
549300PTTQYLQ2UTWC27,TETRA PAK SPÓŁKA Z OGRANICZONĄ ODPOWIEDZIALNOŚCIĄ,PL,WARSAW,ACTIVE,Tetra Pak,,1.0,"reports TETRA LAVAL INTERNATIONAL SA as ultimate parent, which belongs to this group",yes,549300ME08GPUUSZFX90,TETRA LAVAL INTERNATIONAL SA,CH
984500FB4EC607869778,TETRA PAK SRL,AR,LA RIOJA,ACTIVE,Tetra Pak,Tetra Pak,1.0,exact name match after normalisation,yes,,,
5493004MTLHGOEU9XZ65,"TETRA PAK, A.S.",SK,BRATISLAVA,ACTIVE,Tetra Pak,Tetra Pak,1.0,exact name match after normalisation,yes,549300ME08GPUUSZFX90,TETRA LAVAL INTERNATIONAL SA,CH
5493000UN852PEQ8HG92,"TETRA PAK, D.O.O.",HR,ZAGREB,ACTIVE,Tetra Pak,Tetra Pak,1.0,exact name match after normalisation,yes,549300ME08GPUUSZFX90,TETRA LAVAL INTERNATIONAL SA,CH
529900450C0RF4CREK79,Tetra Pak GmbH,AT,Wien,ACTIVE,Tetra Pak,Tetra Pak,1.0,exact name match after normalisation,yes,,,
549300LWQ1C9Z2HPM815,Tetra Pak Oy,FI,Helsinki,ACTIVE,Tetra Pak,Tetra Pak,1.0,exact name match after normalisation,yes,549300ME08GPUUSZFX90,TETRA LAVAL INTERNATIONAL SA,CH
549300HHV09ZP5HSNY70,Tetra Pak Packaging Solutions Aktiebolag,SE,Lund,ACTIVE,Tetra Pak,,1.0,"reports TETRA LAVAL INTERNATIONAL SA as ultimate parent, which belongs to this group",yes,549300ME08GPUUSZFX90,TETRA LAVAL INTERNATIONAL SA,CH
5493005XFVWFQ5MV9Z62,Tetra Pak Sverige Aktiebolag,SE,Lund,ACTIVE,Tetra Pak,,1.0,"reports TETRA LAVAL INTERNATIONAL SA as ultimate parent, which belongs to this group",yes,549300ME08GPUUSZFX90,TETRA LAVAL INTERNATIONAL SA,CH
969500DVRAP85CD83H23,ACTIONS UNILEVER,FR,PARIS,ACTIVE,Unilever,Unilever,0.7,group name appears in legal name,yes,,,
549300WCHMHEC6DQDM97,AFP UNILEVER SCHWEIZ,CH,ZÜRICH,ACTIVE,Unilever,Unilever,0.7,group name appears in legal name,yes,,,
5493005SXY2GMRC3PS55,AFP UNILEVER SCHWEIZ - WULP 1,CH,ZÜRICH,NULL,Unilever,Unilever,0.7,group name appears in legal name,not yet queried,,,
5493002929RGNEAQBG37,ASOCIACION DE EMPLEADOS DE UNILEVER DE PARAGUAY SA (ASEUPSA),PY,Asuncion,ACTIVE,Unilever,Unilever,0.7,group name appears in legal name,yes,549300MKFYEKVRWML317,UNILEVER PLC,GB
549300YSMMVVNUR1M834,CÔNG TY TNHH QUỐC TẾ UNILEVER VIỆT NAM,VN,HO CHI MINH CITY,ACTIVE,Unilever,Unilever,0.7,group name appears in legal name,yes,549300MKFYEKVRWML317,UNILEVER PLC,GB
549300G70OS4N0KDX532,Fundo De Pensões Unilever Jerónimo Martins,PT,Lisbon,ACTIVE,Unilever,Unilever,0.7,group name appears in legal name,yes,,,
95980020140005241378,"GRUPO UNILEVER, FP",ES,Madrid,ACTIVE,Unilever,Unilever,0.7,group name appears in legal name,yes,,,
5493007IW5N37IKRPM32,HINDUSTAN UNILEVER LIMITED,IN,MUMBAI,ACTIVE,Unilever,Unilever,0.7,group name appears in legal name,yes,549300MKFYEKVRWML317,UNILEVER PLC,GB
MFD5ZOBSRFWLYIJ6JG65,"Master Trust Agreement Under Various Employee Benefit Plans of Unilever United States, Inc and its Subsidiaries and Affiliates",US,Englewood Cliffs,ACTIVE,Unilever,Unilever,0.7,group name appears in legal name,yes,,,
549300O96OLVVIOQH280,PENSIONSKASSE UNILEVER SCHWEIZ,CH,THAYNGEN,ACTIVE,Unilever,Unilever,0.7,group name appears in legal name,yes,,,
549300MUHUFNRRI19O72,PT UNILEVER INDONESIA TBK,ID,TANGERANG,ACTIVE,Unilever,Unilever,0.7,group name appears in legal name,yes,549300MKFYEKVRWML317,UNILEVER PLC,GB
5493000OSIK2LV0ELS20,STE UNILEVER TUNISIA SA,TN,TUNIS,ACTIVE,Unilever,Unilever,0.7,group name appears in legal name,yes,,,
549300HI1SXALWQBTU39,STICHTING ALGEMEEN PENSIOENFONDS UNILEVER NEDERLAND (UNILEVER APF),NL,ROTTERDAM,ACTIVE,Unilever,Unilever,0.7,group name appears in legal name,yes,,,
549300F7FI32HILF3489,STICHTING ALGEMEEN PENSIOENFONDS UNILEVER NEDERLAND (UNILEVER APF) - KRING PROGRESS,NL,ROTTERDAM,ACTIVE,Unilever,Unilever,0.7,group name appears in legal name,yes,,,
724500A509W3CEK3R532,"Stichting Pensioenfonds Unilever Nederland ""Forward""",NL,Rotterdam,INACTIVE,Unilever,Unilever,0.7,group name appears in legal name,not yet queried,,,
549300HSTD198VIBP350,THE UNILEVER PENSION PLAN,LU,Leudelange,ACTIVE,Unilever,Unilever,0.7,group name appears in legal name,yes,,,
254900ZTJPLYJCL04W29,The Unilever Employee Benefit Trust,JE,St Helier,ACTIVE,Unilever,Unilever,0.7,group name appears in legal name,yes,,,
549300THBBC51SW1XC62,UNILEVER (MALAYSIA) HOLDINGS SDN. BHD.,MY,KUALA LUMPUR,ACTIVE,Unilever,Unilever,0.9,leading token matches group name,yes,549300MKFYEKVRWML317,UNILEVER PLC,GB
549300SO9Y18J63KY369,UNILEVER - ZIMBABWE (PVT) LIMITED,ZW,HARARE,ACTIVE,Unilever,Unilever,0.9,leading token matches group name,yes,549300MKFYEKVRWML317,UNILEVER PLC,GB
213800ATKPPW4T1MWX51,UNILEVER ANDINA BOLIVIA S.A.,BO,COCHABAMBA,ACTIVE,Unilever,Unilever,0.9,leading token matches group name,yes,,,
549300ZYM6I6IJNZSL65,UNILEVER ANDINA COLOMBIA LTDA,CO,BOGOTA,ACTIVE,Unilever,Unilever,0.9,leading token matches group name,yes,549300MKFYEKVRWML317,UNILEVER PLC,GB
549300FYWDCTXXZQJQ90,UNILEVER ANDINA PERU S.A.,PE,MIRAFLORES,ACTIVE,Unilever,Unilever,0.9,leading token matches group name,yes,549300MKFYEKVRWML317,UNILEVER PLC,GB
549300NE82QTXW1NS383,UNILEVER ASCC AG,CH,SCHAFFHAUSEN,ACTIVE,Unilever,Unilever,0.9,leading token matches group name,yes,,,
549300Y5DWNPH2EAYP47,UNILEVER ASIA PRIVATE LIMITED,SG,SINGAPORE,ACTIVE,Unilever,Unilever,0.9,leading token matches group name,yes,549300MKFYEKVRWML317,UNILEVER PLC,GB
549300U64EZAIWAZ8097,UNILEVER ASSAM ESTATES LIMITED,GB,LONDON,ACTIVE,Unilever,Unilever,0.9,leading token matches group name,yes,549300MKFYEKVRWML317,UNILEVER PLC,GB
5493004IWZ1DMSGINZ59,UNILEVER BANGLADESH LIMITED,BD,CHITTAGONG,ACTIVE,Unilever,Unilever,0.9,leading token matches group name,yes,,,
549300BV1APMHLJTH773,UNILEVER BRASIL GELADOS DO NORDESTE S/A,BR,JABOATAO DOS GUARARAPES,ACTIVE,Unilever,Unilever,0.9,leading token matches group name,yes,,,
549300DZL0C3ZT51Z154,UNILEVER BRASIL INDUSTRIAL LTDA,BR,SAO PAULO,ACTIVE,Unilever,Unilever,0.9,leading token matches group name,yes,549300MKFYEKVRWML317,UNILEVER PLC,GB
54930007WI2JLQ7TRP44,UNILEVER BRASIL LTDA.,BR,SAO PAULO,ACTIVE,Unilever,Unilever,0.9,leading token matches group name,yes,549300MKFYEKVRWML317,UNILEVER PLC,GB
213800HCGYEJXD99N110,UNILEVER CANADA INC.,CA,TORONTO,ACTIVE,Unilever,Unilever,0.9,leading token matches group name,yes,549300MKFYEKVRWML317,UNILEVER PLC,GB
549300U0U0LWGZBKVE61,UNILEVER CANADA INC.,CA,TORONTO,INACTIVE,Unilever,Unilever,0.9,leading token matches group name,not yet queried,,,
MYF1DAS6G5WY7PRWCU78,UNILEVER CAPITAL CORPORATION,US,WILMINGTON,ACTIVE,Unilever,Unilever,0.9,leading token matches group name,yes,549300MKFYEKVRWML317,UNILEVER PLC,GB
2138007VAW5DY3H8W892,UNILEVER CARIBBEAN LIMITED,TT,POT OF SPAIN,ACTIVE,Unilever,Unilever,0.9,leading token matches group name,yes,549300MKFYEKVRWML317,UNILEVER PLC,GB
213800VWNVQTFDNC6D33,"UNILEVER CARIBE, S.A.",DO,SANTO DOMINGO,ACTIVE,Unilever,Unilever,0.9,leading token matches group name,yes,549300MKFYEKVRWML317,UNILEVER PLC,GB
549300H2N7RWP95GUL12,UNILEVER CHILE SCC LIMITADA,CL,SANTIAGO,INACTIVE,Unilever,Unilever,0.9,leading token matches group name,not yet queried,,,
549300ORU07QBUK6RT16,UNILEVER COLOMBIA SCC SAS,CO,Bogota,ACTIVE,Unilever,Unilever,0.9,leading token matches group name,yes,,,
549300M38QI2ZCO26412,UNILEVER DANMARK A/S,DK,Copenhagen,ACTIVE,Unilever,Unilever,0.9,leading token matches group name,yes,549300TK7G7NZTVM1Z30,UNILEVER N.V.,NL
549300L7KK5SSD1CE028,UNILEVER DE ARGENTINA S A,AR,MUNRO,ACTIVE,Unilever,Unilever,0.9,leading token matches group name,yes,549300MKFYEKVRWML317,UNILEVER PLC,GB
213800MPL3D46PKHTY36,UNILEVER DE CENTRO AMERICA SOCIEDAD ANONIMA DE CAPITAL VARIABLE,SV,SAN SALVADOR,ACTIVE,Unilever,Unilever,0.9,leading token matches group name,yes,549300MKFYEKVRWML317,UNILEVER PLC,GB
549300HP9FG44K281J62,UNILEVER DE CENTROAMERICA S.A.,GT,GUATEMALA CITY,ACTIVE,Unilever,Unilever,0.9,leading token matches group name,yes,,,
21380056OKZR5M1PTT56,"UNILEVER DE CENTROAMERICA, S.A.",PA,PANAMA,ACTIVE,Unilever,Unilever,0.9,leading token matches group name,yes,549300MKFYEKVRWML317,UNILEVER PLC,GB
549300EWJE70P6SP3136,UNILEVER DE PARAGUAY S.A.,PY,ASUNCION,ACTIVE,Unilever,Unilever,0.9,leading token matches group name,yes,,,
213800AV41W7VFZ1D131,"UNILEVER DE PUERTO RICO, INC",PR,SAN JUAN,ACTIVE,Unilever,Unilever,0.9,leading token matches group name,yes,549300MKFYEKVRWML317,UNILEVER PLC,GB
549300XJNWG0Q07SE896,UNILEVER DEL URUGUAY S.R.L.,UY,Montevideo,ACTIVE,Unilever,Unilever,0.9,leading token matches group name,yes,549300MKFYEKVRWML317,UNILEVER PLC,GB
2138006HP23N8GYS9Q88,"UNILEVER EL SALVADOR SCC, SOCIEDAD ANONIMA DE CAPITAL VARIABLE",SV,SAN SALVADOR,ACTIVE,Unilever,Unilever,0.9,leading token matches group name,yes,549300MKFYEKVRWML317,UNILEVER PLC,GB
549300MYFXTPIIXSNK50,UNILEVER EUROPE B.V.,NL,ROTTERDAM,ACTIVE,Unilever,Unilever,0.9,leading token matches group name,yes,549300MKFYEKVRWML317,UNILEVER PLC,GB
549300LO8U8WITW5K976,UNILEVER EUROPE BUSINESS CENTER B.V.,NL,ROTTERDAM,ACTIVE,Unilever,Unilever,0.9,leading token matches group name,yes,,,
894500N8UH1EIKWTQM67,"UNILEVER FIMA, LDA",PT,Lisboa,ACTIVE,Unilever,Unilever,0.9,leading token matches group name,yes,,,
549300HE1YLI2F7GWC55,UNILEVER FINANCE INTERNATIONAL AG,CH,SCHAFFHAUSEN,ACTIVE,Unilever,Unilever,0.9,leading token matches group name,yes,549300MKFYEKVRWML317,UNILEVER PLC,GB
549300LRI77T5F28OH18,UNILEVER FINANCE INTERNATIONAL B.V.,NL,ROTTERDAM,ACTIVE,Unilever,Unilever,0.9,leading token matches group name,yes,549300MKFYEKVRWML317,UNILEVER PLC,GB
549300SWJ4YK4LLNT176,UNILEVER FINANCE NETHERLANDS B.V.,NL,ROTTERDAM,ACTIVE,Unilever,Unilever,0.9,leading token matches group name,yes,549300MKFYEKVRWML317,UNILEVER PLC,GB
213800TTDNRY6AXXCM47,UNILEVER FINANCE SWITZERLAND AG,CH,SCHAFFHAUSEN,ACTIVE,Unilever,Unilever,0.9,leading token matches group name,yes,,,
549300TPFN3KKJB11W19,UNILEVER FOODS & REFRESHMENTS GLOBAL B.V.,NL,ROTTERDAM,ACTIVE,Unilever,Unilever,0.9,leading token matches group name,yes,549300MKFYEKVRWML317,UNILEVER PLC,GB
5493008E6EOF5QH4MW05,UNILEVER FOODS (MALAYSIA) SDN. BHD.,MY,KUALA LUMPUR,INACTIVE,Unilever,Unilever,0.9,leading token matches group name,not yet queried,,,
5493000MXFPNLPILY406,UNILEVER FOODS INDUSTRIAL ESPANA SOCIEDAD LIMITADA,ES,LEIOA,ACTIVE,Unilever,Unilever,0.9,leading token matches group name,yes,549300MKFYEKVRWML317,UNILEVER PLC,GB
549300XU4E44M6GL2G44,UNILEVER FRANCE SAS,FR,RUEIL-MALMAISON,ACTIVE,Unilever,Unilever,1.0,exact name match after normalisation,yes,549300TK7G7NZTVM1Z30,UNILEVER N.V.,NL
549300SWZPWJ6VCGG628,UNILEVER GHANA PLC,GH,TEMA,ACTIVE,Unilever,Unilever,0.9,leading token matches group name,yes,549300MKFYEKVRWML317,UNILEVER PLC,GB
5493002I3S7TGKYK0P44,UNILEVER GLOBAL IP LIMITED,GB,LIVERPOOL,ACTIVE,Unilever,Unilever,0.9,leading token matches group name,yes,549300MKFYEKVRWML317,UNILEVER PLC,GB
549300V2U8DC564CK756,UNILEVER GROUP LIMITED,GB,LONDON,ACTIVE,Unilever,Unilever,1.0,exact name match after normalisation,yes,549300MKFYEKVRWML317,UNILEVER PLC,GB
549300X2FSMEMXGKF151,UNILEVER INDIA EXPORTS LIMITED,IN,MUMBAI,ACTIVE,Unilever,Unilever,0.9,leading token matches group name,yes,549300MKFYEKVRWML317,UNILEVER PLC,GB
549300PQZEXBBQ5SLU78,UNILEVER INDIA LIMITED,IN,MUMBAI,ACTIVE,Unilever,Unilever,0.9,leading token matches group name,yes,549300MKFYEKVRWML317,UNILEVER PLC,GB
549300YYRT3XLIRLLL59,UNILEVER INDONESIA HOLDING B.V.,NL,ROTTERDAM,ACTIVE,Unilever,Unilever,0.9,leading token matches group name,yes,549300MKFYEKVRWML317,UNILEVER PLC,GB
549300MINO4CSLQEZY39,UNILEVER INDUSTRIES PRIVATE LIMITED,IN,MUMBAI,ACTIVE,Unilever,Unilever,0.9,leading token matches group name,yes,549300MKFYEKVRWML317,UNILEVER PLC,GB
549300ZX1OABOSP3K616,UNILEVER INSURANCES N.V.,NL,ROTTERDAM,ACTIVE,Unilever,Unilever,0.9,leading token matches group name,yes,549300MKFYEKVRWML317,UNILEVER PLC,GB
5493001D2WZL0BVOL572,UNILEVER INTERNATIONAL HOLDING B.V.,NL,ROTTERDAM,ACTIVE,Unilever,Unilever,1.0,exact name match after normalisation,yes,,,
5493003IZKGDYQEDOF41,UNILEVER INTERNATIONAL HOLDINGS B.V.,NL,ROTTERDAM,ACTIVE,Unilever,Unilever,1.0,exact name match after normalisation,yes,,,
549300M4L35J3BZ23B47,UNILEVER INTERNATIONAL HOLDINGS N.V.,NL,ROTTERDAM,ACTIVE,Unilever,Unilever,1.0,exact name match after normalisation,yes,,,
549300FB5QF8WKFR3051,UNILEVER IP HOLDINGS B.V.,NL,WAGENINGEN,ACTIVE,Unilever,Unilever,0.9,leading token matches group name,yes,549300MKFYEKVRWML317,UNILEVER PLC,GB
5493008BVNEL8546MK03,UNILEVER IRELAND LIMITED,IE,DUBLIN,ACTIVE,Unilever,Unilever,0.9,leading token matches group name,yes,549300MKFYEKVRWML317,UNILEVER PLC,GB
549300OFWSJ7R3G3NN13,UNILEVER ITALIA MKT. OPERATIONS S.R.L,IT,ROME,ACTIVE,Unilever,Unilever,0.9,leading token matches group name,yes,549300TK7G7NZTVM1Z30,UNILEVER N.V.,NL
549300JI5SSUTM117G44,UNILEVER KENYA LIMITED,KE,NAIROBI,ACTIVE,Unilever,Unilever,0.9,leading token matches group name,yes,,,
5493008LO91Z9AW4MF72,UNILEVER LANKA CONSUMER LIMITED,LK,COLOMBO,ACTIVE,Unilever,Unilever,0.9,leading token matches group name,yes,549300MKFYEKVRWML317,UNILEVER PLC,GB
549300FYCBOR2MLXKK45,UNILEVER MAGHREB,MA,CASABLANCA,ACTIVE,Unilever,Unilever,0.9,leading token matches group name,yes,,,
549300GSRCQZCOFL8672,UNILEVER MAGYARORSZÁG KFT.,HU,BUDAPEST,ACTIVE,Unilever,Unilever,0.9,leading token matches group name,yes,549300MKFYEKVRWML317,UNILEVER PLC,GB
549300L4IHI833JQDW51,UNILEVER MOCAMBIQUE LIMITADA,MZ,MAPUTO,ACTIVE,Unilever,Unilever,0.9,leading token matches group name,yes,549300TK7G7NZTVM1Z30,UNILEVER N.V.,NL
549300TK7G7NZTVM1Z30,UNILEVER N.V.,NL,ROTTERDAM,ACTIVE,Unilever,Unilever,1.0,exact name match after normalisation,yes,,,
549300DVX8CW8OWD1369,UNILEVER NEPAL LIMITED,NP,HETAUDA,ACTIVE,Unilever,Unilever,0.9,leading token matches group name,yes,549300MKFYEKVRWML317,UNILEVER PLC,GB
029200448B5I1F8B5I87,UNILEVER NIGERIA PLC,NG,LAGOS,ACTIVE,Unilever,Unilever,0.9,leading token matches group name,yes,,,
549300SX7LKM3752HG14,UNILEVER OVERSEAS HOLDINGS AG,CH,SCHAFFHAUSEN,ACTIVE,Unilever,Unilever,0.9,leading token matches group name,yes,549300MKFYEKVRWML317,UNILEVER PLC,GB
5493007CCEGUTA82RW04,UNILEVER OVERSEAS HOLDINGS B.V.,NL,ROTTERDAM,ACTIVE,Unilever,Unilever,0.9,leading token matches group name,yes,549300MKFYEKVRWML317,UNILEVER PLC,GB
5493003UBWGSYIWIWI94,UNILEVER OVERSEAS HOLDINGS LIMITED,GB,LONDON,ACTIVE,Unilever,Unilever,0.9,leading token matches group name,yes,549300MKFYEKVRWML317,UNILEVER PLC,GB
5493007TAZ38XZ6CIE61,UNILEVER PAKISTAN FOODS LIMITED,PK,KARACHI,ACTIVE,Unilever,Unilever,0.9,leading token matches group name,yes,549300MKFYEKVRWML317,UNILEVER PLC,GB
549300X6C61HNLIHAZ94,UNILEVER PAKISTAN LIMITED,PK,KARACHI,ACTIVE,Unilever,Unilever,0.9,leading token matches group name,yes,549300MKFYEKVRWML317,UNILEVER PLC,GB
549300I0GSVZLESF0374,"UNILEVER PHILIPPINES, INC.",PH,TAGUIG,ACTIVE,Unilever,Unilever,0.9,leading token matches group name,yes,549300MKFYEKVRWML317,UNILEVER PLC,GB
549300LNGZ07WC5K8A26,UNILEVER PL NETHERLANDS B.V.,NL,ROTTERDAM,ACTIVE,Unilever,Unilever,0.9,leading token matches group name,yes,549300MKFYEKVRWML317,UNILEVER PLC,GB
549300MKFYEKVRWML317,UNILEVER PLC,GB,LIVERPOOL,ACTIVE,Unilever,Unilever,1.0,exact name match after normalisation,yes,,,
213800L6OOJFDAPTIP96,UNILEVER PLC SHARE INCENTIVE PLAN,GB,WORTHING,ACTIVE,Unilever,Unilever,0.9,leading token matches group name,yes,,,
21380086CDUT1PKKGC97,UNILEVER PMT LIMITED,CY,NICOSIA,ACTIVE,Unilever,Unilever,0.9,leading token matches group name,yes,549300MKFYEKVRWML317,UNILEVER PLC,GB
5493007QO5QAR13I3M16,UNILEVER POLSKA SPÓŁKA AKCYJNA,PL,WARSAW,ACTIVE,Unilever,Unilever,0.9,leading token matches group name,yes,549300MKFYEKVRWML317,UNILEVER PLC,GB
54930011088BWM62XI45,UNILEVER POLSKA SPÓŁKA Z OGRANICZONĄ ODPOWIEDZIALNOŚCIĄ,PL,WARSZAWA,ACTIVE,Unilever,Unilever,0.9,leading token matches group name,yes,549300MKFYEKVRWML317,UNILEVER PLC,GB
213800BRJ9LYIW3Z7L42,UNILEVER REGIONAL SERVICES PANAMA S.A.,PA,PANAMA,ACTIVE,Unilever,Unilever,0.9,leading token matches group name,yes,549300MKFYEKVRWML317,UNILEVER PLC,GB
549300QLB3B44URIM722,UNILEVER ROMANIA SA,RO,PLOIESTI,ACTIVE,Unilever,Unilever,0.9,leading token matches group name,yes,549300MKFYEKVRWML317,UNILEVER PLC,GB
549300FFQECOEXLSUZ76,UNILEVER S.K. HOLDINGS LIMITED,GB,LONDON,ACTIVE,Unilever,Unilever,1.0,exact name match after normalisation,yes,549300MKFYEKVRWML317,UNILEVER PLC,GB
5493000DGQV6XEQTMA79,UNILEVER SANAYI VE TICARET TURK ANONIM SIRKETI,TR,UMRANIYE,ACTIVE,Unilever,Unilever,0.9,leading token matches group name,yes,549300MKFYEKVRWML317,UNILEVER PLC,GB
9845007F345ARF9B0D05,UNILEVER SANAYİ VE TİCARET TÜRK ANONİM ŞİRKETİ,TR,İSTANBUL,NULL,Unilever,Unilever,0.9,leading token matches group name,not yet queried,,,
54930049ONSU70734B78,UNILEVER SCHAFFHAUSEN SERVICE AG,CH,SCHAFFHAUSEN,ACTIVE,Unilever,Unilever,0.9,leading token matches group name,yes,,,
54930077ALXXZ725SH62,UNILEVER SOUTH AFRICA,ZA,LA LUCIA,ACTIVE,Unilever,Unilever,0.9,leading token matches group name,yes,549300MKFYEKVRWML317,UNILEVER PLC,GB
549300LEOFS81KZV6110,UNILEVER SOUTH CENTRAL EUROPE SA,RO,PLOIESTI,ACTIVE,Unilever,Unilever,0.9,leading token matches group name,yes,549300MKFYEKVRWML317,UNILEVER PLC,GB
5493006CQEEGKM6L5T06,UNILEVER SOUTH INDIA ESTATES LIMITED,GB,LONDON,ACTIVE,Unilever,Unilever,0.9,leading token matches group name,yes,549300MKFYEKVRWML317,UNILEVER PLC,GB
5493000KMHOLKOKRQH34,UNILEVER SRI LANKA LIMITED,LK,COLOMBO,ACTIVE,Unilever,Unilever,0.9,leading token matches group name,yes,549300MKFYEKVRWML317,UNILEVER PLC,GB
Q5ZZHJGDI6KRIFD45P39,UNILEVER SUPERANNUATION (IRELAND) TRUST LIMITED AS THE TRUSTEE OF THE UNILEVER SUPERANNUATION (IRELAND) FUND,IE,DUBLIN,ACTIVE,Unilever,Unilever,0.9,leading token matches group name,yes,,,
54930041LANR8OLEDY41,UNILEVER SVERIGE AB,SE,SOLNA,ACTIVE,Unilever,Unilever,0.9,leading token matches group name,yes,549300MKFYEKVRWML317,UNILEVER PLC,GB
5493008EU8J8PL7Y5C92,UNILEVER SWISS HOLDINGS AG,CH,SCHAFFHAUSEN,ACTIVE,Unilever,Unilever,0.9,leading token matches group name,yes,549300MKFYEKVRWML317,UNILEVER PLC,GB
549300UOQCCRI2H47B94,UNILEVER TEA KENYA LIMITED,KE,KERICHO,ACTIVE,Unilever,Unilever,0.9,leading token matches group name,yes,549300MKFYEKVRWML317,UNILEVER PLC,GB
549300PFFCT3YC66QC74,UNILEVER TEA TANZANIA LIMITED,TZ,IRINGA,ACTIVE,Unilever,Unilever,0.9,leading token matches group name,yes,,,
549300G9QZ08PUODV127,UNILEVER THAI SERVICES CO LTD,TH,BANGKOK,ACTIVE,Unilever,Unilever,0.9,leading token matches group name,yes,549300MKFYEKVRWML317,UNILEVER PLC,GB
549300P1BW0YOP2GMX46,UNILEVER TURKEY HOLDINGS B.V.,NL,ROTTERDAM,INACTIVE,Unilever,Unilever,0.9,leading token matches group name,not yet queried,,,
549300HWTESJD1V4UZ21,UNILEVER U.K. CENTRAL RESOURCES LIMITED,GB,LONDON,ACTIVE,Unilever,Unilever,0.9,leading token matches group name,yes,549300MKFYEKVRWML317,UNILEVER PLC,GB
549300MD5X41UEQSKN80,UNILEVER U.K. HOLDINGS LIMITED,GB,LONDON,ACTIVE,Unilever,Unilever,1.0,exact name match after normalisation,yes,549300MKFYEKVRWML317,UNILEVER PLC,GB
5493008TA5YHS2W0CX05,UNILEVER UGANDA LIMITED,UG,KAMPALA,ACTIVE,Unilever,Unilever,0.9,leading token matches group name,yes,,,
549300QJXEB6PZF1P432,UNILEVER UK & CN HOLDINGS LIMITED,GB,LONDON,ACTIVE,Unilever,Unilever,0.9,leading token matches group name,yes,549300MKFYEKVRWML317,UNILEVER PLC,GB
549300BVIWZN69JE8P07,UNILEVER UK LIMITED,GB,KINGSTON UPON THAMES,ACTIVE,Unilever,Unilever,1.0,exact name match after normalisation,yes,549300MKFYEKVRWML317,UNILEVER PLC,GB
PP4PZ1CPW0AW45FEVF10,UNILEVER UK PENSION FUND,GB,KINGSTON UPON THAMES,ACTIVE,Unilever,Unilever,0.9,leading token matches group name,yes,,,
549300H6H8BAYLUOGZ71,"UNILEVER UNITED STATES, INC.",US,WILMINGTON,ACTIVE,Unilever,Unilever,0.9,leading token matches group name,yes,549300MKFYEKVRWML317,UNILEVER PLC,GB
5493002WEI8MSJW5J214,"UNILEVER UNITED STATES, INC. SAVINGS PLAN MASTER TRUST",US,ENGLEWOOD CLIFFS,ACTIVE,Unilever,Unilever,0.9,leading token matches group name,yes,,,
549300A3PN5NHXFGEK85,UNILEVER URUGUAY SCC S.A.,UY,MONTEVIDEO,ACTIVE,Unilever,Unilever,0.9,leading token matches group name,yes,,,
213800UPBWPIV2TSTX57,UNILEVER VENTURES GENERAL PARTNER LIMITED,GB,LONDON,ACTIVE,Unilever,Unilever,0.9,leading token matches group name,yes,,,
549300J42PEORM8HGR17,UNILEVER VENTURES HOLDINGS B.V.,NL,ROTTERDAM,ACTIVE,Unilever,Unilever,0.9,leading token matches group name,yes,549300MKFYEKVRWML317,UNILEVER PLC,GB
549300VWGK6VDYE07K51,UNILEVER VENTURES III L.P.,GB,LONDON,ACTIVE,Unilever,Unilever,0.9,leading token matches group name,yes,549300MKFYEKVRWML317,UNILEVER PLC,GB
549300ZL63LGTSSLY013,UNILEVER VIETNAM INTERNATIONAL COMPANY LIMITED,VN,HO CHI MINH CITY,NULL,Unilever,Unilever,0.9,leading token matches group name,not yet queried,,,
549300HDCRTBPEURI316,"UNILEVER ČR, spol. s r.o.",CZ,Praha 8,ACTIVE,Unilever,Unilever,0.9,leading token matches group name,yes,549300MKFYEKVRWML317,UNILEVER PLC,GB
549300711LWQZIF20Y32,UNILEVER-COTE D'IVOIRE,CI,ABIDJAN,ACTIVE,Unilever,Unilever,0.9,leading token matches group name,yes,549300MKFYEKVRWML317,UNILEVER PLC,GB
967600A9PSIQCHB4QV94,Unilever Belgium,BE,Anderlecht,ACTIVE,Unilever,Unilever,1.0,exact name match after normalisation,yes,,,
549300X92QNMQPR3D751,Unilever Finance S.à r.l.,LU,Luxembourg,INACTIVE,Unilever,Unilever,0.9,leading token matches group name,not yet queried,,,
967600CNJ435B52F7229,Unilever Lipton Tea,BE,Anderlecht,ACTIVE,Unilever,Unilever,0.9,leading token matches group name,yes,,,
8945006X9R56QH7M9D76,Unilever Nederland Foods Factories,NL,Rotterdam,ACTIVE,Unilever,Unilever,0.9,leading token matches group name,yes,,,
254900B2CN1A29DKM974,Unilever PLC ADRhedged(TM),US,DOVER,ACTIVE,Unilever,Unilever,0.9,leading token matches group name,yes,,,
98450079C448ADA3E439,Unilever Pension Plan,BE,Anderlecht,ACTIVE,Unilever,Unilever,0.9,leading token matches group name,yes,,,
549300GZZ1MTKZ0M3M77,Unilever Pension Plan - Defined Benefit Ireland Compartment,LU,Leudelange,INACTIVE,Unilever,Unilever,0.9,leading token matches group name,not yet queried,,,
52990074PO5BWLHZ0F57,Unilever Pensions-Treuhand e.V.,DE,Hamburg,ACTIVE,Unilever,Unilever,0.9,leading token matches group name,yes,,,
549300QIYNQWIVJLDC74,Unilever Produktion AB,SE,Flen,ACTIVE,Unilever,Unilever,0.9,leading token matches group name,yes,,,
37894YULZQPTPRDGXP47,Unilever SA Pension Fund,ZA,Durban,ACTIVE,Unilever,Unilever,0.9,leading token matches group name,yes,,,
549300B13IG73ROBCV92,Unilever de CentroAmérica S.A,CR,Heredia,ACTIVE,Unilever,Unilever,0.9,leading token matches group name,yes,,,
5493005QQTI1K53VOC13,Unilever de CentroAmérica S.A. (Honduras),HN,Tegucigalpa,ACTIVE,Unilever,Unilever,0.9,leading token matches group name,yes,,,
54930064PPGDXDLEPM90,Unilever de Centroamerica S.A. Nicaragua,NI,Managua,ACTIVE,Unilever,Unilever,0.9,leading token matches group name,yes,,,
213800RO6GMBXO3L8P19,PAUL UPFIELD & ASSOCIATES LIMITED,GB,DAVENTRY,ACTIVE,Upfield,Upfield,0.7,group name appears in legal name,yes,,,
335800Z9ZT9LFJTBP364,UPFIELD INDIA PRIVATE LIMITED,IN,BANGALORE,ACTIVE,Upfield,Upfield,0.9,leading token matches group name,yes,,,
549300NND2VBS54L7X54,Upfield Canada Inc.,CA,Toronto,ACTIVE,Upfield,Upfield,0.9,leading token matches group name,yes,,,
254900L79CJI8UIBOU52,Upfield Sourcing Nederland B.V.,NL,Amsterdam,ACTIVE,Upfield,Upfield,0.9,leading token matches group name,yes,,,
254900TPRUDXXX9AHF59,Upfield US LLC,US,Newark,ACTIVE,Upfield,Upfield,0.9,leading token matches group name,yes,,,
984500DCC38A3P056583,VALIO AS,NO,OSLO,ACTIVE,Valio,Valio,1.0,exact name match after normalisation,yes,,,
959800G3NS8BTLCXAF61,VALIO BCN S.L.,ES,Barcelona,ACTIVE,Valio,Valio,0.9,leading token matches group name,yes,,,
959800AL50PWAWL53B09,VALIO CAPITAL SL,ES,"Rozas de Madrid, Las",ACTIVE,Valio,Valio,0.9,leading token matches group name,yes,,,
52990072N0FACPL1UW16,Valio Cibus GmbH,DE,Hamburg,ACTIVE,Valio,Valio,0.9,leading token matches group name,yes,,,
529900LC0U56P03R3994,Valio Continental GmbH & Co. KG,DE,Hamburg,ACTIVE,Valio,Valio,0.9,leading token matches group name,yes,,,
529900PPDAY8TXMM3R29,Valio Fleischhandelsgesellschaft mbH & Co. KG,DE,Hamburg,ACTIVE,Valio,Valio,0.9,leading token matches group name,yes,,,
529900GS01CCBSDSTK39,Valio Food GmbH,DE,Hamburg,ACTIVE,Valio,Valio,1.0,exact name match after normalisation,yes,,,
529900BNT85U09ULOY29,Valio Fresh Fleischvertriebs GmbH & Co. KG,DE,Hamburg,ACTIVE,Valio,Valio,0.9,leading token matches group name,yes,,,
52990051NK94WQ2B0C38,Valio Hamburg GmbH & Co. KG,DE,Hamburg,ACTIVE,Valio,Valio,0.9,leading token matches group name,yes,,,
743700XEFHMOZRFJNO13,Valio Oy,FI,VALIO,ACTIVE,Valio,Valio,1.0,exact name match after normalisation,yes,,,
529900EHN26IKZDVWP33,Valio-Avicola Geflügelfleisch Vertriebs GmbH,DE,Hamburg,ACTIVE,Valio,Valio,0.9,leading token matches group name,yes,,,
969500NQOK9RBD2L8B93,YNSECT,FR,EVRY-COURCOURONNES,ACTIVE,Ynsect,Ynsect,1.0,exact name match after normalisation,yes,,,
254900416ES1ORUT1W13,"""ADM JIZZAKH"" LIMITED LIABILITY COMPANY",UZ,Gallaorol,ACTIVE,,,0.0,"only the search term matched, candidate Archer Daniels Midland",yes,,,
2594008FHUK7XJA1JC55,"""BEL-POL Trade"" TOMASZ KOTFASIŃSKI",PL,Kozice,ACTIVE,,,0.0,"only the search term matched, candidate Bel",yes,,,
875500LOTQZE97QN4P05,"""DELTA-TRADE"" Bel- és Külkereskedelmi Korlátolt Felelősségű Társaság",HU,Soltvadkert,ACTIVE,,,0.0,"only the search term matched, candidate Bel",yes,,,
815600359B8291222272,"""GEA S.R.L."" IN LIQUIDAZIONE",IT,BENEVENTO,INACTIVE,,,0.0,"only the search term matched, candidate GEA Group",not yet queried,,,
8156000B5433F69DD721,"""GEA SERVICE SRL""",IT,CORCIANO,ACTIVE,,,0.0,"only the search term matched, candidate GEA Group",yes,,,
259400IAOBBDZXMR9429,"""MARS"" SPÓŁKA Z OGRANICZONĄ ODPOWIEDZIALNOŚCIĄ",PL,SZCZECINEK,ACTIVE,,,0.0,"only the search term matched, candidate Mars",yes,,,
81560064F641819A5E90,"""TESSITURA ZA&BEL SRL""",IT,OLGIATE OLONA,ACTIVE,,,0.0,"only the search term matched, candidate Bel",yes,,,
81560036D68493AB6975,''E.S.E. GEA SOCIETA' A RESPONSABILITA' LIMITATA'',IT,ZAGAROLO,ACTIVE,,,0.0,"only the search term matched, candidate GEA Group",yes,,,
549300LQY515GJBMCJ19,"13000 Bel-Red, L.L.C.",US,MERCER ISLAND,ACTIVE,,,0.0,"only the search term matched, candidate Bel",yes,,,
254900N0VUU1482IMJ52,"3227 Bel Pre Road, LLC",US,Dover,ACTIVE,,,0.0,"only the search term matched, candidate Bel",yes,,,
HYVEN7NWB0I3UPFLK724,"5 Mars Court, L.L.C.",US,Clifton,ACTIVE,,,0.0,"only the search term matched, candidate Mars",yes,,,
391200BE8S9WV3MXW402,"63. PHOENIX PCT UG (haftungsbeschränkt) & Co. KG MS ""MARS""",DE,Haren (Ems),INACTIVE,,,0.0,"only the search term matched, candidate Mars",not yet queried,,,
2549002GZ23U3TMZUF68,"6500 Mars Holdings, LLC",US,Wilmington,ACTIVE,,,0.0,"only the search term matched, candidate Mars",yes,,,
969500E8W4R3PKXLWO09,7 MARS INVEST,FR,PARIS,ACTIVE,,,0.0,"only the search term matched, candidate Mars",yes,,,
529900S748NAXWHUXD95,A-MARS II-FONDS,DE,Frankfurt am Main,ACTIVE,,,0.0,"only the search term matched, candidate Mars",yes,,,
72450096L01CPXV5KX53,A. de Bel Holding B.V.,NL,Rozenburg,ACTIVE,,,0.0,"only the search term matched, candidate Bel",yes,,,
8156000A1A86DE7CAC80,A.D.M. - S.R.L. O ADM SRL O ADM COLORANDIA S.R.L.,IT,VENARIA REALE,ACTIVE,,,0.0,"only the search term matched, candidate Archer Daniels Midland",yes,,,
549300GK4LGIDDWJWL07,AAK AB (PUBL),SE,MALMO,ACTIVE,,,0.0,"only the search term matched, candidate AAK",yes,,,
3912008FHI7YMESVPB11,AAK Allgemeine Ausgleichskasse AG,LI,Vaduz,ACTIVE,,,0.0,"only the search term matched, candidate AAK",yes,,,
6488B862H6C7FCW64L45,AAK Borowy Fundacja Rodzinna w organizacji,PL,Warszawa,ACTIVE,,,0.0,"only the search term matched, candidate AAK",yes,,,
254900Q246OHF06NXG20,AAK COLOMBIA S.A.S,CO,Bogota,ACTIVE,,,0.0,"only the search term matched, candidate AAK",yes,,,
529900OJXT93MMYBE352,AAK CONSULTING,BE,Ninove,ACTIVE,,,0.0,"only the search term matched, candidate AAK",yes,,,
894500FEWZB4Q6S1O671,AAK ENERGY AS,NO,LAKSEVÅG,ACTIVE,,,0.0,"only the search term matched, candidate AAK",yes,,,
213800PML788FNXAAO91,AAK FORSAKRING HOLDING MALTA LIMITED,MT,GZIRA,INACTIVE,,,0.0,"only the search term matched, candidate AAK",not yet queried,,,
9845008FB1E6473E7027,AAK Family Trust,GB,London,ACTIVE,,,0.0,"only the search term matched, candidate AAK",yes,,,
213800LXNGNQ5O1XBW47,AAK INSURANCE MALTA LIMITED,MT,SAN GILJAN,ACTIVE,,,0.0,"only the search term matched, candidate AAK",yes,,,
25490032XC1RU7EOCT97,AAK INTERNATIONAL TRADE PTY. LTD.,AU,Melbourne,ACTIVE,,,0.0,"only the search term matched, candidate AAK",yes,,,
213800LU9ST23UK2PS46,AAK Invest Limited,MT,St. Julians,ACTIVE,,,0.0,"only the search term matched, candidate AAK",yes,,,
549300NMCK3Z2JU8DB69,"AAK Lee Deforest, LLC",US,Baltimore,ACTIVE,,,0.0,"only the search term matched, candidate AAK",yes,,,
549300PJGVHU229GGO15,AAK Mexico SA de CV,MX,Morelia,NULL,,,0.0,"only the search term matched, candidate AAK",not yet queried,,,
8945000TUXO61ZZMUS93,AAK REALTY SERVICES LLP,IN,CHENNAI,ACTIVE,,,0.0,"only the search term matched, candidate AAK",yes,,,
72450006YHRLK02V2867,AAK Rutten B.V. in liquidatie,NL,Venray,INACTIVE,,,0.0,"only the search term matched, candidate AAK",not yet queried,,,
254900QOS0K0V1LYNG72,AAK SOUTH EAST INDIA PRIVATE LIMITED,IN,THANE,ACTIVE,,,0.0,"only the search term matched, candidate AAK",yes,,,
21380096VPXEZ3SGBD32,AAK WHITEHOUSE WILL TRUST,GB,NEWPORT PAGNELL,ACTIVE,,,0.0,"only the search term matched, candidate AAK",yes,,,
5493005M6GYVMDH7W871,"ABARTA Coca-Cola Beverages, LLC",US,Harrisburg,ACTIVE,,,0.0,"only the search term matched, candidate Coca-Cola",yes,549300FOQ3U62B40I091,"ABARTA, Inc.",US
969500NMSN3LON7SSW55,ACCESS TO MARS,FR,CHAMPAGNE-AU-MONT-D'OR,ACTIVE,,,0.0,"only the search term matched, candidate Mars",yes,,,
5493005J002KS3KS8D56,"AD Strategy SPC Fund, Ltd. - ADM Strategy Segregated Portfolio",KY,Camana Bay,INACTIVE,,,0.0,"only the search term matched, candidate Archer Daniels Midland",not yet queried,,,
984500H78E67F8CDE565,ADM & CLEAN MICOLA SRL,RO,Lipova,ACTIVE,,,0.0,"only the search term matched, candidate Archer Daniels Midland",yes,,,
5299000FUK92SEVCYS72,"ADM - Holding, Administradora de Bens Imoveis Proprios Ltda",BR,Piracicaba,ACTIVE,,,0.0,"only the search term matched, candidate Archer Daniels Midland",yes,,,
391200C32N1BYPA9ZJ31,ADM 10 Grundbesitz GmbH,DE,Berlin,ACTIVE,,,0.0,"only the search term matched, candidate Archer Daniels Midland",yes,,,
969500A5Z0WL1BBPMF70,ADM 21,FR,BEAUVAIS,ACTIVE,,,0.0,"only the search term matched, candidate Archer Daniels Midland",yes,,,
984500D910DY8C9FB034,ADM 94 S.R.L.,IT,SAN GIULIANO MILANESE,ACTIVE,,,0.0,"only the search term matched, candidate Archer Daniels Midland",yes,,,
959800TWG166054NJ735,ADM ADMINISTRACION DESARROLLO Y MANAGEMENT SRL,ES,Madrid,ACTIVE,,,0.0,"only the search term matched, candidate Archer Daniels Midland",yes,,,
549300XYC25NTZTQ2J79,ADM AGRO INDUSTRIES LATUR & VIZAG PRIVATE LIMITED,IN,LATUR,INACTIVE,,,0.0,"only the search term matched, candidate Archer Daniels Midland",not yet queried,,,
967600UUWSOV1OOJP426,ADM AID,BE,Oosterzele,ACTIVE,,,0.0,"only the search term matched, candidate Archer Daniels Midland",yes,,,
98450044BWB06C7B4C58,ADM AND SONS INFRA PRIVATE LIMITED,IN,Ahmedabad,ACTIVE,,,0.0,"only the search term matched, candidate Archer Daniels Midland",yes,,,
549300DINDHFN2KOFS90,ADM ANIMAL NUTRITION CZECHIA S.R.O.,CZ,Olomouc,INACTIVE,,,0.0,"only the search term matched, candidate Archer Daniels Midland",not yet queried,,,
959800D5Z4EF5BNHKZ55,ADM ASESORES VILLAGARCIA SL,ES,Vilagarcía de Arousa,ACTIVE,,,0.0,"only the search term matched, candidate Archer Daniels Midland",yes,,,
213800F66ETLCNQDHY56,ADM ASIA SECURED LENDING FACILITY LIMITED,KY,GEORGE TOWN,ACTIVE,,,0.0,"only the search term matched, candidate Archer Daniels Midland",yes,,,
9845009E0436F2DD5009,ADM AUTOTECH INDIA PRIVATE LIMITED,IN,PUNE,ACTIVE,,,0.0,"only the search term matched, candidate Archer Daniels Midland",yes,,,
2549009W8SAYD5R88H90,ADM Agawam Development LLC,US,WAREHAM,ACTIVE,,,0.0,"only the search term matched, candidate Archer Daniels Midland",yes,,,
097900BIC10000142049,ADM Agro Invest j.s.a.,SK,Banská Bystrica,ACTIVE,,,0.0,"only the search term matched, candidate Archer Daniels Midland",yes,,,
8156007491ADCD8A0081,ADM BANQUETING SOCIETA' A RESPONSABILITA' LIMITATA SEMPLIFICATA,IT,CATANIA,ACTIVE,,,0.0,"only the search term matched, candidate Archer Daniels Midland",yes,,,
549300NX2XX32M07LQ27,ADM BETEILIGUNGSGESELLSCHAFT MBH,DE,HAMBURG,INACTIVE,,,0.0,"only the search term matched, candidate Archer Daniels Midland",not yet queried,,,
98450061EB6A591B4485,ADM BIO PRODUCTOS SA DE CV,MX,GOMEZ PALACIO,ACTIVE,,,0.0,"only the search term matched, candidate Archer Daniels Midland",yes,,,
2549002C8WDBQH4FCQ29,ADM Beaumont TX LLC,US,DALLAS,ACTIVE,,,0.0,"only the search term matched, candidate Archer Daniels Midland",yes,,,
984500AC6APB8D974S85,ADM Beteiligungs GmbH,DE,Sonthofen,ACTIVE,,,0.0,"only the search term matched, candidate Archer Daniels Midland",yes,,,
213800ZDNOJC4M2RBU84,ADM CAPITAL ASIA CLIMATE-SMART LANDSCAPE FUND LP,KY,GRAND CAYMAN,ACTIVE,,,0.0,"only the search term matched, candidate Archer Daniels Midland",yes,,,
213800NGNODS2XFGBF56,ADM CAPITAL CREDIT OPPORTUNITIES FUND LP,KY,GEORGE TOWN,ACTIVE,,,0.0,"only the search term matched, candidate Archer Daniels Midland",yes,,,
213800JZ3YJTLOI8EV26,ADM CAPITAL INDIA AIF TRUST,IN,BENGALURU,ACTIVE,,,0.0,"only the search term matched, candidate Archer Daniels Midland",yes,,,
213800PNUG9M164FQ651,ADM CAPITAL LIMOSA FUND II LP,KY,GRAND CAYMAN,ACTIVE,,,0.0,"only the search term matched, candidate Archer Daniels Midland",yes,,,
213800SVAV7UCAANDQ97,ADM CAPITAL LIMOSA FUND LP,KY,GEORGE TOWN,ACTIVE,,,0.0,"only the search term matched, candidate Archer Daniels Midland",yes,,,
213800M25DFBM7VSR879,ADM CAPITAL SENNA FUND LP,KY,GRAND CAYMAN,ACTIVE,,,0.0,"only the search term matched, candidate Archer Daniels Midland",yes,,,
2138005NCPG692DDLX46,ADM CAPITAL SINGAPORE PTE. LTD.,SG,SINGAPORE,ACTIVE,,,0.0,"only the search term matched, candidate Archer Daniels Midland",yes,,,
2138003XTX8USM7VO763,ADM CAPITAL SKYFALL III LP,KY,GEORGE TOWN,ACTIVE,,,0.0,"only the search term matched, candidate Archer Daniels Midland",yes,,,
213800FAYF9ZKTIS8B59,ADM CAPITAL SOMEI LENDING PLATFORM LIMITED,KY,GEORGE TOWN,ACTIVE,,,0.0,"only the search term matched, candidate Archer Daniels Midland",yes,,,
815600E1B5AB15765028,ADM CONSULTING S.R.L.,IT,BUSSOLENGO,ACTIVE,,,0.0,"only the search term matched, candidate Archer Daniels Midland",yes,,,
335800FPUY74Z78H7R31,ADM CRYOWEST PVT LTD,IN,PUNE,ACTIVE,,,0.0,"only the search term matched, candidate Archer Daniels Midland",yes,,,
254900VZVWSM9WO0XV98,ADM Cranberry Company LLC,US,WILMINGTON,ACTIVE,,,0.0,"only the search term matched, candidate Archer Daniels Midland",yes,,,
549300QZ5J85RGXQH195,ADM ELBE GMBH & CO. KG,DE,HAMBURG,INACTIVE,,,0.0,"only the search term matched, candidate Archer Daniels Midland",not yet queried,,,
984500CB836F7EC9CF60,ADM ELEKTRİK DAĞITIM ANONİM ŞİRKETİ,TR,MERKEZEFENDİ,ACTIVE,,,0.0,"only the search term matched, candidate Archer Daniels Midland",yes,,,
5493004JJQBMT3DH3D28,ADM EMEA Corporate Services GmbH,DE,HAMBURG,INACTIVE,,,0.0,"only the search term matched, candidate Archer Daniels Midland",not yet queried,,,
789000K1NMZ40ULB4525,ADM ENERGY ELEKTRİK YATIRIMLARI ANONİM ŞİRKETİ,TR,DENİZLİ,ACTIVE,,,0.0,"only the search term matched, candidate Archer Daniels Midland",yes,9845000AWBFAC6CDB929,AYDEM HOLDİNG ANONİM ŞİRKETİ,TR
213800DY7G8EEJCCOL47,ADM ENERGY PLC,GB,LONDON,ACTIVE,,,0.0,"only the search term matched, candidate Archer Daniels Midland",yes,,,
8945008TC31IPWMB2025,ADM ENGINEERING,IN,Pune,ACTIVE,,,0.0,"only the search term matched, candidate Archer Daniels Midland",yes,,,
549300MDIFUSW6754376,ADM EUROPEAN MANAGEMENT HOLDING GMBH,DE,HAMBURG,INACTIVE,,,0.0,"only the search term matched, candidate Archer Daniels Midland",not yet queried,,,
969500UXTV6E6WJRIX33,ADM EXPERTS,FR,VITROLLES,ACTIVE,,,0.0,"only the search term matched, candidate Archer Daniels Midland",yes,,,
549300L4HHJTYDU29W44,ADM Equities LLC,US,Middletown,ACTIVE,,,0.0,"only the search term matched, candidate Archer Daniels Midland",yes,,,
259400ZPGS97056BCA50,ADM FACTORY SPÓŁKA Z OGRANICZONĄ ODPOWIEDZIALNOŚCIĄ,PL,WARSZAWA,INACTIVE,,,0.0,"only the search term matched, candidate Archer Daniels Midland",not yet queried,,,
254900GW9BNC42WICG61,ADM FORTUNA LTD,GB,Leicester,ACTIVE,,,0.0,"only the search term matched, candidate Archer Daniels Midland",yes,,,
259400BKA7Y37O4ORX92,ADM FUNDACJA RODZINNA,PL,RADOM,ACTIVE,,,0.0,"only the search term matched, candidate Archer Daniels Midland",yes,,,
724500PGYS9V1JV9FT02,ADM Finans International B.V.,NL,Hoofddorp,ACTIVE,,,0.0,"only the search term matched, candidate Archer Daniels Midland",yes,,,
2138003V78YK2C6IVP27,ADM GALLEUS FUND I LIMITED,KY,GEORGE TOWN,ACTIVE,,,0.0,"only the search term matched, candidate Archer Daniels Midland",yes,,,
213800DF7ZY1PZX5HI15,ADM GALLEUS FUND II LIMITED,KY,GEORGE TOWN,ACTIVE,,,0.0,"only the search term matched, candidate Archer Daniels Midland",yes,,,
64880398KJGSE7S3D746,ADM GASTECH SOLUTIONS LLP,IN,Kachchh,ACTIVE,,,0.0,"only the search term matched, candidate Archer Daniels Midland",yes,,,
3358007BGJB6CG7JEC21,ADM GREEN PRIVATE LIMITED,IN,PUNE,ACTIVE,,,0.0,"only the search term matched, candidate Archer Daniels Midland",yes,,,
984500CBE06FC6CD1B73,ADM HUMAN NUTRITION,ZA,GAUTENG,ACTIVE,,,0.0,"only the search term matched, candidate Archer Daniels Midland",yes,,,
815600C2E5EC6FE72E81,ADM IMMOBILIARE S.R.L.,IT,SALERNO,ACTIVE,,,0.0,"only the search term matched, candidate Archer Daniels Midland",yes,,,
815600ECBC7512E4A643,ADM IMMOBILIARE S.R.L.,IT,SCANDIANO,ACTIVE,,,0.0,"only the search term matched, candidate Archer Daniels Midland",yes,,,
875500608V0UD59OX534,ADM INVEST,BE,Brussels,ACTIVE,,,0.0,"only the search term matched, candidate Archer Daniels Midland",yes,,,
9695003ITUM3GTWYZC03,ADM INVEST,FR,JONCHERY-SUR-VESLE,ACTIVE,,,0.0,"only the search term matched, candidate Archer Daniels Midland",yes,,,
984500A00E478DAED269,ADM INVEST ApS,DK,Tørring,ACTIVE,,,0.0,"only the search term matched, candidate Archer Daniels Midland",yes,,,
485100PFXRNLBX1ABD04,ADM INVEST družba za investiranje d.o.o.,SI,LJUBLJANA,ACTIVE,,,0.0,"only the search term matched, candidate Archer Daniels Midland",yes,,,
969500534A9L5V66KR88,ADM INVESTISSEMENT,FR,BEYNOST,ACTIVE,,,0.0,"only the search term matched, candidate Archer Daniels Midland",yes,,,
969500Z1MRVNM7P4W205,ADM INVESTISSEMENTS,FR,CONQUES-SUR-ORBIEL,ACTIVE,,,0.0,"only the search term matched, candidate Archer Daniels Midland",yes,,,
213800QQ4LWNT9TDZ583,ADM INVESTMENT MANAGEMENT EUROPE LIMITED,KY,GEORGE TOWN,ACTIVE,,,0.0,"only the search term matched, candidate Archer Daniels Midland",yes,,,
2138007CBG2HBSBP7T61,ADM INVESTMENT MANAGER INDIA PRIVATE LIMITED,IN,MUMBAI,ACTIVE,,,0.0,"only the search term matched, candidate Archer Daniels Midland",yes,,,
2138002BGI21P1ARG912,ADM INVESTMENT PARTNERSHIP L.P.,JE,ST. HELIER,INACTIVE,,,0.0,"only the search term matched, candidate Archer Daniels Midland",not yet queried,,,
529900UYBJ0JL3C5ZH47,ADM Immobilien GmbH & Co. KG,DE,Osnabrück,ACTIVE,,,0.0,"only the search term matched, candidate Archer Daniels Midland",yes,,,
506700Z261501V546919,ADM Invest Holding AG,CH,Zug,ACTIVE,,,0.0,"only the search term matched, candidate Archer Daniels Midland",yes,,,
222100U3JO5ZQ4V26M74,ADM Invest S.à r.l.,LU,Niederfeulen,ACTIVE,,,0.0,"only the search term matched, candidate Archer Daniels Midland",yes,,,
724500NO3WYTI74Y7G12,ADM Investor Services B.V.,NL,Lelystad,ACTIVE,,,0.0,"only the search term matched, candidate Archer Daniels Midland",yes,,,
549300468LAETC6E3725,"ADM Investor Services Diversified Strategies Master Fund, Ltd.",KY,George Town,ACTIVE,,,0.0,"only the search term matched, candidate Archer Daniels Midland",yes,,,
648832O88O4K3J8IPJ79,ADM JAVA PRECISION COMPONENTS PRIVATE LIMITED,IN,PUNE,ACTIVE,,,0.0,"only the search term matched, candidate Archer Daniels Midland",yes,,,
3358001PG642K5OXM402,ADM JOINFLEX INDIA PRIVATE LIMITED,IN,PUNE,ACTIVE,,,0.0,"only the search term matched, candidate Archer Daniels Midland",yes,,,
9845003A4A72DE6D9E75,ADM JUVER SL,ES,Santo Angel,ACTIVE,,,0.0,"only the search term matched, candidate Archer Daniels Midland",yes,,,
969500NQ1YS5NAP7AG63,ADM LAB,FR,NANCY,ACTIVE,,,0.0,"only the search term matched, candidate Archer Daniels Midland",yes,,,
9695009X2R267LNE6215,ADM LIGHT,FR,CONTES,ACTIVE,,,0.0,"only the search term matched, candidate Archer Daniels Midland",yes,969500GPJBRKNSCNAB70,COREP LIGHTING,FR
549300532GD6NLDJR844,ADM LUXEMBOURG S.à r.l.,LU,Luxembourg,INACTIVE,,,0.0,"only the search term matched, candidate Archer Daniels Midland",not yet queried,,,
6354006XTS7HMUTXGG82,ADM Londis plc,IE,Naas,ACTIVE,,,0.0,"only the search term matched, candidate Archer Daniels Midland",yes,,,
529900BMPKC5OFNZ7V46,ADM MAGYARORSZÁG AGRÁR KERESKEDELMI KORLÁTOLT FELELŐSSÉGŰ TÁRSASÁG,HU,BUDAPEST,INACTIVE,,,0.0,"only the search term matched, candidate Archer Daniels Midland",not yet queried,,,
549300RRUOPDAPZVRC48,ADM MAINZ GMBH,DE,HAMBURG,INACTIVE,,,0.0,"only the search term matched, candidate Archer Daniels Midland",not yet queried,,,
25490053U6DT00QS6C66,ADM MAPLE SPRINGS II LLC,US,WAREHAM,ACTIVE,,,0.0,"only the search term matched, candidate Archer Daniels Midland",yes,,,
894500ECQB4QESXZEC53,ADM MASKINFABRIK ApS,DK,Agerbæk,ACTIVE,,,0.0,"only the search term matched, candidate Archer Daniels Midland",yes,,,
9598009NCYAU71LX6428,ADM MOBILIARIO 2020 SL,ES,Alcantarilla,ACTIVE,,,0.0,"only the search term matched, candidate Archer Daniels Midland",yes,,,
815600924FF4E27B7371,ADM MOTORSPORT S.R.L. IN LIQUIDAZIONE,IT,BAREGGIO,INACTIVE,,,0.0,"only the search term matched, candidate Archer Daniels Midland",not yet queried,,,
9845009D03BC759ED790,ADM Maggio GmbH,DE,Oberderdingen,ACTIVE,,,0.0,"only the search term matched, candidate Archer Daniels Midland",yes,,,
54930044GQUYSXMFFO72,"ADM Management, LLC",US,Lakeland,ACTIVE,,,0.0,"only the search term matched, candidate Archer Daniels Midland",yes,,,
529900DDDROHNJDUR086,ADM Messtechnik GmbH & Co. KG,DE,Gelnhausen,ACTIVE,,,0.0,"only the search term matched, candidate Archer Daniels Midland",yes,,,
984500D05553A870CE12,ADM NUTRITION SOUTH AFRICA,ZA,SANDTON,ACTIVE,,,0.0,"only the search term matched, candidate Archer Daniels Midland",yes,,,
529900R5NKKKLK28FS89,ADM Neto Holdings,KY,George Town,ACTIVE,,,0.0,"only the search term matched, candidate Archer Daniels Midland",yes,,,
959800S7YKS5C9AC2289,ADM PALLEJA S.L. (SOCIEDAD UNIPERSONAL),ES,Pallejà,ACTIVE,,,0.0,"only the search term matched, candidate Archer Daniels Midland",yes,,,
549300FZVBMLS8HZIF24,ADM PRIZE SG (SINGAPORE) PTE. LTD.,SG,SINGAPORE,ACTIVE,,,0.0,"only the search term matched, candidate Archer Daniels Midland",yes,,,
9695007PHX06RBTX3H51,ADM PROJECT,FR,PARIS,ACTIVE,,,0.0,"only the search term matched, candidate Archer Daniels Midland",yes,,,
213800YWZMFBQBTSWE14,ADM PROMOTIONS UK LIMITED,GB,LONDON,ACTIVE,,,0.0,"only the search term matched, candidate Archer Daniels Midland",yes,,,
6488YSWUB05H22Y75216,ADM Pack Kft.,HU,Szeged,ACTIVE,,,0.0,"only the search term matched, candidate Archer Daniels Midland",yes,,,
529900IPES5AHF1TZ245,ADM Promotions GmbH,DE,Düsseldorf,ACTIVE,,,0.0,"only the search term matched, candidate Archer Daniels Midland",yes,,,
959800S54YBFSDQ14Z16,ADM RE CONSULTING SL,ES,Madrid,ACTIVE,,,0.0,"only the search term matched, candidate Archer Daniels Midland",yes,,,
549300FCUEI2LUECP443,ADM RESEARCH GMBH,DE,HAMBURG,INACTIVE,,,0.0,"only the search term matched, candidate Archer Daniels Midland",not yet queried,,,
529900CW3FCPCILV5F42,ADM ROMANIA TRADING SRL,RO,BUCHAREST,INACTIVE,,,0.0,"only the search term matched, candidate Archer Daniels Midland",not yet queried,,,
5493008OW20LPSXIYU91,ADM ROTHENSEE GMBH & CO. KG,DE,HAMBURG,INACTIVE,,,0.0,"only the search term matched, candidate Archer Daniels Midland",not yet queried,,,
5493001VKCNZL1TTQG55,ADM SERVICES LONDON LTD,GB,LONDON,ACTIVE,,,0.0,"only the search term matched, candidate Archer Daniels Midland",yes,,,
335800L3VLVMHHCPVX68,ADM SOLAR POWER AND INFRASTRUCTURE PRIVATE LIMITED,IN,SOUTH DELHI,ACTIVE,,,0.0,"only the search term matched, candidate Archer Daniels Midland",yes,,,
335800WYC5T8GWRQO348,ADM SOLAR SUNRISE PRIVATE LIMITED,IN,JODHPUR,ACTIVE,,,0.0,"only the search term matched, candidate Archer Daniels Midland",yes,,,
8156009A5CF3BE4FB325,ADM STUDIO S.R.L.,IT,SANTHIA',ACTIVE,,,0.0,"only the search term matched, candidate Archer Daniels Midland",yes,,,
815600BA1F3F73C7CE96,ADM SUD SOCIETA' A RESPONSABILITA'LIMITATA SEMPLIFICATA,IT,MASSAFRA,ACTIVE,,,0.0,"only the search term matched, candidate Archer Daniels Midland",yes,,,
9845005F542D869ED305,ADM SUN DOOR SOCIEDAD LIMITADA,ES,PUERTO DEL ROSARIO,ACTIVE,,,0.0,"only the search term matched, candidate Archer Daniels Midland",yes,,,
549300CB5TKHE7L46C10,ADM Systems Engineering Ltd.,CA,Quispamsis,ACTIVE,,,0.0,"only the search term matched, candidate Archer Daniels Midland",yes,,,
969500ELE8ILGNOB9E44,ADM TAXI,FR,HENDAYE,ACTIVE,,,0.0,"only the search term matched, candidate Archer Daniels Midland",yes,,,
259400YLEP694D555R51,ADM TRADE SPÓŁKA Z OGRANICZONĄ ODPOWIEDZIALNOŚCIĄ,PL,Michałów Drugi,ACTIVE,,,0.0,"only the search term matched, candidate Archer Daniels Midland",yes,,,
5493007EDRR63DHMST22,ADM TRADING POLSKA SPÓŁKA Z OGRANICZONĄ ODPOWIEDZIALNOŚCIĄ,PL,SZAMOTUŁY,INACTIVE,,,0.0,"only the search term matched, candidate Archer Daniels Midland",not yet queried,,,
549300K926HQJPZ00R65,ADM TRADING PRAGUE S.R.O.,CZ,OLOMOUC,INACTIVE,,,0.0,"only the search term matched, candidate Archer Daniels Midland",not yet queried,,,
6488HAF83A4IX943X958,ADM Utveckling Väst AB,SE,Göteborg,ACTIVE,,,0.0,"only the search term matched, candidate Archer Daniels Midland",yes,,,
5299007NTOX7NSOD3302,ADM WARSAW SPÓLKA Z OGRANICZONA ODPOWIEDZIALNOSCIA,PL,Warszawa,ACTIVE,,,0.0,"only the search term matched, candidate Archer Daniels Midland",yes,,,
54930038OR8RXY6YC863,ADM-UDVIKLING A/S,DK,Aarhus C,ACTIVE,,,0.0,"only the search term matched, candidate Archer Daniels Midland",yes,,,
549300JRI5UR6UF9IJ72,ADM. & EJENDOMSSELSKABET SKANDICA ApS,DK,Ishøj,ACTIVE,,,0.0,"only the search term matched, candidate Archer Daniels Midland",yes,,,
549300LDDNJ5HZORD923,ADM. 670-PLP+ELP Ejendomme,DK,Odense M,ACTIVE,,,0.0,"only the search term matched, candidate Archer Daniels Midland",yes,,,
959800QJACW0TR54U265,ADM. FINCAS Y SEGUROS PEREZ AMELA SOCIEDAD LIMITADA,ES,Zaragoza,ACTIVE,,,0.0,"only the search term matched, candidate Archer Daniels Midland",yes,,,
9695000TXI1MG652EO91,ADM. GESTION,FR,SAINTE-MAXIME,ACTIVE,,,0.0,"only the search term matched, candidate Archer Daniels Midland",yes,,,
3358004ZC2LVFT873V84,AGGARWAL OIL AND GENERAL MILLS,IN,NAI MANDI GHARSANA,ACTIVE,,,0.0,"only the search term matched, candidate General Mills",yes,,,
3358002IXJWXGSKR3Z31,AGGARWAL RICE & GENERAL MILLS,IN,CHEEKA,ACTIVE,,,0.0,"only the search term matched, candidate General Mills",yes,,,
984500CC61PA8ED1D632,AGGARWAL RICE & GENERAL MILLS.,IN,MUKTSAR,ACTIVE,,,0.0,"only the search term matched, candidate General Mills",yes,,,
984500B9D115HACEE671,AGGARWAL RICE &GENERAL MILLS,IN,KURALI,ACTIVE,,,0.0,"only the search term matched, candidate General Mills",yes,,,
959800H6DJWG46457M97,"AGRICOLA BEL GASPARIN, C.B.",ES,Alcanar,ACTIVE,,,0.0,"only the search term matched, candidate Bel",yes,,,
648800NN8JVKCF3MWZ40,AHUJA RICE & GENERAL MILLS,IN,Sri Muktsar Sahib,ACTIVE,,,0.0,"only the search term matched, candidate General Mills",yes,,,
529900F0W1O6I2KD3463,AHV INTERNATIONAL PORTFOLIO - BEL,LU,Strassen,INACTIVE,,,0.0,"only the search term matched, candidate Bel",not yet queried,,,
549300BH9SUY9MOU7I49,AKA-BEL,BE,PELT,ACTIVE,,,0.0,"only the search term matched, candidate Bel",yes,,,
549300VN80Y0DRDPBW73,AKTSIASELTS COCA-COLA HBC EESTI,EE,Tallinn,ACTIVE,,,0.0,"only the search term matched, candidate Coca-Cola",yes,549300XPHFT4B80RWU67,CC Beverages Holdings II B.V.,NL
815600A7265AD9578051,ALBERGO BEL SITO & BERLINO S.R.L.,IT,VENEZIA,ACTIVE,,,0.0,"only the search term matched, candidate Bel",yes,,,
335800WHQGCXNZCVVF86,ALF MARS POWER PRIVATE LIMITED,IN,GURGAON,ACTIVE,,,0.0,"only the search term matched, candidate Mars",yes,,,
894500WJ3VMLO1SWON64,ALI HUSSAIN COLD STORAGE AND GENERAL MILLS,IN,SAMBHAL,ACTIVE,,,0.0,"only the search term matched, candidate General Mills",yes,,,
98450090BTA7B4698028,ALX MARS S.R.L.,RO,Cluj-Napoca,ACTIVE,,,0.0,"only the search term matched, candidate Mars",yes,,,
984500011A2BF55F2466,AMAR RICE AND GENERAL MILLS,IN,Sangrur,ACTIVE,,,0.0,"only the search term matched, candidate General Mills",yes,,,
969500F0BBALUDIPQ114,AMBROSIA MARS 2026,FR,PARIS 9,INACTIVE,,,0.0,"only the search term matched, candidate Mars",not yet queried,,,
648827VF3DEL14U3F344,AMIT RICE & GENERAL MILLS,IN,Karnal,ACTIVE,,,0.0,"only the search term matched, candidate General Mills",yes,,,
96950063SHA7Z44Z5Q30,AMUNDI BEL 20 UCITS ETF,FR,PARIS,ACTIVE,,,0.0,"only the search term matched, candidate Bel",yes,,,
9598000BJYA05U4N6H77,ANDAMIOS BEL SL,ES,Alcañiz,ACTIVE,,,0.0,"only the search term matched, candidate Bel",yes,,,
894500RD47I6C6QRUF58,ANNAPURNA COLD STORAGE AND GENERAL MILLS,IN,"VILLAGE KARAURA , TEHSIL KHURJA",ACTIVE,,,0.0,"only the search term matched, candidate General Mills",yes,,,
335800JJ6YAMJ66BBH40,ANNPURNA RICE AND GENERAL MILLS,IN,JALANDHAR,ACTIVE,,,0.0,"only the search term matched, candidate General Mills",yes,,,
529900U4M877RD8GQM98,ANOVA Alternative Investments SICAV - Mars FX,LI,Vaduz,ACTIVE,,,0.0,"only the search term matched, candidate Mars",yes,,,
549300WSS1YD379LII22,ARCHER DANIELS MIDLAND FINANCE B.V.,NL,AMSTERDAM,INACTIVE,,,0.0,"only the search term matched, candidate Archer Daniels Midland",not yet queried,,,
RUCYPESWHN8REZB8G830,ARCHER DANIELS MIDLAND MASTER RETIREMENT TRUST,US,WILMINGTON,ACTIVE,,,0.0,"only the search term matched, candidate Archer Daniels Midland",yes,,,
549300UTIUJOVU9Q3U41,ARCHER DANIELS MIDLAND SPECIALTY INGREDIENTS B.V.,NL,AMSTERDAM,INACTIVE,,,0.0,"only the search term matched, candidate Archer Daniels Midland",not yet queried,,,
6488H8KL5XI107Q1X345,ARJAN COTTON GINNING AND GENERAL MILLS,IN,GOLUWALA,ACTIVE,,,0.0,"only the search term matched, candidate General Mills",yes,,,
969500XYYMAZP07HE692,ARKÉA DS- PREMIUM HORIZON MARS 2031,FR,LE RELECQ-KERHUON,ACTIVE,,,0.0,"only the search term matched, candidate Mars",yes,,,
529900IJ6T4P1O10R377,ARLA FOODS AMBA,DK,Viby,ACTIVE,,,0.0,"only the search term matched, candidate Arla Foods",yes,,,
9845002C3D856E63LD85,ARLA FOODS INGREDIENTS ENERGY A/S,DK,Viby J,ACTIVE,,,0.0,"only the search term matched, candidate Arla Foods",yes,,,
9845005A69P7B8EEC420,ARORA RICE & GENERAL MILLS,IN,FEROZEPUR,ACTIVE,,,0.0,"only the search term matched, candidate General Mills",yes,,,
9695006BI0E8ZTLU9O02,AUTOFOCUS CROISSANCE MARS 2015,FR,LE RELECQ-KERHUON,INACTIVE,,,0.0,"only the search term matched, candidate Mars",not yet queried,,,
969500JQLLCD2YK7PH69,AUTOFOCUS CROISSANCE MARS 2016,FR,LE RELECQ-KERHUON,INACTIVE,,,0.0,"only the search term matched, candidate Mars",not yet queried,,,
969500KGZOUGTND4KC02,AUTOFOCUS CROISSANCE MARS 2018,FR,LE RELECQ-KERHUON,INACTIVE,,,0.0,"only the search term matched, candidate Mars",not yet queried,,,
969500WSCL6G7HFE8N44,AUTOFOCUS FRANCE DÉVELOPPEMENT MARS 2025,FR,LE RELECQ-KERHUON,ACTIVE,,,0.0,"only the search term matched, candidate Mars",yes,,,
9695000QDLLDIZK6NG50,AUTOFOCUS PRO MARS 2017,FR,LE RELECQ-KERHUON,INACTIVE,,,0.0,"only the search term matched, candidate Mars",not yet queried,,,
9695006YCQ7FY4L7QQ24,AUTOFOCUS PRO MARS 2018,FR,LE RELECQ-KERHUON,INACTIVE,,,0.0,"only the search term matched, candidate Mars",not yet queried,,,
969500KKQD4WMCXQFK03,AUTOFOCUS RENDEMENT MARS 2015,FR,LE RELECQ-KERHUON,INACTIVE,,,0.0,"only the search term matched, candidate Mars",not yet queried,,,
969500MTTR7RPLWVRF33,AUTOFOCUS RENDEMENT MARS 2017,FR,LE RELECQ-KERHUON,INACTIVE,,,0.0,"only the search term matched, candidate Mars",not yet queried,,,
8945004F21VUEIC7F360,AUTOFOCUS RENDEMENT MARS 2019,FR,LE RELECQ KERHUON,INACTIVE,,,0.0,"only the search term matched, candidate Mars",not yet queried,,,
549300TXTAEC231QI949,AVBH BEL AIR LLC,US,Wilmington,ACTIVE,,,0.0,"only the search term matched, candidate Bel",yes,,,
335800T9AOYSHGQ9AG57,AZURE POWER MARS PRIVATE LIMITED,IN,NEW DELHI,ACTIVE,,,0.0,"only the search term matched, candidate Mars",yes,54930085G5UQETD7JX48,AZURE POWER GLOBAL LIMITED,MU
549300CM7NSYU2H2ZJ66,Aak Denmark A/S' Funktionærers Understøttelsesfond,DK,Aarhus,ACTIVE,,,0.0,"only the search term matched, candidate AAK",yes,,,
5493002RYE6DCOZES629,Aasegård v/Niels Chr. Balling Hansen,DK,Støvring,ACTIVE,,,0.0,"only the search term matched, candidate Novonesis",yes,,,
259400Q6O5X1GXK1R836,Adam Matuszny ADM,PL,Istebna,ACTIVE,,,0.0,"only the search term matched, candidate Archer Daniels Midland",yes,,,
549300SYLIJB76O7HF16,Adm. Selskabet 6. juni 2017 Aps,DK,Løsning,INACTIVE,,,0.0,"only the search term matched, candidate Archer Daniels Midland",not yet queried,,,
894500J49G5JHJHBBG08,Aldinea-Bel,BE,Antwerpen,ACTIVE,,,0.0,"only the search term matched, candidate Bel",yes,,,
5493005FUYBZ7SPO4797,Alexandre Mars,US,New York,ACTIVE,,,0.0,"only the search term matched, candidate Mars",yes,,,
259400HZQIZOGENRDX95,Alicja GRABACKA ADM,PL,ZAKOPANE,ACTIVE,,,0.0,"only the search term matched, candidate Archer Daniels Midland",yes,,,
39120055FYFHAGVYPN61,Amaggi Louis Dreyfus Zen-Noh Graos S.A.,BR,Luis Eduardo Magalhaes,ACTIVE,,,0.0,"only the search term matched, candidate Louis Dreyfus",yes,,,
7245009YPAPERXKBR415,Anne Bel B.V.,NL,Oegstgeest,ACTIVE,,,0.0,"only the search term matched, candidate Bel",yes,,,
IPM4485DP6UPEDA6V416,Aqua Mars Inc.,BS,Nassau,ACTIVE,,,0.0,"only the search term matched, candidate Mars",yes,,,
743700Z78BJKVK6YAU20,"Arkkitehtitoimisto MARS, avoin yhtiö",FI,VANTAA,INACTIVE,,,0.0,"only the search term matched, candidate Mars",not yet queried,,,
52990087Y7HAQJHSSH77,Arla Foods AB (publ),SE,Stockholm,NULL,,,0.0,"only the search term matched, candidate Arla Foods",not yet queried,,,
529900S36311EMZISY62,Arla Foods-koncernens gemensamma pensionsstiftelse,SE,GÖTEBORG,ACTIVE,,,0.0,"only the search term matched, candidate Arla Foods",yes,,,
254900CF8YNKIEUO2F25,Aujan Coca Cola Beverages Company Ltd,AE,Dubai,ACTIVE,,,0.0,"only the search term matched, candidate Coca-Cola",yes,,,
98450081Z8AB7F878F57,"Autodemontagebedrijf ""De Mars"" B.V.",NL,Zwolle,ACTIVE,,,0.0,"only the search term matched, candidate Mars",yes,,,
335800ST146S6G1UCQ85,BABU RAM RICE & GENERAL MILLS,IN,KAITHAL,ACTIVE,,,0.0,"only the search term matched, candidate General Mills",yes,,,
64888Z61WYTC10A75Y78,BAL KRISHAN RICE & GENERAL MILLS,IN,Karnal,ACTIVE,,,0.0,"only the search term matched, candidate General Mills",yes,,,
98450040C7C65A51AA88,BALADIA OIL AND GENERAL MILLS,IN,Hanumangarh,ACTIVE,,,0.0,"only the search term matched, candidate General Mills",yes,,,
9845007453D4Q0497307,BANSAL COTTON OIL & GENERAL MILLS,IN,SIRSA,ACTIVE,,,0.0,"only the search term matched, candidate General Mills",yes,,,
3358005LK3WEXXHECO89,BARRY CALLEBAUT COCOA & CHOCOLATE INGREDIENTS INDIA PRIVATE LIMITED,IN,PUNE,ACTIVE,,,0.0,"only the search term matched, candidate Barry Callebaut",yes,,,
213800V4LAZCD75SGB96,BARRY CALLEBAUT GLOBAL BUSINESS SERVICES INDIA LLP,IN,HYDERABAD,ACTIVE,,,0.0,"only the search term matched, candidate Barry Callebaut",yes,,,
3358003Y4VA52LWTJV20,BARRY CALLEBAUT INDIA PRIVATE LIMITED,IN,MUMBAI,INACTIVE,,,0.0,"only the search term matched, candidate Barry Callebaut",not yet queried,,,
984500FCZ6DE5936CD85,BEL & SONIA PTY LTD,AU,CAMMERAY,ACTIVE,,,0.0,"only the search term matched, candidate Bel",yes,,,
984500502ABF63FF0875,BEL - INVEST,BE,Hasselt,ACTIVE,,,0.0,"only the search term matched, candidate Bel",yes,,,
25490081KU9DOA5EQP45,"BEL 275 I, LLC",US,WILMINGTON,ACTIVE,,,0.0,"only the search term matched, candidate Bel",yes,,,
254900IO7ZVFJT8TZ223,"BEL 275 II, LLC",US,WILMINGTON,ACTIVE,,,0.0,"only the search term matched, candidate Bel",yes,,,
815600509348DEF41624,BEL A PRO S.R.L.,IT,FOGGIA,ACTIVE,,,0.0,"only the search term matched, candidate Bel",yes,,,
81560086BC0FCDB3E060,BEL AGRI SOCIETA' A RESPONSABILITA' LIMITATA,IT,CANDELA,ACTIVE,,,0.0,"only the search term matched, candidate Bel",yes,,,
9695006CEN4K9U1E9T10,BEL AIR,FR,SAINT-LAURENT-LA-CONCHE,ACTIVE,,,0.0,"only the search term matched, candidate Bel",yes,,,
969500PFAO8VH0YKY116,BEL AIR,FR,PARIS,ACTIVE,,,0.0,"only the search term matched, candidate Bel",yes,,,
9845003F1H005GD7AK74,BEL AIR,LU,Luxembourg,ACTIVE,,,0.0,"only the search term matched, candidate Bel",yes,,,
5493006HS2TZTA1JJ804,BEL AIR - TACTICAL COMMODITIES,LU,Luxembourg,INACTIVE,,,0.0,"only the search term matched, candidate Bel",not yet queried,,,
254900P3EKHWJ1I62H94,"BEL AIR 16TH, LP",US,Dallas,ACTIVE,,,0.0,"only the search term matched, candidate Bel",yes,,,
5493008AJF8PFUPUYE93,"BEL AIR ACADEMY, LLC",US,BALTIMORE,ACTIVE,,,0.0,"only the search term matched, candidate Bel",yes,,,
254900G58QBAPTJUQ254,BEL AIR AL PROPCO LLC,US,LEWES,ACTIVE,,,0.0,"only the search term matched, candidate Bel",yes,,,
549300YQRKXK71IIE089,"BEL AIR AT LAS COLINAS LL, LLC",US,WILMINGTON,INACTIVE,,,0.0,"only the search term matched, candidate Bel",not yet queried,,,
2549000EYEHYJOKBZ421,BEL AIR CREST MEZZ LLC,US,WILMINGTON,ACTIVE,,,0.0,"only the search term matched, candidate Bel",yes,,,
254900YH9ZIVYA04EF53,"BEL AIR CREST, LLC",US,WILMINGTON,ACTIVE,,,0.0,"only the search term matched, candidate Bel",yes,,,
549300MO8ZTFMI6UC379,BEL AIR DEN HAAG BEHEER B.V.,NL,AMSTERDAM,ACTIVE,,,0.0,"only the search term matched, candidate Bel",yes,,,
254900C0ZOSQ1P29JK73,"BEL AIR EQUIPMENT, LLC",US,GAITHERSBURG,ACTIVE,,,0.0,"only the search term matched, candidate Bel",yes,,,
95980033NPGWDKSL2X79,BEL AIR HOME SL,ES,ALICANTE,ACTIVE,,,0.0,"only the search term matched, candidate Bel",yes,,,
5493000SHGNUIZZJDU65,"BEL AIR INDUSTRIAL LL, LLC",US,WILMINGTON,ACTIVE,,,0.0,"only the search term matched, candidate Bel",yes,213800A4MPQ69BJNWI51,انفستكورب القابضة ش.م.ب (مقفلة),BH
969500EASWW65FTH9145,BEL AIR INFORMATIQUE,FR,LES ULIS,ACTIVE,,,0.0,"only the search term matched, candidate Bel",yes,,,
9845006B9B2A101F6A35,BEL AIR INVEST,FR,PARIS,ACTIVE,,,0.0,"only the search term matched, candidate Bel",yes,,,
549300B5EGKW6I9VR176,"BEL AIR INVESTORS, LLC",US,BALTIMORE,ACTIVE,,,0.0,"only the search term matched, candidate Bel",yes,,,
254900NTI7EU67JNP612,"BEL AIR MARKETPLACE, LLC",US,CAMDEN,ACTIVE,,,0.0,"only the search term matched, candidate Bel",yes,,,
549300FIX66BAZ147S58,"BEL AIR MULTI 20 LL, LLC",US,WILMINGTON,ACTIVE,,,0.0,"only the search term matched, candidate Bel",yes,213800A4MPQ69BJNWI51,انفستكورب القابضة ش.م.ب (مقفلة),BH
5493004MY3JCD7JV7Y69,"BEL AIR MULTI 200 LL, LLC",US,WILMINGTON,INACTIVE,,,0.0,"only the search term matched, candidate Bel",not yet queried,,,
549300FNCISO12YZQE11,"BEL AIR MULTI 30 LL, LLC",US,WILMINGTON,ACTIVE,,,0.0,"only the search term matched, candidate Bel",yes,213800A4MPQ69BJNWI51,انفستكورب القابضة ش.م.ب (مقفلة),BH
25490060772U9LJZ4W47,"BEL AIR OAKS, LP",US,Dallas,ACTIVE,,,0.0,"only the search term matched, candidate Bel",yes,,,
9695007L60MTTBSG7656,BEL AIR PARTICIPATIONS,FR,SAINT-ETIENNE,ACTIVE,,,0.0,"only the search term matched, candidate Bel",yes,,,
549300Z2NKY2O4U8NY13,BEL AIR PRESBYTERIAN CHURCH,US,LOS ANGELES,ACTIVE,,,0.0,"only the search term matched, candidate Bel",yes,,,
549300DV30FF8IHYTE06,"BEL AIR R&R BORROWER RANCH LL, LLC",US,WILMINGTON,INACTIVE,,,0.0,"only the search term matched, candidate Bel",not yet queried,,,
549300UKOKNQP7BB5G09,"BEL AIR R&R BORROWER RIDGE LL, LLC",US,WILMINGTON,INACTIVE,,,0.0,"only the search term matched, candidate Bel",not yet queried,,,
549300DICJHTNMJ5Y756,"BEL AIR SONIC, LLC",US,OAKLAND,ACTIVE,,,0.0,"only the search term matched, candidate Bel",yes,,,
96950012WWYZ2JFL7Q93,BEL AIR TRANSPORTS,FR,CHAMPIGNY-SUR-MARNE,ACTIVE,,,0.0,"only the search term matched, candidate Bel",yes,,,
8945004VZKYQOZP4DU57,BEL ALP SARL,FR,LA GARENNE-COLOMBES,ACTIVE,,,0.0,"only the search term matched, candidate Bel",yes,,,
25490023H73Q3QZL0H09,BEL AUSTRA MED,BE,Namur,ACTIVE,,,0.0,"only the search term matched, candidate Bel",yes,,,
549300QIC6HGY227V087,BEL CALVERT SPE LLC,US,WILMINGTON,ACTIVE,,,0.0,"only the search term matched, candidate Bel",yes,,,
959800074GZ83S0N1P04,BEL CANTO AIDA,LU,LUXEMBOURG,ACTIVE,,,0.0,"only the search term matched, candidate Bel",yes,,,
213800QBC37JYESC4831,BEL CANTO BOHEME FLEXIBLE ALLOCATION,LU,LUXEMBOURG,ACTIVE,,,0.0,"only the search term matched, candidate Bel",yes,,,
2138007238P2HUYFHN71,BEL CANTO CAESAR STRATEGIC ALLOCATION,LU,LUXEMBOURG,ACTIVE,,,0.0,"only the search term matched, candidate Bel",yes,,,
2221004LI99S3GTFJ407,BEL CANTO CARMEN,LU,LUXEMBOURG,ACTIVE,,,0.0,"only the search term matched, candidate Bel",yes,,,
222100FIDK85RKULC938,BEL CANTO ERNANI,LU,LUXEMBOURG,ACTIVE,,,0.0,"only the search term matched, candidate Bel",yes,,,
22210028RJ6JCHI4PE47,BEL CANTO FIDELIO DYNAMIC INCOME,LU,LUXEMBOURG,ACTIVE,,,0.0,"only the search term matched, candidate Bel",yes,,,
213800Z5DWWQ195QBE92,BEL CANTO GISELLE,LU,LUXEMBOURG,ACTIVE,,,0.0,"only the search term matched, candidate Bel",yes,,,
213800Z5DOV9USSLED55,BEL CANTO ISOLDA QUALITY US EQUITIES,LU,LUXEMBOURG,ACTIVE,,,0.0,"only the search term matched, candidate Bel",yes,,,
959800B4UNQFC4Y5AM59,BEL CANTO NABUCCO,LU,LUXEMBOURG,ACTIVE,,,0.0,"only the search term matched, candidate Bel",yes,,,
222100B2OL7P1FUIT269,BEL CANTO RIGOLETTO BEST IDEAS,LU,LUXEMBOURG,ACTIVE,,,0.0,"only the search term matched, candidate Bel",yes,,,
222100DLQXVOW4WRXD46,BEL CANTO SALOMÉ ENHANCED YIELD,LU,LUXEMBOURG,ACTIVE,,,0.0,"only the search term matched, candidate Bel",yes,,,
2138006F6BF76R12T258,BEL CANTO SICAV,LU,LUXEMBOURG,ACTIVE,,,0.0,"only the search term matched, candidate Bel",yes,,,
95980020140005541884,BEL CANTO SICAV - ERODIADE,LU,LUXEMBOURG,NULL,,,0.0,"only the search term matched, candidate Bel",not yet queried,,,
2138007FMYHVVST5VL87,BEL CANTO TROVATORE USD SHORT TERM FIXED INCOME,LU,LUXEMBOURG,ACTIVE,,,0.0,"only the search term matched, candidate Bel",yes,,,
959800B2CF91S152WK13,BEL CANTO TURANDOT,LU,LUXEMBOURG,ACTIVE,,,0.0,"only the search term matched, candidate Bel",yes,,,
815600DF2F9E7010CE67,BEL CAR SYSTEM - SOCIETA' A RESPONSABILITA' LIMITATA,IT,LIVORNO,ACTIVE,,,0.0,"only the search term matched, candidate Bel",yes,,,
549300B1Q5ZITCPH4A24,BEL CARROL SPE LLC,US,WILMINGTON,ACTIVE,,,0.0,"only the search term matched, candidate Bel",yes,,,
8156009FF8CA734F8022,BEL CHIMICA SRL,IT,AGLIANA,ACTIVE,,,0.0,"only the search term matched, candidate Bel",yes,,,
335800AHSHRLPUNSKH53,BEL CIBO HOSPITALITY PRIVATE LIMITED,IN,NEW DELHI,ACTIVE,,,0.0,"only the search term matched, candidate Bel",yes,,,
549300ELWMP60U1XF027,"BEL CIELO II APARTMENTS, LLC",US,BOISE,ACTIVE,,,0.0,"only the search term matched, candidate Bel",yes,,,
549300EO40GWQXTRKH24,BEL COLLINE,BE,BRAINE-L'ALLEUD,ACTIVE,,,0.0,"only the search term matched, candidate Bel",yes,,,
549300XESK0D53R2W616,BEL COMMUNITY HOUSING LLC,US,NEW YORK,ACTIVE,,,0.0,"only the search term matched, candidate Bel",yes,9DJT3UXIJIZJI4WXO774,BANK OF AMERICA CORPORATION,US
959800HT16C5JSBGXW44,BEL COMPOSITE IBERICA S.L.,ES,Fuente Álamo de Murcia,ACTIVE,,,0.0,"only the search term matched, candidate Bel",yes,,,
969500CKFJTX8DOA1Z46,BEL CONCEPT,FR,NIORT,ACTIVE,,,0.0,"only the search term matched, candidate Bel",yes,,,
98450077C7CE36ADUE47,BEL Consulting GmbH,DE,Neuensalz OT Zobes,ACTIVE,,,0.0,"only the search term matched, candidate Bel",yes,,,
969500U10WJXPA482Q11,BEL ECU,FR,NUEIL-LES-AUBIERS,ACTIVE,,,0.0,"only the search term matched, candidate Bel",yes,,,
969500W9RD0WRRTK9R23,BEL EPI INVEST,FR,PARIS,ACTIVE,,,0.0,"only the search term matched, candidate Bel",yes,,,
213800K6L5ZTOR981N72,BEL EQUITY EUROPE ESG,FR,PARIS,ACTIVE,,,0.0,"only the search term matched, candidate Bel",yes,,,
959800M8JR1G8A7FK567,"BEL ESTETICA XXI, S.L.",ES,Valladolid,ACTIVE,,,0.0,"only the search term matched, candidate Bel",yes,,,
969500TQAGFIOBPONE97,BEL FINANCES,FR,RENNES,ACTIVE,,,0.0,"only the search term matched, candidate Bel",yes,,,
815600AE07468E303A88,BEL FLOWERS S.R.L.,IT,PONTELONGO,ACTIVE,,,0.0,"only the search term matched, candidate Bel",yes,,,
81560069874C117D1E74,BEL GARDEN EUROPE S.R.L.,IT,MILANO,ACTIVE,,,0.0,"only the search term matched, candidate Bel",yes,,,
81560066AF79FD459058,BEL GARDEN S.R.L. IN LIQUIDAZIONE,IT,SIRTORI,ACTIVE,,,0.0,"only the search term matched, candidate Bel",yes,,,
254900IRLR6OVURHWC17,BEL HOLDING DK ApS,DK,Ikast,ACTIVE,,,0.0,"only the search term matched, candidate Bel",yes,,,
969500WGDT0EKS9CS577,BEL HORIZON,FR,NIMES,ACTIVE,,,0.0,"only the search term matched, candidate Bel",yes,,,
969500JS068XZQV8KA62,BEL HORIZON,FR,VANNES,ACTIVE,,,0.0,"only the search term matched, candidate Bel",yes,,,
894500QW0XJYH9467R37,BEL IAI AEROSYSTEMS PRIVATE LIMITED,IN,South Delhi,ACTIVE,,,0.0,"only the search term matched, candidate Bel",yes,,,
894500K71ZC0J72UMM66,BEL IMO,FR,Paris,ACTIVE,,,0.0,"only the search term matched, candidate Bel",yes,,,
699400TWJ9O0YO1JBH67,BEL INTRUM,BE,Sint-Jans-Molenbeek,ACTIVE,,,0.0,"only the search term matched, candidate Bel",yes,,,
984500B00473FA5A1073,BEL INVESTMENT AS,NO,STORD,ACTIVE,,,0.0,"only the search term matched, candidate Bel",yes,,,
549300X63F9FYXGUF174,BEL IS IMMO,BE,Charleroi,ACTIVE,,,0.0,"only the search term matched, candidate Bel",yes,,,
213800RNERZJ38A18D55,BEL ISLE INVESTMENTS LIMITED,IM,CASTLETOWN,INACTIVE,,,0.0,"only the search term matched, candidate Bel",not yet queried,,,
815600120D87765FAF43,BEL LAVELLO VI.GI. S.R.L.,IT,ROMA,ACTIVE,,,0.0,"only the search term matched, candidate Bel",yes,,,
549300CZ5LAOZE86UY90,"BEL LEASING, LLP",US,ELKHART,ACTIVE,,,0.0,"only the search term matched, candidate Bel",yes,,,
959800NM5CRSX3L1NJ10,"BEL LINEA RAJO, S.L.",ES,Lleida,ACTIVE,,,0.0,"only the search term matched, candidate Bel",yes,,,
959800NFZ1PQSKZXBX58,"BEL LORCA, S.L.",ES,"Alcázares, Los",ACTIVE,,,0.0,"only the search term matched, candidate Bel",yes,,,
875500JZKZ2O8FBIBN77,BEL MBA,BE,GREZ-DOICEAU,ACTIVE,,,0.0,"only the search term matched, candidate Bel",yes,,,
98450061C88FALCD5922,BEL OMBRE HOLDINGS LIMITED,GB,Bury St. Edmunds,ACTIVE,,,0.0,"only the search term matched, candidate Bel",yes,,,
815600EFC32059EDB519,BEL OMBRE S.R.L.,IT,SAN SALVO,ACTIVE,,,0.0,"only the search term matched, candidate Bel",yes,,,
969500XFZKPQX4BFV549,BEL OPTIC,FR,FERRIERE-SUR-BEAULIEU,ACTIVE,,,0.0,"only the search term matched, candidate Bel",yes,,,
335800TOAO5AXL5EIR27,BEL OPTRONIC DEVICES LIMITED,IN,PUNE,ACTIVE,,,0.0,"only the search term matched, candidate Bel",yes,335800HS8AOTM9W1F335,BHARAT ELECTRONICS LIMITED,IN
984500CF1BCO77S9D184,BEL PAL,BE,Grimbergen,ACTIVE,,,0.0,"only the search term matched, candidate Bel",yes,,,
335800785NRPXWEZED96,BEL PF TRUST,IN,BANGALORE,ACTIVE,,,0.0,"only the search term matched, candidate Bel",yes,,,
815600D181F5969D9B91,BEL POGGIO - SOCIETA IMMOBILIARE A RESPONSABILITA LIMITATA,IT,ROMA,INACTIVE,,,0.0,"only the search term matched, candidate Bel",not yet queried,,,
815600CA5032CC014895,BEL POWER S.R.L.,IT,BOLZANO,ACTIVE,,,0.0,"only the search term matched, candidate Bel",yes,,,
815600796CA22DE39523,BEL PROPERTIES S.P.A.,IT,MILANO,INACTIVE,,,0.0,"only the search term matched, candidate Bel",not yet queried,,,
549300AYJGQT6RRW3S75,"BEL Pierce, LLC",US,INDIANAPOLIS,ACTIVE,,,0.0,"only the search term matched, candidate Bel",yes,549300CZ5LAOZE86UY90,"BEL LEASING, LLP",US
969500UDCWPNODCGPE15,BEL RE,FR,SURESNES,ACTIVE,,,0.0,"only the search term matched, candidate Bel",yes,5493005GNGE7UFJCIL03,BEL,FR
984500B4D1C082994D52,BEL ROM SAPTRE SRL,RO,Bucureşti,ACTIVE,,,0.0,"only the search term matched, candidate Bel",yes,,,
506700J62QCHF76Y1J28,BEL Real Estate AG,CH,Fisibach,ACTIVE,,,0.0,"only the search term matched, candidate Bel",yes,,,
815600C06A2B987AB891,BEL SANTI DI DE CAROLIS GIUSEPPE SALVATORE,IT,SCAFATI,ACTIVE,,,0.0,"only the search term matched, candidate Bel",yes,,,
335800K1F3RQKIGBS931,BEL SCHOOL PROVIDENT FUND TRUST,IN,BANGALORE,ACTIVE,,,0.0,"only the search term matched, candidate Bel",yes,,,
815600E2A95B343A1A61,BEL SIT S.R.L.,IT,GABICCE MARE,ACTIVE,,,0.0,"only the search term matched, candidate Bel",yes,,,
815600E6E6B9D7BC8C46,BEL SIT SRL,IT,VALLE DI CADORE,ACTIVE,,,0.0,"only the search term matched, candidate Bel",yes,,,
815600767EA015818065,BEL SOGNO - SOCIETA' AGRICOLA S.R.L.,IT,POPPI,ACTIVE,,,0.0,"only the search term matched, candidate Bel",yes,,,
9845001CF7660AC40710,BEL TECHNOLOGY IT SERVICES PRIVATE LIMITED,IN,Jaipur,ACTIVE,,,0.0,"only the search term matched, candidate Bel",yes,,,
549300DUJEHYAOU8EU91,BEL TEMPO LLC,US,BELLEVUE,ACTIVE,,,0.0,"only the search term matched, candidate Bel",yes,,,
391200WB5LY4V211S845,BEL Vermögensverwaltung eGbR,DE,Hamburg,ACTIVE,,,0.0,"only the search term matched, candidate Bel",yes,,,
959800J5LV1GQ4JXSQ08,BEL Y CIA. 1842 S.A.,ES,Barcelona,ACTIVE,,,0.0,"only the search term matched, candidate Bel",yes,,,
259400F4PLXYWEKI6X34,BEL ZAG LTD,GB,PRESTON,INACTIVE,,,0.0,"only the search term matched, candidate Bel",not yet queried,,,
969500DT6OLJU65B8L71,BEL-AIR,FR,HEULAND,ACTIVE,,,0.0,"only the search term matched, candidate Bel",yes,,,
636700DSSQIX4ODM0B06,BEL-AIR BIDCO AS,NO,Rud,ACTIVE,,,0.0,"only the search term matched, candidate Bel",yes,,,
254900T0L9T567TZKB66,"BEL-AIR CAPITAL PARTNERS, LLC",US,Los Angeles,ACTIVE,,,0.0,"only the search term matched, candidate Bel",yes,,,
2138008W9INV99JF8496,"BEL-AIR CARTERA, SICAV, S.A.",ES,MADRID,ACTIVE,,,0.0,"only the search term matched, candidate Bel",yes,,,
984500C3F47363FC8H33,"BEL-AIR GROVES, LLC",US,Vero Beach,ACTIVE,,,0.0,"only the search term matched, candidate Bel",yes,,,
549300STUYVDIERU6N57,"BEL-AIR MANOR ASSOCIATES, LLC",US,STRATFORD,ACTIVE,,,0.0,"only the search term matched, candidate Bel",yes,,,
815600ACB61553A4AA61,BEL-AMI RISTORAZIONE SOCIETA' A RESPONSABILITA' LIMITATA IN BREV E BEL-AMI RISTORAZIONE S.R.L.,IT,MILANO,ACTIVE,,,0.0,"only the search term matched, candidate Bel",yes,,,
984500D11E611FA6HC80,BEL-AVENIR,FR,NEUILLY-SUR-SEINE,ACTIVE,,,0.0,"only the search term matched, candidate Bel",yes,,,
81560004AEB48AF00222,BEL-COL S.N.C. DI BELOTTI E C.,IT,CASTELLI CALEPIO,ACTIVE,,,0.0,"only the search term matched, candidate Bel",yes,,,
2221004I6H2GPDMRFE83,BEL-FA S.A.,LU,LUXEMBOURG,ACTIVE,,,0.0,"only the search term matched, candidate Bel",yes,,,
89450092KNZL0SF2B965,BEL-GAUFRE INC.,CA,QUEBEC,INACTIVE,,,0.0,"only the search term matched, candidate Bel",not yet queried,,,
81560061EAA975B6DF68,BEL-GO S.R.L.,IT,VARESE,ACTIVE,,,0.0,"only the search term matched, candidate Bel",yes,,,
391200MSEEC80SSIH140,BEL-Immo GmbH,DE,Zwickau,ACTIVE,,,0.0,"only the search term matched, candidate Bel",yes,,,
549300O310VQFMWDKH70,"BEL-JO ASSOCIATES, LLC.",US,LITTLE FERRY,ACTIVE,,,0.0,"only the search term matched, candidate Bel",yes,,,
549300E2BOACCDSGEH78,BEL-LAND,BE,MONS,ACTIVE,,,0.0,"only the search term matched, candidate Bel",yes,,,
8945006UIAGD2GTU2E27,BEL-MAR HOLDING AS,NO,FYLLINGSDALEN,ACTIVE,,,0.0,"only the search term matched, candidate Bel",yes,,,
549300CHYDZ8BS8JD517,BEL-PLAN-NET,BE,Etterbeek,ACTIVE,,,0.0,"only the search term matched, candidate Bel",yes,,,
549300RCOQT3QNC7P452,BEL-STAR S.A.,CO,Tocancipa,ACTIVE,,,0.0,"only the search term matched, candidate Bel",yes,549300YSU0WTY40ZOE40,"BELCORP BEAUTY, SA",ES
89450075FJ8VKHP7XW33,BEL-THALES SYSTEMS LIMITED,IN,Bangalore,ACTIVE,,,0.0,"only the search term matched, candidate Bel",yes,,,
96950054SW21CSBOCF82,BEL-VAL,FR,PARIS,ACTIVE,,,0.0,"only the search term matched, candidate Bel",yes,,,
549300VLT6PU21JEQT37,BEL=GO,BE,BRUSSELS,ACTIVE,,,0.0,"only the search term matched, candidate Bel",yes,,,
96950073WIZF0ONKGY62,BERCY CHAMP DE MARS,FR,PARIS,ACTIVE,,,0.0,"only the search term matched, candidate Mars",yes,969500PI25OKPKTD9364,CAISS REGIO CREDI AGRIC MUTUEL PARIS IDF,FR
984500F5F409D7EA2I12,BHAGWATI OIL AND GENERAL MILLS,IN,Bhiwani,ACTIVE,,,0.0,"only the search term matched, candidate General Mills",yes,,,
335800SPR1YQ3N6UHQ81,BHAGWATI RICE & GENERAL MILLS,IN,KAITHAL,ACTIVE,,,0.0,"only the search term matched, candidate General Mills",yes,,,
984500F72DB73F7QB938,BHAGWATI RICE AND GENERAL MILLS,IN,Sri Muktsar Sahib,ACTIVE,,,0.0,"only the search term matched, candidate General Mills",yes,,,
9845007AD51B99637D91,BHAGWATI ROLLER FLOUR & GENERAL MILLS,IN,KOTKAPURA,ACTIVE,,,0.0,"only the search term matched, candidate General Mills",yes,,,
3358005DNUEOH988VT62,BHARAT COLD STORAGE AND GENERAL MILLS,IN,SAMBHAL,ACTIVE,,,0.0,"only the search term matched, candidate General Mills",yes,,,
969500QKARQVUETQ2P02,BIOGAZ DE BEL AIR,FR,MALAKOFF,ACTIVE,,,0.0,"only the search term matched, candidate Bel",yes,,,
335800ORH41QFPHDZV91,BIRBHUM RICE & GENERAL MILLS,IN,BIRBHUM,ACTIVE,,,0.0,"only the search term matched, candidate General Mills",yes,,,
529900GK1X858EP70P89,"BOSIO FAMILY ESTATES S.R.L. AI FINI COMMERCIALI POTRA' ESSERE ID ENTIFICATA: ""C.B.S.R.L."", ""B.C. S.R.L."", ""B.B. S.R.L."", ""BFE S.r.l."", ""BOSIO S.R .L."", ""BEL COLLE S.R.L."" E ""LUCA BOSIO S.R.L.""",IT,Santo Stefano Belbo,ACTIVE,,,0.0,"only the search term matched, candidate Bel",yes,,,
5493002CEOTP6J6K8D97,BR MARS I MOTHER FUND,JP,CHIYODA KU,ACTIVE,,,0.0,"only the search term matched, candidate Mars",yes,,,
5493005MOP5U538B2T24,BRE/Mars Mezz 1 LLC,US,WILMINGTON,ACTIVE,,,0.0,"only the search term matched, candidate Mars",yes,,,
549300JVAS4B2ZG9DS67,BRE/Mars Mezz 2 LLC,US,Wilmington,ACTIVE,,,0.0,"only the search term matched, candidate Mars",yes,,,
549300UQIT9UVWIB4V87,BRE/Mars Property Owner LLC,US,Wilmington,ACTIVE,,,0.0,"only the search term matched, candidate Mars",yes,,,
549300M8NT71HWSNFJ63,BRE/Mars TRS LLC,US,Wilmington,ACTIVE,,,0.0,"only the search term matched, candidate Mars",yes,,,
335800J8BPUYSS231V46,BRITANNIA BEL FOODS PRIVATE LIMITED,IN,KOLKATA,ACTIVE,,,0.0,"only the search term matched, candidate Bel",yes,,,
549300FP2MUSBKMHJG93,"BUTTE HOUSE BEL AIR INVESTORS-II, L.P.",US,SACRAMENTO,ACTIVE,,,0.0,"only the search term matched, candidate Bel",yes,,,
549300UWXOXTMMN5E606,Bel Air - Fixed Income - Brazil,LU,Luxembourg,INACTIVE,,,0.0,"only the search term matched, candidate Bel",not yet queried,,,
549300LJGREDJ0CNH671,Bel Air - Fixed Income - Euro,LU,Luxembourg,INACTIVE,,,0.0,"only the search term matched, candidate Bel",not yet queried,,,
549300VLTBHZONNDJ696,Bel Air - Fixed Income - US Dollar,LU,Luxembourg,INACTIVE,,,0.0,"only the search term matched, candidate Bel",not yet queried,,,
5493003K6CFTI4IR3229,Bel Air - Fixed Income Asia,LU,Luxembourg,INACTIVE,,,0.0,"only the search term matched, candidate Bel",not yet queried,,,
549300CH1SO5QEKMDI54,Bel Air - Fixed Income CHF,LU,Luxembourg,INACTIVE,,,0.0,"only the search term matched, candidate Bel",not yet queried,,,
5493008DHM3WY1U0WO60,Bel Air - Product Strategy Dynamic EUR,LU,Luxembourg,INACTIVE,,,0.0,"only the search term matched, candidate Bel",not yet queried,,,
549300TGGH93710HSW38,Bel Air - Selection America,LU,Luxembourg,INACTIVE,,,0.0,"only the search term matched, candidate Bel",not yet queried,,,
549300NO4X5NTECYWU71,Bel Air - Selection Brazil,LU,Luxembourg,ACTIVE,,,0.0,"only the search term matched, candidate Bel",yes,,,
5493007UR0TGNXSLSV37,Bel Air - Selection Europe,LU,Luxembourg,INACTIVE,,,0.0,"only the search term matched, candidate Bel",not yet queried,,,
54930066XKU1UYXIRE42,Bel Air - Selection Greater China,LU,Luxembourg,INACTIVE,,,0.0,"only the search term matched, candidate Bel",not yet queried,,,
549300W3QYQMF5PNYE18,Bel Air - Selection Switzerland,LU,Luxembourg,INACTIVE,,,0.0,"only the search term matched, candidate Bel",not yet queried,,,
549300D312XV3GAX5P61,Bel Air - Tactical Commodities Energy,LU,Luxembourg,INACTIVE,,,0.0,"only the search term matched, candidate Bel",not yet queried,,,
549300GDWHUI0319TE64,Bel Air - Tactical Commodities Precious Metals,LU,Luxembourg,INACTIVE,,,0.0,"only the search term matched, candidate Bel",not yet queried,,,
549300MK3866B7BSDU05,Bel Air - Top Global Equity (USD),LU,Luxembourg,INACTIVE,,,0.0,"only the search term matched, candidate Bel",not yet queried,,,
549300LUMGOI4B2H6A94,Bel Air - Top High Growth Markets,LU,Luxembourg,INACTIVE,,,0.0,"only the search term matched, candidate Bel",not yet queried,,,
5493003OKG5RRNXITH12,Bel Air - Top Japan,LU,Luxembourg,INACTIVE,,,0.0,"only the search term matched, candidate Bel",not yet queried,,,
54930088BQBVTCKF9E51,Bel Air - Treasury Eur,LU,Luxembourg,INACTIVE,,,0.0,"only the search term matched, candidate Bel",not yet queried,,,
5493007K3UJ2C80PDI51,Bel Air - Treasury USD,LU,Luxembourg,INACTIVE,,,0.0,"only the search term matched, candidate Bel",not yet queried,,,
25490001AWLNMN80K670,"Bel Air Creekside, LLC",US,Dallas,ACTIVE,,,0.0,"only the search term matched, candidate Bel",yes,,,
549300S1218XAZBWLL68,"Bel Air Estates at Mulholland Drive, Inc.",US,Beverly Hills,ACTIVE,,,0.0,"only the search term matched, candidate Bel",yes,,,
254900Z4ZS6EQMHKV908,"Bel Air Estates, LLC",US,Wilmington,ACTIVE,,,0.0,"only the search term matched, candidate Bel",yes,,,
549300V7UCZ5MSZ64H27,Bel Air Hotel Holdings S.à r.l.,LU,Luxembourg,ACTIVE,,,0.0,"only the search term matched, candidate Bel",yes,,,
549300SKHC7BKS3FQ448,Bel Air Internet LLC,US,Camden,ACTIVE,,,0.0,"only the search term matched, candidate Bel",yes,,,
NO40BNHYVNFIGC4I4796,Bel Air Leasing Limited Partnership,US,Tucker,ACTIVE,,,0.0,"only the search term matched, candidate Bel",yes,,,
254900ACK4VEH7ELO138,"Bel Air Mall Realty Holding, LLC",US,Montgomery,ACTIVE,,,0.0,"only the search term matched, candidate Bel",yes,,,
9845006F879ACE6FV516,Bel Air Management,BE,Antwerpen,ACTIVE,,,0.0,"only the search term matched, candidate Bel",yes,,,
254900ISLHOXO90ZUN87,"Bel Air R&R Ranch, LLC",US,Camden,ACTIVE,,,0.0,"only the search term matched, candidate Bel",yes,,,
254900BX6BRVPGIA3W47,"Bel Air R&R Ridge, LLC",US,Camden,ACTIVE,,,0.0,"only the search term matched, candidate Bel",yes,,,
254900FQGTD4X99CU918,"Bel Air Springs, LLC",US,Wilmington,ACTIVE,,,0.0,"only the search term matched, candidate Bel",yes,,,
894500LSYGZODUPI8F19,Bel Air Verwaltungs GmbH,DE,Sasbachwalden,ACTIVE,,,0.0,"only the search term matched, candidate Bel",yes,,,
254900PKU7Y1ECUU0L70,"Bel Air West, LLC",US,Dallas,ACTIVE,,,0.0,"only the search term matched, candidate Bel",yes,,,
254900O7N3EPP0N9KJ76,"Bel Air on 25th, LLC",US,Wilmington,ACTIVE,,,0.0,"only the search term matched, candidate Bel",yes,,,
549300X1WRLCOMW2P290,"Bel Aire Center, LLC",US,Hailey,ACTIVE,,,0.0,"only the search term matched, candidate Bel",yes,,,
7437000FKZY7QS8B5L08,Bel Asunnot Oy,FI,HELSINKI,INACTIVE,,,0.0,"only the search term matched, candidate Bel",not yet queried,,,
724500M7H9O15EN4OT35,Bel Beheer B.V.,NL,Hardenberg,ACTIVE,,,0.0,"only the search term matched, candidate Bel",yes,,,
894500C8O970ZGVF6233,Bel Besuyen Beheer B.V.,NL,Heerhugowaard,ACTIVE,,,0.0,"only the search term matched, candidate Bel",yes,,,
549300K988AFCBOKDM49,"Bel Canto Foods, LLC",US,Albany,ACTIVE,,,0.0,"only the search term matched, candidate Bel",yes,,,
254900D4TVCXG3EO6G96,"Bel Cielo Apartments, LLC",US,COEUR D ALENE,ACTIVE,,,0.0,"only the search term matched, candidate Bel",yes,,,
549300UHPY6VWVKACU63,Bel Family Holdings Ltd.,VG,"Road Town, Tortola",ACTIVE,,,0.0,"only the search term matched, candidate Bel",yes,,,
2549009L4XYDBRRY6X39,Bel Fuse Inc.,US,WEST ORANGE,ACTIVE,,,0.0,"only the search term matched, candidate Bel",yes,,,
7245005D99NPFLG9JR20,Bel Futuro B.V.,NL,Dordrecht,ACTIVE,,,0.0,"only the search term matched, candidate Bel",yes,,,
8945006JPYTMK468OK95,Bel Horizon B.V.,NL,Leidschendam,ACTIVE,,,0.0,"only the search term matched, candidate Bel",yes,,,
894500UM4LMNODYZJO51,Bel Impex BV,NL,Nootdorp,ACTIVE,,,0.0,"only the search term matched, candidate Bel",yes,,,
72450065WNT7RTK5OO69,Bel Invest B.V.,NL,Arnhem,ACTIVE,,,0.0,"only the search term matched, candidate Bel",yes,,,
529900AAUPARENRHHI30,Bel Invest Immobilien GmbH & Co. Havel KG,DE,Berlin,ACTIVE,,,0.0,"only the search term matched, candidate Bel",yes,,,
529900A8TSB41VE9TU77,Bel Invest Immobilien GmbH&Co. Brüsseler Str. 25 KG,DE,Berlin,ACTIVE,,,0.0,"only the search term matched, candidate Bel",yes,,,
529900Q4MLNN2T2CQH42,Bel Invest Immobilien GmbH&Co. Investitions KG,DE,Berlin,ACTIVE,,,0.0,"only the search term matched, candidate Bel",yes,,,
254900F78GLHP19LNN61,Bel Lindo Apartments LLC,US,Wilmington,ACTIVE,,,0.0,"only the search term matched, candidate Bel",yes,,,
6994006RY4MR2VLPH553,Bel Living,BE,Brussel,ACTIVE,,,0.0,"only the search term matched, candidate Bel",yes,5493005E2GHATS0Z6J59,ACKERMANS & VAN HAAREN,BE
529900GR2Q7YDHUQFL84,Bel Mondo AG,LI,Eschen,ACTIVE,,,0.0,"only the search term matched, candidate Bel",yes,,,
254900ZNKR0HI5GHBY19,Bel Mondo Worldwide Limited,VG,Road Town,ACTIVE,,,0.0,"only the search term matched, candidate Bel",yes,,,
549300URUMOJQXRNW514,Bel Nordic AB,SE,Malmö,ACTIVE,,,0.0,"only the search term matched, candidate Bel",yes,5493005GNGE7UFJCIL03,BEL,FR
6994003A9GX4LSCL5N83,Bel Offices 1,BE,Brussel,ACTIVE,,,0.0,"only the search term matched, candidate Bel",yes,5493005E2GHATS0Z6J59,ACKERMANS & VAN HAAREN,BE
699400JD7UHBNITF7057,Bel Offices 2,BE,Brussel,ACTIVE,,,0.0,"only the search term matched, candidate Bel",yes,5493005E2GHATS0Z6J59,ACKERMANS & VAN HAAREN,BE
894500A1U81Y4ZX85Q69,Bel Ombre Properties Limited,GB,Swindon,ACTIVE,,,0.0,"only the search term matched, candidate Bel",yes,,,
2549000E2BWVTGWO4T68,Bel Parfum Distribution Limited,KZ,Astana,ACTIVE,,,0.0,"only the search term matched, candidate Bel",yes,,,
6994000PMVS6PPXKZI93,Bel Parking,BE,Brussel,ACTIVE,,,0.0,"only the search term matched, candidate Bel",yes,5493005E2GHATS0Z6J59,ACKERMANS & VAN HAAREN,BE
699400UU370HGG4UXL06,Bel Public,BE,Brussel,ACTIVE,,,0.0,"only the search term matched, candidate Bel",yes,5493005E2GHATS0Z6J59,ACKERMANS & VAN HAAREN,BE
699400FD9U0N9LX0F027,Bel Residential,BE,Brussel,ACTIVE,,,0.0,"only the search term matched, candidate Bel",yes,5493005E2GHATS0Z6J59,ACKERMANS & VAN HAAREN,BE
7245004NO2BRTBLTHH15,Bel Sogno B.V.,NL,'s-Gravenhage,INACTIVE,,,0.0,"only the search term matched, candidate Bel",not yet queried,,,
529900BZPXTFSC3U6X78,Bel Stewart GmbH,DE,Friedrichsdorf,ACTIVE,,,0.0,"only the search term matched, candidate Bel",yes,,,
699400RE6NZ5ROOBTG93,Bel Student Housing,BE,Brussel,ACTIVE,,,0.0,"only the search term matched, candidate Bel",yes,5493005E2GHATS0Z6J59,ACKERMANS & VAN HAAREN,BE
967600MR2RE72U58VG24,Bel a Venture,BE,Lasne,ACTIVE,,,0.0,"only the search term matched, candidate Bel",yes,,,
8945006Y1S30R1F24415,Bel&Main Immobilien GmbH,DE,Frankfurt am Main,ACTIVE,,,0.0,"only the search term matched, candidate Bel",yes,,,
549300NL8RJ4DJHEYP47,Bel-Ami Holdings Ltd.,VG,Road Town,ACTIVE,,,0.0,"only the search term matched, candidate Bel",yes,,,
549300N5VLYZI5U7FQ51,"Bel-East Partners, Inc.",US,REDMOND,ACTIVE,,,0.0,"only the search term matched, candidate Bel",yes,,,
724500Z82IY674K81V61,Bel-Have B.V.,NL,Bilthoven,ACTIVE,,,0.0,"only the search term matched, candidate Bel",yes,,,
72450007TEMLT0DIQT58,Bel-Have B.V.,NL,Wenum Wiesel,INACTIVE,,,0.0,"only the search term matched, candidate Bel",not yet queried,,,
2549007ZWYHCJPCI6K24,Bel-Mar AS,NO,Fyllingsdalen,ACTIVE,,,0.0,"only the search term matched, candidate Bel",yes,,,
724500PH8ZMC03URQE97,Bel-Parl B.V.,NL,Katwijk,ACTIVE,,,0.0,"only the search term matched, candidate Bel",yes,,,
259400XQ7PF8AACHDG89,Bel-Pol Spółka z ograniczoną odpowiedzialnością,PL,Świdnica,ACTIVE,,,0.0,"only the search term matched, candidate Bel",yes,,,
724500GJJQUDRDRBUB83,Beleggingsstudieclub Bel Lex,NL,Lexmond,ACTIVE,,,0.0,"only the search term matched, candidate Bel",yes,,,
5493005ITF2BYNBZHO51,Bengt Märs AB,SE,Göteborg,ACTIVE,,,0.0,"only the search term matched, candidate Mars",yes,,,
894500S7AN4NGJF43A41,Bharat Coca-Cola Overseas Holdings Pte Ltd,SG,Singapore,ACTIVE,,,0.0,"only the search term matched, candidate Coca-Cola",yes,,,
5493005DPGK1KBFUDY31,Bil Sweden Adm AB,SE,Stockholm,ACTIVE,,,0.0,"only the search term matched, candidate Archer Daniels Midland",yes,,,
254900LHVADKHNKLKY90,"C&C Bel Air, LLC",US,Baltimore,ACTIVE,,,0.0,"only the search term matched, candidate Bel",yes,,,
9845002F7DE0BE5E9031,C.R MARS & F.J MARS,AU,Moura,ACTIVE,,,0.0,"only the search term matched, candidate Mars",yes,,,
81560017C6932B4ADC68,CA & BEL S.R.L.,IT,MARINO,ACTIVE,,,0.0,"only the search term matched, candidate Bel",yes,,,
5493000SYIQJIYZLBL53,CABINET DENTAIRE BEL EVENT,BE,Schaerbeek,ACTIVE,,,0.0,"only the search term matched, candidate Bel",yes,,,
969500C9ROU82PN51O51,CABINET JEAN FRANCOIS BEL SARL,FR,MONTPELLIER,ACTIVE,,,0.0,"only the search term matched, candidate Bel",yes,,,
549300K3LNYGBP6XMC88,CAPITAL WOOLLEN & GENERAL MILLS,IN,PANIPAT,ACTIVE,,,0.0,"only the search term matched, candidate General Mills",yes,,,
875500SO1B0BHD9JP734,CARRO - BEL,BE,Ternat,ACTIVE,,,0.0,"only the search term matched, candidate Bel",yes,,,
549300G5K7S5LXWOHS03,CHR. P. HANSEN OG HUSTRUS FOND FORALMENVELGØRENDE FORMÅL,DK,Nykøbing Sj,ACTIVE,,,0.0,"only the search term matched, candidate Novonesis",yes,,,
2138007KQUI6Y7MX7D21,CLOSED JOINT STOCK COMPANY 'CAPITAL COM BEL',BY,MINSK,ACTIVE,,,0.0,"only the search term matched, candidate Bel",yes,,,
5493006A6J9DHGFZWD44,COCA - COLA HBC ΥΠΗΡΕΣΙΕΣ ΔΙΟΙΚΗΤΙΚΗΣ ΥΠΟΣΤΗΡΙΞΗΣ ΜΟΝΟΠΡΟΣΩΠΗ ΕΤΑΙΡΕΙΑ ΠΕΡΙΟΡΙΣΜΕΝΗΣ ΕΥΘΥΝΗΣ,GR,ΒΟΡΕΙΟΥ ΤΟΜΕΑ ΑΘΗΝΩΝ,ACTIVE,,,0.0,"only the search term matched, candidate Coca-Cola",yes,,,
9845005097E6C4R6FA91,COCA COLA BEVERAGES PAKISTAN LIMITED,PK,LAHORE,ACTIVE,,,0.0,"only the search term matched, candidate Coca-Cola",yes,,,
969500IS8WRZ2UI4XG31,COCA COLA DIVERSIFIE,FR,PARIS,ACTIVE,,,0.0,"only the search term matched, candidate Coca-Cola",yes,,,
549300JISEJRM85X0J88,COCA COLA FEMSA DE BUENOS AIRES S A,AR,BUENOS AIRES,ACTIVE,,,0.0,"only the search term matched, candidate Coca-Cola",yes,549300A8MDWDJNMLV153,FOMENTO ECONOMICO MEXICANO S A B DE C V,MX
5493006KW5GXWDVZGT98,COCA COLA FEMSA DE COSTA RICA SOCIEDAD ANONIMA,CR,San Jose,ACTIVE,,,0.0,"only the search term matched, candidate Coca-Cola",yes,549300A8MDWDJNMLV153,FOMENTO ECONOMICO MEXICANO S A B DE C V,MX
2138001RX2GJU8Y55C55,COCA COLA HBC NORTHERN IRELAND LIMITED SHARE INCENTIVE PLAN,GB,LONDON,ACTIVE,,,0.0,"only the search term matched, candidate Coca-Cola",yes,,,
33580051H1YGY6G27694,COCA COLA INDIA INC,IN,GURUGRAM,ACTIVE,,,0.0,"only the search term matched, candidate Coca-Cola",yes,,,
335800S9IH4ZCL5Z4F95,COCA COLA INDIA PRIVATE LIMITED,IN,PUNE,ACTIVE,,,0.0,"only the search term matched, candidate Coca-Cola",yes,UWJKFUJFZ02DKWI3RY53,THE COCA-COLA COMPANY,US
254900KFND8ZMPBD0Z72,"COCA- COLA FEMSA DE PANAMA, S.A.",PA,Panama City,ACTIVE,,,0.0,"only the search term matched, candidate Coca-Cola",yes,549300A8MDWDJNMLV153,FOMENTO ECONOMICO MEXICANO S A B DE C V,MX
549300U4QON34EX41I84,COCA-COLA 3E ΕΛΛΑΔΟΣ ΑΝΩΝΥΜΟΣ ΒΙΟΜΗΧΑΝΙΚΗ ΚΑΙ ΕΜΠΟΡΙΚΗ ΕΤΑΙΡΕΙΑ,GR,ΒΟΡΕΙΟΥ ΤΟΜΕΑ ΑΘΗΝΩΝ,ACTIVE,,,0.0,"only the search term matched, candidate Coca-Cola",yes,549300EFP3TNG7JGVE49,Coca-Cola HBC AG,CH
984500BAEC8SBBDD5F15,COCA-COLA BEVERAGES AFRICA,ZA,GQEBERHA,ACTIVE,,,0.0,"only the search term matched, candidate Coca-Cola",yes,UWJKFUJFZ02DKWI3RY53,THE COCA-COLA COMPANY,US
254900RDVOX9VDYE5B82,"COCA-COLA BEVERAGES NORTHEAST, INC.",US,WILMINGTON,ACTIVE,,,0.0,"only the search term matched, candidate Coca-Cola",yes,,,
5493008VD8YGJ2SO1S69,COCA-COLA CANADA BOTTLING LIMITED,CA,TORONTO,ACTIVE,,,0.0,"only the search term matched, candidate Coca-Cola",yes,,,
57VG5X0E00X0QJU7CQ58,"COCA-COLA CONSOLIDATED, INC.",US,WILMINGTON,ACTIVE,,,0.0,"only the search term matched, candidate Coca-Cola",yes,,,
549300VUVWGNUHYOLA93,COCA-COLA Credit Union,US,Atlanta,ACTIVE,,,0.0,"only the search term matched, candidate Coca-Cola",yes,,,
213800M9YT5NWZJOQL45,COCA-COLA ENTERPRISES PENSION SCHEME,GB,UXBRIDGE,ACTIVE,,,0.0,"only the search term matched, candidate Coca-Cola",yes,549300DQKWPLNR6F4371,COCA-COLA EUROPACIFIC PARTNERS GREAT BRITAIN LIMITED,GB
254900WWUT1W3HNJRT53,COCA-COLA EUROPACIFIC PARTNERS AUSTRALIA PTY LIMITED,AU,Sydney,ACTIVE,,,0.0,"only the search term matched, candidate Coca-Cola",yes,JOR7RJTXUXBRJ4UA5G70,Coca-Cola Europacific Partners API Pty Ltd,AU
54930062WWP79HVR5174,COCA-COLA EUROPACIFIC PARTNERS BELGIUM,BE,Anderlecht,ACTIVE,,,0.0,"only the search term matched, candidate Coca-Cola",yes,549300LTH67W4GWMRF57,COCA-COLA EUROPACIFIC PARTNERS PLC,GB
549300NT0RH71VJCP339,COCA-COLA EUROPACIFIC PARTNERS FRANCE,FR,ISSY-LES-MOULINEAUX,ACTIVE,,,0.0,"only the search term matched, candidate Coca-Cola",yes,549300LTH67W4GWMRF57,COCA-COLA EUROPACIFIC PARTNERS PLC,GB
549300DQKWPLNR6F4371,COCA-COLA EUROPACIFIC PARTNERS GREAT BRITAIN LIMITED,GB,Uxbridge,ACTIVE,,,0.0,"only the search term matched, candidate Coca-Cola",yes,,,
9598007XWQU7N4J5AL67,"COCA-COLA EUROPACIFIC PARTNERS IBERIA, S.L.",ES,Madrid,ACTIVE,,,0.0,"only the search term matched, candidate Coca-Cola",yes,549300LTH67W4GWMRF57,COCA-COLA EUROPACIFIC PARTNERS PLC,GB
254900EDVLPSH13GRE19,COCA-COLA EUROPACIFIC PARTNERS NEW ZEALAND LIMITED,NZ,Auckland,ACTIVE,,,0.0,"only the search term matched, candidate Coca-Cola",yes,JOR7RJTXUXBRJ4UA5G70,Coca-Cola Europacific Partners API Pty Ltd,AU
549300HJK3GGNH1F0F36,COCA-COLA EUROPACIFIC PARTNERS NORGE AS,NO,Lørenskog,ACTIVE,,,0.0,"only the search term matched, candidate Coca-Cola",yes,,,
549300LTH67W4GWMRF57,COCA-COLA EUROPACIFIC PARTNERS PLC,GB,Uxbridge,ACTIVE,,,0.0,"only the search term matched, candidate Coca-Cola",yes,,,
549300XCBUQB0SM7IQ35,COCA-COLA EUROPACIFIC PARTNERS SERVICES,BE,Anderlecht,ACTIVE,,,0.0,"only the search term matched, candidate Coca-Cola",yes,,,
549300ENONWW6ITUDC53,COCA-COLA EUROPACIFIC PARTNERS SERVICES EUROPE LIMITED,GB,Uxbridge,ACTIVE,,,0.0,"only the search term matched, candidate Coca-Cola",yes,549300LTH67W4GWMRF57,COCA-COLA EUROPACIFIC PARTNERS PLC,GB
549300Z9Y1KNUG54V212,"COCA-COLA EUROPACIFIC PARTNERS US II, LLC",US,WILMINGTON,ACTIVE,,,0.0,"only the search term matched, candidate Coca-Cola",yes,,,
636700TGNI90PNWCYA84,"COCA-COLA EUROPACIFIC PARTNERS US, LLC",US,WILMINGTON,ACTIVE,,,0.0,"only the search term matched, candidate Coca-Cola",yes,549300LTH67W4GWMRF57,COCA-COLA EUROPACIFIC PARTNERS PLC,GB
549300VL0ZZQR3MMTU71,"COCA-COLA FEMSA PHILIPPINES, INC.",PH,TAGUIG CITY,ACTIVE,,,0.0,"only the search term matched, candidate Coca-Cola",yes,549300A8MDWDJNMLV153,FOMENTO ECONOMICO MEXICANO S A B DE C V,MX
5493008KEVFYPMGTXO33,"COCA-COLA FEMSA, S.A.B. DE C.V.",MX,MEXICO CITY,ACTIVE,,,0.0,"only the search term matched, candidate Coca-Cola",yes,549300A8MDWDJNMLV153,FOMENTO ECONOMICO MEXICANO S A B DE C V,MX
549300K4P51ZN6YBMH96,COCA-COLA HBC B-H D.O.O. SARAJEVO,BA,HADŽICI,ACTIVE,,,0.0,"only the search term matched, candidate Coca-Cola",yes,549300EFP3TNG7JGVE49,Coca-Cola HBC AG,CH
549300C18UPMHC06WF40,COCA-COLA HBC CYPRUS LTD,CY,Λευκωσία,ACTIVE,,,0.0,"only the search term matched, candidate Coca-Cola",yes,,,
549300QWBZ0YNYO1DX58,COCA-COLA HBC HRVATSKA d.o.o.,HR,Zagreb,ACTIVE,,,0.0,"only the search term matched, candidate Coca-Cola",yes,,,
549300LHIX120K4B4F49,COCA-COLA HBC IRELAND LIMITED,IE,DUBLIN,ACTIVE,,,0.0,"only the search term matched, candidate Coca-Cola",yes,,,
549300DNROSXGGRT2J94,COCA-COLA HBC ITALIA S.R.L.,IT,Sesto San Giovanni,ACTIVE,,,0.0,"only the search term matched, candidate Coca-Cola",yes,,,
549300NZW4B1H1ZSJ163,COCA-COLA HBC NORTHERN IRELAND LIMITED,GB,Lisburn,ACTIVE,,,0.0,"only the search term matched, candidate Coca-Cola",yes,,,
549300RTNCOP8IX6VH30,COCA-COLA HBC POLSKA SPÓŁKA Z OGRANICZONĄ ODPOWIEDZIALNOŚCIĄ,PL,WARSZAWA,ACTIVE,,,0.0,"only the search term matched, candidate Coca-Cola",yes,,,
549300PVYBLL70P1WK04,COCA-COLA HBC ROMANIA SRL,RO,Sectorul 2,ACTIVE,,,0.0,"only the search term matched, candidate Coca-Cola",yes,,,
549300HCRJ1XPAUVR505,COCA-COLA HBC SLOVENIJA d.o.o.,SI,Ljubljana - Črnuče,ACTIVE,,,0.0,"only the search term matched, candidate Coca-Cola",yes,,,
549300XCQFN5IJTWH964,COCA-COLA HBC SRBIJA DOO BEOGRAD (ZEMUN),RS,BELGRADE,ACTIVE,,,0.0,"only the search term matched, candidate Coca-Cola",yes,549300EFP3TNG7JGVE49,Coca-Cola HBC AG,CH
549300OTZIZXWR6GSC86,"COCA-COLA HBC ČESKO A SLOVENSKO, S. R. O.",SK,BRATISLAVA,INACTIVE,,,0.0,"only the search term matched, candidate Coca-Cola",not yet queried,,,
549300X8ZB1GWSBMCI35,COCA-COLA HELLENIC PROCUREMENT GMBH,AT,WIEN,ACTIVE,,,0.0,"only the search term matched, candidate Coca-Cola",yes,549300EFP3TNG7JGVE49,Coca-Cola HBC AG,CH
2138007MRI6ND89YY940,COCA-COLA HOLDINGS AFRICA LIMITED,GB,LONDON,ACTIVE,,,0.0,"only the search term matched, candidate Coca-Cola",yes,UWJKFUJFZ02DKWI3RY53,THE COCA-COLA COMPANY,US
254900M1AMHU9C4SZE44,COCA-COLA INDIA INC.,US,WILMINGTON,ACTIVE,,,0.0,"only the search term matched, candidate Coca-Cola",yes,,,
3358005AVAKF3SVX1B46,COCA-COLA INDIA INC. PROVIDENT FUND,IN,GURUGRAM,ACTIVE,,,0.0,"only the search term matched, candidate Coca-Cola",yes,,,
984500D1HE3BTFABRA63,COCA-COLA INDONESIA,ID,SOUTH JAKARTA,ACTIVE,,,0.0,"only the search term matched, candidate Coca-Cola",yes,,,
549300FD0ELR6PSTM595,COCA-COLA REFRESHMENTS CANADA COMPANY/COMPAGNIE RAFRAÎCHISSEMENTS COCA-COLA CANADA,CA,HALIFAX,INACTIVE,,,0.0,"only the search term matched, candidate Coca-Cola",not yet queried,,,
5493003NS15MNWDSHZ63,COCA-COLA REINSURANCE SERVICES DESIGNATED ACTIVITY COMPANY,IE,DROGHEDA,ACTIVE,,,0.0,"only the search term matched, candidate Coca-Cola",yes,,,
7890004BVDVXQY7QUY18,COCA-COLA SATIŞ VE DAĞITIM ANONİM ŞİRKETİ,TR,İSTANBUL,ACTIVE,,,0.0,"only the search term matched, candidate Coca-Cola",yes,7890006LGARYVIPOJX03,ANADOLU EFES BİRACILIK VE MALT SANAYİİ ANONİM ŞİRKETİ,TR
789000WT80VVLUWJDK41,COCA-COLA İÇECEK ANONİM ŞİRKETİ,TR,İSTANBUL,ACTIVE,,,0.0,"only the search term matched, candidate Coca-Cola",yes,7890006LGARYVIPOJX03,ANADOLU EFES BİRACILIK VE MALT SANAYİİ ANONİM ŞİRKETİ,TR
969500BMWCIZIRN64W33,CORALIUM PEA MARS 2023,FR,PARIS,ACTIVE,,,0.0,"only the search term matched, candidate Mars",yes,,,
815600E5B6CBC41F7D79,CROMSOURCE ADM S.R.L.,IT,VERONA,INACTIVE,,,0.0,"only the search term matched, candidate Archer Daniels Midland",not yet queried,,,
254900PHIG0C7SBN6280,Care GSL Bel Air Propco LP,US,DOVER,ACTIVE,,,0.0,"only the search term matched, candidate Bel",yes,,,
549300ZLMMYVP7FFXT28,Chr P Hansen og Hustrus Kirkefondslegat 796 029155,DK,Nykøbing Sj,ACTIVE,,,0.0,"only the search term matched, candidate Novonesis",yes,,,
3912006N9YPCNZ59XB56,Chr. Hansen HMO GmbH,DE,Rheinbreitbach,ACTIVE,,,0.0,"only the search term matched, candidate Novonesis",yes,,,
549300DNPS2Q1T0HKY35,Chr. Hansen-Schmidts Nordborg- Ber Lin og Erwin og Birgitte Hansen-Sc Hmidt Berlin-Stockholms,DK,Sønderborg,INACTIVE,,,0.0,"only the search term matched, candidate Novonesis",not yet queried,,,
98450001F51F79BE9F16,Chr. P. Hansen VVS ApS,DK,Roskilde,ACTIVE,,,0.0,"only the search term matched, candidate Novonesis",yes,,,
5493009SOXYMCI6V8172,Christoffer Mars AB,SE,Upplands Väsby,ACTIVE,,,0.0,"only the search term matched, candidate Mars",yes,,,
391200NOI5DRON3SXF96,Club Bel Etage Berlin GmbH,DE,Berlin,INACTIVE,,,0.0,"only the search term matched, candidate Bel",not yet queried,,,
875500UF9SXJKSLXUZ90,Club Bel Etage Berlin GmbH,DE,Berlin,NULL,,,0.0,"only the search term matched, candidate Bel",not yet queried,,,
98450065A6048FMFB980,Coca-Cola Bangladesh Beverages Limited,BD,BHALUKA,ACTIVE,,,0.0,"only the search term matched, candidate Coca-Cola",yes,,,
549300J5HKWBU5B5QF27,"Coca-Cola Beverages Florida, LLC",US,Wilmington,ACTIVE,,,0.0,"only the search term matched, candidate Coca-Cola",yes,,,
254900KGXEJFRO8LF366,Coca-Cola Beverages South Africa (Pty) Limited,ZA,Olifantsfontein,ACTIVE,,,0.0,"only the search term matched, candidate Coca-Cola",yes,,,
5493004QFVPY3VJXQ624,Coca-Cola Bottling Company High Country,US,PIERRE,ACTIVE,,,0.0,"only the search term matched, candidate Coca-Cola",yes,,,
T01V3QIQ1IHAX3WD5J71,Coca-Cola Enterprises Master Trust for Defined Benefit Plans,US,Wilmington,ACTIVE,,,0.0,"only the search term matched, candidate Coca-Cola",yes,,,
B0QU0GIVGFFMCOP5RJ72,"Coca-Cola Enterprises, Inc.",US,Wilmington,INACTIVE,,,0.0,"only the search term matched, candidate Coca-Cola",not yet queried,,,
254900B0TWVO6GN5XT78,"Coca-Cola Europacific Aboitiz Philippines, Inc.",PH,TAGUIG CITY,ACTIVE,,,0.0,"only the search term matched, candidate Coca-Cola",yes,549300LTH67W4GWMRF57,COCA-COLA EUROPACIFIC PARTNERS PLC,GB
254900VVOPRJ64BHQK23,Coca-Cola Europacific Partners (Fiji) Pte Limited,FJ,Nasinu,ACTIVE,,,0.0,"only the search term matched, candidate Coca-Cola",yes,,,
JOR7RJTXUXBRJ4UA5G70,Coca-Cola Europacific Partners API Pty Ltd,AU,Sydney,ACTIVE,,,0.0,"only the search term matched, candidate Coca-Cola",yes,,,
549300VKGVYRNMLHXD71,Coca-Cola Europacific Partners Deutschland GmbH,DE,Berlin,ACTIVE,,,0.0,"only the search term matched, candidate Coca-Cola",yes,,,
549300WAH0GFREC7QV37,Coca-Cola Europacific Partners Nederland B.V.,NL,ROTTERDAM,ACTIVE,,,0.0,"only the search term matched, candidate Coca-Cola",yes,549300LTH67W4GWMRF57,COCA-COLA EUROPACIFIC PARTNERS PLC,GB
2549009DIU0PLG3BRY75,Coca-Cola Europacific Partners PLC Employee Benefit Trust,JE,St Helier,ACTIVE,,,0.0,"only the search term matched, candidate Coca-Cola",yes,,,
549300493V4MY3F2EU47,Coca-Cola Europacific Partners Sverige AB,SE,Haninge,ACTIVE,,,0.0,"only the search term matched, candidate Coca-Cola",yes,549300LTH67W4GWMRF57,COCA-COLA EUROPACIFIC PARTNERS PLC,GB
54930047KQEG5BE3MA33,Coca-Cola Europacific Partners Ísland ehf.,IS,Reykjavík,ACTIVE,,,0.0,"only the search term matched, candidate Coca-Cola",yes,549300LTH67W4GWMRF57,COCA-COLA EUROPACIFIC PARTNERS PLC,GB
549300EFP3TNG7JGVE49,Coca-Cola HBC AG,CH,Steinhausen,ACTIVE,,,0.0,"only the search term matched, candidate Coca-Cola",yes,,,
549300GHXBLFX8I07292,Coca-Cola HBC Austria GmbH,AT,Wien,ACTIVE,,,0.0,"only the search term matched, candidate Coca-Cola",yes,,,
549300BXVNOCYQ83FU09,Coca-Cola HBC Finance B.V.,NL,AMSTERDAM,ACTIVE,,,0.0,"only the search term matched, candidate Coca-Cola",yes,,,
549300WUOZGYG727UN92,Coca-Cola HBC Holdings B.V.,NL,AMSTERDAM,ACTIVE,,,0.0,"only the search term matched, candidate Coca-Cola",yes,,,
549300SZBJ24K44XTP37,Coca-Cola HBC Magyarország Kft.,HU,Dunaharaszti,ACTIVE,,,0.0,"only the search term matched, candidate Coca-Cola",yes,,,
549300DVT3H44EQLQY73,Coca-Cola HBC Schweiz AG,CH,Glattpark (Opfikon),ACTIVE,,,0.0,"only the search term matched, candidate Coca-Cola",yes,,,
549300FNEOLO4Y5HDH53,Coca-Cola HBC Sourcing B.V.,NL,AMSTERDAM,ACTIVE,,,0.0,"only the search term matched, candidate Coca-Cola",yes,,,
549300ORQH0BF3WEAL10,"Coca-Cola HBC Česko a Slovensko, s.r.o.",CZ,Praha,ACTIVE,,,0.0,"only the search term matched, candidate Coca-Cola",yes,549300XPHFT4B80RWU67,CC Beverages Holdings II B.V.,NL
254900S2HMWM850GOG77,Coca-Cola Kwanza Limited,TZ,Dar es Salaam,ACTIVE,,,0.0,"only the search term matched, candidate Coca-Cola",yes,,,
254900RY093KA1842148,Coca-Cola Namibia Bottling Company (Pty) Limited,NA,Windhoek,ACTIVE,,,0.0,"only the search term matched, candidate Coca-Cola",yes,,,
254900OM12MPDCDH3H35,Coca-Cola Sabco (East Africa) Limited,AE,Dubai,ACTIVE,,,0.0,"only the search term matched, candidate Coca-Cola",yes,984500BAEC8SBBDD5F15,COCA-COLA BEVERAGES AFRICA,ZA
254900FCM5VNDNGQVB77,Coca-Cola Sabco (Pty) Limited,ZA,GQEBERHA,ACTIVE,,,0.0,"only the search term matched, candidate Coca-Cola",yes,UWJKFUJFZ02DKWI3RY53,THE COCA-COLA COMPANY,US
894500RFQ4N8D7SODY72,Coca-Cola South Asia (India) Holdings Limited,HK,Hong Kong,ACTIVE,,,0.0,"only the search term matched, candidate Coca-Cola",yes,,,
254900H45F6PYTZGNM37,Coca-Cola Southwest Beverages LLC,US,WILMINGTON,ACTIVE,,,0.0,"only the search term matched, candidate Coca-Cola",yes,254900U2BSJCQHJCXN24,Arca Continental S.A.B. de C.V.,MX
875500Q43UZBBJK2HQ95,Consorcio Mars 2021 C.A.,VE,Caracas,ACTIVE,,,0.0,"only the search term matched, candidate Mars",yes,,,
7245002VUIWKNTPAK436,D. Bel Beheer B.V.,NL,Vlaardingen,ACTIVE,,,0.0,"only the search term matched, candidate Bel",yes,,,
2138006E19GV8YUBDV07,DANISH CROWN FLEISCH GMBH,DE,ESSEN,ACTIVE,,,0.0,"only the search term matched, candidate Danish Crown",yes,,,
89450059JKLUSTOAYX53,DEEP RICE & GENERAL MILLS,IN,Jagraon,ACTIVE,,,0.0,"only the search term matched, candidate General Mills",yes,,,
984500BCCEF903U07875,DESMESH RICE & GENERAL MILLS,IN,KAITHAL,ACTIVE,,,0.0,"only the search term matched, candidate General Mills",yes,,,
5493000JYDCDZKB1ST67,DIGITALIS MARS COMPANION FUND II LLC,US,WILMINGTON,ACTIVE,,,0.0,"only the search term matched, candidate Mars",yes,,,
549300LYFUMFOPZDTU96,"DIGITALIS MARS HEALTH FUND II, LLC",US,WILMINGTON,ACTIVE,,,0.0,"only the search term matched, candidate Mars",yes,,,
8755006O2HTLR6MMP371,DOCTEUR ADM,BE,TOURNAI,ACTIVE,,,0.0,"only the search term matched, candidate Archer Daniels Midland",yes,,,
747800H0WAQNIZV4EQ88,DRUŠTVO SA OGRANIČENOM ODGOVORNOŠĆU ZA KONSALTING BEL INVESTMENT SUBOTICA,RS,SUBOTICA,ACTIVE,,,0.0,"only the search term matched, candidate Bel",yes,,,
8945008D5YIGSOCQRZ23,DU DOMAINE BEL AIR,FR,violes,ACTIVE,,,0.0,"only the search term matched, candidate Bel",yes,,,
969500BA14JTXPXNMB42,DUMAS BEL OUVRAGE,FR,FONTAINEBLEAU,INACTIVE,,,0.0,"only the search term matched, candidate Bel",not yet queried,,,
894500OSVMEB4OJ1BP62,De Greef - De Mars bvba,BE,Londerzeel,ACTIVE,,,0.0,"only the search term matched, candidate Mars",yes,,,
391200D0MO02IXF1IT32,Dr. Arend Oetker Holding GmbH & Co. KG,DE,Bad Schwartau,ACTIVE,,,0.0,"only the search term matched, candidate Dr Oetker",yes,,,
5299004W7VTLPROHR533,Dr. August Oetker KG,DE,Bielefeld,ACTIVE,,,0.0,"only the search term matched, candidate Dr Oetker",yes,,,
529900JPYFF4555NRI80,Dr. August Oetker Stiftung,DE,Bielefeld,ACTIVE,,,0.0,"only the search term matched, candidate Dr Oetker",yes,,,
969500ZUL2LIQKIV6114,EARL BEL-AIR,FR,DOIX LES FONTAINES,ACTIVE,,,0.0,"only the search term matched, candidate Bel",yes,,,
969500ZUEHD3NDQF3U48,EARL DU BEL EVENT,FR,BOSC-LE-HARD,ACTIVE,,,0.0,"only the search term matched, candidate Bel",yes,,,
969500EMR99072T9EW83,EARL VINS BEL,FR,LUSSAC,ACTIVE,,,0.0,"only the search term matched, candidate Bel",yes,,,
9695006JN6UE4SKHZ160,ECOFI OBJECTIF MARS,FR,NANTERRE,ACTIVE,,,0.0,"only the search term matched, candidate Mars",yes,,,
81560060992776FFB520,EDIL GEA SRL,IT,MILANO,ACTIVE,,,0.0,"only the search term matched, candidate GEA Group",yes,,,
959800GFDT1FDVE1B497,EQUATORIAL COCA-COLA BOTTLING COMPANY S.L.,ES,Barcelona,ACTIVE,,,0.0,"only the search term matched, candidate Coca-Cola",yes,,,
959800VQAX2VFHBJ5Y55,ESTUDIO CARTOGRAFICO GEA SOCIEDAD ANONIMA,ES,San Juan de Aznalfarache,ACTIVE,,,0.0,"only the search term matched, candidate GEA Group",yes,,,
969500SVM8YO1Y610D61,EVOLEO PEA - MARS 2016,FR,PARIS 15,INACTIVE,,,0.0,"only the search term matched, candidate Mars",not yet queried,,,
9845001ED69C9F45J741,Eeelfte mars AB,SE,SOLNA,ACTIVE,,,0.0,"only the search term matched, candidate Mars",yes,,,
724500GTNT7TLIVUT174,Eres-Bel B.V.,NL,Vessem,INACTIVE,,,0.0,"only the search term matched, candidate Bel",not yet queried,,,
875500WKLZS2KMU58G83,Expert-Bel,BE,Binche,ACTIVE,,,0.0,"only the search term matched, candidate Bel",yes,,,
724500Y3RAS9NH7PZP98,F. de Bel Holding B.V.,NL,Rozenburg,ACTIVE,,,0.0,"only the search term matched, candidate Bel",yes,,,
529900DSFM8MPCC0E728,FERRER GEA SL,ES,Gandia,ACTIVE,,,0.0,"only the search term matched, candidate GEA Group",yes,,,
9598007RYLQ6AG2ZKC03,FILLS DE ROSES BEL S.L.,ES,Barcelona,ACTIVE,,,0.0,"only the search term matched, candidate Bel",yes,,,
9695001LHD0T1YSSQB58,FIN MARS,FR,LE BREUIL-EN-AUGE,ACTIVE,,,0.0,"only the search term matched, candidate Mars",yes,,,
969500T87UD5N7PO2F63,FINANCIERE DE BEL AIR,FR,LA CROIX-VALMER,ACTIVE,,,0.0,"only the search term matched, candidate Bel",yes,,,
969500N0KRCVRP9CDY94,FINANCIERE MARS,FR,VILLEBON-SUR-YVETTE,INACTIVE,,,0.0,"only the search term matched, candidate Mars",not yet queried,,,
549300SZA666WDONMH60,FINANCIÈRE DE BEL AIR SAS,FR,PARIS,INACTIVE,,,0.0,"only the search term matched, candidate Bel",not yet queried,,,
22210084GO1S6NH28Z90,FINANCIÈRE DU CHAMP DE MARS S.A.,LU,LUXEMBOURG,ACTIVE,,,0.0,"only the search term matched, candidate Mars",yes,9695009YHLBEVMOOCF13,BOLLORE PARTICIPATIONS SE,FR
259400CIM07XZRK0D590,FIRMA HANDLOWO USŁUGOWA ADM ANDRZEJ MAZUR,PL,WARSZAWA,ACTIVE,,,0.0,"only the search term matched, candidate Archer Daniels Midland",yes,,,
9695009HIOY63VCR1M37,FLY IN LE BEL AIR,FR,BOUC-BEL-AIR,ACTIVE,,,0.0,"only the search term matched, candidate Bel",yes,,,
969500LR1SU5AXZJPB08,FONDATION LOUIS DREYFUS,FR,PARIS,ACTIVE,,,0.0,"only the search term matched, candidate Louis Dreyfus",yes,,,
894500SSUVBOREK0P937,FONDS DE DOTATION BEL IDEAL,FR,Paris La Défense Cedex,ACTIVE,,,0.0,"only the search term matched, candidate Bel",yes,,,
969500PDGOBZA70M9367,FREY MARS PARTNERS,FR,BEZANNES,ACTIVE,,,0.0,"only the search term matched, candidate Mars",yes,,,
335800LQT8ET5A95I535,FROMAGERIES BEL INDIA PRIVATE LIMITED,IN,MUMBAI,ACTIVE,,,0.0,"only the search term matched, candidate Bel",yes,,,
254900TOF2CZHLG9QC25,Falcon Real Estate BEL S.à r.l.,LU,Strassen,ACTIVE,,,0.0,"only the search term matched, candidate Bel",yes,,,
391200VNCJ4H0FKH6753,Funding Solutions ADM Pensions GmbH,DE,Walldorf,ACTIVE,,,0.0,"only the search term matched, candidate Archer Daniels Midland",yes,,,
969500M4NEB6A6Q2P650,GAEC DE BEL OEUVRE,FR,MOULINS-SUR-ORNE,ACTIVE,,,0.0,"only the search term matched, candidate Bel",yes,,,
335800MWSE4MP6VCTB59,GAMBHIR RICE AND GENERAL MILLS,IN,YAMUNA NAGAR,ACTIVE,,,0.0,"only the search term matched, candidate General Mills",yes,,,
335800KPGKK1FYZG8230,GANGA RICE & GENERAL MILLS,IN,HANUMANGARH,ACTIVE,,,0.0,"only the search term matched, candidate General Mills",yes,,,
9845000XMCBYFEEB3F78,GARG COTTON & GENERAL MILLS,IN,SIRSA,ACTIVE,,,0.0,"only the search term matched, candidate General Mills",yes,,,
9598005ZSH313R3R6345,GEA & RUEDA DESARROLLOS INMOBILIARIOS SL,ES,Murcia,ACTIVE,,,0.0,"only the search term matched, candidate GEA Group",yes,,,
8156000C06B45088D209,GEA - GESTIONI AZIENDALI - SOCIETA' IN ACCOMANDITA SEMPLICE DI ELENA MENNINI,IT,ROMA,ACTIVE,,,0.0,"only the search term matched, candidate GEA Group",yes,,,
529900JSYE3M1VPNA362,GEA ATG UK HOLDINGS LIMITED,GB,Hereford,INACTIVE,,,0.0,"only the search term matched, candidate GEA Group",not yet queried,,,
529900B6G8IIXT9H8472,GEA BARR-ROSIN LIMITED,GB,Warrington,INACTIVE,,,0.0,"only the search term matched, candidate GEA Group",not yet queried,,,
984500079C9AF6C5AD24,GEA BGR ENERGY SYSTEM INDIA LIMITED,IN,Chennai,ACTIVE,,,0.0,"only the search term matched, candidate GEA Group",yes,,,
52990009BLFVKO1J4Q63,GEA CANADA INC.,CA,Boisbriand,INACTIVE,,,0.0,"only the search term matched, candidate GEA Group",not yet queried,,,
967600CY7J9JVOMM3A37,GEA CONSULTING GROUP,BE,Neupré,INACTIVE,,,0.0,"only the search term matched, candidate GEA Group",not yet queried,,,
815600A56EAE6F8D5220,GEA CONSULTING S.R.L.,IT,SAMBUCA DI SICILIA,ACTIVE,,,0.0,"only the search term matched, candidate GEA Group",yes,,,
8156007504BEEBCBB856,GEA CONSULTING S.R.L.,IT,SAN GIOVANNI TEATINO,ACTIVE,,,0.0,"only the search term matched, candidate GEA Group",yes,,,
529900QCNCUVVRQHHC86,GEA Canada Inc.,CA,Saint John,INACTIVE,,,0.0,"only the search term matched, candidate GEA Group",not yet queried,,,
549300OK8BRPLK50VT22,GEA Caribbean Export L.L.C.,US,Wilmington,ACTIVE,,,0.0,"only the search term matched, candidate GEA Group",yes,,,
5299009X14TJRTQFU420,GEA Colby Pty Ltd,AU,Blackburn,INACTIVE,,,0.0,"only the search term matched, candidate GEA Group",not yet queried,,,
529900NVRIDW1STP6H50,GEA Czech Republic s.r.o.,CZ,Praha 3,ACTIVE,,,0.0,"only the search term matched, candidate GEA Group",yes,,,
959800JWWM8GKXQWEL55,GEA DAIRY CENTER IBERIA SL,ES,Alcobendas,ACTIVE,,,0.0,"only the search term matched, candidate GEA Group",yes,,,
815600681F2339091006,GEA DEPURAZIONI INDUSTRIALI S.R.L.,IT,CASTEL GUELFO DI BOLOGNA,ACTIVE,,,0.0,"only the search term matched, candidate GEA Group",yes,,,
529900XTNA3LQ8JOVV28,GEA Diessel GmbH,DE,Hildesheim,INACTIVE,,,0.0,"only the search term matched, candidate GEA Group",not yet queried,,,
984500F4KBBE87D6A731,GEA EDUCATIVA SL,ES,MADRID,ACTIVE,,,0.0,"only the search term matched, candidate GEA Group",yes,,,
8156008338A8E32A9035,GEA ENERGY S.P.A.,IT,MILANO,ACTIVE,,,0.0,"only the search term matched, candidate GEA Group",yes,8156003FAE8A6B55BF55,LE PALE GIRANO S.R.L.,IT
815600F136E3F820CF16,GEA ENTERPRISE S.R.L.,IT,ROMA,ACTIVE,,,0.0,"only the search term matched, candidate GEA Group",yes,,,
635400XKLCV7YULCWW72,GEA ESTATE Ι.Κ.Ε.,GR,KARYSTOS,ACTIVE,,,0.0,"only the search term matched, candidate GEA Group",yes,,,
529900GAHYN3GV2MS296,GEA EUROTEK LIMITED,GB,London,INACTIVE,,,0.0,"only the search term matched, candidate GEA Group",not yet queried,,,
529900OAD7CLK63VUM23,GEA Engenharia de Processos e Sistemas Industriais Ltda.,BR,Campinas,INACTIVE,,,0.0,"only the search term matched, candidate GEA Group",not yet queried,,,
529900NPNMH0CLU8HB67,GEA Exergy AB,SE,Mölnlycke,INACTIVE,,,0.0,"only the search term matched, candidate GEA Group",not yet queried,,,
969500UPED9VRYREMH18,GEA FINANCES - GESTION EXPERTISE AUDIT FINANCES,FR,PARIS,ACTIVE,,,0.0,"only the search term matched, candidate GEA Group",yes,,,
64883O759PN28UVQ7Z90,GEA Finland Oy,FI,Helsinki,ACTIVE,,,0.0,"only the search term matched, candidate GEA Group",yes,,,
529900IT501M73XX5613,GEA Food Solutions Czech s.r.o.,CZ,Strašnice,INACTIVE,,,0.0,"only the search term matched, candidate GEA Group",not yet queried,,,
5299006BL7FNAYT2KS56,GEA Food Solutions International B.V. Magyarország Fióktelep,HU,Budaörs,ACTIVE,,,0.0,"only the search term matched, candidate GEA Group",yes,,,
529900TM245Q1DTID657,GEA Food Solutions Japan K.K.,JP,Tokyo,INACTIVE,,,0.0,"only the search term matched, candidate GEA Group",not yet queried,,,
5299008E2PP3QABVHT62,GEA Food Solutions Middle East FZE,AE,Dubai,ACTIVE,,,0.0,"only the search term matched, candidate GEA Group",yes,,,
5299002MJ5S3DDFXCQ36,GEA GOMMA - S.R.L.,IT,Castello d'Agogna,ACTIVE,,,0.0,"only the search term matched, candidate GEA Group",yes,,,
9695002SAP6O5BC9A872,GEA GRENOBLOISE ELECTRONIQUE AUTOMATISME,FR,MEYLAN,ACTIVE,,,0.0,"only the search term matched, candidate GEA Group",yes,,,
549300PHUU0ZZWO8EO07,GEA Group Aktiengesellschaft,DE,Düsseldorf,ACTIVE,,,0.0,"only the search term matched, candidate GEA Group",yes,,,
984500L1798C850C7979,GEA HOLIDAYS ΜΟΝΟΠΡΟΣΩΠΗ ΙΔΙΩΤΙΚΗ ΚΕΦΑΛΑΙΟΥΧΙΚΗ ΕΤΑΙΡΙΑ,GR,Heraklion,ACTIVE,,,0.0,"only the search term matched, candidate GEA Group",yes,,,
549300DSLRXCKBLIIQ14,"GEA Heat Exchangers, Inc.",US,Dover,ACTIVE,,,0.0,"only the search term matched, candidate GEA Group",yes,,,
894500GKNCFQNM54ZW48,GEA IMMOBILIARE S.R.L.,IT,MOTTA SANT'ANASTASIA,ACTIVE,,,0.0,"only the search term matched, candidate GEA Group",yes,,,
81560028246296B0DE78,GEA IMMOBILIARE S.R.L.,IT,Rimini,ACTIVE,,,0.0,"only the search term matched, candidate GEA Group",yes,,,
815600D5845672833C74,GEA IMMOBILIARE S.R.L.,IT,LASTRA A SIGNA,ACTIVE,,,0.0,"only the search term matched, candidate GEA Group",yes,,,
815600ED0E271F625E88,GEA INDUSTRIE ALIMENTARI S.R.L. SIGLABILE GEA S.R.L.,IT,MILANO,ACTIVE,,,0.0,"only the search term matched, candidate GEA Group",yes,8156004EB6D9797C5670,GF2 SOCIETA' A RESPONSABILITA' LIMITATA,IT
254900MN6MFE7NAURN45,GEA INTERNATIONAL FOUNDATION,PA,PANAMA,INACTIVE,,,0.0,"only the search term matched, candidate GEA Group",not yet queried,,,
984500380595F6H4EC11,GEA INVERSORES S.A.S.,CO,Copacabana,ACTIVE,,,0.0,"only the search term matched, candidate GEA Group",yes,,,
549300JK7QO359L51I63,GEA INVEST ApS,DK,Hellerup,ACTIVE,,,0.0,"only the search term matched, candidate GEA Group",yes,,,
213800D4S29OSYH4WF07,GEA INVESTMENT GROUP Α.Ε.,GR,MELISSIA,ACTIVE,,,0.0,"only the search term matched, candidate GEA Group",yes,,,
529900BQMU03X1IS4O48,GEA ISISAN TESİAT İNŞAAT TAAHÜT TİCARET VE SANAYİ ANONİM ŞİRKETİ,TR,Beşiktaş,ACTIVE,,,0.0,"only the search term matched, candidate GEA Group",yes,,,
959800NZL80EHHG63T12,GEA MEDIOAMBIENTE SL,ES,Murcia,ACTIVE,,,0.0,"only the search term matched, candidate GEA Group",yes,,,
5299006J0BFNA6J9LU83,GEA Mechanical Equipment Canada Inc.,CA,Saint John,INACTIVE,,,0.0,"only the search term matched, candidate GEA Group",not yet queried,,,
529900J0Z5DT10DF1666,GEA Messo GmbH,DE,Duisburg,INACTIVE,,,0.0,"only the search term matched, candidate GEA Group",not yet queried,,,
529900MDHK13AGIWIF26,GEA Nu-Con Limited,NZ,Auckland,INACTIVE,,,0.0,"only the search term matched, candidate GEA Group",not yet queried,,,
529900SSVWE7Q156XE17,GEA Nu-Con Manufacturing Limited,NZ,Northshore,INACTIVE,,,0.0,"only the search term matched, candidate GEA Group",not yet queried,,,
984500DDEC6B07CD6T79,GEA OIL TRADING DMCC,AE,Dubai,ACTIVE,,,0.0,"only the search term matched, candidate GEA Group",yes,,,
5299003SLYTT7XXIA305,GEA PHARMA SYSTEMS LIMITED,GB,Eastleigh,INACTIVE,,,0.0,"only the search term matched, candidate GEA Group",not yet queried,,,
529900YZ6FKJWW9YMG86,GEA POST-SERVICE Neckar-Alb GmbH,DE,Reutlingen,ACTIVE,,,0.0,"only the search term matched, candidate GEA Group",yes,,,
9598000PFYUX36FWHX72,GEA PRO INGENIERIA SOCIEDAD LIMITADA.,ES,Jaén,ACTIVE,,,0.0,"only the search term matched, candidate GEA Group",yes,,,
81560051260F28E69958,GEA PRO S.R.L.,IT,ALBIZZATE,ACTIVE,,,0.0,"only the search term matched, candidate GEA Group",yes,,,
335800H96S616D5CSZ76,GEA PROCESS ENGINEERING (INDIA) PRIVATE LIMITED,IN,VADODARA,ACTIVE,,,0.0,"only the search term matched, candidate GEA Group",yes,,,
529900Z0SQAN7IBHXR67,GEA PROCESS ENGINEERING NV,BE,Halle,NULL,,,0.0,"only the search term matched, candidate GEA Group",not yet queried,,,
815600CFD263EE60FA63,GEA PROFUMI S.R.L.,IT,TORINO,ACTIVE,,,0.0,"only the search term matched, candidate GEA Group",yes,,,
529900ZX6OWLY9HWKK23,GEA Process Engineering s.r.o.,CZ,Brno-střed,INACTIVE,,,0.0,"only the search term matched, candidate GEA Group",not yet queried,,,
549300506M0K76686Z21,"GEA Properties, LLC",US,Gastonia,ACTIVE,,,0.0,"only the search term matched, candidate GEA Group",yes,,,
529900XAENJST96EJ240,GEA REFRIGERATION COMPONENTS (NORDIC) A/S,DK,SKANDERBORG,INACTIVE,,,0.0,"only the search term matched, candidate GEA Group",not yet queried,,,
529900T9UG63R2VOYO64,GEA REFRIGERATION COMPONENTS (UK) LIMITED,GB,London,INACTIVE,,,0.0,"only the search term matched, candidate GEA Group",not yet queried,,,
8945001G6ZHHFYE6BB36,GEA RESTAURI S.R.L.,IT,ROMA,ACTIVE,,,0.0,"only the search term matched, candidate GEA Group",yes,,,
529900A8FC8X4BKZLX78,GEA Refrigeration Hong Kong Limited,HK,Hong Kong,INACTIVE,,,0.0,"only the search term matched, candidate GEA Group",not yet queried,,,
549300LVJQBF0JQ02H09,"GEA Refrigeration North America, Inc.",US,YORK,INACTIVE,,,0.0,"only the search term matched, candidate GEA Group",not yet queried,,,
8945005UBKJI5NNYQ515,GEA SEA CORPORATION,PA,Panama City,ACTIVE,,,0.0,"only the search term matched, candidate GEA Group",yes,,,
815600DE69EB3C3B6139,GEA SERVIZI S.R.L.,IT,MILANO,ACTIVE,,,0.0,"only the search term matched, candidate GEA Group",yes,,,
815600DA8E58F8F61253,GEA SERVIZI TECNOLOGICI S.R.L.,IT,PALERMO,ACTIVE,,,0.0,"only the search term matched, candidate GEA Group",yes,,,
8156009B0AACD5077B12,GEA SOCIETA' A RESPONSABILITA' LIMITATA,IT,TORINO,ACTIVE,,,0.0,"only the search term matched, candidate GEA Group",yes,,,
815600669D24647B9B91,GEA SOCIETA' AGRICOLA S.S. DI LUIGI NEGRI & C.,IT,NIBBIOLA,ACTIVE,,,0.0,"only the search term matched, candidate GEA Group",yes,,,
815600C6A07C52018874,GEA SOCIETA' COOPERATIVA SOCIALE,IT,TRAMONTI,ACTIVE,,,0.0,"only the search term matched, candidate GEA Group",yes,,,
81560015FC405418EB07,GEA SOCIETA' COOPERATIVA SOCIALE,IT,BARI,ACTIVE,,,0.0,"only the search term matched, candidate GEA Group",yes,,,
815600A288B658EE1730,GEA SOLUTION S.R.L.,IT,PONTEDERA,ACTIVE,,,0.0,"only the search term matched, candidate GEA Group",yes,,,
529900V3HL1M9HY0GF67,GEA SPITI SRL,IT,Castelfranco Veneto,ACTIVE,,,0.0,"only the search term matched, candidate GEA Group",yes,,,
815600639A2DA785A156,GEA SVILUPPO S.R.L.,IT,MILANO,ACTIVE,,,0.0,"only the search term matched, candidate GEA Group",yes,,,
529900FUFVBD7MTBHN44,GEA Systems Suisse AG,CH,Liestal,INACTIVE,,,0.0,"only the search term matched, candidate GEA Group",not yet queried,,,
529900HXJPQB4G5LXW12,GEA TDS GmbH,DE,Sarstedt,INACTIVE,,,0.0,"only the search term matched, candidate GEA Group",not yet queried,,,
984500536475B3H76A77,GEA TRUST,IT,VERONA,ACTIVE,,,0.0,"only the search term matched, candidate GEA Group",yes,,,
8156003C12F90F5A7A92,GEA WOOD ITALIA S.R.L.,IT,ROMA,ACTIVE,,,0.0,"only the search term matched, candidate GEA Group",yes,,,
9845006A3644FEA2F386,GEA WORLD S.R.L.,IT,ROMA,ACTIVE,,,0.0,"only the search term matched, candidate GEA Group",yes,,,
529900L4XH1KFLRFNQ96,GEA Westfalia Separator Japan K.K.,JP,Minato-ku,INACTIVE,,,0.0,"only the search term matched, candidate GEA Group",not yet queried,,,
5299004VAKRXGE6T4685,GEA Westfalia Separator NZ Limited,NZ,Auckland,INACTIVE,,,0.0,"only the search term matched, candidate GEA Group",not yet queried,,,
63670063V0HL8BNB5Z85,GEA konsult AB,SE,Hedemora,ACTIVE,,,0.0,"only the search term matched, candidate GEA Group",yes,,,
529900ZRBXP85KCD8V18,GEA mts flowtec AG,CH,Kirchberg BE,INACTIVE,,,0.0,"only the search term matched, candidate GEA Group",not yet queried,,,
74780020IAY5V43V4708,GEA revizija i poslovne usluge društvo s ograničenom odgovornošću,HR,Rijeka,ACTIVE,,,0.0,"only the search term matched, candidate GEA Group",yes,,,
98450068BACC59ZU7A06,GEA++ ARCHITETTURA S.R.L.,IT,Roma,ACTIVE,,,0.0,"only the search term matched, candidate GEA Group",yes,,,
335800933817WDBYSK69,GENERAL MILLS INDIA PRIVATE LIMITED STAFF PROVIDENT FUND,IN,MUMBAI,ACTIVE,,,0.0,"only the search term matched, candidate General Mills",yes,,,
2549006RJ9N2FORTAC86,GENERAL MILLS INDIA SERVICES PRIVATE LIMITED,IN,Mumbai,ACTIVE,,,0.0,"only the search term matched, candidate General Mills",yes,,,
549300URJ58VKEPGMZ18,"GEPIF III FEEDER ALTERNATIVE MARS, LLC",US,WILMINGTON,ACTIVE,,,0.0,"only the search term matched, candidate Mars",yes,,,
549300RP3FQYQBJU7C08,"GEPIF III MARS INVESTCO GP, LLC",US,WILMINGTON,ACTIVE,,,0.0,"only the search term matched, candidate Mars",yes,,,
549300C0IA1RCE6EUO53,"GEPIF III MARS INVESTCO, L.P.",US,WILMINGTON,ACTIVE,,,0.0,"only the search term matched, candidate Mars",yes,,,
959800WXX9NQU8REM146,"GESTION ESTUDIO Y AUDITORIA DE EMPRESAS GEA,S.L.",ES,Mora,ACTIVE,,,0.0,"only the search term matched, candidate GEA Group",yes,,,
894500YEK1BV3JW2UQ79,GFA DE LA FERME DE BEL AISE,FR,CAPPELLE EN PEVELE,ACTIVE,,,0.0,"only the search term matched, candidate Bel",yes,,,
9845006C1BGD45467665,GLORIOUS COLD STORAGE AND GENERAL MILLS,IN,SAMBHAL,ACTIVE,,,0.0,"only the search term matched, candidate General Mills",yes,,,
6488K0E9W4FN315BQ392,GOEL RICE & GENERAL MILLS,IN,JAITU,ACTIVE,,,0.0,"only the search term matched, candidate General Mills",yes,,,
2549002UU42MHG4VYL90,GOLDEN MARS HOLDINGS LIMITED,VG,Road Town,ACTIVE,,,0.0,"only the search term matched, candidate Mars",yes,,,
959800AXPG26RNDBVG97,GRAPPES RED BEL SL,ES,Murcia,ACTIVE,,,0.0,"only the search term matched, candidate Bel",yes,,,
959800ZHLKBLD5BK9734,"GRUP IFF FOPER, S.L.",ES,Lleida,ACTIVE,,,0.0,"only the search term matched, candidate International Flavors & Fragrances",yes,,,
8945003NHJEFB6PRPQ12,"GRUPO BEL, S.A.",PT,Carnaxide,ACTIVE,,,0.0,"only the search term matched, candidate Bel",yes,,,
254900SPCKGDHH99DQ74,GRUPO BEL-X SAPI DE CV,MX,Monterrey,ACTIVE,,,0.0,"only the search term matched, candidate Bel",yes,,,
959800NXGC7E113H8Y85,"GRUPO GEA RGS, SL",ES,Sevilla,ACTIVE,,,0.0,"only the search term matched, candidate GEA Group",yes,,,
815600401323FDD39416,GRUPPO GEA S.R.L.,IT,SAREZZO,ACTIVE,,,0.0,"only the search term matched, candidate GEA Group",yes,,,
549300IYKP1JFQE1MM68,GSPM NL-BEL BV,NL,ZWOLLE,INACTIVE,,,0.0,"only the search term matched, candidate Bel",not yet queried,,,
984500DF90BY50PF0679,GURU NANAK FLOUR AND GENERAL MILLS,IN,Patiala,ACTIVE,,,0.0,"only the search term matched, candidate General Mills",yes,,,
984500F2D3B1C74AA014,GURU TEG RICE & GENERAL MILLS,IN,Jalandhar,ACTIVE,,,0.0,"only the search term matched, candidate General Mills",yes,,,
549300FD7TWF8XFBXZ57,Galileo Vision Fund SPC - Mars Growth Fund SP,KY,George Town,ACTIVE,,,0.0,"only the search term matched, candidate Mars",yes,,,
724500BDHBOWOMCNWD90,Gea Beheer B.V.,NL,Abcoude,INACTIVE,,,0.0,"only the search term matched, candidate GEA Group",not yet queried,,,
1VRLS502NZ3SMVUCI777,General Mills Group Trust,US,Wilmington,ACTIVE,,,0.0,"only the search term matched, candidate General Mills",yes,,,
549300YBJZWWS7IY8192,General Mills Holding D (Netherlands) B.V.,NL,Amsterdam,INACTIVE,,,0.0,"only the search term matched, candidate General Mills",not yet queried,,,
7245007RMVY5CT7OF028,Girl From Mars B.V.,NL,Amsterdam,ACTIVE,,,0.0,"only the search term matched, candidate Mars",yes,,,
54930033E6ECMO2P3E22,Groupe Immobilier Bel-Rive Inc.,CA,Trois Rivieres,ACTIVE,,,0.0,"only the search term matched, candidate Bel",yes,,,
6488WBGST113D70B2175,H B COLD STORAGE & GENERAL MILLS,IN,Sambhal,ACTIVE,,,0.0,"only the search term matched, candidate General Mills",yes,,,
3358004QA8Q2BB37XQ43,H K COLD STORAGE & GENERAL MILLS,IN,SAMBHAL,ACTIVE,,,0.0,"only the search term matched, candidate General Mills",yes,,,
335800RRYOPUUX4YN329,HANUMAN RICE & GENERAL MILLS,IN,KAITHAL,ACTIVE,,,0.0,"only the search term matched, candidate General Mills",yes,,,
33580021APWG3BF32F09,HARVESTAL GENERAL MILLS PRIVATE LIMITED,IN,BULANDSHAHR,ACTIVE,,,0.0,"only the search term matched, candidate General Mills",yes,,,
984500D9BCBED12E1158,HARYANA FOOD & GENERAL MILLS,IN,Delhi,ACTIVE,,,0.0,"only the search term matched, candidate General Mills",yes,,,
959800HSU3F2M7YC5T75,HERMES GEA GESTION DE MUEBLES E INMUEBLES SL,ES,Madrid,ACTIVE,,,0.0,"only the search term matched, candidate GEA Group",yes,,,
549300XUZQPHEH3FND77,HESS (GEA) LIMITED,KY,George Town,ACTIVE,,,0.0,"only the search term matched, candidate GEA Group",yes,UASVRYNXNK17ULIGK870,HESS CORPORATION,US
335800EZY2GVIZA9M390,HINDUSTAN COCA-COLA BEVERAGES PRIVATE LIMITED,IN,GURUGRAM,ACTIVE,,,0.0,"only the search term matched, candidate Coca-Cola",yes,UWJKFUJFZ02DKWI3RY53,THE COCA-COLA COMPANY,US
335800IYHILV3IHKTV36,HINDUSTAN COCA-COLA BEVERAGES PVT.LTD.EMPLOYEES GROUP GRATUITY TRUST GRADE 8 AND ABOVE,IN,GURUGRAM,ACTIVE,,,0.0,"only the search term matched, candidate Coca-Cola",yes,,,
335800PUBQLTBGPC9C59,HINDUSTAN COCA-COLA BOTTLING GROUP PROVIDENT FUND TRUST,IN,GURUGRAM,ACTIVE,,,0.0,"only the search term matched, candidate Coca-Cola",yes,,,
335800C1KV5TPG2GEX70,HINDUSTAN COCA-COLA HOLDINGS PRIVATE LIMITED,IN,NEW DELHI,ACTIVE,,,0.0,"only the search term matched, candidate Coca-Cola",yes,UWJKFUJFZ02DKWI3RY53,THE COCA-COLA COMPANY,US
984500E0AB2F1DWA4F70,HYGIE BEL,BE,Auderghem,ACTIVE,,,0.0,"only the search term matched, candidate Bel",yes,,,
89450001DH34YFXYT009,Hari Oil and General Mills,IN,Mathura,ACTIVE,,,0.0,"only the search term matched, candidate General Mills",yes,,,
549300N780PVKF18I663,"Heartland Coca-Cola Bottling Company, LLC",US,Topeka,ACTIVE,,,0.0,"only the search term matched, candidate Coca-Cola",yes,,,
894500S5WR6QPPG77A65,Hindustan Coca-Cola Overseas Holdings Pte Ltd,SG,Singapore,ACTIVE,,,0.0,"only the search term matched, candidate Coca-Cola",yes,,,
984500B9E9DF71B7DK90,Holm Adm.,DK,Odense C,ACTIVE,,,0.0,"only the search term matched, candidate Archer Daniels Midland",yes,,,
894500VUSE2AMN80VR07,I BEL INFRA,IN,CHENNAI,ACTIVE,,,0.0,"only the search term matched, candidate Bel",yes,,,
6488I3EH2X188P7AZ433,"I.I.A.-BEL, INSTITUUT VAN INTERNE AUDITOREN-BELGIE - INSTITUT DES AUDITEURS INTERNES-BELGIQUE - INSTITUTEOF INTERNAL AUDITORS-BELGIUM",BE,Machelen (Brab.),ACTIVE,,,0.0,"only the search term matched, candidate Bel",yes,,,
815600121021535ACD35,IDRAULICA ADM DI DALMASO ANDREA,IT,VILLAFRANCA DI VERONA,INACTIVE,,,0.0,"only the search term matched, candidate Archer Daniels Midland",not yet queried,,,
815600DDE8DA2E252305,IDRAULICA ADM SRL,IT,VILLAFRANCA DI VERONA,ACTIVE,,,0.0,"only the search term matched, candidate Archer Daniels Midland",yes,,,
5299007RP7ZS6EOYBK66,IFF Beteiligungs GmbH,AT,Baden,ACTIVE,,,0.0,"only the search term matched, candidate International Flavors & Fragrances",yes,,,
8156003AB079E7381496,IFF EXPANSION FUND,IT,MILANO,ACTIVE,,,0.0,"only the search term matched, candidate International Flavors & Fragrances",yes,,,
335800W7T1M1RZ5IB149,IFF INDIA FROZEN FOODS PRIVATE LIMITED,IN,MORADABAD,ACTIVE,,,0.0,"only the search term matched, candidate International Flavors & Fragrances",yes,,,
3912000ZA0HYWTF3JU81,IFF Ingenieurgesellschaft für Fenster- und Fassadentechnik mbH,DE,Haan,INACTIVE,,,0.0,"only the search term matched, candidate International Flavors & Fragrances",not yet queried,,,
9845003D152FA8990U34,IFF Institut für Finanzielle Freiheit GmbH,DE,Ahrensburg,ACTIVE,,,0.0,"only the search term matched, candidate International Flavors & Fragrances",yes,,,
391200IA3JI6HUO5RD21,IFF Investments For Future GmbH,DE,Frankfurt am Main,ACTIVE,,,0.0,"only the search term matched, candidate International Flavors & Fragrances",yes,,,
52990026LYSEQDS9AF78,IFF Konsult AB Idé - Förändring - Förbättring,SE,Karlstad,ACTIVE,,,0.0,"only the search term matched, candidate International Flavors & Fragrances",yes,,,
549300IZWQX4GNHD6I51,IFF Luxar CV,LU,Bertrange,ACTIVE,,,0.0,"only the search term matched, candidate International Flavors & Fragrances",yes,,,
959800USWQ7XK1H28447,"IFF MURCIA NATURAL INGREDIENTS, S.L.U.",ES,Cartagena,ACTIVE,,,0.0,"only the search term matched, candidate International Flavors & Fragrances",yes,,,
549300CDLCW7WXS2BX37,IFF Nordic Ab,FI,Saltvik,ACTIVE,,,0.0,"only the search term matched, candidate International Flavors & Fragrances",yes,,,
98450057EB41D9TA0006,IFF OVERSEAS PRIVATE LIMITED,IN,INDORE,INACTIVE,,,0.0,"only the search term matched, candidate International Flavors & Fragrances",not yet queried,,,
335800MJ9UFCSUU82Y17,INDIA COLD STORAGE & GENERAL MILLS,IN,SAMBHAL,ACTIVE,,,0.0,"only the search term matched, candidate General Mills",yes,,,
33580061I7WQE2ASKB50,INDIA WIRE AND GENERAL MILLS PRIVATE LIMITED,IN,DELHI,ACTIVE,,,0.0,"only the search term matched, candidate General Mills",yes,,,
95980020140006001276,"INSPECCIONES TECNICAS Y PROYECTOS DE REHABILITACION ADM, S.L.",ES,Barcelona,INACTIVE,,,0.0,"only the search term matched, candidate Archer Daniels Midland",not yet queried,,,
549300B8KWXWMVBPPE74,INSTELLING VOOR BEDRIJFSPENSIOENVOORZIENING COCA-COLA EUROPACIFIC PARTNERS BELGIUM/COCA-COLA EUROPACIFIC PARTNERS SERVICES-KADERLEDEN OFP,BE,BRUSSELS,INACTIVE,,,0.0,"only the search term matched, candidate Coca-Cola",not yet queried,,,
984500D169E3BD4C1426,INTEGRATED RICE AND GENERAL MILLS PRIVATE LIMITED,IN,Chennai,ACTIVE,,,0.0,"only the search term matched, candidate General Mills",yes,,,
969500S19P5BX0UHNK13,INTENSEO 8 - MARS 2008,FR,PARIS 15,INACTIVE,,,0.0,"only the search term matched, candidate Mars",not yet queried,,,
9695001HL4R5VOYY5451,INTERNATIONAL FLAVORS & FRAGRANCES FRANCE HOLDING II,FR,NEUILLY-SUR-SEINE,INACTIVE,,,0.0,"only the search term matched, candidate International Flavors & Fragrances",not yet queried,,,
984500D7A10UC9B74C21,ISHWAR RICE AND GENERAL MILLS,IN,KAITHAL,ACTIVE,,,0.0,"only the search term matched, candidate General Mills",yes,,,
894500FTE0XAQFSP6F15,Iff - Das große Modehaus GmbH & Co. KG,DE,Gerolzhofen,ACTIVE,,,0.0,"only the search term matched, candidate International Flavors & Fragrances",yes,,,
391200G5B4EJSJI01136,Iff Liegenschaften GmbH & Co. KG,DE,Gerolzhofen,ACTIVE,,,0.0,"only the search term matched, candidate International Flavors & Fragrances",yes,,,
87550032EVUQUBJHOR71,Immo Mars 25,BE,hasselt,ACTIVE,,,0.0,"only the search term matched, candidate Mars",yes,,,
549300H11S339M430X79,Instelling voor Bedrijfspensioenvoorziening Coca-Cola Europacific Partners Belgium/Coca-Cola Europacific Partners Services Bedienden-Arbeiders OFP,BE,Anderlecht,INACTIVE,,,0.0,"only the search term matched, candidate Coca-Cola",not yet queried,,,
724500YOHUOMVERNOJ78,It Fryske Gea,NL,Olterterp,ACTIVE,,,0.0,"only the search term matched, candidate GEA Group",yes,,,
894500QR38SE86ZZP320,J M S COLD STORAGE & GENERAL MILLS LLP,IN,GURGAON,ACTIVE,,,0.0,"only the search term matched, candidate General Mills",yes,,,
9845004CD4765E07A192,J M S RICE & GENERAL MILLS,IN,Fatehabad,ACTIVE,,,0.0,"only the search term matched, candidate General Mills",yes,,,
724500E8IV8TNWXV3H23,J.E. Mars Beheer B.V.,NL,Barneveld,ACTIVE,,,0.0,"only the search term matched, candidate Mars",yes,,,
969500ZS8FM733V8AG27,JACOB BOYER TORROLLION IMMOBILIER - JBT IMMOBILIER,FR,GRENOBLE,ACTIVE,,,0.0,"only the search term matched, candidate JBT",yes,,,
648800KECIT1ZJHU0E26,JAGDAMBA COTTON AND GENERAL MILLS,IN,Hisar,ACTIVE,,,0.0,"only the search term matched, candidate General Mills",yes,,,
335800D8FS4FJZYKST97,JAI DURGA RICE & GENERAL MILLS,IN,KARNAL,ACTIVE,,,0.0,"only the search term matched, candidate General Mills",yes,,,
335800BDIOF9R68S6Y26,JAI GURUDEV RICE AND GENERAL MILLS,IN,HODAL,ACTIVE,,,0.0,"only the search term matched, candidate General Mills",yes,,,
984500F404811D7A4N43,JATINDER RICE AND GENERAL MILLS,IN,Jammu,ACTIVE,,,0.0,"only the search term matched, candidate General Mills",yes,,,
549300JFHMVBJ403TP21,JBT 2012 ApS,DK,Odense C,ACTIVE,,,0.0,"only the search term matched, candidate JBT",yes,,,
9845006AD5E85E3A6E43,JBT ACQUISITIONS AND FINANCE PTY LTD,AU,TUMBI UMBI,ACTIVE,,,0.0,"only the search term matched, candidate JBT",yes,,,
549300PLVPDUV4HGJY59,"JBT Bancorp, Inc.",US,Jonestown,ACTIVE,,,0.0,"only the search term matched, candidate JBT",yes,,,
724500VBT1TKVYURT169,JBT F&DS B.V.,NL,Amsterdam,INACTIVE,,,0.0,"only the search term matched, candidate JBT",not yet queried,,,
64884T7NM6TS4545YA12,JBT FOAMS PRIVATE LIMITED,IN,KARUR,ACTIVE,,,0.0,"only the search term matched, candidate JBT",yes,,,
7245006QLSL6YHTGUI65,JBT FTNON B.V.,NL,Hengelo,INACTIVE,,,0.0,"only the search term matched, candidate JBT",not yet queried,,,
724500F2S8C7IGG9X517,JBT Food & Dairy Systems B.V.,NL,Amsterdam,ACTIVE,,,0.0,"only the search term matched, candidate JBT",yes,,,
254900QH8NXGGQZM7149,JBT INVESTMENTS LIMITED,GB,Cambridge,ACTIVE,,,0.0,"only the search term matched, candidate JBT",yes,,,
648800S1BO17YKAP3K49,JBT Klokkehøj ApS,DK,Herning,ACTIVE,,,0.0,"only the search term matched, candidate JBT",yes,,,
724500PVJB9GGDZEZI27,JBT Netherlands B.V.,NL,Amsterdam,INACTIVE,,,0.0,"only the search term matched, candidate JBT",not yet queried,,,
335800EN4K3NWQX5JS64,JBT REALTY LLP,IN,PATNA,ACTIVE,,,0.0,"only the search term matched, candidate JBT",yes,,,
5493003WJWY5DR5SWG68,JBT REALTY TRUST,US,Pine Brook,ACTIVE,,,0.0,"only the search term matched, candidate JBT",yes,,,
549300UY56QOF4PDJF39,"JBT REALTY, LLC",US,HOBART,ACTIVE,,,0.0,"only the search term matched, candidate JBT",yes,,,
259400I9M5ERJ19LE653,JBT Spółka z ograniczoną odpowiedzialnością,PL,Lublin,ACTIVE,,,0.0,"only the search term matched, candidate JBT",yes,,,
9598005WZ4EAXST0GB50,JBT TEAM BCN S.L.,ES,Barcelona,ACTIVE,,,0.0,"only the search term matched, candidate JBT",yes,,,
9845008F3E9BFBVE7427,JBT TRADE,AE,Sharjah,ACTIVE,,,0.0,"only the search term matched, candidate JBT",yes,,,
3912003AB954648EXJ19,JBT UG (haftungsbeschränkt),DE,Neuenhaus,ACTIVE,,,0.0,"only the search term matched, candidate JBT",yes,,,
529900020MA3642JKC20,JBT Vermögensverwaltung GmbH,AT,Wien,ACTIVE,,,0.0,"only the search term matched, candidate JBT",yes,,,
894500U4VS4O6H0I9I65,JINDAL FLOUR & GENERAL MILLS,IN,BHIKHI,ACTIVE,,,0.0,"only the search term matched, candidate General Mills",yes,,,
984500LCEE4P02E4EF03,Jiwan Ram Cold Storage and General Mills,IN,Sambhal,ACTIVE,,,0.0,"only the search term matched, candidate General Mills",yes,,,
98450098DFB2CA785763,KAILASH RICE & GENERAL MILLS,IN,Kaithal,ACTIVE,,,0.0,"only the search term matched, candidate General Mills",yes,,,
335800BL6RB8KUI1FK66,KAILASH RICE AND GENERAL MILLS PRIVATE LIMITED,IN,KAPURTHALA,ACTIVE,,,0.0,"only the search term matched, candidate General Mills",yes,,,
335800SA4JAUMYTQHK43,KARUN RICE AND GENERAL MILLS,IN,KAITHAL,ACTIVE,,,0.0,"only the search term matched, candidate General Mills",yes,,,
894500FUH1384S1NRG22,KATARIA RICE AND GENERAL MILLS,IN,Karnal,ACTIVE,,,0.0,"only the search term matched, candidate General Mills",yes,,,
335800GSNOL9WB1Q3U27,KHANDELIA OIL AND GENERAL MILLS PRIVATE LIMITED,IN,CHANDIGARH,ACTIVE,,,0.0,"only the search term matched, candidate General Mills",yes,,,
335800ZIEG6MT5JWNH54,KOHINOOR RICE AND GENERAL MILLS,IN,MOGA,ACTIVE,,,0.0,"only the search term matched, candidate General Mills",yes,,,
549300WUZUO83LS8BV15,KRAFT HEINZ AMSTERDAM B.V.,NL,AMSTERDAM,ACTIVE,,,0.0,"only the search term matched, candidate Kraft Heinz",yes,,,
894500P1IJNUMRI4JT92,KRISHNA RICE & GENERAL MILLS,IN,KHATIMA,ACTIVE,,,0.0,"only the search term matched, candidate General Mills",yes,,,
969500RX2AEGAPF5S404,KUIPER COMPARTMENT 01 - BEL-AIR,FR,PARIS,ACTIVE,,,0.0,"only the search term matched, candidate Bel",yes,,,
33580074I5OJDTQGFW80,KUNDAN OIL AND GENERAL MILLS,IN,MANSA,ACTIVE,,,0.0,"only the search term matched, candidate General Mills",yes,,,
549300ZHQNZCBKGBNX13,"KW FUND V - LIV BEL-RED, LLC",US,WILMINGTON,ACTIVE,,,0.0,"only the search term matched, candidate Bel",yes,,,
549300TNU8P74E01QG26,Kraft Heinz Company Master Retirement Trust,US,Chicago,ACTIVE,,,0.0,"only the search term matched, candidate Kraft Heinz",yes,,,
549300BD77OFDW90OF53,Kraft Heinz Company Retiree Health & Welfare Benefits Trust III,US,Chicago,ACTIVE,,,0.0,"only the search term matched, candidate Kraft Heinz",yes,,,
5493004LH28376NAAD86,Kraft Heinz Defined Contribution Master Trust,US,Pittsburgh,ACTIVE,,,0.0,"only the search term matched, candidate Kraft Heinz",yes,,,
9845002BE3E6C99DCF17,Kraft Heinz Gustav C.V.,US,Pittsburg,ACTIVE,,,0.0,"only the search term matched, candidate Kraft Heinz",yes,,,
894500HM7J82LF3N2J55,LAKSHMI RICE & GENERAL MILLS,IN,Kapurthala,ACTIVE,,,0.0,"only the search term matched, candidate General Mills",yes,,,
89450051J0UXS4YJD996,LAKSHMI RICE AND GENERAL MILLS,IN,MACHHIWARA,ACTIVE,,,0.0,"only the search term matched, candidate General Mills",yes,,,
815600983B5106100818,LAURA MARS S.R.L.,IT,BOLOGNA,ACTIVE,,,0.0,"only the search term matched, candidate Mars",yes,,,
9695003AX48Q9YJ3DE97,LBP EUROCAP 100 MARS 2022,FR,PARIS 4,INACTIVE,,,0.0,"only the search term matched, candidate Mars",not yet queried,,,
969500BOKVBMIOS5AU33,LBP EUROCAP 90 MARS 2022,FR,PARIS 4,INACTIVE,,,0.0,"only the search term matched, candidate Mars",not yet queried,,,
969500U1LA7OON6HCX34,LBP EUROCAP PEA 90 MARS 2022,FR,PARIS 15,INACTIVE,,,0.0,"only the search term matched, candidate Mars",not yet queried,,,
969500NYMA5PNRAZB870,LBP EUROEXPO 1-3 MARS 2017,FR,PARIS 15,INACTIVE,,,0.0,"only the search term matched, candidate Mars",not yet queried,,,
9695001JM2UDPD5YF819,LBPAM 90 HORIZON MARS 2028,FR,PARIS,ACTIVE,,,0.0,"only the search term matched, candidate Mars",yes,,,
969500VGUQN1CHE3Z380,LBPAM ISR OBLI MARS 2028,FR,PARIS,ACTIVE,,,0.0,"only the search term matched, candidate Mars",yes,,,
9695007JOL5CW1ZDTQ44,LBPAM OBLI TRANSITION MARS 2032,FR,PARIS,ACTIVE,,,0.0,"only the search term matched, candidate Mars",yes,,,
969500KJTEUII80OSI19,LCL 3 HORIZONS MARS 2020 ECHU,FR,PARIS 15,INACTIVE,,,0.0,"only the search term matched, candidate Mars",not yet queried,,,
213800HWSME5JIRD2257,LCL ALTO (MARS 2023) ECHU,FR,PARIS,INACTIVE,,,0.0,"only the search term matched, candidate Mars",not yet queried,,,
9695003U0SV85867X288,LCL AUTOCALL MARS 2021 ECHU,FR,PARIS 15,INACTIVE,,,0.0,"only the search term matched, candidate Mars",not yet queried,,,
969500OS1XZMSC1U5B08,LCL AUTOCALL MARS 2022 ECHU,FR,PARIS,INACTIVE,,,0.0,"only the search term matched, candidate Mars",not yet queried,,,
213800YNVUJJR9KPCN14,LCL AUTOCALL MARS 2023 ECHU,FR,PARIS,ACTIVE,,,0.0,"only the search term matched, candidate Mars",yes,,,
969500DNSZKEJGN3SH74,LCL SECURITE 100 (MARS 2010) ECHU,FR,PARIS 15,INACTIVE,,,0.0,"only the search term matched, candidate Mars",not yet queried,,,
969500FGFWMHG23MBX24,LCL SECURITE 106 (MARS 2010) MONETARISE,FR,PARIS 15,INACTIVE,,,0.0,"only the search term matched, candidate Mars",not yet queried,,,
969500H9LVK2VAIL0O20,LCL TEMPO DUO MARS 2016 ECHU,FR,PARIS 15,INACTIVE,,,0.0,"only the search term matched, candidate Mars",not yet queried,,,
969500RKE7YQ94FC3Z21,LCL TRIPLE HORIZON (MARS 2012) ECHU,FR,PARIS 15,INACTIVE,,,0.0,"only the search term matched, candidate Mars",not yet queried,,,
969500D5MLCR5F69X091,LCL TRIPLE HORIZON (MARS 2012) MONETARISE,FR,PARIS 15,INACTIVE,,,0.0,"only the search term matched, candidate Mars",not yet queried,,,
9695000H9BBVKH5V6K45,LCL TRIPLE HORIZON MARS 2022 ECHU,FR,PARIS,INACTIVE,,,0.0,"only the search term matched, candidate Mars",not yet queried,,,
549300TCR0C5HPTZ1N45,LE GÎTE DU BEL ÂGE INC.,CA,Sherbrooke,ACTIVE,,,0.0,"only the search term matched, candidate Bel",yes,,,
213800843G2CDTCMRH53,LE MARS INVESTMENT HOLDINGS LIMITED,VG,ROAD TOWN,ACTIVE,,,0.0,"only the search term matched, candidate Mars",yes,,,
894500P0W6585D8SXK65,LEVERANDØRSELSKABET DANISH CROWN AMBA,DK,RANDERS,ACTIVE,,,0.0,"only the search term matched, candidate Danish Crown",yes,,,
254900KL78ZDQ81STD46,LGF Scale (Mars) Limited,KY,George Town,ACTIVE,,,0.0,"only the search term matched, candidate Mars",yes,,,
25490068LH5VSYFABV12,LGF Scale II (Mars) Limited,KY,George Town,ACTIVE,,,0.0,"only the search term matched, candidate Mars",yes,,,
549300YXHQICYJEFUG73,LH BEL-RED ONE LLC,US,KIRKLAND,ACTIVE,,,0.0,"only the search term matched, candidate Bel",yes,,,
549300D4FXEZT6QNT052,LIBERTY COCA-COLA BEVERAGES LLC,US,WILMINGTON,ACTIVE,,,0.0,"only the search term matched, candidate Coca-Cola",yes,5493007PNTWXTP6NF815,LIBERTY CC HOLDINGS LLC,US
96950092KDZA3TE6ZL82,LIFE ON MARS,FR,SURESNES,ACTIVE,,,0.0,"only the search term matched, candidate Mars",yes,,,
9695006WIVCNHZ6T6A98,LIFE ON MARS PRODUCTION,FR,PARIS,ACTIVE,,,0.0,"only the search term matched, candidate Mars",yes,,,
815600DC8468B9F8E810,LIFE ON MARS S.R.L.,IT,MILANO,ACTIVE,,,0.0,"only the search term matched, candidate Mars",yes,,,
969500SKI7J10C9OL126,LINK MULTIPLE BEL 2010,FR,PARIS 15,INACTIVE,,,0.0,"only the search term matched, candidate Bel",not yet queried,,,
969500EZH3YN7L1CSE23,LINK MULTIPLE BEL 2014,FR,PARIS,ACTIVE,,,0.0,"only the search term matched, candidate Bel",yes,,,
969500LBQQDL2VN38M83,LINK MULTIPLE BEL 2018,FR,PARIS,INACTIVE,,,0.0,"only the search term matched, candidate Bel",not yet queried,,,
9695009KAJ7N3PP9RQ88,LINK MULTIPLE BEL 2022,FR,PARIS,ACTIVE,,,0.0,"only the search term matched, candidate Bel",yes,,,
549300G8EX5UOXXDFM90,"LOUIS DREYFUS COMMODITIES (BEIJING) TRADING CO., LTD.",CN,BEIJING,ACTIVE,,,0.0,"only the search term matched, candidate Louis Dreyfus",yes,,,
54930033ZJG206G7SJ13,"LOUIS DREYFUS COMMODITIES (SHANGHAI) TRADING CO., LTD.",CN,SHANGHAI,ACTIVE,,,0.0,"only the search term matched, candidate Louis Dreyfus",yes,,,
549300R78BH4A0PN5N54,LOUIS DREYFUS COMMODITIES KENYA LIMITED,KE,MOMBASA,ACTIVE,,,0.0,"only the search term matched, candidate Louis Dreyfus",yes,,,
549300ALLWN6T16QKJ98,LOUIS DREYFUS COMMODITIES MEA TRADING DMCC,AE,DUBAI,ACTIVE,,,0.0,"only the search term matched, candidate Louis Dreyfus",yes,,,
213800MH241EMHKXOS91,LOUIS DREYFUS COMMODITIES MELBOURNE JVP PTY. LTD. & NAMCOTT MARKETING PTY LTD,AU,TOOWOOMBA,ACTIVE,,,0.0,"only the search term matched, candidate Louis Dreyfus",yes,,,
549300KMEET9FM6SAR70,LOUIS DREYFUS COMMODITIES NETHERLANDS HOLDING B.V.,NL,ROTTERDAM,INACTIVE,,,0.0,"only the search term matched, candidate Louis Dreyfus",not yet queried,,,
549300U6I44GOVU8TF28,LOUIS DREYFUS COMMODITIES SUISSE SA,CH,GENEVA,NULL,,,0.0,"only the search term matched, candidate Louis Dreyfus",not yet queried,,,
5493008FS2NKS2IB3209,LOUIS DREYFUS COMPANY AFRICA (PTY) LTD.,ZA,JOHANNESBURG,ACTIVE,,,0.0,"only the search term matched, candidate Louis Dreyfus",yes,,,
5493003YAYOVF75YJX53,LOUIS DREYFUS COMPANY AGRICULTURAL PRODUCTS LLC,US,Wilmington,ACTIVE,,,0.0,"only the search term matched, candidate Louis Dreyfus",yes,,,
549300WQML67RC7EEK97,LOUIS DREYFUS COMPANY AUSTRALIA HOLDINGS PTY LTD,AU,Newstead,ACTIVE,,,0.0,"only the search term matched, candidate Louis Dreyfus",yes,,,
549300S1ZTT7IYF05T31,LOUIS DREYFUS COMPANY AUSTRALIA PTY LTD,AU,Newstead,ACTIVE,,,0.0,"only the search term matched, candidate Louis Dreyfus",yes,,,
549300VENQLSFKQRK012,LOUIS DREYFUS COMPANY CANADA ULC,CA,VANCOUVER,ACTIVE,,,0.0,"only the search term matched, candidate Louis Dreyfus",yes,,,
254900CCSN9IX3Q2HD36,LOUIS DREYFUS COMPANY COLOMBIA S.A.S.,CO,BOGOTA,ACTIVE,,,0.0,"only the search term matched, candidate Louis Dreyfus",yes,,,
54930084QHMP71L85U38,LOUIS DREYFUS COMPANY DISTRIBUTION FRANCE SAS,FR,PARIS,ACTIVE,,,0.0,"only the search term matched, candidate Louis Dreyfus",yes,,,
529900J9F9G7KGHOCH15,LOUIS DREYFUS COMPANY EMERALD AUSTRALIA PTY LTD,AU,Abbotsford,ACTIVE,,,0.0,"only the search term matched, candidate Louis Dreyfus",yes,,,
213800Z7TELLET3L8F22,LOUIS DREYFUS COMPANY FOKTŐ KFT.,HU,FOKTO,ACTIVE,,,0.0,"only the search term matched, candidate Louis Dreyfus",yes,,,
549300Q7URT0A81LOG03,LOUIS DREYFUS COMPANY FREIGHT ASIA PTE. LTD.,SG,SINGAPORE,NULL,,,0.0,"only the search term matched, candidate Louis Dreyfus",not yet queried,,,
529900XJ2ZRT859J2W74,LOUIS DREYFUS COMPANY GRAINS AUSTRALIA PTY LTD,AU,Abbotsford,ACTIVE,,,0.0,"only the search term matched, candidate Louis Dreyfus",yes,,,
213800GA942GC9488127,LOUIS DREYFUS COMPANY HUNGARY KFT.,HU,BUDAPEST,ACTIVE,,,0.0,"only the search term matched, candidate Louis Dreyfus",yes,,,
213800QV8WPO6DXAGX92,LOUIS DREYFUS COMPANY HUNGARY LOGISZTIKAI KFT.,HU,BUDAPEST,ACTIVE,,,0.0,"only the search term matched, candidate Louis Dreyfus",yes,,,
5493009H6WF71PUHY067,LOUIS DREYFUS COMPANY JUICES HOLDING B.V.,NL,ROTTERDAM,ACTIVE,,,0.0,"only the search term matched, candidate Louis Dreyfus",yes,,,
5493001J1XOVRKMR1E54,LOUIS DREYFUS COMPANY JUICES SUISSE SA,CH,GENEVA,INACTIVE,,,0.0,"only the search term matched, candidate Louis Dreyfus",not yet queried,,,
98450007012B156CE768,LOUIS DREYFUS COMPANY PAKISTAN (PVT.) LIMITED,PK,KARACHI,ACTIVE,,,0.0,"only the search term matched, candidate Louis Dreyfus",yes,,,
549300G6W1JQH67RNV63,LOUIS DREYFUS COMPANY POLSKA SPÓŁKA Z OGRANICZONĄ ODPOWIEDZIALNOŚCIĄ,PL,WARSAW,ACTIVE,,,0.0,"only the search term matched, candidate Louis Dreyfus",yes,,,
259400Q5YCQ97IF8OQ65,LOUIS DREYFUS COMPANY POLSKA TRADING SPÓŁKA Z OGRANICZONĄ ODPOWIEDZIALNOŚCIĄ,PL,GDAŃSK,ACTIVE,,,0.0,"only the search term matched, candidate Louis Dreyfus",yes,,,
549300NGT64BNSIQ0G96,"LOUIS DREYFUS COMPANY PORTUGAL, LDA",PT,LISBON,INACTIVE,,,0.0,"only the search term matched, candidate Louis Dreyfus",not yet queried,,,
549300SUPF7E13VENP32,LOUIS DREYFUS COMPANY ROTTERDAM B.V.,NL,ROTTERDAM,INACTIVE,,,0.0,"only the search term matched, candidate Louis Dreyfus",not yet queried,,,
5493002LQV1DCOPQHR04,LOUIS DREYFUS COMPANY SILOS,FR,PARIS,ACTIVE,,,0.0,"only the search term matched, candidate Louis Dreyfus",yes,,,
549300UPBDL63RV5KX34,LOUIS DREYFUS COMPANY SUCOS S.A,BR,SAO PAULO,ACTIVE,,,0.0,"only the search term matched, candidate Louis Dreyfus",yes,,,
969500CQ88AIDO2WSE21,LOUIS DREYFUS LINES,FR,SURESNES,INACTIVE,,,0.0,"only the search term matched, candidate Louis Dreyfus",not yet queried,,,
33580023KCCLE8JUSK76,LUDHIANA FLOUR AND GENERAL MILLS PVT LTD,IN,LUDHIANA,ACTIVE,,,0.0,"only the search term matched, candidate General Mills",yes,,,
9845009C4FEA5052A187,LUNA MARS SUPER PTY LTD,AU,CARINGBAH,ACTIVE,,,0.0,"only the search term matched, candidate Mars",yes,,,
98450045B5B76382D288,LUXMI RICE & GENERAL MILLS,IN,Panchkula,ACTIVE,,,0.0,"only the search term matched, candidate General Mills",yes,,,
969500USSN0FNJNG3K47,LYCEE PROFESSIONNEL PRIVE BEL-AIR,FR,BAIE MAHAULT,ACTIVE,,,0.0,"only the search term matched, candidate Bel",yes,,,
724500V0ZRDDMN4SX083,Le Bel Air B.V.,NL,Muiden,ACTIVE,,,0.0,"only the search term matched, candidate Bel",yes,,,
254900TAFB8DWDAR5906,Logi-Bel Inc.,CA,Lac-Megantic,ACTIVE,,,0.0,"only the search term matched, candidate Bel",yes,,,
549300NHE6PJAM0LVP33,Louis Dreyfus Commodities,HN,San Pedro Sula,NULL,,,0.0,"only the search term matched, candidate Louis Dreyfus",not yet queried,,,
549300C72EZQ70Y4T372,Louis Dreyfus Commodities Honduras,HN,San Pedro Sula,ACTIVE,,,0.0,"only the search term matched, candidate Louis Dreyfus",yes,,,
5493007NDTMIQ5J6QS74,Louis Dreyfus Commodities Metals Asia Pte. Ltd.,SG,Singapore,ACTIVE,,,0.0,"only the search term matched, candidate Louis Dreyfus",yes,,,
5493004I4GZGIUUZ4033,Louis Dreyfus Commodities NA LLC,US,Wilton,ACTIVE,,,0.0,"only the search term matched, candidate Louis Dreyfus",yes,,,
894500IUPS3XWP0SR011,Louis Dreyfus Company Balkans S.R.L.,RO,Bucharest,ACTIVE,,,0.0,"only the search term matched, candidate Louis Dreyfus",yes,,,
549300O51XB0PMH4Z032,Louis Dreyfus Company Brasil S.A.,BR,Sao Paulo,ACTIVE,,,0.0,"only the search term matched, candidate Louis Dreyfus",yes,,,
549300XXR5XDUV2GUA48,Louis Dreyfus Company Wittenberg GmbH,DE,Lutherstadt Wittenberg,ACTIVE,,,0.0,"only the search term matched, candidate Louis Dreyfus",yes,,,
64889M0F9U3GMF46U752,M G COLD STORAGE & GENERAL MILLS,IN,Sambhal,ACTIVE,,,0.0,"only the search term matched, candidate General Mills",yes,,,
894500FSRJJ8CUX4Z927,M.I.I MARS INDUSTRIES ET INVESTISSEMENT,FR,SURESNES,ACTIVE,,,0.0,"only the search term matched, candidate Mars",yes,,,
3358007BOBX2PL9WNN68,M/S MARS HEALTH CARE,IN,LUCKNOW,ACTIVE,,,0.0,"only the search term matched, candidate Mars",yes,,,
984500487CC0EF504654,MAA AMBEY RICE AND GENERAL MILLS PRIVATE LIMITED,IN,HANUMANGARH,ACTIVE,,,0.0,"only the search term matched, candidate General Mills",yes,,,
3358004WFEQ1Y149GA12,MAA BALA SUNDRI RICE AND GENERAL MILLS,IN,KAITHAL,ACTIVE,,,0.0,"only the search term matched, candidate General Mills",yes,,,
335800RKLNQ1UH6WLS25,MAA SHRI KAILA DEVI COLD STORAGE AND GENERAL MILLS,IN,SAMBHAL,ACTIVE,,,0.0,"only the search term matched, candidate General Mills",yes,,,
89450039657GU3N8FP82,MAHA LUXMI COTTON & GENERAL MILLS,IN,Sri Ganganagar,ACTIVE,,,0.0,"only the search term matched, candidate General Mills",yes,,,
335800FTFVSVEAY7D571,MAHAN COLD STORAGE AND GENERAL MILLS,IN,SAMBHAL,ACTIVE,,,0.0,"only the search term matched, candidate General Mills",yes,,,
9845009A04DC7C4C8E64,MAHAVIR RICE AND GENERAL MILLS,IN,Karnal,ACTIVE,,,0.0,"only the search term matched, candidate General Mills",yes,,,
969500S1CREVB5NQK743,MAHONIA MARS 2027,FR,PARIS 9,INACTIVE,,,0.0,"only the search term matched, candidate Mars",not yet queried,,,
969500R3O6EILX17WP22,MARCAILLOU ADM,FR,PARIS,ACTIVE,,,0.0,"only the search term matched, candidate Archer Daniels Midland",yes,,,
549300U7DPB6M7FL1793,MARINA MARS SHIPPING PTE. LTD.,SG,SINGAPORE,ACTIVE,,,0.0,"only the search term matched, candidate Mars",yes,,,
984500L42538JD42E450,MARS & VENUS FABRICS PTY. LTD.,AU,ROUSE HILL,ACTIVE,,,0.0,"only the search term matched, candidate Mars",yes,,,
3358003N7SW2N7OTLB75,MARS (INDIA) ANTENNAS & RF SYSTEMS PRIVATE LIMITED,IN,KOLKATA,ACTIVE,,,0.0,"only the search term matched, candidate Mars",yes,,,
894500TJXXG9D04X9U59,MARS - SOCIETA A RESPONSABILITA LIMITATA E IN FORMA ABBREVIATA MA RS - S.R.L.,IT,Roma,ACTIVE,,,0.0,"only the search term matched, candidate Mars",yes,,,
254900IIR0LXZRBHSL81,"MARS - SOUTHPORT, LLC",US,Chicago,ACTIVE,,,0.0,"only the search term matched, candidate Mars",yes,,,
335800HM5RV2SGAKPX19,MARS 10 2025,IN,MUMBAI,ACTIVE,,,0.0,"only the search term matched, candidate Mars",yes,,,
549300T6GQKPKYBPUL36,MARS 10 UI,DE,Frankfurt am Main,INACTIVE,,,0.0,"only the search term matched, candidate Mars",not yet queried,,,
335800GCY4K7PMOU2A54,MARS 2025,IN,MUMBAI,ACTIVE,,,0.0,"only the search term matched, candidate Mars",yes,,,
815600FBEE7DA0AE4511,MARS 2600 S.R.L.,IT,CONEGLIANO,ACTIVE,,,0.0,"only the search term matched, candidate Mars",yes,,,
96950021BS3SXZ4TD280,MARS 31,FR,PEROLS,ACTIVE,,,0.0,"only the search term matched, candidate Mars",yes,,,
2549008XZ90U0MLZEM65,MARS A FUNDING PTY LTD,AU,SYDNEY,ACTIVE,,,0.0,"only the search term matched, candidate Mars",yes,,,
549300D73URZLO192G53,"MARS ACQUISITIONS, INC.",US,MIAMI,ACTIVE,,,0.0,"only the search term matched, candidate Mars",yes,,,
335800OB8NEKMMJFYH43,MARS ART AND CRAFT PRIVATE LIMITED,IN,JODHPUR,ACTIVE,,,0.0,"only the search term matched, candidate Mars",yes,,,
213800J1HT1UQ1PZQ653,MARS ASSET MANAGEMENT LIMITED SSAS,GB,BIRMINGHAM,ACTIVE,,,0.0,"only the search term matched, candidate Mars",yes,,,
335800MKE4DXISM42I79,MARS ASSOCIATES,IN,BANGALORE,ACTIVE,,,0.0,"only the search term matched, candidate Mars",yes,,,
894500VQ0G61Y1DJ0R88,MARS ASSOCIATES PRIVATE LIMITED,IN,New delhi,ACTIVE,,,0.0,"only the search term matched, candidate Mars",yes,,,
549300NISUTZCKJ6TQ11,MARS AUSTRALIA PTY LTD,AU,WODONGA,ACTIVE,,,0.0,"only the search term matched, candidate Mars",yes,,,
5493006K9J3OVPXZW688,MARS AUSTRIA OG,AT,BRUCK AN DER LEITHA,ACTIVE,,,0.0,"only the search term matched, candidate Mars",yes,,,
335800339WRE3RL4GZ15,MARS AVENUE,IN,MALAPPURAM,ACTIVE,,,0.0,"only the search term matched, candidate Mars",yes,,,
984500745Z2B6BB60852,MARS AVION DESIGNATED ACTIVITY COMPANY,IE,Dublin,ACTIVE,,,0.0,"only the search term matched, candidate Mars",yes,,,
529900AF77MRPJFZXO61,MARS Asset Management GmbH,DE,Bad Homburg,INACTIVE,,,0.0,"only the search term matched, candidate Mars",not yet queried,,,
549300IND4PVHODG3X06,MARS BELGIUM PENSION FUND,BE,ZAVENTEM,ACTIVE,,,0.0,"only the search term matched, candidate Mars",yes,,,
335800CO6EX9K6NKFU53,MARS BUILDERS,IN,BANGALORE,ACTIVE,,,0.0,"only the search term matched, candidate Mars",yes,,,
6488FEIL0BEC67155376,MARS BUILDERS AND DEVELOPERS,IN,Bengaluru,ACTIVE,,,0.0,"only the search term matched, candidate Mars",yes,,,
254900D57E0RIA7NOE57,MARS CAN LP,CA,TORONTO,ACTIVE,,,0.0,"only the search term matched, candidate Mars",yes,,,
98450080BF5E61106P43,MARS CAPITAL FINANCE IRELAND DESIGNATED ACTIVITY COMPANY,IE,Dublin,ACTIVE,,,0.0,"only the search term matched, candidate Mars",yes,,,
254900P2K5UW4ZOQOB81,MARS CAPITAL LLC,US,Pomona,ACTIVE,,,0.0,"only the search term matched, candidate Mars",yes,,,
9845005F7656984DDC43,MARS CAPITAL MANAGEMENT IRELAND DESIGNATED ACTIVITY COMPANY,IE,DUBLIN,ACTIVE,,,0.0,"only the search term matched, candidate Mars",yes,,,
984500AF88C6FF663F30,MARS CAPITAL MANAGEMENT PTE. LTD.,SG,SINGAPORE,ACTIVE,,,0.0,"only the search term matched, candidate Mars",yes,,,
9845008E6899458AA151,MARS CAPITAL PARTNERS I LIMITED PARTNERSHIP,JE,St. Helier,ACTIVE,,,0.0,"only the search term matched, candidate Mars",yes,,,
549300IIRVMH41LPJ253,MARS CAPITAL PARTNERS PTY LTD,AU,South Yarra,ACTIVE,,,0.0,"only the search term matched, candidate Mars",yes,,,
3358006MK25X7FU5BW67,MARS CAR CARE SERVICES PRIVATE LIMITED,IN,DELHI,ACTIVE,,,0.0,"only the search term matched, candidate Mars",yes,,,
959800E8RLH7WVDL3B89,MARS CARTERA SL,ES,Alcúdia,ACTIVE,,,0.0,"only the search term matched, candidate Mars",yes,,,
335800SAZUE9OAQ4I795,MARS CINEMAS,IN,MALAPPURAM,ACTIVE,,,0.0,"only the search term matched, candidate Mars",yes,,,
254900BD1IP3UAZKO018,MARS CL DOWNSTOP SUB LLC,US,WILMINGTON,ACTIVE,,,0.0,"only the search term matched, candidate Mars",yes,,,
9845005110E49438CU52,MARS CONSTRUCTION,IN,Bardhaman,ACTIVE,,,0.0,"only the search term matched, candidate Mars",yes,,,
984500485AE6FC4NBC21,MARS CONSTRUCTION,IN,Chennai,ACTIVE,,,0.0,"only the search term matched, candidate Mars",yes,,,
6488D0449BK7ZH0P6M50,MARS COSMETICS PRIVATE LIMITED,IN,Delhi,ACTIVE,,,0.0,"only the search term matched, candidate Mars",yes,,,
815600FFFC6DB6B39122,MARS COSTRUZIONI E RESTAURI S.R.L.,IT,CASERTA,ACTIVE,,,0.0,"only the search term matched, candidate Mars",yes,,,
8156005B444AA5D0B321,MARS COSTRUZIONI S.A.S. DI MARSILIANI LUIGI,IT,TERNI,ACTIVE,,,0.0,"only the search term matched, candidate Mars",yes,,,
9845006CCF3KUFAA9C09,MARS CREATIONS,IN,TIRUPPUR,ACTIVE,,,0.0,"only the search term matched, candidate Mars",yes,,,
2549009GNHJI6I0AM940,MARS Capital SA,CH,Geneva,ACTIVE,,,0.0,"only the search term matched, candidate Mars",yes,,,
335800BPQKP8Z6REE603,MARS DIA JEWELS LLP,IN,Mumbai,ACTIVE,,,0.0,"only the search term matched, candidate Mars",yes,,,
2138004SW777HAWFU169,MARS DISCRETIONARY TRUST,GB,LIVERPOOL,ACTIVE,,,0.0,"only the search term matched, candidate Mars",yes,,,
9845009P7D98ACFF6357,MARS DWELLERS PRIVATE LIMITED,IN,DELHI,ACTIVE,,,0.0,"only the search term matched, candidate Mars",yes,,,
33580086A7K8QDVBN314,MARS EDPAL INSTRUMENTS PRIVATE LIMITED,IN,AMBALA CANTT,ACTIVE,,,0.0,"only the search term matched, candidate Mars",yes,,,
6488U2I5SJ4THJ923390,MARS EDUCATIONAL TRUST,IN,ANANTNAG,ACTIVE,,,0.0,"only the search term matched, candidate Mars",yes,,,
549300WS8U6HFCE0MX67,MARS EMERGING MARKETS OPPORTUNITIES FUND IC,JE,ST HELIER,INACTIVE,,,0.0,"only the search term matched, candidate Mars",not yet queried,,,
9845007886B3RAFCE729,MARS ENGINEERS AND FABRICATORS,IN,Medchal Malkajgiri,ACTIVE,,,0.0,"only the search term matched, candidate Mars",yes,,,
254900AADN472HSV7C53,MARS ENTERPRISES & HOSPITALITY PRIVATE LIMITED,IN,MUMBAI,ACTIVE,,,0.0,"only the search term matched, candidate Mars",yes,,,
213800W8YDCHX19AQG18,MARS ESTATES LIMITED,VG,ROAD TOWN,ACTIVE,,,0.0,"only the search term matched, candidate Mars",yes,,,
9845007EDD5AAE89D428,MARS EXIM PRIVATE LIMITED,IN,LUDHIANA,ACTIVE,,,0.0,"only the search term matched, candidate Mars",yes,,,
335800FWGD7QC3MMBJ38,MARS EXPORTS,IN,AHMEDABAD,ACTIVE,,,0.0,"only the search term matched, candidate Mars",yes,,,
98450094DF875F960238,MARS EXPORTS AND IMPORTS,IN,GHAZIABAD,ACTIVE,,,0.0,"only the search term matched, candidate Mars",yes,,,
39120027AC2AZH0SQY59,MARS Entwicklungs- und Beteiligungsgesellschaft mbH,DE,Berlin,ACTIVE,,,0.0,"only the search term matched, candidate Mars",yes,,,
254900FORD1JF2GCHW89,"MARS FARMS, INC.",US,ALTON,ACTIVE,,,0.0,"only the search term matched, candidate Mars",yes,,,
96950035TNPVM0ESBG63,MARS FILMS,FR,ISSY-LES-MOULINEAUX,INACTIVE,,,0.0,"only the search term matched, candidate Mars",not yet queried,,,
2138009VSLL99KRTES90,MARS FINCO LIMITED,GB,BRENTWOOD,ACTIVE,,,0.0,"only the search term matched, candidate Mars",yes,,,
984500D42AE1F76CEB22,MARS FOODS INDONESIA PT,ID,Jakarta Selatan,ACTIVE,,,0.0,"only the search term matched, candidate Mars",yes,,,
335800AAGHMZ9SX3QB39,MARS FORGE PRIVATE LIMITED,IN,RAJKOT,ACTIVE,,,0.0,"only the search term matched, candidate Mars",yes,,,
259400PUWY2C9MSUEX29,MARS FUNDUSZ INWESTYCYJNY ZAMKNIĘTY W LIKWIDACJI,PL,WARSZAWA,ACTIVE,,,0.0,"only the search term matched, candidate Mars",yes,,,
98450000DNAR8D85BD60,MARS FURNISHING INDIA PRIVATE LIMITED,IN,Delhi,ACTIVE,,,0.0,"only the search term matched, candidate Mars",yes,,,
335800LMMJDB1KI7YV52,MARS GARMENTS,IN,TIRUPUR,ACTIVE,,,0.0,"only the search term matched, candidate Mars",yes,,,
213800H8QVNA4SXW2A65,MARS GLOBAL ACQUISITION BIDCO LIMITED,GB,LONDON,ACTIVE,,,0.0,"only the search term matched, candidate Mars",yes,,,
213800K66YQHDSNQ3P30,MARS GRAFTON S.À R.L.,LU,LUXEMBOURG,INACTIVE,,,0.0,"only the search term matched, candidate Mars",not yet queried,,,
959800TGRP86TCWTXC11,MARS GREEN INVESTMENT S.L.,ES,Manresa,ACTIVE,,,0.0,"only the search term matched, candidate Mars",yes,,,
254900I1PFXQALJ7TQ41,"MARS GROWTH CAPITAL EUROPE FUND, FCP-RAIF",LU,Luxembourg,ACTIVE,,,0.0,"only the search term matched, candidate Mars",yes,,,
875500GD66JDAQ5WM996,"MARS GROWTH CAPITAL FUND 1, LP",SG,SINGAPORE,ACTIVE,,,0.0,"only the search term matched, candidate Mars",yes,,,
875500ZH1HRQQPHNEC83,MARS GROWTH CAPITAL PTE. LTD.,SG,SINGAPORE,ACTIVE,,,0.0,"only the search term matched, candidate Mars",yes,,,
335800O827SKCBGF6A68,MARS GUARAGE PRIVATE LIMITED,IN,MAPUSA,ACTIVE,,,0.0,"only the search term matched, candidate Mars",yes,,,
549300BVO1JOF3HMNJ08,"MARS HEALTH FUND I, LLC",US,WILMINGTON,ACTIVE,,,0.0,"only the search term matched, candidate Mars",yes,,,
335800HE7INAO7UX0E89,MARS HIGHWAYS PRIVATE LIMITED,IN,THANE,ACTIVE,,,0.0,"only the search term matched, candidate Mars",yes,,,
549300OOXSHP41RELK19,"MARS HILL MINISTRIES, INC.",US,MASON,ACTIVE,,,0.0,"only the search term matched, candidate Mars",yes,,,
213800VYYEZJ9OIWZV90,MARS HOLDINGS (JERSEY) LIMITED,JE,ST HELIER,ACTIVE,,,0.0,"only the search term matched, candidate Mars",yes,,,
549300CPADDEX54BME49,MARS HORSECARE UK LIMITED,GB,SLOUGH,ACTIVE,,,0.0,"only the search term matched, candidate Mars",yes,,,
894500O9HIEKIOIAGI27,MARS HOSPITALITY (UK) LIMITED,GB,LONDON,ACTIVE,,,0.0,"only the search term matched, candidate Mars",yes,,,
894500N6U7KVACOL8204,MARS HOTELS & RESORTS PRIVATE LTD,IN,Mumbai,ACTIVE,,,0.0,"only the search term matched, candidate Mars",yes,,,
335800ZEVTRJ52FW4W44,MARS HOTELS & RESTAURANTS PRIVATE LIMITED,IN,MUMBAI,ACTIVE,,,0.0,"only the search term matched, candidate Mars",yes,,,
984500874F1D4ZJ24C95,MARS HOUSEWARE INDUSTRIES PRIVATE LIMITED,IN,New Delhi,ACTIVE,,,0.0,"only the search term matched, candidate Mars",yes,,,
5493000G0TDHRC4KMK13,MARS II HOLDINGS PTE. LTD.,SG,Singapore,ACTIVE,,,0.0,"only the search term matched, candidate Mars",yes,,,
984500FZ0477F2B5F563,MARS IMPEX,IN,KANPUR,ACTIVE,,,0.0,"only the search term matched, candidate Mars",yes,,,
8945003AEHLLXYA9O845,MARS INDUSTRIES,IN,"Delhi,",ACTIVE,,,0.0,"only the search term matched, candidate Mars",yes,,,
64881I5GFA5E7X58D593,MARS INDUSTRIES LIMITED,IN,RANCHI,ACTIVE,,,0.0,"only the search term matched, candidate Mars",yes,,,
335800A21IUCMOD7I864,MARS INFINITI,IN,KOLKATA,ACTIVE,,,0.0,"only the search term matched, candidate Mars",yes,,,
64888A3Y7A3GJ2JQ8407,MARS INFRA PROJECTS,IN,Mumbai,ACTIVE,,,0.0,"only the search term matched, candidate Mars",yes,,,
98450039KD6E5ACEDD76,MARS INFRAENGINEERING PRIVATE LIMITED,IN,Faridabad,ACTIVE,,,0.0,"only the search term matched, candidate Mars",yes,,,
2549001LZOSPCQ1XQE75,MARS INVADERS GMBH,DE,Berlin,ACTIVE,,,0.0,"only the search term matched, candidate Mars",yes,,,
549300ONN5DNFF5SVX46,MARS INVEST LTD,KY,George Town,ACTIVE,,,0.0,"only the search term matched, candidate Mars",yes,549300ZQX9O2YCGSCE59,AL MAJID INVESTMENT CO (L.L.C),AE
2138004VEW18C3EUXF55,MARS INVESTMENT S.À R.L.,LU,LUXEMBOURG,ACTIVE,,,0.0,"only the search term matched, candidate Mars",yes,,,
549300QFMLI6LIVFYP53,MARS INVESTMENTS LIMITED,JE,ST HELIER,ACTIVE,,,0.0,"only the search term matched, candidate Mars",yes,,,
549300R1XL61R4GAXV65,MARS IRELAND ASSOCIATES RETIREMENT PLAN,IE,DUBLIN,ACTIVE,,,0.0,"only the search term matched, candidate Mars",yes,,,
5493001F10EIQCK7JM86,MARS IS UK LIMITED,GB,SLOUGH,INACTIVE,,,0.0,"only the search term matched, candidate Mars",not yet queried,,,
8945002O8HULY3PGGA43,MARS JEWELZ PRIVATE LIMITED,IN,Mumbai,ACTIVE,,,0.0,"only the search term matched, candidate Mars",yes,,,
335800KB1ELOUAZY6B36,MARS KINETEK ELEVATORS INDIA PRIVATE LIMITED,IN,BANGALORE,ACTIVE,,,0.0,"only the search term matched, candidate Mars",yes,,,
984500R03F51AB51BD59,MARS LIFESPACES (YASH) PRIVATE LIMITED,IN,Mumbai,ACTIVE,,,0.0,"only the search term matched, candidate Mars",yes,,,
335800XUJKHZ78MTNT32,MARS LOGITECH PRIVATE LIMITED,IN,KOLKATA,ACTIVE,,,0.0,"only the search term matched, candidate Mars",yes,,,
549300GBWT4WP87IWG58,MARS MARITIME LIMITED,GB,LONDON,INACTIVE,,,0.0,"only the search term matched, candidate Mars",not yet queried,,,
6488599BWBLEG4M17868,MARS MATRIX,IN,Mumbai,ACTIVE,,,0.0,"only the search term matched, candidate Mars",yes,,,
254900B6R1MI0WZSJY77,"MARS MEADOWRIDGE HOLDINGS, LLC",US,WILMINGTON,ACTIVE,,,0.0,"only the search term matched, candidate Mars",yes,,,
254900E0JKWK0XIZDA69,MARS MEDIA D.O.O.,SI,Ljubljana,ACTIVE,,,0.0,"only the search term matched, candidate Mars",yes,,,
984500R13EP058BQ9A78,MARS MEDICAL & RADIOLOGICAL SERVICES PRIVATE LIMITED,IN,Karnal,ACTIVE,,,0.0,"only the search term matched, candidate Mars",yes,,,
335800JKKADC8DABWC02,MARS MERCANTILES PRIVATE LIMITED,IN,KOLKATA,ACTIVE,,,0.0,"only the search term matched, candidate Mars",yes,,,
5493002E3VSFJWLWIH59,MARS MULTISALES SPAIN SL,ES,Madrid,ACTIVE,,,0.0,"only the search term matched, candidate Mars",yes,,,
549300F3TOWUILCM5Q71,MARS NEDERLAND HOLDINGS III B.V.,NL,VEGHEL,ACTIVE,,,0.0,"only the search term matched, candidate Mars",yes,,,
549300HUYM11HC8YY113,MARS NEW ZEALAND LIMITED,NZ,AUCKLAND,ACTIVE,,,0.0,"only the search term matched, candidate Mars",yes,,,
6488V252OCUK3O494Z59,MARS NOORANI LIMITED,GB,Shenley,ACTIVE,,,0.0,"only the search term matched, candidate Mars",yes,,,
984500410B057934F695,MARS NORSE DESIGNATED ACTIVITY COMPANY,IE,Dublin 1,ACTIVE,,,0.0,"only the search term matched, candidate Mars",yes,,,
9845006BEB097DUC3663,MARS OLEO PTY LTD,AU,NORWEST,ACTIVE,,,0.0,"only the search term matched, candidate Mars",yes,,,
549300NH7KSMS30PQ475,"MARS OVERSEAS HOLDINGS, INC.",US,WILMINGTON,ACTIVE,,,0.0,"only the search term matched, candidate Mars",yes,,,
335800JHF1Q88O8P2O57,MARS PACKAGING INDUSTRIES,IN,DAMAN,ACTIVE,,,0.0,"only the search term matched, candidate Mars",yes,,,
984500BAB586DD0Z6E39,MARS PERFORMANCE PTY. LTD.,AU,CLAYTON SOUTH,ACTIVE,,,0.0,"only the search term matched, candidate Mars",yes,,,
549300D18UWO0AQ5K868,MARS PETCARE UK,GB,SLOUGH,ACTIVE,,,0.0,"only the search term matched, candidate Mars",yes,,,
335800G6PSD5QTJ3DJ42,MARS PLANNING AND ENGINEERING SERVICES PRIVATE LIMITED,IN,SANAND,ACTIVE,,,0.0,"only the search term matched, candidate Mars",yes,,,
9845004K876B68A61B36,MARS PLASTICS,IN,Patiala,ACTIVE,,,0.0,"only the search term matched, candidate Mars",yes,,,
549300IO8ES25EZW4L96,MARS POLSKA SPÓŁKA Z OGRANICZONĄ ODPOWIEDZIALNOŚCIĄ,PL,SOCHACZEW,INACTIVE,,,0.0,"only the search term matched, candidate Mars",not yet queried,,,
549300HMW2JH2ONY6E52,MARS POLSKA SPÓŁKA Z OGRANICZONĄ ODPOWIEDZIALNOŚCIĄ,PL,SOCHACZEW,ACTIVE,,,0.0,"only the search term matched, candidate Mars",yes,Z88M4EWU0NI3QVOOIZ80,WM. WRIGLEY JR. COMPANY,US
894500U0L39Q249QIX10,MARS POLYCHEM LLP,IN,Valsad,ACTIVE,,,0.0,"only the search term matched, candidate Mars",yes,,,
335800VU8OX9Z9JAG854,MARS PROPDEVELOPERS PVT LTD,IN,JODHPUR,ACTIVE,,,0.0,"only the search term matched, candidate Mars",yes,,,
815600177B7474871612,MARS PROPERTY S.R.L.,IT,SEGRATE,ACTIVE,,,0.0,"only the search term matched, candidate Mars",yes,,,
64888L09J6CW90AE7H25,MARS RAIL-FIT ENGINEERS PRIVATE LIMITED,IN,Chennai,ACTIVE,,,0.0,"only the search term matched, candidate Mars",yes,,,
8945000ERPUXHTNGQF85,MARS REMEDIES PRIVATE LIMITED,IN,VADODARA,ACTIVE,,,0.0,"only the search term matched, candidate Mars",yes,,,
549300XTFY70ULA7J224,"MARS RUSSIA, LLC",US,WILMINGTON,ACTIVE,,,0.0,"only the search term matched, candidate Mars",yes,,,
8156009C93A0E58C0A11,MARS S.R.L. IN LIQUIDAZIONE,IT,MILANO,INACTIVE,,,0.0,"only the search term matched, candidate Mars",not yet queried,,,
254900INCQ3SA2WLPF20,MARS SABAAD2 INVESTMENT LIMITED,VG,ROAD TOWN,ACTIVE,,,0.0,"only the search term matched, candidate Mars",yes,,,
6488SSBWD575K8362C17,MARS SOFTWARE SERVICES LTD,GB,Leeds,ACTIVE,,,0.0,"only the search term matched, candidate Mars",yes,,,
549300E6V7VY2CDUCD82,MARS SOUTH CENTRAL EUROPE GMBH,AT,WIEN,INACTIVE,,,0.0,"only the search term matched, candidate Mars",not yet queried,,,
213800QPJE6FRKJICK58,MARS STIFTUNG,LI,VADUZ,ACTIVE,,,0.0,"only the search term matched, candidate Mars",yes,,,
98450075D1B5IF292A41,MARS SUSTAINABILITY VENTURE ADVISORS LLC,US,Wilmington,ACTIVE,,,0.0,"only the search term matched, candidate Mars",yes,,,
984500FA43BK90539A19,MARS SUSTAINABILITY VENTURE FUND L.P.,US,Wilmington,ACTIVE,,,0.0,"only the search term matched, candidate Mars",yes,,,
9845006A3F3E1FA40D43,MARS SUSTAINABLE INVESTMENT FUND FIB LLC,US,Wilmington,ACTIVE,,,0.0,"only the search term matched, candidate Mars",yes,,,
335800Y86V5RO7Q3B834,MARS TEA (INDIA) PRIVATE LIMITED,IN,KOLKATA,ACTIVE,,,0.0,"only the search term matched, candidate Mars",yes,,,
894500IJ5JET9YS03693,MARS TECHNOLOGIES LTD,IL,Herzeliya,ACTIVE,,,0.0,"only the search term matched, candidate Mars",yes,,,
64882Z7MH78JG48C9J93,MARS TELECOM SYSTEMS PRIVATE LIMITED,IN,HYDERABAD,ACTIVE,,,0.0,"only the search term matched, candidate Mars",yes,,,
549300BJPDMP44NK1K02,"MARS THAILAND, INC.",TH,BANGKOK,ACTIVE,,,0.0,"only the search term matched, candidate Mars",yes,,,
9845005Y614E8ADD8494,MARS THERAPEUTICS PRIVATE LIMITED,IN,HYDERABAD,ACTIVE,,,0.0,"only the search term matched, candidate Mars",yes,,,
6488K93JEFI1339Y0N96,MARS TRANSPORT,IN,CHENNAI,ACTIVE,,,0.0,"only the search term matched, candidate Mars",yes,,,
984500F736DC64E81C74,MARS TRUCK DESIGNATED ACTIVITY COMPANY,IE,Dublin 1,ACTIVE,,,0.0,"only the search term matched, candidate Mars",yes,,,
254900XGJMQ5LYXUKK13,"MARS US HOLDCO, LLC",US,Wilmington,ACTIVE,,,0.0,"only the search term matched, candidate Mars",yes,,,
213800ICCX6Q3ZHKL585,MARS VALVE UK LIMITED,GB,GLOUCESTER,ACTIVE,,,0.0,"only the search term matched, candidate Mars",yes,,,
969500SEEN82XNAZ3130,MARS VIGILA,FR,PARIS,ACTIVE,,,0.0,"only the search term matched, candidate Mars",yes,,,
335800KJLLOTDQHHA410,MARS VIVAAN PRIVATE LIMITED,IN,RAIPUR,ACTIVE,,,0.0,"only the search term matched, candidate Mars",yes,,,
549300ZT3Z0X49TDBH33,"MARS WRIGLEY CONFECTIONERY US, LLC",US,WILMINGTON,ACTIVE,,,0.0,"only the search term matched, candidate Mars",yes,,,
254900SZX5RC85UEID36,"MARS Westwood, LLC",US,PROSPER,ACTIVE,,,0.0,"only the search term matched, candidate Mars",yes,,,
747800J020BK9RW7K734,MARS d.o.o. za zastupanje u osiguranju,HR,Sesvete,ACTIVE,,,0.0,"only the search term matched, candidate Mars",yes,,,
5299002BSL9WJMJWPY15,MARS-5 MultiAsset-INVEST,DE,Frankfurt am Main,INACTIVE,,,0.0,"only the search term matched, candidate Mars",not yet queried,,,
2594005K149LTX9RHG77,MARS-ELEKTRONIK - PIOTR PAWLIC,PL,KALISZ,ACTIVE,,,0.0,"only the search term matched, candidate Mars",yes,,,
213800FBLCWYLL5LNG20,MARS-JONES FAMILY PENSION TRUST,GB,MANCHESTER,ACTIVE,,,0.0,"only the search term matched, candidate Mars",yes,,,
969500D8R75XGE8XDM71,MENUISERIE ADM,FR,GRISY-SUISNES,ACTIVE,,,0.0,"only the search term matched, candidate Archer Daniels Midland",yes,,,
3358005W2LNY7RPFBS03,MODERN RICE & GENERAL MILLS,IN,NILOKHERI,ACTIVE,,,0.0,"only the search term matched, candidate General Mills",yes,,,
894500K7CV3ZVOSSXI27,MON BEL AUTOMNE,FR,Veigy-Foncenex,ACTIVE,,,0.0,"only the search term matched, candidate Bel",yes,,,
6488MZLDTP856557U363,MOOL CHAND & SONS RICE & GENERAL MILLS,IN,KARNAL,ACTIVE,,,0.0,"only the search term matched, candidate General Mills",yes,,,
335800TW562KSWRCX918,MOR RICE & GENERAL MILLS,IN,JIND,ACTIVE,,,0.0,"only the search term matched, candidate General Mills",yes,,,
9695006XSO03O3B8BI92,MP LE MARS,FR,PARIS,ACTIVE,,,0.0,"only the search term matched, candidate Mars",yes,,,
529900GRKDGIGMXJNB46,"MS ""VEGA MARS"" Schifffahrtsgesellschaft mbH & Co. KG",DE,Hamburg,INACTIVE,,,0.0,"only the search term matched, candidate Mars",not yet queried,,,
969500BJSC35XXE6VQ02,MUSHTARI BEL ORANGER,FR,PARIS,ACTIVE,,,0.0,"only the search term matched, candidate Bel",yes,,,
969500B3PBDR2WJF3V27,MUTUELLE BEL AIR,FR,SCHILTIGHEIM,ACTIVE,,,0.0,"only the search term matched, candidate Bel",yes,969500YQ4BD06U8Q4H11,MUTUELLE DE LA POLICE NATIONALE,FR
636700TU154F29NFMK79,Manufaktur Gea Aktiebolag,SE,Västervik,ACTIVE,,,0.0,"only the search term matched, candidate GEA Group",yes,,,
724500C4DYRYS5Y48W76,Mars & Music B.V.,NL,Utrecht,ACTIVE,,,0.0,"only the search term matched, candidate Mars",yes,,,
549300XJHC3URTXWGG02,Mars & Wall Förvaltning AB,SE,Stockholm,ACTIVE,,,0.0,"only the search term matched, candidate Mars",yes,,,
549300X6I1AEO02P6559,Mars 3 i Hva AB,SE,Huskvarna,ACTIVE,,,0.0,"only the search term matched, candidate Mars",yes,,,
529900Q1DX1FM41YYT54,Mars Anlagen,DE,Hamburg,ACTIVE,,,0.0,"only the search term matched, candidate Mars",yes,,,
549300UINQBC7HS64443,Mars Area School District,US,Mars,ACTIVE,,,0.0,"only the search term matched, candidate Mars",yes,,,
254900YCI0BQEK501K30,Mars Assets Pension Scheme,GB,London,ACTIVE,,,0.0,"only the search term matched, candidate Mars",yes,,,
RPYTT5SYLK4M1BHM1V53,Mars Australia Retirement Plan,AU,Wodonga,ACTIVE,,,0.0,"only the search term matched, candidate Mars",yes,,,
549300IQRNMQBE86XW17,"Mars Bancorp, Inc.",US,Mars,ACTIVE,,,0.0,"only the search term matched, candidate Mars",yes,,,
549300ZKNH5TR7431V31,Mars Bank,US,Mars,INACTIVE,,,0.0,"only the search term matched, candidate Mars",not yet queried,,,
7245006U4WINR3TDKR26,Mars Beheer B.V.,NL,Dalfsen,ACTIVE,,,0.0,"only the search term matched, candidate Mars",yes,,,
549300M3DNWVRUQO7W15,Mars Canada Inc.,CA,Bolton,INACTIVE,,,0.0,"only the search term matched, candidate Mars",not yet queried,,,
2549005HOGCCBZPBC322,Mars Cap Limited,NZ,Auckland,INACTIVE,,,0.0,"only the search term matched, candidate Mars",not yet queried,,,
549300L2QA0FN7NK6P15,Mars Code Solution AB,SE,Norrtälje,ACTIVE,,,0.0,"only the search term matched, candidate Mars",yes,,,
6994006GW731E32TDC02,Mars Consulting,BE,Brussel,ACTIVE,,,0.0,"only the search term matched, candidate Mars",yes,,,
894500QYHB58VAU73N38,Mars Control B.V.,NL,Beemte Broekland,ACTIVE,,,0.0,"only the search term matched, candidate Mars",yes,,,
894500G4HBS4MKHTAL31,Mars Development and Investment LLC,OM,Muscat,ACTIVE,,,0.0,"only the search term matched, candidate Mars",yes,,,
549300FNUNPHXY0C5V07,"Mars Evans City Self Storage, L.P.",US,Penn Township,ACTIVE,,,0.0,"only the search term matched, candidate Mars",yes,,,
254900H3DMVDUHX93I68,Mars Evolution Fund SPC,KY,George Town,ACTIVE,,,0.0,"only the search term matched, candidate Mars",yes,,,
254900K33L6ZLT1IGD20,"Mars Hammond Holdings, LLC",US,Duluth,ACTIVE,,,0.0,"only the search term matched, candidate Mars",yes,,,
549300KPPCBEG93I3168,Mars Hill Church,US,Olympia,INACTIVE,,,0.0,"only the search term matched, candidate Mars",not yet queried,,,
894500Q0X4RFMTUBGT20,Mars Holding Foundation,KY,Grand Cayman,ACTIVE,,,0.0,"only the search term matched, candidate Mars",yes,,,
9845000EE62DD94B9759,Mars Impex,IN,MUMBAI,ACTIVE,,,0.0,"only the search term matched, candidate Mars",yes,,,
9845002BB9BDF4C94859,Mars Interactive ApS,DK,Aarhus C,ACTIVE,,,0.0,"only the search term matched, candidate Mars",yes,,,
254900FWNH0Y3FPCN881,Mars Investment Holdings Limited,KY,Grand Cayman,ACTIVE,,,0.0,"only the search term matched, candidate Mars",yes,,,
529900IWFBI1OFET4H72,Mars Investment Trust II,US,New York,ACTIVE,,,0.0,"only the search term matched, candidate Mars",yes,,,
529900WIYEMDMB470G06,Mars Investment Trust III,US,New York,ACTIVE,,,0.0,"only the search term matched, candidate Mars",yes,,,
529900IGNC5SIUMSHD44,Mars Investments AG,CH,Zug,ACTIVE,,,0.0,"only the search term matched, candidate Mars",yes,,,
529900SHE9BLTFAJ9N02,Mars Investments Future Ltd.,BS,Nassau,ACTIVE,,,0.0,"only the search term matched, candidate Mars",yes,,,
6488F39C5PZ71U72HV53,"Mars Logistics, SIA",LV,Rīga,ACTIVE,,,0.0,"only the search term matched, candidate Mars",yes,,,
7245006NAGOX7JJHHL73,Mars One Media B.V.,NL,Leusden,INACTIVE,,,0.0,"only the search term matched, candidate Mars",not yet queried,,,
894500DFS3MFSSBTDD14,Mars One Ventures AG,CH,Basel,ACTIVE,,,0.0,"only the search term matched, candidate Mars",yes,,,
894500XYJK80PHKMSZ29,Mars Petrochem Private Limited,IN,MUMBAI,ACTIVE,,,0.0,"only the search term matched, candidate Mars",yes,,,
549300IMJZHTAI2VIB54,Mars Propco 40 S.à r.l.,LU,Luxembourg,INACTIVE,,,0.0,"only the search term matched, candidate Mars",not yet queried,,,
254900UF74KW45RF7619,"Mars Stanley 2901, LLC",US,Prosper,ACTIVE,,,0.0,"only the search term matched, candidate Mars",yes,,,
52990075CMHL8F79R602,Monega Fonds GEA,DE,Köln,ACTIVE,,,0.0,"only the search term matched, candidate GEA Group",yes,,,
1595B7HGGTC902FC7L29,Mårs Snickeri AB,SE,STOCKHOLM,ACTIVE,,,0.0,"only the search term matched, candidate Mars",yes,,,
335800NKQQXTI8WC2778,NANDI RICE & GENERAL MILLS,IN,Kaithal,ACTIVE,,,0.0,"only the search term matched, candidate General Mills",yes,,,
6367005ZAKQ8FUKS6T20,NASIR COLD STORAGE AND GENERAL MILLS,IN,SAMBHAL,ACTIVE,,,0.0,"only the search term matched, candidate General Mills",yes,,,
969500PLIZ323H41LS91,NEMESIA MARS 2030,FR,PARIS,INACTIVE,,,0.0,"only the search term matched, candidate Mars",not yet queried,,,
969500FPX2W2L0BLBZ18,NEUF MARS FINANCES,FR,LES HERBIERS,ACTIVE,,,0.0,"only the search term matched, candidate Mars",yes,,,
984500AAAFC47081H403,NEW MARS DAIRY LTD.,CA,EDMONTON,ACTIVE,,,0.0,"only the search term matched, candidate Mars",yes,,,
81560039D78F9C38B190,NEXTA BEL I S.R.L.,IT,MILANO,ACTIVE,,,0.0,"only the search term matched, candidate Bel",yes,,,
81560071BCA1AB100D20,NEXTA BEL SRL,IT,MILANO,ACTIVE,,,0.0,"only the search term matched, candidate Bel",yes,,,
984500WA7C5B6039E868,NORTHERN STEEL AND GENERAL MILLS PRIVATE LIMITED,IN,NEW DELHI,ACTIVE,,,0.0,"only the search term matched, candidate General Mills",yes,,,
222100CKSKN1PK612325,"NOURRITERRE ADM, LP",LU,HESPERANGE,ACTIVE,,,0.0,"only the search term matched, candidate Archer Daniels Midland",yes,,,
549300VW8Q8RNUVT5498,"Northern Neck Coca-Cola Bottling, Inc.",US,Wilmington,INACTIVE,,,0.0,"only the search term matched, candidate Coca-Cola",not yet queried,,,
894500PNIOO35Z70J842,OGEC LYCEE TECHNIQUE BEL ORME,FR,BORDEAUX,ACTIVE,,,0.0,"only the search term matched, candidate Bel",yes,,,
9695002MZAJQY44DTB72,OPPCI JV MARS,FR,PARIS,ACTIVE,,,0.0,"only the search term matched, candidate Mars",yes,,,
6488KGFOQR4R16322486,OVERVAGTMESTER R. CHR. HANSEN OG HUSTRU IDA HANSEN FØDT RINGBERGS MINDELEGAT (FOND),DK,København K,ACTIVE,,,0.0,"only the search term matched, candidate Novonesis",yes,,,
254900W1XUKG0HDYTV74,OZARKS COCA-COLA/DR PEPPER BOTTLING COMPANY,US,SPRINGFIELD,ACTIVE,,,0.0,"only the search term matched, candidate Coca-Cola",yes,,,
254900IRWE5MZQI30891,"Olympus Mars, LLC",US,PHOENIX,ACTIVE,,,0.0,"only the search term matched, candidate Mars",yes,,,
549300WYHKYKW3JNCE05,Ordenssällskapet Den XV Mars,SE,Enskededalen,ACTIVE,,,0.0,"only the search term matched, candidate Mars",yes,,,
969500K8JVV0GC6DF223,PAR - BEL 2,FR,PARIS,ACTIVE,,,0.0,"only the search term matched, candidate Bel",yes,969500SNNOLR6Z3OGH46,EURIS,FR
254900FUWRHQQDHD3O87,PARALLEL MARS INVESTMENT LIMITED,KY,George Town,ACTIVE,,,0.0,"only the search term matched, candidate Mars",yes,,,
9695001085GPSXN8W266,PARC EOLIEN DE BEL AIR,FR,MONTPELLIER,ACTIVE,,,0.0,"only the search term matched, candidate Bel",yes,9695000E2ABM65Y22P71,EODEN,FR
529900KS9EJURNEEWT63,PARTREDERIET CLIPPER MARS DA,NO,Stavanger,INACTIVE,,,0.0,"only the search term matched, candidate Mars",not yet queried,,,
254900BXAYE8JW0USR91,PBBE MARS PROPCO LIMITED,GB,London,ACTIVE,,,0.0,"only the search term matched, candidate Mars",yes,,,
984500N5090F9FU58991,PEA ADM Holding ApS,DK,Allerød,ACTIVE,,,0.0,"only the search term matched, candidate Archer Daniels Midland",yes,,,
9598004SG1F9N8FGJZ31,PEPE NARANJAS GEA SL,ES,Valencia,ACTIVE,,,0.0,"only the search term matched, candidate GEA Group",yes,,,
549300Y4I223QM4JWU58,PERMAL ADM EUROPEAN DEBT FUND LTD.,VG,Road Town,ACTIVE,,,0.0,"only the search term matched, candidate Archer Daniels Midland",yes,,,
5493003U18ZWVQ75SA71,PERSONALVORSORGESTIFTUNG DER MARS SCHWEIZ AG,CH,BAAR,ACTIVE,,,0.0,"only the search term matched, candidate Mars",yes,,,
213800PQSRGPLW71NA59,PG MARS PTE. LTD.,SG,SINGAPORE,ACTIVE,,,0.0,"only the search term matched, candidate Mars",yes,,,
894500JPYT98KG2HKN71,PHARMACIE BEL AIR,FR,SALON-DE-PROVENCE,ACTIVE,,,0.0,"only the search term matched, candidate Bel",yes,,,
969500Z5H3OAN5TXXE43,PHARMACIE BEL AIR,FR,MULHOUSE,ACTIVE,,,0.0,"only the search term matched, candidate Bel",yes,,,
529900365CVSV236JK54,PM WORLD TRADE Bel- és Külkereskedelmi Korlátolt Felelősségű Társaság,HU,Szeged,ACTIVE,,,0.0,"only the search term matched, candidate Bel",yes,,,
984500CDC52DE08AA512,POM BEL,BE,Brugge,ACTIVE,,,0.0,"only the search term matched, candidate Bel",yes,,,
3358001PQ7NFKYBVDU78,POOJA RICE & GENERAL MILLS,IN,KAITHAL,ACTIVE,,,0.0,"only the search term matched, candidate General Mills",yes,,,
6488J1GYRY6170F0O976,POPLI RICE AND GENERAL MILLS,IN,Sirsa,ACTIVE,,,0.0,"only the search term matched, candidate General Mills",yes,,,
9845000D04CHE2CE0848,PREM RICE & GENERAL MILLS,IN,CHEEKA,ACTIVE,,,0.0,"only the search term matched, candidate General Mills",yes,,,
815600D5590CCE3DA412,PREMIUM ADM S.R.L.,IT,CASTAGNITO,ACTIVE,,,0.0,"only the search term matched, candidate Archer Daniels Midland",yes,,,
5493003MFX2OJRI7OW80,PRIME BEL BRUSSELS - T SPRL,BE,BRUSSELS,INACTIVE,,,0.0,"only the search term matched, candidate Bel",not yet queried,,,
549300600BS6YIQLUE70,PRIME BEL RUE DE LA LOI- T BVBA,BE,BRUSSELS,ACTIVE,,,0.0,"only the search term matched, candidate Bel",yes,,,
789000QX2D5WJ15NUF81,PRM CAPITAL GAYRİMENKUL VE GİRİŞİM SERMAYESİ PORTFÖY YÖNETİMİ A.Ş. MARS GAYRİMENKUL YATIRIM FONU,TR,İSTANBUL,ACTIVE,,,0.0,"only the search term matched, candidate Mars",yes,,,
635400TW9R4WFSVG1V19,PROMONTORIA MARS DESIGNATED ACTIVITY COMPANY,IE,Dublin,ACTIVE,,,0.0,"only the search term matched, candidate Mars",yes,,,
213800UVC3CEKV9PZ623,PRÉFÉRENCE BY CADS (MARS 2026),FR,PARIS,ACTIVE,,,0.0,"only the search term matched, candidate Mars",yes,,,
254900L73C06246OMT50,PT Coca-Cola Bottling Indonesia,ID,South Jakarta,ACTIVE,,,0.0,"only the search term matched, candidate Coca-Cola",yes,JOR7RJTXUXBRJ4UA5G70,Coca-Cola Europacific Partners API Pty Ltd,AU
254900K77Z1DF95N3168,PT GEA WESTFALIA SEPARATOR INDONESIA,ID,Jakarta Barat,ACTIVE,,,0.0,"only the search term matched, candidate GEA Group",yes,,,
9845000E2DA72B2BM920,PT Mars Symbioscience Indonesia,ID,Kota Makassar,ACTIVE,,,0.0,"only the search term matched, candidate Mars",yes,,,
549300ZFNW2H6DUMPO19,PT TETRA PAK INDONESIA,ID,JAKARTA,ACTIVE,,,0.0,"only the search term matched, candidate Tetra Pak",yes,,,
98450007B510A6DC1248,PT Tate And Lyle Indonesia,ID,JAKARTA BARAT,ACTIVE,,,0.0,"only the search term matched, candidate Tate & Lyle",yes,,,
969500N1WG7YSOY1S082,PULSEO MARS 2014,FR,PARIS 15,INACTIVE,,,0.0,"only the search term matched, candidate Mars",not yet queried,,,
724500W181HWKWCIT782,Paul de Bel Holding B.V.,NL,Renesse,ACTIVE,,,0.0,"only the search term matched, candidate Bel",yes,,,
5493002BL1PZ1CLDAE78,"Pension Plan for Employees of Coca-Cola Beverages Northeast, Inc.",US,Bedford,ACTIVE,,,0.0,"only the search term matched, candidate Coca-Cola",yes,,,
5493004NDQDOOVOA5L59,Permal ADM Asian Debt Fund Ltd.,VG,Road Town,ACTIVE,,,0.0,"only the search term matched, candidate Archer Daniels Midland",yes,,,
5067007831TAM0M5K322,Personalvorsorgestiftung der Coca-Cola HBC Schweiz AG,CH,Glattbrugg,ACTIVE,,,0.0,"only the search term matched, candidate Coca-Cola",yes,,,
984500505BK711BG0E54,Private stichting Bel Air II,BE,Sint-Pieters-Woluwe,ACTIVE,,,0.0,"only the search term matched, candidate Bel",yes,,,
25490071PQEIBVEIPR43,Project Mars Asteroid Portfolio Owner LLC,US,Wilmington,ACTIVE,,,0.0,"only the search term matched, candidate Mars",yes,,,
254900RZ0J63N8871G58,"Provincial Soc. Adm. De Entidades De Inversion Colectiva, C.A.",VE,Caracas,ACTIVE,,,0.0,"only the search term matched, candidate Archer Daniels Midland",yes,,,
25490069BPEAVPF9CT56,QUINTAIN MARS BORROWER LIMITED,GB,London,ACTIVE,,,0.0,"only the search term matched, candidate Mars",yes,,,
335800ED6KD98IF2FR60,R K SWEET MARS PRIVATE LIMITED,IN,MUMBAI,ACTIVE,,,0.0,"only the search term matched, candidate Mars",yes,,,
3358001TMRKEZIMC6157,R. K. BAKEWELL MARS PRIVATE LIMITED,IN,AMBARNATH,ACTIVE,,,0.0,"only the search term matched, candidate Mars",yes,,,
335800HMY8WOTJ383H87,R.K. RICE & GENERAL MILLS,IN,KAITHAL,ACTIVE,,,0.0,"only the search term matched, candidate General Mills",yes,,,
335800NZH3FDK92DHK63,RADHA KRISHNA RICE & GENERAL MILLS,IN,CHEEKA,ACTIVE,,,0.0,"only the search term matched, candidate General Mills",yes,,,
5493005RONJT33PIBN40,RAH Adm. A/S,DK,Ringkøbing-Skjern,INACTIVE,,,0.0,"only the search term matched, candidate Archer Daniels Midland",not yet queried,,,
3358008G17BZKCBN6A36,RAJASTHAN COTTON AND GENERAL MILLS,IN,SRI GANGANAGAR,ACTIVE,,,0.0,"only the search term matched, candidate General Mills",yes,,,
335800TQBQL3VLGCX321,RAJINDRA RICE AND GENERAL MILLS,IN,TOHANA,ACTIVE,,,0.0,"only the search term matched, candidate General Mills",yes,,,
335800XBXZSC5RK1O457,RAMA RICE AND GENERAL MILLS,IN,KARNAL,ACTIVE,,,0.0,"only the search term matched, candidate General Mills",yes,,,
3358004E189BPZB1KI26,RATTAN RICE & GENERAL MILLS,IN,KARNAL,ACTIVE,,,0.0,"only the search term matched, candidate General Mills",yes,,,
98450073CDB1JDDEDE87,RD RICE AND GENERAL MILLS,IN,KARNAL,ACTIVE,,,0.0,"only the search term matched, candidate General Mills",yes,,,
2138002XF9DSKR5ATB58,RE-ADM GB TEALE DECEASED 6559,GB,BRISTOL,ACTIVE,,,0.0,"only the search term matched, candidate Archer Daniels Midland",yes,,,
98450049D0F01EBAFE04,RED MARS CAPITAL LTD,CY,Λεμεσός,ACTIVE,,,0.0,"only the search term matched, candidate Mars",yes,,,
213800I9RRABSKU3JB79,REMONDIS JBT LIMITED,GB,BEDLINGTON,ACTIVE,,,0.0,"only the search term matched, candidate JBT",yes,,,
894500CN53HN28Y9O672,RESIDENCE BEL SITO S.R.L.,IT,LATINA,ACTIVE,,,0.0,"only the search term matched, candidate Bel",yes,,,
894500I8OTE5SPA0LQ37,RLK Adm ApS,DK,Køge,ACTIVE,,,0.0,"only the search term matched, candidate Archer Daniels Midland",yes,,,
254900VQE2PJPU41LP35,"RLP MARS, INC.",US,WACO,ACTIVE,,,0.0,"only the search term matched, candidate Mars",yes,,,
549300G59WK5UMQPYZ56,"RPI BEL AIR MALL, LLC",US,WILMINGTON,ACTIVE,,,0.0,"only the search term matched, candidate Bel",yes,,,
6488G6S2TYUI477Z0230,RUGHLAL HISSARIA OIL AND GENERAL MILLS,IN,Hanumangarh,ACTIVE,,,0.0,"only the search term matched, candidate General Mills",yes,,,
9845001S614EJ75C6F69,Rama Rolling & General Mills,IN,YAMUNANAGAR,ACTIVE,,,0.0,"only the search term matched, candidate General Mills",yes,,,
549300DOEZMAUIRVZW14,Rgg Adm-Gruppen Aktiebolag,SE,Stockholm,ACTIVE,,,0.0,"only the search term matched, candidate Archer Daniels Midland",yes,549300EYAB97W6GBGT52,Tagehus Holding AB,SE
549300SSE5GRAS5FCY95,Résidences le Château du Bel Âge Inc.,CA,Windsor,ACTIVE,,,0.0,"only the search term matched, candidate Bel",yes,,,
335800F1IVW3XC2X6O05,S B COLD STORAGE AND GENERAL MILLS,IN,SAMBHAL,ACTIVE,,,0.0,"only the search term matched, candidate General Mills",yes,,,
969500D5OWT38ODKJ436,S.C. BEL AIR,FR,JUVIGNY LES VALLEES,ACTIVE,,,0.0,"only the search term matched, candidate Bel",yes,,,
529900O2MU2TCVSTNU18,S.C.I. Vierte IFF geschlossener Immobilienfonds für Frankreich,FR,Paris,ACTIVE,,,0.0,"only the search term matched, candidate International Flavors & Fragrances",yes,,,
33580039U3WE3STHLX92,SAGAR RICE & GENERAL MILLS,IN,CHEEKA,ACTIVE,,,0.0,"only the search term matched, candidate General Mills",yes,,,
3358007YP9FTO4Z5ID85,SARASWATI RICE & GENERAL MILLS,IN,FEROZEPUR,ACTIVE,,,0.0,"only the search term matched, candidate General Mills",yes,,,
969500AT46S6HS6C3B58,SARL PLATEAU DU BEL AIR,FR,BAR-SUR-SEINE,ACTIVE,,,0.0,"only the search term matched, candidate Bel",yes,,,
894500ALDO9WGIC1O607,SARVADARSHAN COLDSTORAGE & GENERAL MILLS LLP,IN,BULANDSHAHR,ACTIVE,,,0.0,"only the search term matched, candidate General Mills",yes,,,
984500004BA1B084F829,SATYAM COTTON OIL & GENERAL MILLS,IN,Sirsa,ACTIVE,,,0.0,"only the search term matched, candidate General Mills",yes,,,
969500P4UCJWL29S5427,SC DE MARS - IV,FR,PARIS,ACTIVE,,,0.0,"only the search term matched, candidate Mars",yes,,,
969500E8OJXEE05Z6302,SCCV POISSY BEL ISLE,FR,PARIS,ACTIVE,,,0.0,"only the search term matched, candidate Bel",yes,,,
8945001W7CPVXU3DSC65,SCEA CHATEAU CLOS BEL AIR,FR,LIBOURNE,ACTIVE,,,0.0,"only the search term matched, candidate Bel",yes,,,
969500GG6K8JUQ7C9690,SCI BNB BEL AIR,FR,PARIS,ACTIVE,,,0.0,"only the search term matched, candidate Bel",yes,,,
969500GB85HZ3T93T744,SCI CHESNAY BEL AIR,FR,SAMOIS-SUR-SEINE,INACTIVE,,,0.0,"only the search term matched, candidate Bel",not yet queried,,,
969500K82H0OIM2DP309,SCI CRUCY CHAMP DE MARS,FR,NANTES,ACTIVE,,,0.0,"only the search term matched, candidate Mars",yes,,,
969500ZF8ZO9IFCLQR16,SCI DU CHAMP DE MARS,FR,SAINT CYR AU MONT DnullOR,INACTIVE,,,0.0,"only the search term matched, candidate Mars",not yet queried,,,
969500XD7ZTF5PQ58Q05,SCI JHB CHAMPS DE MARS,FR,NEUILLY-SUR-SEINE,ACTIVE,,,0.0,"only the search term matched, candidate Mars",yes,,,
959800YWT67BF4LNW334,SEBASTIAN BEL GROUP SL,ES,Marbella,ACTIVE,,,0.0,"only the search term matched, candidate Bel",yes,,,
969500MITYURVMADYH45,SELARL DU BEL AIR,FR,PARIS,ACTIVE,,,0.0,"only the search term matched, candidate Bel",yes,,,
894500K5DBHKC2080967,SELASU PHARMACIE BEL,FR,BANDRELE,ACTIVE,,,0.0,"only the search term matched, candidate Bel",yes,,,
335800TV89QYQLCMKT26,SHANKAR RICE & GENERAL MILLS,IN,MOGA,ACTIVE,,,0.0,"only the search term matched, candidate General Mills",yes,,,
6488RAJI469CQ384T275,SHARDA RICE AND GENERAL MILLS,IN,Udham Singh Nagar,ACTIVE,,,0.0,"only the search term matched, candidate General Mills",yes,,,
6488EOOK630F2YA75192,SHINE RICE & GENERAL MILLS,IN,Sri Muktsar Sahib,ACTIVE,,,0.0,"only the search term matched, candidate General Mills",yes,,,
335800CUUIV8ML1D5M84,SHIV RICE & GENERAL MILLS,IN,KARNAL,ACTIVE,,,0.0,"only the search term matched, candidate General Mills",yes,,,
335800XVL5T5HVOBR889,SHIV SHAKTI RICE & GENERAL MILLS,IN,CHEEKA,ACTIVE,,,0.0,"only the search term matched, candidate General Mills",yes,,,
984500DED391EABD7F46,SHIV SHAKTI RICE AND GENERAL MILLS,IN,KARNAL,ACTIVE,,,0.0,"only the search term matched, candidate General Mills",yes,,,
6488KG75G45TS45H5P68,SHIVA COTTON & GENERAL MILLS,IN,Ferozepur,ACTIVE,,,0.0,"only the search term matched, candidate General Mills",yes,,,
98450070DC87KA2DC185,SHIVAAY RICE AND GENERAL MILLS PRIVATE LIMITED,IN,Bhopal,ACTIVE,,,0.0,"only the search term matched, candidate General Mills",yes,,,
984500FDFC2CD43FCB86,SHREE BALAJI RICE AND GENERAL MILLS,IN,FAZILKA,ACTIVE,,,0.0,"only the search term matched, candidate General Mills",yes,,,
335800JDHEK7S678IU07,SHREE HANS RICE & GENERAL MILLS,IN,TARAORI,ACTIVE,,,0.0,"only the search term matched, candidate General Mills",yes,,,
9845000610F9AHF5FA81,SHREE JAGDAMBA RICE & GENERAL MILLS,IN,KARNAL,ACTIVE,,,0.0,"only the search term matched, candidate General Mills",yes,,,
984500C89AF368PD7760,SHREE MAHAVIR OIL & GENERAL MILLS,IN,Sri Ganganagar,ACTIVE,,,0.0,"only the search term matched, candidate General Mills",yes,,,
335800G8NMMFBRMBWW49,SHREE MAHAVIR RICE & GENERAL MILLS,IN,KURUKSHETRA,ACTIVE,,,0.0,"only the search term matched, candidate General Mills",yes,,,
9845006DB80C605CCD33,SHREE MANI MAHESH RICE AND GENERAL MILLS,IN,KAITHAL,ACTIVE,,,0.0,"only the search term matched, candidate General Mills",yes,,,
984500D006F87D2D0A90,SHREE SHYAM RICE AND GENERAL MILLS,IN,Budaun,ACTIVE,,,0.0,"only the search term matched, candidate General Mills",yes,,,
9845002D5E81C0I40A71,SHREE SHYAM RICE AND GENERAL MILLS,IN,Sangrur,ACTIVE,,,0.0,"only the search term matched, candidate General Mills",yes,,,
648800L9A38ZDCQ5JU82,SHRI GAJJAN SINGH RICE AND GENERAL MILLS,IN,Fatehabad,ACTIVE,,,0.0,"only the search term matched, candidate General Mills",yes,,,
6488L3JDG53A3Z687U06,SHRI GANPATI COTTON & GENERAL MILLS,IN,SIRSA,ACTIVE,,,0.0,"only the search term matched, candidate General Mills",yes,,,
3358008FB5DT226CIB64,SHRI KRISHNA OIL AND GENERAL MILLS,IN,HOSHIARPUR,ACTIVE,,,0.0,"only the search term matched, candidate General Mills",yes,,,
984500CO76B7C4C39071,SHRI MAHAVEER SEEDS & GENERAL MILLS,IN,Udham Singh Nagar,ACTIVE,,,0.0,"only the search term matched, candidate General Mills",yes,,,
3358006HMU5SG6XUGK85,SHRI RADHEY RADHEY RICE AND GENERAL MILLS,IN,BUDAUN,ACTIVE,,,0.0,"only the search term matched, candidate General Mills",yes,,,
3358002P66VWOHJ49G64,SHRI RAM RICE & GENERAL MILLS,IN,CHEEKA,ACTIVE,,,0.0,"only the search term matched, candidate General Mills",yes,,,
9845006376DD6Y07MF27,SHUVANKAR RICE & GENERAL MILLS PVT. LTD.,IN,24 PARGANAS,ACTIVE,,,0.0,"only the search term matched, candidate General Mills",yes,,,
549300WHZ8RSJ4UZPW26,"SIA ""Coca-Cola HBC Latvia""",LV,Rīga,ACTIVE,,,0.0,"only the search term matched, candidate Coca-Cola",yes,,,
335800SZPKRPSED1T152,SIDDHI VINAYAK COTTON OIL AND GENERAL MILLS,IN,SIRSA,ACTIVE,,,0.0,"only the search term matched, candidate General Mills",yes,,,
335800G2VHL7DADNRP69,SIDDIQUE COLD STORAGE AND GENERAL MILLS,IN,SAMBHAL,ACTIVE,,,0.0,"only the search term matched, candidate General Mills",yes,,,
3358005OYXATPTDRD156,SIG COMBIBLOC INDIA PRIVATE LIMITED,IN,GURGAON,ACTIVE,,,0.0,"only the search term matched, candidate SIG Group",yes,,,
213800BW4T4VYELQ6C65,SIG COMBIBLOC MÉXICO,MX,MIGUEL HIDALGO,ACTIVE,,,0.0,"only the search term matched, candidate SIG Group",yes,,,
549300BS6RPQHZS7AR55,SIG COMBIBLOC US ACQUISITION INC.,US,WILMINGTON,ACTIVE,,,0.0,"only the search term matched, candidate SIG Group",yes,,,
8945009PD8KRFI705O15,SIGMA BEL ENERGY SOCIETA' A RESPONSABILITA' LIMITATA,IT,MELFI,ACTIVE,,,0.0,"only the search term matched, candidate Bel",yes,,,
335800RZJUA86V4WNC78,SINGLA RICE AND GENERAL MILLS,IN,HANUMANGARH,ACTIVE,,,0.0,"only the search term matched, candidate General Mills",yes,,,
984500C009155C8BFE38,SINGLA RICE AND GENERAL MILLS,IN,KURUKSHETRA,ACTIVE,,,0.0,"only the search term matched, candidate General Mills",yes,,,
98450050EFCG536CBA15,SINGLA RICE OIL & GENERAL MILLS,IN,Karnal,ACTIVE,,,0.0,"only the search term matched, candidate General Mills",yes,,,
969500B4T2H94SLSBK39,SM BEL AIR,FR,SAINT-LOUIS,ACTIVE,,,0.0,"only the search term matched, candidate Bel",yes,,,
549300KC4DGLE3Q2C428,SMV Bel Air LLC,US,WILMINGTON,ACTIVE,,,0.0,"only the search term matched, candidate Bel",yes,,,
969500U88JAD5J36WH22,SNC VILLENEUVE LOUBET BEL AIR ADRYMOUR,FR,NICE,ACTIVE,,,0.0,"only the search term matched, candidate Bel",yes,,,
969500XGFSDZZ098AO60,SOC FINANCIERE DE MARS,FR,PARIS,ACTIVE,,,0.0,"only the search term matched, candidate Mars",yes,,,
9695002HTWSXD6HP3K88,SOCIETE CIVILE BEL AIR,FR,QUIMPER,ACTIVE,,,0.0,"only the search term matched, candidate Bel",yes,,,
969500YQS42D3DE0R968,SOCIETE CIVILE D'EXPLOITATION AGRICOLE BEL ESPOIR,FR,HABOUDANGE,ACTIVE,,,0.0,"only the search term matched, candidate Bel",yes,,,
9695000297YR4B98HP36,SOCIETE COMMERCIALE DE REALISATIONS INDUSTRIELLES CHAMP DE MARS,FR,PARIS,ACTIVE,,,0.0,"only the search term matched, candidate Mars",yes,,,
969500WVF9E1CS6TMH87,SOCIETE DU BEL AIR,FR,LORRIS,ACTIVE,,,0.0,"only the search term matched, candidate Bel",yes,,,
2549007KSPYJOEIYWD70,SOGEFI ADM SUSPENSIONS PRIVATE LIMITED,IN,Pune,ACTIVE,,,0.0,"only the search term matched, candidate Archer Daniels Midland",yes,,,
894500CKDIXDI1Y8W939,SSD-JEEVAN COLD STORAGE AND GENERAL MILLS LLP,IN,SIKANDRABAD,ACTIVE,,,0.0,"only the search term matched, candidate General Mills",yes,,,
969500LNGGZBJMXLYH53,ST MARS AUTOMOBILES,FR,SAINT-MARS-LA-REORTHE,ACTIVE,,,0.0,"only the search term matched, candidate Mars",yes,,,
529900Y6N0H2YZXGSJ47,STAEDTLER Mars GmbH & Co. KG,DE,Nürnberg,INACTIVE,,,0.0,"only the search term matched, candidate Mars",not yet queried,,,
549300AQJZTFWD5BG378,STANIMPEX Bel- és Külkereskedelmi Korlátolt Felelősségű Társaság,HU,Pécs,ACTIVE,,,0.0,"only the search term matched, candidate Bel",yes,,,
EI2AJVNZKL4PT4OZTR26,STICHTING MARS PENSIOENFONDS,NL,VEGHEL,ACTIVE,,,0.0,"only the search term matched, candidate Mars",yes,,,
335800S3YACRI1M3UM07,STUDIO MARS PRIVATE LIMITED,IN,PUNE,ACTIVE,,,0.0,"only the search term matched, candidate Mars",yes,,,
549300455NR9U4Y77V72,"SUNRUN MARS PORTFOLIO 2020-B, LLC",US,Wilmington,ACTIVE,,,0.0,"only the search term matched, candidate Mars",yes,54930007SJ77CI66U531,SUNRUN INC.,US
254900J74IXM42YFH580,"SUNRUN MARS PORTFOLIO 2026, LLC",US,WILMINGTON,ACTIVE,,,0.0,"only the search term matched, candidate Mars",yes,,,
984500DCED80D37E8D98,SUPERETICA GESTAO ADM PROPRIEDADES LDA,PT,LISBOA,ACTIVE,,,0.0,"only the search term matched, candidate Archer Daniels Midland",yes,,,
9845001YE0FE2E5ABA21,SURESH COTTON OIL & GENERAL MILLS,IN,Sirsa,ACTIVE,,,0.0,"only the search term matched, candidate General Mills",yes,,,
6488XAN1QF281MI57641,SURYA RICE AND GENERAL MILLS,IN,JUNDLA,ACTIVE,,,0.0,"only the search term matched, candidate General Mills",yes,,,
984500NB9E7A1D83E740,SURYA RICE AND GENERAL MILLS,IN,Sri Muktsar Sahib,ACTIVE,,,0.0,"only the search term matched, candidate General Mills",yes,,,
8945003KVM9DA5NV6540,SURYAMANI RICE & GENERAL MILLS,IN,CHEEKA,ACTIVE,,,0.0,"only the search term matched, candidate General Mills",yes,,,
54930083J70IBPB0I524,"SW BEL-KIRK, LLC",US,WILMINGTON,ACTIVE,,,0.0,"only the search term matched, candidate Bel",yes,,,
097900CAKA0000183693,SYRÁREŇ BEL SLOVENSKO a.s.,SK,Michalovce,ACTIVE,,,0.0,"only the search term matched, candidate Bel",yes,,,
549300MCK55V52KXFC53,Sanford Coca-Cola Bottling Company,US,Sanford,INACTIVE,,,0.0,"only the search term matched, candidate Coca-Cola",not yet queried,,,
9845003F8BFB5O245850,Shiv Bhole Cotton Oil & General Mills,IN,Sirsa,ACTIVE,,,0.0,"only the search term matched, candidate General Mills",yes,,,
254900HKJ4SJXEYKWX08,Shree Krishna Rice & General Mills,IN,Kotkapura,ACTIVE,,,0.0,"only the search term matched, candidate General Mills",yes,,,
549300QT4CNM43DS1811,Skew Base Investments SCA RAIF - Fixed Return Mars,LU,Luxembourg,ACTIVE,,,0.0,"only the search term matched, candidate Mars",yes,,,
9845008888B4BDC2E851,Soon on Mars,BE,Woluwe-Saint-Lambert,ACTIVE,,,0.0,"only the search term matched, candidate Mars",yes,,,
894500MJWI313LGDQL84,Sp/F frá 8. mars 1994,FO,Tórshavn,ACTIVE,,,0.0,"only the search term matched, candidate Mars",yes,,,
549300QD6Q1RG3ZSNZ07,Sp/f 5. mars 2019,FO,Tórshavn,INACTIVE,,,0.0,"only the search term matched, candidate Mars",not yet queried,,,
699400TNZ922HM09S026,Square du Champ de Mars,BE,Elsene,ACTIVE,,,0.0,"only the search term matched, candidate Mars",yes,,,
5493005D7UL9OCH5NM49,Staedtler-Mars Limited,CA,Mississauga,ACTIVE,,,0.0,"only the search term matched, candidate Mars",yes,,,
529900KOGCO9G6G35R97,Sterbekasse (vormals Pensionskasse) der Firma Dr. August Oetker V.V.a.G.,DE,Bielefeld,ACTIVE,,,0.0,"only the search term matched, candidate Dr Oetker",yes,,,
724500BFP4LV59DJXK12,Stichting Administratiekantoor Mars One Media,NL,Leusden,INACTIVE,,,0.0,"only the search term matched, candidate Mars",not yet queried,,,
724500ZCZ55WG7M1W747,Stichting Financieel Beheer Mannenkoor Bel Canto,NL,Apeldoorn,ACTIVE,,,0.0,"only the search term matched, candidate Bel",yes,,,
724500EAMZFYMZT2ZR97,Stichting IFF Pensioenfonds,NL,Hilversum,ACTIVE,,,0.0,"only the search term matched, candidate International Flavors & Fragrances",yes,,,
72450008HHA474NCVP19,Stichting Mars One,NL,Leusden,INACTIVE,,,0.0,"only the search term matched, candidate Mars",not yet queried,,,
96E52PR92R8R8FVRDD25,Stichting Mars Pensioenfonds,NL,AE Veghel,NULL,,,0.0,"only the search term matched, candidate Mars",not yet queried,,,
743700LOGTQTA2AGJH20,Stiftelsen 7:nde Mars Fonden sr,FI,HELSINKI,ACTIVE,,,0.0,"only the search term matched, candidate Mars",yes,,,
2549003IONH74YX4N698,"Sunrun Mars Portfolio 2020-A, LLC",US,Wilmington,ACTIVE,,,0.0,"only the search term matched, candidate Mars",yes,54930007SJ77CI66U531,SUNRUN INC.,US
335800HGNYX85CVUVF09,T.C. RICE & GENERAL MILLS,IN,Ferozepur,ACTIVE,,,0.0,"only the search term matched, candidate General Mills",yes,,,
5493002T5D3PN3BORC11,TATE & LYLE - DMCC,AE,DUBAI,ACTIVE,,,0.0,"only the search term matched, candidate Tate & Lyle",yes,,,
9845002E44B000E70077,TATE & LYLE ARGENTINA SOCIEDAD ANONIMA,AR,BUENOS AIRES,ACTIVE,,,0.0,"only the search term matched, candidate Tate & Lyle",yes,,,
213800FFGUT187XN1568,TATE & LYLE FURBS TRUST - IAIN FERGUSON,GB,LEICESTER,ACTIVE,,,0.0,"only the search term matched, candidate Tate & Lyle",yes,,,
2138008K14474WPKZ244,TATE & LYLE PUBLIC LIMITED COMPANY,GB,LONDON,ACTIVE,,,0.0,"only the search term matched, candidate Tate & Lyle",yes,,,
54930055JHSG761UAV93,TATE & LYLE SOLUTIONS USA LLC,US,WILMINGTON,ACTIVE,,,0.0,"only the search term matched, candidate Tate & Lyle",yes,,,
549300ZBF5F2IV42BQ64,TATE AND LYLE SOUTH AFRICA PROPRIETARY LIMITED,ZA,JOHANNESBURG,ACTIVE,,,0.0,"only the search term matched, candidate Tate & Lyle",yes,,,
549300BFH2B1U1MW4O24,TETRA PAK CHEESE AND POWDER SYSTEMS A/S,DK,Aarhus,INACTIVE,,,0.0,"only the search term matched, candidate Tetra Pak",not yet queried,,,
549300VTAWR0UZ1S9C67,TETRA PAK CPS LIMITED,GB,SHERBORNE,INACTIVE,,,0.0,"only the search term matched, candidate Tetra Pak",not yet queried,,,
549300WCN6DZALGUZ317,TETRA PAK HELLAS SINGLE MEMBER SA,GR,ATHENS,ACTIVE,,,0.0,"only the search term matched, candidate Tetra Pak",yes,,,
7890000YUQJ11P03KY40,TETRA PAK PAKETLEME SANAYİ VE TİCARET LİMİTED ŞİRKETİ,TR,İZMİR,ACTIVE,,,0.0,"only the search term matched, candidate Tetra Pak",yes,,,
549300BVUEPS34S5DH59,TETRA PAK PROCESSING EQUIPMENT SPÓŁKA Z OGRANICZONĄ ODPOWIEDZIALNOŚCIĄ,PL,OLSZTYN,ACTIVE,,,0.0,"only the search term matched, candidate Tetra Pak",yes,,,
549300I6XS6ZJMFLU078,TETRA PAK PROCESSING SYSTEMS B.V.,NL,UTRECHT,ACTIVE,,,0.0,"only the search term matched, candidate Tetra Pak",yes,,,
98450011SH3D6AJ87025,TETRA PAK SOUTH AFRICA,ZA,BEDFORDVIEW,ACTIVE,,,0.0,"only the search term matched, candidate Tetra Pak",yes,,,
549300IP28BAWBBUWQ50,TETRA PAK TAIWAN LTD.,TW,TAOYUAN,ACTIVE,,,0.0,"only the search term matched, candidate Tetra Pak",yes,,,
5493005SNEZYO3EEUH24,TETRA-PAK INDIA PRIVATE LIMITED,IN,PUNE,ACTIVE,,,0.0,"only the search term matched, candidate Tetra Pak",yes,,,
213800KDI32MEY6Q2720,THE ADM MACULUS FUND III L.P.,KY,GEORGE TOWN,INACTIVE,,,0.0,"only the search term matched, candidate Archer Daniels Midland",not yet queried,,,
213800QULM96KV4HWM25,THE ADM MACULUS FUND V L.P.,KY,GRAND CAYMAN,INACTIVE,,,0.0,"only the search term matched, candidate Archer Daniels Midland",not yet queried,,,
2138002V77HPGR74Y767,THE ADM TRUST,IM,DOUGLAS,ACTIVE,,,0.0,"only the search term matched, candidate Archer Daniels Midland",yes,,,
213800SIODTUAJZ9LZ07,THE BEING BEL TRUST,GB,HARROGATE,ACTIVE,,,0.0,"only the search term matched, candidate Bel",yes,,,
635400DFHRJRKMDJIO65,THE COCA COLA EXPORT CORPORATION EMPLOYEE SHARE PLAN,GB,Leeds,ACTIVE,,,0.0,"only the search term matched, candidate Coca-Cola",yes,,,
213800H9W21OXG3QCU45,THE COCA-COLA BOTTLING COMPANY OF SAUDI ARABIA,SA,RIYADH,ACTIVE,,,0.0,"only the search term matched, candidate Coca-Cola",yes,,,
UWJKFUJFZ02DKWI3RY53,THE COCA-COLA COMPANY,US,WILMINGTON,ACTIVE,,,0.0,"only the search term matched, candidate Coca-Cola",yes,,,
254900MQX4JO5VHDG624,THE COCA-COLA EXPORT CORPORATION,US,WILMINGTON,ACTIVE,,,0.0,"only the search term matched, candidate Coca-Cola",yes,UWJKFUJFZ02DKWI3RY53,THE COCA-COLA COMPANY,US
2138002NEMOAFC272C63,THE J VAN MARS FOUNDATION,GB,BRISTOL,ACTIVE,,,0.0,"only the search term matched, candidate Mars",yes,,,
213800A9NBYS5WMMFA04,THE JBT & CMG JUDD 1971 SETTLEMENT,GI,GIBRALTAR,ACTIVE,,,0.0,"only the search term matched, candidate JBT",yes,,,
9845007488EC87F5AF14,THE KRAFT HEINZ COMPANY,US,WILMINGTON,ACTIVE,,,0.0,"only the search term matched, candidate Kraft Heinz",yes,,,
213800M83G8E5179H340,THE MARS FAMILY TRUST,MU,EBENE,ACTIVE,,,0.0,"only the search term matched, candidate Mars",yes,,,
549300XS7ZKMT5L15O77,THE MARS MARITIME LIMITED PARTNERSHIP,GB,LONDON,INACTIVE,,,0.0,"only the search term matched, candidate Mars",not yet queried,,,
213800MSP952I99LMC52,THE PRO-BEL LTD PENSION FUND,GB,REIGATE,ACTIVE,,,0.0,"only the search term matched, candidate Bel",yes,,,
213800IH8Y4RX7D1Y457,THE TATE AND LYLE EMPLOYEE BENEFIT TRUST (NUMBER 1),JE,St Helier,ACTIVE,,,0.0,"only the search term matched, candidate Tate & Lyle",yes,,,
254900B7BJO5J9OPII31,TMK ADM Limited,VG,Road Town,ACTIVE,,,0.0,"only the search term matched, candidate Archer Daniels Midland",yes,,,
54930082THOT5PBVCO98,"TO MARS AND BEYOND, LLC",US,GLENDALE,ACTIVE,,,0.0,"only the search term matched, candidate Mars",yes,,,
2549009MSEKAXL3DHZ54,TOUCH MARS SOLUTIONS INC.,CA,EDMONTON,ACTIVE,,,0.0,"only the search term matched, candidate Mars",yes,,,
54930069WWX6QNSE3I95,TOVARNA OLJA GEA d.o.o.,SI,Slovenska Bistrica,ACTIVE,,,0.0,"only the search term matched, candidate GEA Group",yes,485100T7XQMKS2R4XU42,PLASTA proizvodnja in trgovina d.o.o. Šentrupert,SI
213800RJZ1KYXOA4GT96,TOWER BEL,BE,SINT GILLIS BRUSSEL,ACTIVE,,,0.0,"only the search term matched, candidate Bel",yes,,,
959800BWJ3WX9UVCXS18,TRADERS VIC-BEL SL,ES,Elche/Elx,ACTIVE,,,0.0,"only the search term matched, candidate Bel",yes,,,
335800GKHZDLTIVREV55,TRILOKI NATH RICE AND GENERAL MILLS,IN,MANSA,ACTIVE,,,0.0,"only the search term matched, candidate General Mills",yes,,,
335800QUERUVPINIY960,TRISHLA COTTON AND GENERAL MILLS PRIVATE LIMITED,IN,Panipat,ACTIVE,,,0.0,"only the search term matched, candidate General Mills",yes,,,
815600EB272A8CA6FE88,TRUST ADM,IT,PARMA,ACTIVE,,,0.0,"only the search term matched, candidate Archer Daniels Midland",yes,,,
8156002C6F2B9C6A4F59,TRUST GEA,IT,SANREMO,ACTIVE,,,0.0,"only the search term matched, candidate GEA Group",yes,,,
52990021A3JKM94T7014,TSIP I Bel&Main GmbH,AT,Wien,INACTIVE,,,0.0,"only the search term matched, candidate Bel",not yet queried,,,
549300440CM8WR8K2516,Tate & Lyle ANZ Pty Limited,AU,Brisbane,ACTIVE,,,0.0,"only the search term matched, candidate Tate & Lyle",yes,,,
549300DFK5GTRX90XV88,Tate & Lyle Finance LLC,US,Wilmington,ACTIVE,,,0.0,"only the search term matched, candidate Tate & Lyle",yes,,,
549300ROXL10SLH8MC95,Tate & Lyle Ingredients Canada Limited,CA,Saint-John,ACTIVE,,,0.0,"only the search term matched, candidate Tate & Lyle",yes,,,
549300OK5IH35JB86E91,Tate & Lyle Lease-Backed Pass-Through Trust,US,Salt Lake City,ACTIVE,,,0.0,"only the search term matched, candidate Tate & Lyle",yes,,,
549300S4HB2506POFP68,Tate & Lyle Pension Trust Limited,GB,London,ACTIVE,,,0.0,"only the search term matched, candidate Tate & Lyle",yes,,,
549300LCGYQORR0FTU08,Tate & Lyle Singapore Pte. Ltd.,SG,Singapore,ACTIVE,,,0.0,"only the search term matched, candidate Tate & Lyle",yes,,,
549300MTUHY556NAFS68,The Coca-Cola Bottlers' Association,US,Atlanta,ACTIVE,,,0.0,"only the search term matched, candidate Coca-Cola",yes,,,
8945007BLGJ517U74C54,The Coca-Cola Company,AU,NSW,ACTIVE,,,0.0,"only the search term matched, candidate Coca-Cola",yes,,,
549300Z7BL7FW8J5BL73,The Coca-Cola Company Master Retirement Trust,US,WILMINGTON,ACTIVE,,,0.0,"only the search term matched, candidate Coca-Cola",yes,,,
549300I6H6XD4HU7X625,The Coca-Cola Company Master Trust for 401(k) Plans,US,WILMINGTON,ACTIVE,,,0.0,"only the search term matched, candidate Coca-Cola",yes,,,
635400OO4H496MKONH74,The Coca-Cola HBC Ireland Limited Approved Employee Stock Purchase Plan,IE,Dublin,ACTIVE,,,0.0,"only the search term matched, candidate Coca-Cola",yes,,,
9845008T6C75G3SC7408,The Trustee for Glen Bel Superannuation Fund,AU,Melbourne,ACTIVE,,,0.0,"only the search term matched, candidate Bel",yes,,,
9845001E775A7ES7X662,The Trustee for The Bel & Sonia Family Trust,AU,Cammeray,ACTIVE,,,0.0,"only the search term matched, candidate Bel",yes,,,
8945009NYU4AXJQ8OH51,Tvedemose Champignon v/Jens Chr. Hansen,DK,Lundby,ACTIVE,,,0.0,"only the search term matched, candidate Novonesis",yes,,,
549300OZ8PB1GUBH8F18,"UAB ""MARS LIETUVA""",LT,GARGZDAI,ACTIVE,,,0.0,"only the search term matched, candidate Mars",yes,,,
549300LYJ27X2PXYT165,UAB ''COCA-COLA HBC LIETUVA'',LT,Vilnius,ACTIVE,,,0.0,"only the search term matched, candidate Coca-Cola",yes,,,
9695002985SF67P3IP38,UBI HORIZON MARS 2015 II,FR,PARIS 8,INACTIVE,,,0.0,"only the search term matched, candidate Mars",not yet queried,,,
213800XTQLSGGOGRX936,UNICREDIT-LEASING MARS INGATLANHASZNOSÍTÓ KORLÁTOLT FELELŐSSÉGŰ TÁRSASÁG,HU,BUDAPEST,ACTIVE,,,0.0,"only the search term matched, candidate Mars",yes,549300TRUWO2CD2G5692,"UNICREDIT, SOCIETA' PER AZIONI",IT
648886E142GEYJJ58P47,UPPER INDIA ROLLING AND GENERAL MILLS,IN,YAMUNA NAGAR,ACTIVE,,,0.0,"only the search term matched, candidate General Mills",yes,,,
335800TZ3E64IKVCVM85,USUFTURKI COLD STORAGE AND GENERAL MILLS LLP,IN,SAMBHAL,ACTIVE,,,0.0,"only the search term matched, candidate General Mills",yes,,,
549300VB7WNO2G56CF49,United Strategic Portfolios - United Multi-Asset Absolute Return Strategy (MARS) Fund,SG,Singapore,ACTIVE,,,0.0,"only the search term matched, candidate Mars",yes,,,
254900OF7I77ZWHNZR11,Universal Mars Capital Limited,VG,Road Town,ACTIVE,,,0.0,"only the search term matched, candidate Mars",yes,254900746FBLTNXV8G73,Universal Mars Limited,VG
254900746FBLTNXV8G73,Universal Mars Limited,VG,Road Town,ACTIVE,,,0.0,"only the search term matched, candidate Mars",yes,,,
529900LSO6XCVEHLN298,VALLROMANES INVERSIONES ADM SL,ES,VALLROMANES,ACTIVE,,,0.0,"only the search term matched, candidate Archer Daniels Midland",yes,,,
8945003LYF3QR0Z0R104,VARDHMAN AGRO OIL AND GENERAL MILLS,IN,SRI GANGANAGAR,ACTIVE,,,0.0,"only the search term matched, candidate General Mills",yes,,,
9845005D08D014F4CB56,VARDHMAN RICE AND GENERAL MILLS,IN,Jind,ACTIVE,,,0.0,"only the search term matched, candidate General Mills",yes,,,
81560018F6A53E019A22,VECCHIA CANTINA SOCIALE DI ALICE BEL COLLE - SESSAME SOCIETA' COOPERATIVA AGRICOLA ABBREVIABILE IN VECCHIA CANTINA DI ALICE BEL COLLE - SOC. COOP. AGRICOLA,IT,ALICE BEL COLLE,ACTIVE,,,0.0,"only the search term matched, candidate Bel",yes,,,
335800D56LOHVQF4HB93,VEER OIL & GENERAL MILLS,IN,KARNAL,ACTIVE,,,0.0,"only the search term matched, candidate General Mills",yes,,,
984500N49D2CF6A8F492,VEER RICE & GENERAL MILLS,IN,KARNAL,ACTIVE,,,0.0,"only the search term matched, candidate General Mills",yes,,,
969500E7KKO0JM71UD36,VEGACTIVE PROTÉGÉE MARS 2031,FR,PARIS,ACTIVE,,,0.0,"only the search term matched, candidate Mars",yes,,,
894500AU0E7W14DBW757,VENUS & MARS XL HOLDING ApS,DK,SOLRØD,ACTIVE,,,0.0,"only the search term matched, candidate Mars",yes,,,
213800HK5BKYMVL5I535,VICE ADM SIR F T MASON CHILDREN'S SETTLEMENT,GB,WHITCHURCH ON THAMES,ACTIVE,,,0.0,"only the search term matched, candidate Archer Daniels Midland",yes,,,
3358009ABPOQ2PDVBU40,VIJAY RICE & GENERAL MILLS,IN,KAITHAL,ACTIVE,,,0.0,"only the search term matched, candidate General Mills",yes,,,
254900XOOEEHT286C310,VIKING COCA-COLA BOTTLING COMPANY,US,SAINT CLOUD,ACTIVE,,,0.0,"only the search term matched, candidate Coca-Cola",yes,,,
335800A4ZUXUDJDRUE21,VINAYAK RICE & GENERAL MILLS,IN,KAITHAL,ACTIVE,,,0.0,"only the search term matched, candidate General Mills",yes,,,
969500W0RU2AOWMD3A08,VIVANGO ACTIONS PEA MARS 2017,FR,PARIS 15,INACTIVE,,,0.0,"only the search term matched, candidate Mars",not yet queried,,,
984500Q7091B4F8F7E64,VIVENTE BEL- ÉS KÜLKERESKEDELMI KORLÁTOLT FELELŐSSÉGŰ TÁRSASÁG,HU,Kecskemét,ACTIVE,,,0.0,"only the search term matched, candidate Bel",yes,,,
9695005G16N2FILAI482,VIVOLEO - MARS 2020,FR,PARIS 15,INACTIVE,,,0.0,"only the search term matched, candidate Mars",not yet queried,,,
9695005DDTSOR9TH7X49,VIVOLEO PEA - MARS 2020,FR,PARIS 15,INACTIVE,,,0.0,"only the search term matched, candidate Mars",not yet queried,,,
52990056ZNPGNYRJS888,VK GEA Immobiliengesellschaft mbH & Co. Geschl. Investment-KG,DE,Hamburg,ACTIVE,,,0.0,"only the search term matched, candidate GEA Group",yes,,,
2221002CK5LJCRKHRA75,VSO II BEL,LU,Luxembourg,INACTIVE,,,0.0,"only the search term matched, candidate Bel",not yet queried,,,
3912004KKYMY8STHUI11,Versorgungskasse der Angestellten der GEA Group Aktiengesellschaft VVaG,DE,Düsseldorf,ACTIVE,,,0.0,"only the search term matched, candidate GEA Group",yes,,,
549300XLHYNF3VE6CM12,WESTLAND BEL AIRE LLC,US,Carson City,ACTIVE,,,0.0,"only the search term matched, candidate Bel",yes,549300EZMYWENVUFT286,"AMUSEMENT INDUSTRY, INC.",US
984500599695D0EEED46,Wolmer Gruppen Adm. ApS,DK,Holbæk,ACTIVE,,,0.0,"only the search term matched, candidate Archer Daniels Midland",yes,,,
2549000UIV18WVZUAV86,XF MARS HOLDINGS LIMITED,VG,ROAD TOWN,ACTIVE,,,0.0,"only the search term matched, candidate Mars",yes,,,
529900JVX0LU1IAQ4315,"XÉNIA-KER Bel- és Külkereskedelmi, Szolgáltató Korlátolt Felelősségű Társaság",HU,Tata,ACTIVE,,,0.0,"only the search term matched, candidate Bel",yes,,,
335800B3MGTJS1Z4B757,YINLUN ADM INDIA PRIVATE LIMITED,IN,PUNE,ACTIVE,,,0.0,"only the search term matched, candidate Archer Daniels Midland",yes,,,
984500A7974B8CBE3D93,iff Treuconsult GmbH,DE,Dreieich,ACTIVE,,,0.0,"only the search term matched, candidate International Flavors & Fragrances",yes,,,
529900OZU5209CWKR705,seniorklubben coca cola øst,DK,Glostrup,ACTIVE,,,0.0,"only the search term matched, candidate Coca-Cola",yes,,,
558600UCICNVPHBBKH75,slaeh bel hares establishmentsaleh contracting,SA,Al Khubar,ACTIVE,,,0.0,"only the search term matched, candidate Bel",yes,,,
